time,wind_speed_10m_previous_day1,wind_speed_10m_previous_day2,wind_gusts_10m_previous_day1,wind_gusts_10m_previous_day2,wind_direction_10m_previous_day1,wind_direction_10m_previous_day2
2024-01-01 00:00:00,,,,,,
2024-01-01 01:00:00,,,,,,
2024-01-01 02:00:00,,,,,,
2024-01-01 03:00:00,,,,,,
2024-01-01 04:00:00,,,,,,
2024-01-01 05:00:00,,,,,,
2024-01-01 06:00:00,,,,,,
2024-01-01 07:00:00,,,,,,
2024-01-01 08:00:00,,,,,,
2024-01-01 09:00:00,,,,,,
2024-01-01 10:00:00,,,,,,
2024-01-01 11:00:00,,,,,,
2024-01-01 12:00:00,,,,,,
2024-01-01 13:00:00,,,,,,
2024-01-01 14:00:00,,,,,,
2024-01-01 15:00:00,,,,,,
2024-01-01 16:00:00,,,,,,
2024-01-01 17:00:00,,,,,,
2024-01-01 18:00:00,,,,,,
2024-01-01 19:00:00,,,,,,
2024-01-01 20:00:00,,,,,,
2024-01-01 21:00:00,,,,,,
2024-01-01 22:00:00,,,,,,
2024-01-01 23:00:00,,,,,,
2024-01-02 00:00:00,,,,,,
2024-01-02 01:00:00,,,,,,
2024-01-02 02:00:00,,,,,,
2024-01-02 03:00:00,,,,,,
2024-01-02 04:00:00,,,,,,
2024-01-02 05:00:00,,,,,,
2024-01-02 06:00:00,,,,,,
2024-01-02 07:00:00,,,,,,
2024-01-02 08:00:00,,,,,,
2024-01-02 09:00:00,,,,,,
2024-01-02 10:00:00,,,,,,
2024-01-02 11:00:00,,,,,,
2024-01-02 12:00:00,,,,,,
2024-01-02 13:00:00,,,,,,
2024-01-02 14:00:00,,,,,,
2024-01-02 15:00:00,,,,,,
2024-01-02 16:00:00,,,,,,
2024-01-02 17:00:00,,,,,,
2024-01-02 18:00:00,,,,,,
2024-01-02 19:00:00,,,,,,
2024-01-02 20:00:00,,,,,,
2024-01-02 21:00:00,,,,,,
2024-01-02 22:00:00,,,,,,
2024-01-02 23:00:00,,,,,,
2024-01-03 00:00:00,,,,,,
2024-01-03 01:00:00,,,,,,
2024-01-03 02:00:00,,,,,,
2024-01-03 03:00:00,,,,,,
2024-01-03 04:00:00,,,,,,
2024-01-03 05:00:00,,,,,,
2024-01-03 06:00:00,,,,,,
2024-01-03 07:00:00,,,,,,
2024-01-03 08:00:00,,,,,,
2024-01-03 09:00:00,,,,,,
2024-01-03 10:00:00,,,,,,
2024-01-03 11:00:00,,,,,,
2024-01-03 12:00:00,,,,,,
2024-01-03 13:00:00,,,,,,
2024-01-03 14:00:00,,,,,,
2024-01-03 15:00:00,,,,,,
2024-01-03 16:00:00,,,,,,
2024-01-03 17:00:00,,,,,,
2024-01-03 18:00:00,,,,,,
2024-01-03 19:00:00,,,,,,
2024-01-03 20:00:00,,,,,,
2024-01-03 21:00:00,,,,,,
2024-01-03 22:00:00,,,,,,
2024-01-03 23:00:00,,,,,,
2024-01-04 00:00:00,,,,,,
2024-01-04 01:00:00,,,,,,
2024-01-04 02:00:00,,,,,,
2024-01-04 03:00:00,,,,,,
2024-01-04 04:00:00,,,,,,
2024-01-04 05:00:00,,,,,,
2024-01-04 06:00:00,,,,,,
2024-01-04 07:00:00,,,,,,
2024-01-04 08:00:00,,,,,,
2024-01-04 09:00:00,,,,,,
2024-01-04 10:00:00,,,,,,
2024-01-04 11:00:00,,,,,,
2024-01-04 12:00:00,,,,,,
2024-01-04 13:00:00,,,,,,
2024-01-04 14:00:00,,,,,,
2024-01-04 15:00:00,,,,,,
2024-01-04 16:00:00,,,,,,
2024-01-04 17:00:00,,,,,,
2024-01-04 18:00:00,,,,,,
2024-01-04 19:00:00,,,,,,
2024-01-04 20:00:00,,,,,,
2024-01-04 21:00:00,,,,,,
2024-01-04 22:00:00,,,,,,
2024-01-04 23:00:00,,,,,,
2024-01-05 00:00:00,,,,,,
2024-01-05 01:00:00,,,,,,
2024-01-05 02:00:00,,,,,,
2024-01-05 03:00:00,,,,,,
2024-01-05 04:00:00,,,,,,
2024-01-05 05:00:00,,,,,,
2024-01-05 06:00:00,,,,,,
2024-01-05 07:00:00,,,,,,
2024-01-05 08:00:00,,,,,,
2024-01-05 09:00:00,,,,,,
2024-01-05 10:00:00,,,,,,
2024-01-05 11:00:00,,,,,,
2024-01-05 12:00:00,,,,,,
2024-01-05 13:00:00,,,,,,
2024-01-05 14:00:00,,,,,,
2024-01-05 15:00:00,,,,,,
2024-01-05 16:00:00,,,,,,
2024-01-05 17:00:00,,,,,,
2024-01-05 18:00:00,,,,,,
2024-01-05 19:00:00,,,,,,
2024-01-05 20:00:00,,,,,,
2024-01-05 21:00:00,,,,,,
2024-01-05 22:00:00,,,,,,
2024-01-05 23:00:00,,,,,,
2024-01-06 00:00:00,,,,,,
2024-01-06 01:00:00,,,,,,
2024-01-06 02:00:00,,,,,,
2024-01-06 03:00:00,,,,,,
2024-01-06 04:00:00,,,,,,
2024-01-06 05:00:00,,,,,,
2024-01-06 06:00:00,,,,,,
2024-01-06 07:00:00,,,,,,
2024-01-06 08:00:00,,,,,,
2024-01-06 09:00:00,,,,,,
2024-01-06 10:00:00,,,,,,
2024-01-06 11:00:00,,,,,,
2024-01-06 12:00:00,,,,,,
2024-01-06 13:00:00,,,,,,
2024-01-06 14:00:00,,,,,,
2024-01-06 15:00:00,,,,,,
2024-01-06 16:00:00,,,,,,
2024-01-06 17:00:00,,,,,,
2024-01-06 18:00:00,,,,,,
2024-01-06 19:00:00,,,,,,
2024-01-06 20:00:00,,,,,,
2024-01-06 21:00:00,,,,,,
2024-01-06 22:00:00,,,,,,
2024-01-06 23:00:00,,,,,,
2024-01-07 00:00:00,,,,,,
2024-01-07 01:00:00,,,,,,
2024-01-07 02:00:00,,,,,,
2024-01-07 03:00:00,,,,,,
2024-01-07 04:00:00,,,,,,
2024-01-07 05:00:00,,,,,,
2024-01-07 06:00:00,,,,,,
2024-01-07 07:00:00,,,,,,
2024-01-07 08:00:00,,,,,,
2024-01-07 09:00:00,,,,,,
2024-01-07 10:00:00,,,,,,
2024-01-07 11:00:00,,,,,,
2024-01-07 12:00:00,,,,,,
2024-01-07 13:00:00,,,,,,
2024-01-07 14:00:00,,,,,,
2024-01-07 15:00:00,,,,,,
2024-01-07 16:00:00,,,,,,
2024-01-07 17:00:00,,,,,,
2024-01-07 18:00:00,,,,,,
2024-01-07 19:00:00,,,,,,
2024-01-07 20:00:00,,,,,,
2024-01-07 21:00:00,,,,,,
2024-01-07 22:00:00,,,,,,
2024-01-07 23:00:00,,,,,,
2024-01-08 00:00:00,,,,,,
2024-01-08 01:00:00,,,,,,
2024-01-08 02:00:00,,,,,,
2024-01-08 03:00:00,,,,,,
2024-01-08 04:00:00,,,,,,
2024-01-08 05:00:00,,,,,,
2024-01-08 06:00:00,,,,,,
2024-01-08 07:00:00,,,,,,
2024-01-08 08:00:00,,,,,,
2024-01-08 09:00:00,,,,,,
2024-01-08 10:00:00,,,,,,
2024-01-08 11:00:00,,,,,,
2024-01-08 12:00:00,,,,,,
2024-01-08 13:00:00,,,,,,
2024-01-08 14:00:00,,,,,,
2024-01-08 15:00:00,,,,,,
2024-01-08 16:00:00,,,,,,
2024-01-08 17:00:00,,,,,,
2024-01-08 18:00:00,,,,,,
2024-01-08 19:00:00,,,,,,
2024-01-08 20:00:00,,,,,,
2024-01-08 21:00:00,,,,,,
2024-01-08 22:00:00,,,,,,
2024-01-08 23:00:00,,,,,,
2024-01-09 00:00:00,,,,,,
2024-01-09 01:00:00,,,,,,
2024-01-09 02:00:00,,,,,,
2024-01-09 03:00:00,,,,,,
2024-01-09 04:00:00,,,,,,
2024-01-09 05:00:00,,,,,,
2024-01-09 06:00:00,,,,,,
2024-01-09 07:00:00,,,,,,
2024-01-09 08:00:00,,,,,,
2024-01-09 09:00:00,,,,,,
2024-01-09 10:00:00,,,,,,
2024-01-09 11:00:00,,,,,,
2024-01-09 12:00:00,,,,,,
2024-01-09 13:00:00,,,,,,
2024-01-09 14:00:00,,,,,,
2024-01-09 15:00:00,,,,,,
2024-01-09 16:00:00,,,,,,
2024-01-09 17:00:00,,,,,,
2024-01-09 18:00:00,,,,,,
2024-01-09 19:00:00,,,,,,
2024-01-09 20:00:00,,,,,,
2024-01-09 21:00:00,,,,,,
2024-01-09 22:00:00,,,,,,
2024-01-09 23:00:00,,,,,,
2024-01-10 00:00:00,,,,,,
2024-01-10 01:00:00,,,,,,
2024-01-10 02:00:00,,,,,,
2024-01-10 03:00:00,,,,,,
2024-01-10 04:00:00,,,,,,
2024-01-10 05:00:00,,,,,,
2024-01-10 06:00:00,,,,,,
2024-01-10 07:00:00,,,,,,
2024-01-10 08:00:00,,,,,,
2024-01-10 09:00:00,,,,,,
2024-01-10 10:00:00,,,,,,
2024-01-10 11:00:00,,,,,,
2024-01-10 12:00:00,,,,,,
2024-01-10 13:00:00,,,,,,
2024-01-10 14:00:00,,,,,,
2024-01-10 15:00:00,,,,,,
2024-01-10 16:00:00,,,,,,
2024-01-10 17:00:00,,,,,,
2024-01-10 18:00:00,,,,,,
2024-01-10 19:00:00,,,,,,
2024-01-10 20:00:00,,,,,,
2024-01-10 21:00:00,,,,,,
2024-01-10 22:00:00,,,,,,
2024-01-10 23:00:00,,,,,,
2024-01-11 00:00:00,,,,,,
2024-01-11 01:00:00,,,,,,
2024-01-11 02:00:00,,,,,,
2024-01-11 03:00:00,,,,,,
2024-01-11 04:00:00,,,,,,
2024-01-11 05:00:00,,,,,,
2024-01-11 06:00:00,,,,,,
2024-01-11 07:00:00,,,,,,
2024-01-11 08:00:00,,,,,,
2024-01-11 09:00:00,,,,,,
2024-01-11 10:00:00,,,,,,
2024-01-11 11:00:00,,,,,,
2024-01-11 12:00:00,,,,,,
2024-01-11 13:00:00,,,,,,
2024-01-11 14:00:00,,,,,,
2024-01-11 15:00:00,,,,,,
2024-01-11 16:00:00,,,,,,
2024-01-11 17:00:00,,,,,,
2024-01-11 18:00:00,,,,,,
2024-01-11 19:00:00,,,,,,
2024-01-11 20:00:00,,,,,,
2024-01-11 21:00:00,,,,,,
2024-01-11 22:00:00,,,,,,
2024-01-11 23:00:00,,,,,,
2024-01-12 00:00:00,,,,,,
2024-01-12 01:00:00,,,,,,
2024-01-12 02:00:00,,,,,,
2024-01-12 03:00:00,,,,,,
2024-01-12 04:00:00,,,,,,
2024-01-12 05:00:00,,,,,,
2024-01-12 06:00:00,,,,,,
2024-01-12 07:00:00,,,,,,
2024-01-12 08:00:00,,,,,,
2024-01-12 09:00:00,,,,,,
2024-01-12 10:00:00,,,,,,
2024-01-12 11:00:00,,,,,,
2024-01-12 12:00:00,,,,,,
2024-01-12 13:00:00,,,,,,
2024-01-12 14:00:00,,,,,,
2024-01-12 15:00:00,,,,,,
2024-01-12 16:00:00,,,,,,
2024-01-12 17:00:00,,,,,,
2024-01-12 18:00:00,,,,,,
2024-01-12 19:00:00,,,,,,
2024-01-12 20:00:00,,,,,,
2024-01-12 21:00:00,,,,,,
2024-01-12 22:00:00,,,,,,
2024-01-12 23:00:00,,,,,,
2024-01-13 00:00:00,,,,,,
2024-01-13 01:00:00,,,,,,
2024-01-13 02:00:00,,,,,,
2024-01-13 03:00:00,,,,,,
2024-01-13 04:00:00,,,,,,
2024-01-13 05:00:00,,,,,,
2024-01-13 06:00:00,,,,,,
2024-01-13 07:00:00,,,,,,
2024-01-13 08:00:00,,,,,,
2024-01-13 09:00:00,,,,,,
2024-01-13 10:00:00,,,,,,
2024-01-13 11:00:00,,,,,,
2024-01-13 12:00:00,,,,,,
2024-01-13 13:00:00,,,,,,
2024-01-13 14:00:00,,,,,,
2024-01-13 15:00:00,,,,,,
2024-01-13 16:00:00,,,,,,
2024-01-13 17:00:00,,,,,,
2024-01-13 18:00:00,,,,,,
2024-01-13 19:00:00,,,,,,
2024-01-13 20:00:00,,,,,,
2024-01-13 21:00:00,,,,,,
2024-01-13 22:00:00,,,,,,
2024-01-13 23:00:00,,,,,,
2024-01-14 00:00:00,,,,,,
2024-01-14 01:00:00,,,,,,
2024-01-14 02:00:00,,,,,,
2024-01-14 03:00:00,,,,,,
2024-01-14 04:00:00,,,,,,
2024-01-14 05:00:00,,,,,,
2024-01-14 06:00:00,,,,,,
2024-01-14 07:00:00,,,,,,
2024-01-14 08:00:00,,,,,,
2024-01-14 09:00:00,,,,,,
2024-01-14 10:00:00,,,,,,
2024-01-14 11:00:00,,,,,,
2024-01-14 12:00:00,,,,,,
2024-01-14 13:00:00,,,,,,
2024-01-14 14:00:00,,,,,,
2024-01-14 15:00:00,,,,,,
2024-01-14 16:00:00,,,,,,
2024-01-14 17:00:00,,,,,,
2024-01-14 18:00:00,,,,,,
2024-01-14 19:00:00,,,,,,
2024-01-14 20:00:00,,,,,,
2024-01-14 21:00:00,,,,,,
2024-01-14 22:00:00,,,,,,
2024-01-14 23:00:00,,,,,,
2024-01-15 00:00:00,,,,,,
2024-01-15 01:00:00,,,,,,
2024-01-15 02:00:00,,,,,,
2024-01-15 03:00:00,,,,,,
2024-01-15 04:00:00,,,,,,
2024-01-15 05:00:00,,,,,,
2024-01-15 06:00:00,,,,,,
2024-01-15 07:00:00,,,,,,
2024-01-15 08:00:00,,,,,,
2024-01-15 09:00:00,,,,,,
2024-01-15 10:00:00,,,,,,
2024-01-15 11:00:00,,,,,,
2024-01-15 12:00:00,,,,,,
2024-01-15 13:00:00,,,,,,
2024-01-15 14:00:00,,,,,,
2024-01-15 15:00:00,,,,,,
2024-01-15 16:00:00,,,,,,
2024-01-15 17:00:00,,,,,,
2024-01-15 18:00:00,,,,,,
2024-01-15 19:00:00,,,,,,
2024-01-15 20:00:00,,,,,,
2024-01-15 21:00:00,,,,,,
2024-01-15 22:00:00,,,,,,
2024-01-15 23:00:00,,,,,,
2024-01-16 00:00:00,,,,,,
2024-01-16 01:00:00,,,,,,
2024-01-16 02:00:00,,,,,,
2024-01-16 03:00:00,,,,,,
2024-01-16 04:00:00,,,,,,
2024-01-16 05:00:00,,,,,,
2024-01-16 06:00:00,,,,,,
2024-01-16 07:00:00,,,,,,
2024-01-16 08:00:00,,,,,,
2024-01-16 09:00:00,,,,,,
2024-01-16 10:00:00,,,,,,
2024-01-16 11:00:00,,,,,,
2024-01-16 12:00:00,,,,,,
2024-01-16 13:00:00,,,,,,
2024-01-16 14:00:00,,,,,,
2024-01-16 15:00:00,,,,,,
2024-01-16 16:00:00,,,,,,
2024-01-16 17:00:00,,,,,,
2024-01-16 18:00:00,,,,,,
2024-01-16 19:00:00,,,,,,
2024-01-16 20:00:00,,,,,,
2024-01-16 21:00:00,,,,,,
2024-01-16 22:00:00,,,,,,
2024-01-16 23:00:00,,,,,,
2024-01-17 00:00:00,,,,,,
2024-01-17 01:00:00,,,,,,
2024-01-17 02:00:00,,,,,,
2024-01-17 03:00:00,,,,,,
2024-01-17 04:00:00,,,,,,
2024-01-17 05:00:00,,,,,,
2024-01-17 06:00:00,,,,,,
2024-01-17 07:00:00,,,,,,
2024-01-17 08:00:00,,,,,,
2024-01-17 09:00:00,,,,,,
2024-01-17 10:00:00,,,,,,
2024-01-17 11:00:00,,,,,,
2024-01-17 12:00:00,,,,,,
2024-01-17 13:00:00,,,,,,
2024-01-17 14:00:00,,,,,,
2024-01-17 15:00:00,,,,,,
2024-01-17 16:00:00,,,,,,
2024-01-17 17:00:00,,,,,,
2024-01-17 18:00:00,,,,,,
2024-01-17 19:00:00,,,,,,
2024-01-17 20:00:00,,,,,,
2024-01-17 21:00:00,,,,,,
2024-01-17 22:00:00,,,,,,
2024-01-17 23:00:00,,,,,,
2024-01-18 00:00:00,,,,,,
2024-01-18 01:00:00,,,,,,
2024-01-18 02:00:00,,,,,,
2024-01-18 03:00:00,,,,,,
2024-01-18 04:00:00,,,,,,
2024-01-18 05:00:00,,,,,,
2024-01-18 06:00:00,,,,,,
2024-01-18 07:00:00,,,,,,
2024-01-18 08:00:00,,,,,,
2024-01-18 09:00:00,,,,,,
2024-01-18 10:00:00,,,,,,
2024-01-18 11:00:00,,,,,,
2024-01-18 12:00:00,,,,,,
2024-01-18 13:00:00,,,,,,
2024-01-18 14:00:00,,,,,,
2024-01-18 15:00:00,,,,,,
2024-01-18 16:00:00,,,,,,
2024-01-18 17:00:00,,,,,,
2024-01-18 18:00:00,,,,,,
2024-01-18 19:00:00,,,,,,
2024-01-18 20:00:00,,,,,,
2024-01-18 21:00:00,,,,,,
2024-01-18 22:00:00,,,,,,
2024-01-18 23:00:00,,,,,,
2024-01-19 00:00:00,,,,,,
2024-01-19 01:00:00,,,,,,
2024-01-19 02:00:00,,,,,,
2024-01-19 03:00:00,,,,,,
2024-01-19 04:00:00,,,,,,
2024-01-19 05:00:00,,,,,,
2024-01-19 06:00:00,,,,,,
2024-01-19 07:00:00,,,,,,
2024-01-19 08:00:00,,,,,,
2024-01-19 09:00:00,,,,,,
2024-01-19 10:00:00,,,,,,
2024-01-19 11:00:00,,,,,,
2024-01-19 12:00:00,,,,,,
2024-01-19 13:00:00,,,,,,
2024-01-19 14:00:00,,,,,,
2024-01-19 15:00:00,,,,,,
2024-01-19 16:00:00,,,,,,
2024-01-19 17:00:00,,,,,,
2024-01-19 18:00:00,,,,,,
2024-01-19 19:00:00,,,,,,
2024-01-19 20:00:00,,,,,,
2024-01-19 21:00:00,,,,,,
2024-01-19 22:00:00,,,,,,
2024-01-19 23:00:00,,,,,,
2024-01-20 00:00:00,,,,,,
2024-01-20 01:00:00,,,,,,
2024-01-20 02:00:00,,,,,,
2024-01-20 03:00:00,,,,,,
2024-01-20 04:00:00,,,,,,
2024-01-20 05:00:00,,,,,,
2024-01-20 06:00:00,,,,,,
2024-01-20 07:00:00,,,,,,
2024-01-20 08:00:00,,,,,,
2024-01-20 09:00:00,,,,,,
2024-01-20 10:00:00,,,,,,
2024-01-20 11:00:00,,,,,,
2024-01-20 12:00:00,,,,,,
2024-01-20 13:00:00,,,,,,
2024-01-20 14:00:00,,,,,,
2024-01-20 15:00:00,,,,,,
2024-01-20 16:00:00,,,,,,
2024-01-20 17:00:00,,,,,,
2024-01-20 18:00:00,,,,,,
2024-01-20 19:00:00,,,,,,
2024-01-20 20:00:00,,,,,,
2024-01-20 21:00:00,,,,,,
2024-01-20 22:00:00,,,,,,
2024-01-20 23:00:00,,,,,,
2024-01-21 00:00:00,,,,,,
2024-01-21 01:00:00,,,,,,
2024-01-21 02:00:00,,,,,,
2024-01-21 03:00:00,,,,,,
2024-01-21 04:00:00,,,,,,
2024-01-21 05:00:00,,,,,,
2024-01-21 06:00:00,,,,,,
2024-01-21 07:00:00,,,,,,
2024-01-21 08:00:00,,,,,,
2024-01-21 09:00:00,,,,,,
2024-01-21 10:00:00,,,,,,
2024-01-21 11:00:00,,,,,,
2024-01-21 12:00:00,,,,,,
2024-01-21 13:00:00,,,,,,
2024-01-21 14:00:00,,,,,,
2024-01-21 15:00:00,,,,,,
2024-01-21 16:00:00,,,,,,
2024-01-21 17:00:00,,,,,,
2024-01-21 18:00:00,,,,,,
2024-01-21 19:00:00,,,,,,
2024-01-21 20:00:00,,,,,,
2024-01-21 21:00:00,,,,,,
2024-01-21 22:00:00,,,,,,
2024-01-21 23:00:00,,,,,,
2024-01-22 00:00:00,,,,,,
2024-01-22 01:00:00,,,,,,
2024-01-22 02:00:00,,,,,,
2024-01-22 03:00:00,,,,,,
2024-01-22 04:00:00,,,,,,
2024-01-22 05:00:00,,,,,,
2024-01-22 06:00:00,,,,,,
2024-01-22 07:00:00,,,,,,
2024-01-22 08:00:00,,,,,,
2024-01-22 09:00:00,,,,,,
2024-01-22 10:00:00,,,,,,
2024-01-22 11:00:00,,,,,,
2024-01-22 12:00:00,,,,,,
2024-01-22 13:00:00,,,,,,
2024-01-22 14:00:00,,,,,,
2024-01-22 15:00:00,,,,,,
2024-01-22 16:00:00,,,,,,
2024-01-22 17:00:00,,,,,,
2024-01-22 18:00:00,,,,,,
2024-01-22 19:00:00,,,,,,
2024-01-22 20:00:00,,,,,,
2024-01-22 21:00:00,,,,,,
2024-01-22 22:00:00,,,,,,
2024-01-22 23:00:00,,,,,,
2024-01-23 00:00:00,,,,,,
2024-01-23 01:00:00,,,,,,
2024-01-23 02:00:00,,,,,,
2024-01-23 03:00:00,,,,,,
2024-01-23 04:00:00,,,,,,
2024-01-23 05:00:00,,,,,,
2024-01-23 06:00:00,,,,,,
2024-01-23 07:00:00,,,,,,
2024-01-23 08:00:00,,,,,,
2024-01-23 09:00:00,,,,,,
2024-01-23 10:00:00,,,,,,
2024-01-23 11:00:00,,,,,,
2024-01-23 12:00:00,,,,,,
2024-01-23 13:00:00,,,,,,
2024-01-23 14:00:00,,,,,,
2024-01-23 15:00:00,,,,,,
2024-01-23 16:00:00,,,,,,
2024-01-23 17:00:00,,,,,,
2024-01-23 18:00:00,,,,,,
2024-01-23 19:00:00,,,,,,
2024-01-23 20:00:00,,,,,,
2024-01-23 21:00:00,,,,,,
2024-01-23 22:00:00,,,,,,
2024-01-23 23:00:00,,,,,,
2024-01-24 00:00:00,,,,,,
2024-01-24 01:00:00,,,,,,
2024-01-24 02:00:00,,,,,,
2024-01-24 03:00:00,,,,,,
2024-01-24 04:00:00,,,,,,
2024-01-24 05:00:00,,,,,,
2024-01-24 06:00:00,,,,,,
2024-01-24 07:00:00,,,,,,
2024-01-24 08:00:00,,,,,,
2024-01-24 09:00:00,,,,,,
2024-01-24 10:00:00,,,,,,
2024-01-24 11:00:00,,,,,,
2024-01-24 12:00:00,,,,,,
2024-01-24 13:00:00,,,,,,
2024-01-24 14:00:00,,,,,,
2024-01-24 15:00:00,,,,,,
2024-01-24 16:00:00,,,,,,
2024-01-24 17:00:00,,,,,,
2024-01-24 18:00:00,,,,,,
2024-01-24 19:00:00,,,,,,
2024-01-24 20:00:00,,,,,,
2024-01-24 21:00:00,,,,,,
2024-01-24 22:00:00,,,,,,
2024-01-24 23:00:00,,,,,,
2024-01-25 00:00:00,,,,,,
2024-01-25 01:00:00,,,,,,
2024-01-25 02:00:00,,,,,,
2024-01-25 03:00:00,,,,,,
2024-01-25 04:00:00,,,,,,
2024-01-25 05:00:00,,,,,,
2024-01-25 06:00:00,,,,,,
2024-01-25 07:00:00,,,,,,
2024-01-25 08:00:00,,,,,,
2024-01-25 09:00:00,,,,,,
2024-01-25 10:00:00,,,,,,
2024-01-25 11:00:00,,,,,,
2024-01-25 12:00:00,,,,,,
2024-01-25 13:00:00,,,,,,
2024-01-25 14:00:00,,,,,,
2024-01-25 15:00:00,,,,,,
2024-01-25 16:00:00,,,,,,
2024-01-25 17:00:00,,,,,,
2024-01-25 18:00:00,,,,,,
2024-01-25 19:00:00,,,,,,
2024-01-25 20:00:00,,,,,,
2024-01-25 21:00:00,,,,,,
2024-01-25 22:00:00,,,,,,
2024-01-25 23:00:00,,,,,,
2024-01-26 00:00:00,,,,,,
2024-01-26 01:00:00,,,,,,
2024-01-26 02:00:00,,,,,,
2024-01-26 03:00:00,,,,,,
2024-01-26 04:00:00,,,,,,
2024-01-26 05:00:00,,,,,,
2024-01-26 06:00:00,,,,,,
2024-01-26 07:00:00,,,,,,
2024-01-26 08:00:00,,,,,,
2024-01-26 09:00:00,,,,,,
2024-01-26 10:00:00,,,,,,
2024-01-26 11:00:00,,,,,,
2024-01-26 12:00:00,,,,,,
2024-01-26 13:00:00,,,,,,
2024-01-26 14:00:00,,,,,,
2024-01-26 15:00:00,,,,,,
2024-01-26 16:00:00,,,,,,
2024-01-26 17:00:00,,,,,,
2024-01-26 18:00:00,,,,,,
2024-01-26 19:00:00,,,,,,
2024-01-26 20:00:00,,,,,,
2024-01-26 21:00:00,,,,,,
2024-01-26 22:00:00,,,,,,
2024-01-26 23:00:00,,,,,,
2024-01-27 00:00:00,,,,,,
2024-01-27 01:00:00,,,,,,
2024-01-27 02:00:00,,,,,,
2024-01-27 03:00:00,,,,,,
2024-01-27 04:00:00,,,,,,
2024-01-27 05:00:00,,,,,,
2024-01-27 06:00:00,,,,,,
2024-01-27 07:00:00,,,,,,
2024-01-27 08:00:00,,,,,,
2024-01-27 09:00:00,,,,,,
2024-01-27 10:00:00,,,,,,
2024-01-27 11:00:00,,,,,,
2024-01-27 12:00:00,,,,,,
2024-01-27 13:00:00,,,,,,
2024-01-27 14:00:00,,,,,,
2024-01-27 15:00:00,,,,,,
2024-01-27 16:00:00,,,,,,
2024-01-27 17:00:00,,,,,,
2024-01-27 18:00:00,,,,,,
2024-01-27 19:00:00,,,,,,
2024-01-27 20:00:00,,,,,,
2024-01-27 21:00:00,,,,,,
2024-01-27 22:00:00,,,,,,
2024-01-27 23:00:00,,,,,,
2024-01-28 00:00:00,,,,,,
2024-01-28 01:00:00,,,,,,
2024-01-28 02:00:00,,,,,,
2024-01-28 03:00:00,,,,,,
2024-01-28 04:00:00,,,,,,
2024-01-28 05:00:00,,,,,,
2024-01-28 06:00:00,,,,,,
2024-01-28 07:00:00,,,,,,
2024-01-28 08:00:00,,,,,,
2024-01-28 09:00:00,,,,,,
2024-01-28 10:00:00,,,,,,
2024-01-28 11:00:00,,,,,,
2024-01-28 12:00:00,,,,,,
2024-01-28 13:00:00,,,,,,
2024-01-28 14:00:00,,,,,,
2024-01-28 15:00:00,,,,,,
2024-01-28 16:00:00,,,,,,
2024-01-28 17:00:00,,,,,,
2024-01-28 18:00:00,,,,,,
2024-01-28 19:00:00,,,,,,
2024-01-28 20:00:00,,,,,,
2024-01-28 21:00:00,,,,,,
2024-01-28 22:00:00,,,,,,
2024-01-28 23:00:00,,,,,,
2024-01-29 00:00:00,,,,,,
2024-01-29 01:00:00,,,,,,
2024-01-29 02:00:00,,,,,,
2024-01-29 03:00:00,,,,,,
2024-01-29 04:00:00,,,,,,
2024-01-29 05:00:00,,,,,,
2024-01-29 06:00:00,,,,,,
2024-01-29 07:00:00,,,,,,
2024-01-29 08:00:00,,,,,,
2024-01-29 09:00:00,,,,,,
2024-01-29 10:00:00,,,,,,
2024-01-29 11:00:00,,,,,,
2024-01-29 12:00:00,,,,,,
2024-01-29 13:00:00,,,,,,
2024-01-29 14:00:00,,,,,,
2024-01-29 15:00:00,,,,,,
2024-01-29 16:00:00,,,,,,
2024-01-29 17:00:00,,,,,,
2024-01-29 18:00:00,,,,,,
2024-01-29 19:00:00,,,,,,
2024-01-29 20:00:00,,,,,,
2024-01-29 21:00:00,,,,,,
2024-01-29 22:00:00,,,,,,
2024-01-29 23:00:00,,,,,,
2024-01-30 00:00:00,,,,,,
2024-01-30 01:00:00,,,,,,
2024-01-30 02:00:00,,,,,,
2024-01-30 03:00:00,,,,,,
2024-01-30 04:00:00,,,,,,
2024-01-30 05:00:00,,,,,,
2024-01-30 06:00:00,,,,,,
2024-01-30 07:00:00,,,,,,
2024-01-30 08:00:00,,,,,,
2024-01-30 09:00:00,,,,,,
2024-01-30 10:00:00,,,,,,
2024-01-30 11:00:00,,,,,,
2024-01-30 12:00:00,,,,,,
2024-01-30 13:00:00,,,,,,
2024-01-30 14:00:00,,,,,,
2024-01-30 15:00:00,,,,,,
2024-01-30 16:00:00,,,,,,
2024-01-30 17:00:00,,,,,,
2024-01-30 18:00:00,,,,,,
2024-01-30 19:00:00,,,,,,
2024-01-30 20:00:00,,,,,,
2024-01-30 21:00:00,,,,,,
2024-01-30 22:00:00,,,,,,
2024-01-30 23:00:00,,,,,,
2024-01-31 00:00:00,,,,,,
2024-01-31 01:00:00,,,,,,
2024-01-31 02:00:00,,,,,,
2024-01-31 03:00:00,,,,,,
2024-01-31 04:00:00,,,,,,
2024-01-31 05:00:00,,,,,,
2024-01-31 06:00:00,,,,,,
2024-01-31 07:00:00,,,,,,
2024-01-31 08:00:00,,,,,,
2024-01-31 09:00:00,,,,,,
2024-01-31 10:00:00,,,,,,
2024-01-31 11:00:00,,,,,,
2024-01-31 12:00:00,,,,,,
2024-01-31 13:00:00,,,,,,
2024-01-31 14:00:00,,,,,,
2024-01-31 15:00:00,,,,,,
2024-01-31 16:00:00,,,,,,
2024-01-31 17:00:00,,,,,,
2024-01-31 18:00:00,,,,,,
2024-01-31 19:00:00,,,,,,
2024-01-31 20:00:00,,,,,,
2024-01-31 21:00:00,,,,,,
2024-01-31 22:00:00,,,,,,
2024-01-31 23:00:00,,,,,,
2024-02-01 00:00:00,,,,,,
2024-02-01 01:00:00,,,,,,
2024-02-01 02:00:00,,,,,,
2024-02-01 03:00:00,,,,,,
2024-02-01 04:00:00,,,,,,
2024-02-01 05:00:00,,,,,,
2024-02-01 06:00:00,,,,,,
2024-02-01 07:00:00,,,,,,
2024-02-01 08:00:00,,,,,,
2024-02-01 09:00:00,,,,,,
2024-02-01 10:00:00,,,,,,
2024-02-01 11:00:00,,,,,,
2024-02-01 12:00:00,,,,,,
2024-02-01 13:00:00,,,,,,
2024-02-01 14:00:00,,,,,,
2024-02-01 15:00:00,,,,,,
2024-02-01 16:00:00,,,,,,
2024-02-01 17:00:00,,,,,,
2024-02-01 18:00:00,,,,,,
2024-02-01 19:00:00,,,,,,
2024-02-01 20:00:00,,,,,,
2024-02-01 21:00:00,,,,,,
2024-02-01 22:00:00,,,,,,
2024-02-01 23:00:00,,,,,,
2024-02-02 00:00:00,,,,,,
2024-02-02 01:00:00,,,,,,
2024-02-02 02:00:00,,,,,,
2024-02-02 03:00:00,,,,,,
2024-02-02 04:00:00,,,,,,
2024-02-02 05:00:00,,,,,,
2024-02-02 06:00:00,,,,,,
2024-02-02 07:00:00,,,,,,
2024-02-02 08:00:00,,,,,,
2024-02-02 09:00:00,,,,,,
2024-02-02 10:00:00,,,,,,
2024-02-02 11:00:00,,,,,,
2024-02-02 12:00:00,,,,,,
2024-02-02 13:00:00,,,,,,
2024-02-02 14:00:00,,,,,,
2024-02-02 15:00:00,,,,,,
2024-02-02 16:00:00,,,,,,
2024-02-02 17:00:00,,,,,,
2024-02-02 18:00:00,,,,,,
2024-02-02 19:00:00,,,,,,
2024-02-02 20:00:00,,,,,,
2024-02-02 21:00:00,,,,,,
2024-02-02 22:00:00,,,,,,
2024-02-02 23:00:00,,,,,,
2024-02-03 00:00:00,,,,,,
2024-02-03 01:00:00,,,,,,
2024-02-03 02:00:00,,,,,,
2024-02-03 03:00:00,,,,,,
2024-02-03 04:00:00,,,,,,
2024-02-03 05:00:00,,,,,,
2024-02-03 06:00:00,,,,,,
2024-02-03 07:00:00,,,,,,
2024-02-03 08:00:00,,,,,,
2024-02-03 09:00:00,,,,,,
2024-02-03 10:00:00,,,,,,
2024-02-03 11:00:00,,,,,,
2024-02-03 12:00:00,,,,,,
2024-02-03 13:00:00,,,,,,
2024-02-03 14:00:00,,,,,,
2024-02-03 15:00:00,,,,,,
2024-02-03 16:00:00,,,,,,
2024-02-03 17:00:00,,,,,,
2024-02-03 18:00:00,,,,,,
2024-02-03 19:00:00,,,,,,
2024-02-03 20:00:00,,,,,,
2024-02-03 21:00:00,,,,,,
2024-02-03 22:00:00,,,,,,
2024-02-03 23:00:00,,,,,,
2024-02-04 00:00:00,,,,,,
2024-02-04 01:00:00,,,,,,
2024-02-04 02:00:00,,,,,,
2024-02-04 03:00:00,,,,,,
2024-02-04 04:00:00,,,,,,
2024-02-04 05:00:00,,,,,,
2024-02-04 06:00:00,,,,,,
2024-02-04 07:00:00,,,,,,
2024-02-04 08:00:00,,,,,,
2024-02-04 09:00:00,,,,,,
2024-02-04 10:00:00,,,,,,
2024-02-04 11:00:00,,,,,,
2024-02-04 12:00:00,,,,,,
2024-02-04 13:00:00,,,,,,
2024-02-04 14:00:00,,,,,,
2024-02-04 15:00:00,,,,,,
2024-02-04 16:00:00,,,,,,
2024-02-04 17:00:00,,,,,,
2024-02-04 18:00:00,,,,,,
2024-02-04 19:00:00,,,,,,
2024-02-04 20:00:00,,,,,,
2024-02-04 21:00:00,,,,,,
2024-02-04 22:00:00,,,,,,
2024-02-04 23:00:00,,,,,,
2024-02-05 00:00:00,,,,,,
2024-02-05 01:00:00,,,,,,
2024-02-05 02:00:00,,,,,,
2024-02-05 03:00:00,,,,,,
2024-02-05 04:00:00,,,,,,
2024-02-05 05:00:00,,,,,,
2024-02-05 06:00:00,,,,,,
2024-02-05 07:00:00,,,,,,
2024-02-05 08:00:00,,,,,,
2024-02-05 09:00:00,,,,,,
2024-02-05 10:00:00,,,,,,
2024-02-05 11:00:00,,,,,,
2024-02-05 12:00:00,,,,,,
2024-02-05 13:00:00,,,,,,
2024-02-05 14:00:00,,,,,,
2024-02-05 15:00:00,,,,,,
2024-02-05 16:00:00,,,,,,
2024-02-05 17:00:00,,,,,,
2024-02-05 18:00:00,,,,,,
2024-02-05 19:00:00,,,,,,
2024-02-05 20:00:00,,,,,,
2024-02-05 21:00:00,,,,,,
2024-02-05 22:00:00,,,,,,
2024-02-05 23:00:00,,,,,,
2024-02-06 00:00:00,,,,,,
2024-02-06 01:00:00,,,,,,
2024-02-06 02:00:00,,,,,,
2024-02-06 03:00:00,,,,,,
2024-02-06 04:00:00,,,,,,
2024-02-06 05:00:00,,,,,,
2024-02-06 06:00:00,,,,,,
2024-02-06 07:00:00,,,,,,
2024-02-06 08:00:00,,,,,,
2024-02-06 09:00:00,,,,,,
2024-02-06 10:00:00,,,,,,
2024-02-06 11:00:00,,,,,,
2024-02-06 12:00:00,,,,,,
2024-02-06 13:00:00,,,,,,
2024-02-06 14:00:00,,,,,,
2024-02-06 15:00:00,,,,,,
2024-02-06 16:00:00,,,,,,
2024-02-06 17:00:00,,,,,,
2024-02-06 18:00:00,,,,,,
2024-02-06 19:00:00,,,,,,
2024-02-06 20:00:00,,,,,,
2024-02-06 21:00:00,,,,,,
2024-02-06 22:00:00,,,,,,
2024-02-06 23:00:00,,,,,,
2024-02-07 00:00:00,,,,,,
2024-02-07 01:00:00,,,,,,
2024-02-07 02:00:00,,,,,,
2024-02-07 03:00:00,,,,,,
2024-02-07 04:00:00,,,,,,
2024-02-07 05:00:00,,,,,,
2024-02-07 06:00:00,,,,,,
2024-02-07 07:00:00,,,,,,
2024-02-07 08:00:00,,,,,,
2024-02-07 09:00:00,,,,,,
2024-02-07 10:00:00,,,,,,
2024-02-07 11:00:00,,,,,,
2024-02-07 12:00:00,,,,,,
2024-02-07 13:00:00,,,,,,
2024-02-07 14:00:00,,,,,,
2024-02-07 15:00:00,,,,,,
2024-02-07 16:00:00,,,,,,
2024-02-07 17:00:00,,,,,,
2024-02-07 18:00:00,,,,,,
2024-02-07 19:00:00,,,,,,
2024-02-07 20:00:00,,,,,,
2024-02-07 21:00:00,,,,,,
2024-02-07 22:00:00,,,,,,
2024-02-07 23:00:00,,,,,,
2024-02-08 00:00:00,,,,,,
2024-02-08 01:00:00,,,,,,
2024-02-08 02:00:00,,,,,,
2024-02-08 03:00:00,,,,,,
2024-02-08 04:00:00,,,,,,
2024-02-08 05:00:00,,,,,,
2024-02-08 06:00:00,,,,,,
2024-02-08 07:00:00,,,,,,
2024-02-08 08:00:00,,,,,,
2024-02-08 09:00:00,,,,,,
2024-02-08 10:00:00,,,,,,
2024-02-08 11:00:00,,,,,,
2024-02-08 12:00:00,,,,,,
2024-02-08 13:00:00,,,,,,
2024-02-08 14:00:00,,,,,,
2024-02-08 15:00:00,,,,,,
2024-02-08 16:00:00,,,,,,
2024-02-08 17:00:00,,,,,,
2024-02-08 18:00:00,,,,,,
2024-02-08 19:00:00,,,,,,
2024-02-08 20:00:00,,,,,,
2024-02-08 21:00:00,,,,,,
2024-02-08 22:00:00,,,,,,
2024-02-08 23:00:00,,,,,,
2024-02-09 00:00:00,,,,,,
2024-02-09 01:00:00,,,,,,
2024-02-09 02:00:00,,,,,,
2024-02-09 03:00:00,,,,,,
2024-02-09 04:00:00,,,,,,
2024-02-09 05:00:00,,,,,,
2024-02-09 06:00:00,,,,,,
2024-02-09 07:00:00,,,,,,
2024-02-09 08:00:00,,,,,,
2024-02-09 09:00:00,,,,,,
2024-02-09 10:00:00,,,,,,
2024-02-09 11:00:00,,,,,,
2024-02-09 12:00:00,,,,,,
2024-02-09 13:00:00,,,,,,
2024-02-09 14:00:00,,,,,,
2024-02-09 15:00:00,,,,,,
2024-02-09 16:00:00,,,,,,
2024-02-09 17:00:00,,,,,,
2024-02-09 18:00:00,,,,,,
2024-02-09 19:00:00,,,,,,
2024-02-09 20:00:00,,,,,,
2024-02-09 21:00:00,,,,,,
2024-02-09 22:00:00,,,,,,
2024-02-09 23:00:00,,,,,,
2024-02-10 00:00:00,,,,,,
2024-02-10 01:00:00,,,,,,
2024-02-10 02:00:00,,,,,,
2024-02-10 03:00:00,,,,,,
2024-02-10 04:00:00,,,,,,
2024-02-10 05:00:00,,,,,,
2024-02-10 06:00:00,,,,,,
2024-02-10 07:00:00,,,,,,
2024-02-10 08:00:00,,,,,,
2024-02-10 09:00:00,,,,,,
2024-02-10 10:00:00,,,,,,
2024-02-10 11:00:00,,,,,,
2024-02-10 12:00:00,,,,,,
2024-02-10 13:00:00,,,,,,
2024-02-10 14:00:00,,,,,,
2024-02-10 15:00:00,,,,,,
2024-02-10 16:00:00,,,,,,
2024-02-10 17:00:00,,,,,,
2024-02-10 18:00:00,,,,,,
2024-02-10 19:00:00,,,,,,
2024-02-10 20:00:00,,,,,,
2024-02-10 21:00:00,,,,,,
2024-02-10 22:00:00,,,,,,
2024-02-10 23:00:00,,,,,,
2024-02-11 00:00:00,,,,,,
2024-02-11 01:00:00,,,,,,
2024-02-11 02:00:00,,,,,,
2024-02-11 03:00:00,,,,,,
2024-02-11 04:00:00,,,,,,
2024-02-11 05:00:00,,,,,,
2024-02-11 06:00:00,,,,,,
2024-02-11 07:00:00,,,,,,
2024-02-11 08:00:00,,,,,,
2024-02-11 09:00:00,,,,,,
2024-02-11 10:00:00,,,,,,
2024-02-11 11:00:00,,,,,,
2024-02-11 12:00:00,,,,,,
2024-02-11 13:00:00,,,,,,
2024-02-11 14:00:00,,,,,,
2024-02-11 15:00:00,,,,,,
2024-02-11 16:00:00,,,,,,
2024-02-11 17:00:00,,,,,,
2024-02-11 18:00:00,,,,,,
2024-02-11 19:00:00,,,,,,
2024-02-11 20:00:00,,,,,,
2024-02-11 21:00:00,,,,,,
2024-02-11 22:00:00,,,,,,
2024-02-11 23:00:00,,,,,,
2024-02-12 00:00:00,,,,,,
2024-02-12 01:00:00,,,,,,
2024-02-12 02:00:00,,,,,,
2024-02-12 03:00:00,,,,,,
2024-02-12 04:00:00,,,,,,
2024-02-12 05:00:00,,,,,,
2024-02-12 06:00:00,,,,,,
2024-02-12 07:00:00,,,,,,
2024-02-12 08:00:00,,,,,,
2024-02-12 09:00:00,,,,,,
2024-02-12 10:00:00,,,,,,
2024-02-12 11:00:00,,,,,,
2024-02-12 12:00:00,,,,,,
2024-02-12 13:00:00,,,,,,
2024-02-12 14:00:00,,,,,,
2024-02-12 15:00:00,,,,,,
2024-02-12 16:00:00,,,,,,
2024-02-12 17:00:00,,,,,,
2024-02-12 18:00:00,,,,,,
2024-02-12 19:00:00,,,,,,
2024-02-12 20:00:00,,,,,,
2024-02-12 21:00:00,,,,,,
2024-02-12 22:00:00,,,,,,
2024-02-12 23:00:00,,,,,,
2024-02-13 00:00:00,,,,,,
2024-02-13 01:00:00,,,,,,
2024-02-13 02:00:00,,,,,,
2024-02-13 03:00:00,,,,,,
2024-02-13 04:00:00,,,,,,
2024-02-13 05:00:00,,,,,,
2024-02-13 06:00:00,,,,,,
2024-02-13 07:00:00,,,,,,
2024-02-13 08:00:00,,,,,,
2024-02-13 09:00:00,,,,,,
2024-02-13 10:00:00,,,,,,
2024-02-13 11:00:00,,,,,,
2024-02-13 12:00:00,,,,,,
2024-02-13 13:00:00,,,,,,
2024-02-13 14:00:00,,,,,,
2024-02-13 15:00:00,,,,,,
2024-02-13 16:00:00,,,,,,
2024-02-13 17:00:00,,,,,,
2024-02-13 18:00:00,,,,,,
2024-02-13 19:00:00,,,,,,
2024-02-13 20:00:00,,,,,,
2024-02-13 21:00:00,,,,,,
2024-02-13 22:00:00,,,,,,
2024-02-13 23:00:00,,,,,,
2024-02-14 00:00:00,,,,,,
2024-02-14 01:00:00,,,,,,
2024-02-14 02:00:00,,,,,,
2024-02-14 03:00:00,,,,,,
2024-02-14 04:00:00,,,,,,
2024-02-14 05:00:00,,,,,,
2024-02-14 06:00:00,,,,,,
2024-02-14 07:00:00,,,,,,
2024-02-14 08:00:00,,,,,,
2024-02-14 09:00:00,,,,,,
2024-02-14 10:00:00,,,,,,
2024-02-14 11:00:00,,,,,,
2024-02-14 12:00:00,,,,,,
2024-02-14 13:00:00,,,,,,
2024-02-14 14:00:00,,,,,,
2024-02-14 15:00:00,,,,,,
2024-02-14 16:00:00,,,,,,
2024-02-14 17:00:00,,,,,,
2024-02-14 18:00:00,,,,,,
2024-02-14 19:00:00,,,,,,
2024-02-14 20:00:00,,,,,,
2024-02-14 21:00:00,,,,,,
2024-02-14 22:00:00,,,,,,
2024-02-14 23:00:00,,,,,,
2024-02-15 00:00:00,,,,,,
2024-02-15 01:00:00,,,,,,
2024-02-15 02:00:00,,,,,,
2024-02-15 03:00:00,,,,,,
2024-02-15 04:00:00,,,,,,
2024-02-15 05:00:00,,,,,,
2024-02-15 06:00:00,,,,,,
2024-02-15 07:00:00,,,,,,
2024-02-15 08:00:00,,,,,,
2024-02-15 09:00:00,,,,,,
2024-02-15 10:00:00,,,,,,
2024-02-15 11:00:00,,,,,,
2024-02-15 12:00:00,,,,,,
2024-02-15 13:00:00,,,,,,
2024-02-15 14:00:00,,,,,,
2024-02-15 15:00:00,,,,,,
2024-02-15 16:00:00,,,,,,
2024-02-15 17:00:00,,,,,,
2024-02-15 18:00:00,,,,,,
2024-02-15 19:00:00,,,,,,
2024-02-15 20:00:00,,,,,,
2024-02-15 21:00:00,,,,,,
2024-02-15 22:00:00,,,,,,
2024-02-15 23:00:00,,,,,,
2024-02-16 00:00:00,,,,,,
2024-02-16 01:00:00,,,,,,
2024-02-16 02:00:00,,,,,,
2024-02-16 03:00:00,,,,,,
2024-02-16 04:00:00,,,,,,
2024-02-16 05:00:00,,,,,,
2024-02-16 06:00:00,,,,,,
2024-02-16 07:00:00,,,,,,
2024-02-16 08:00:00,,,,,,
2024-02-16 09:00:00,,,,,,
2024-02-16 10:00:00,,,,,,
2024-02-16 11:00:00,,,,,,
2024-02-16 12:00:00,,,,,,
2024-02-16 13:00:00,,,,,,
2024-02-16 14:00:00,,,,,,
2024-02-16 15:00:00,,,,,,
2024-02-16 16:00:00,,,,,,
2024-02-16 17:00:00,,,,,,
2024-02-16 18:00:00,,,,,,
2024-02-16 19:00:00,,,,,,
2024-02-16 20:00:00,,,,,,
2024-02-16 21:00:00,,,,,,
2024-02-16 22:00:00,,,,,,
2024-02-16 23:00:00,,,,,,
2024-02-17 00:00:00,,,,,,
2024-02-17 01:00:00,,,,,,
2024-02-17 02:00:00,,,,,,
2024-02-17 03:00:00,,,,,,
2024-02-17 04:00:00,,,,,,
2024-02-17 05:00:00,,,,,,
2024-02-17 06:00:00,,,,,,
2024-02-17 07:00:00,,,,,,
2024-02-17 08:00:00,,,,,,
2024-02-17 09:00:00,,,,,,
2024-02-17 10:00:00,,,,,,
2024-02-17 11:00:00,,,,,,
2024-02-17 12:00:00,,,,,,
2024-02-17 13:00:00,,,,,,
2024-02-17 14:00:00,,,,,,
2024-02-17 15:00:00,,,,,,
2024-02-17 16:00:00,,,,,,
2024-02-17 17:00:00,,,,,,
2024-02-17 18:00:00,,,,,,
2024-02-17 19:00:00,,,,,,
2024-02-17 20:00:00,,,,,,
2024-02-17 21:00:00,,,,,,
2024-02-17 22:00:00,,,,,,
2024-02-17 23:00:00,,,,,,
2024-02-18 00:00:00,,,,,,
2024-02-18 01:00:00,,,,,,
2024-02-18 02:00:00,,,,,,
2024-02-18 03:00:00,,,,,,
2024-02-18 04:00:00,,,,,,
2024-02-18 05:00:00,,,,,,
2024-02-18 06:00:00,,,,,,
2024-02-18 07:00:00,,,,,,
2024-02-18 08:00:00,,,,,,
2024-02-18 09:00:00,,,,,,
2024-02-18 10:00:00,,,,,,
2024-02-18 11:00:00,,,,,,
2024-02-18 12:00:00,,,,,,
2024-02-18 13:00:00,,,,,,
2024-02-18 14:00:00,,,,,,
2024-02-18 15:00:00,,,,,,
2024-02-18 16:00:00,,,,,,
2024-02-18 17:00:00,,,,,,
2024-02-18 18:00:00,,,,,,
2024-02-18 19:00:00,,,,,,
2024-02-18 20:00:00,,,,,,
2024-02-18 21:00:00,,,,,,
2024-02-18 22:00:00,,,,,,
2024-02-18 23:00:00,,,,,,
2024-02-19 00:00:00,,,,,,
2024-02-19 01:00:00,,,,,,
2024-02-19 02:00:00,,,,,,
2024-02-19 03:00:00,,,,,,
2024-02-19 04:00:00,,,,,,
2024-02-19 05:00:00,,,,,,
2024-02-19 06:00:00,,,,,,
2024-02-19 07:00:00,,,,,,
2024-02-19 08:00:00,,,,,,
2024-02-19 09:00:00,,,,,,
2024-02-19 10:00:00,,,,,,
2024-02-19 11:00:00,,,,,,
2024-02-19 12:00:00,,,,,,
2024-02-19 13:00:00,,,,,,
2024-02-19 14:00:00,,,,,,
2024-02-19 15:00:00,,,,,,
2024-02-19 16:00:00,,,,,,
2024-02-19 17:00:00,,,,,,
2024-02-19 18:00:00,,,,,,
2024-02-19 19:00:00,,,,,,
2024-02-19 20:00:00,,,,,,
2024-02-19 21:00:00,,,,,,
2024-02-19 22:00:00,,,,,,
2024-02-19 23:00:00,,,,,,
2024-02-20 00:00:00,,,,,,
2024-02-20 01:00:00,,,,,,
2024-02-20 02:00:00,,,,,,
2024-02-20 03:00:00,,,,,,
2024-02-20 04:00:00,,,,,,
2024-02-20 05:00:00,,,,,,
2024-02-20 06:00:00,,,,,,
2024-02-20 07:00:00,,,,,,
2024-02-20 08:00:00,,,,,,
2024-02-20 09:00:00,,,,,,
2024-02-20 10:00:00,,,,,,
2024-02-20 11:00:00,,,,,,
2024-02-20 12:00:00,,,,,,
2024-02-20 13:00:00,,,,,,
2024-02-20 14:00:00,,,,,,
2024-02-20 15:00:00,,,,,,
2024-02-20 16:00:00,,,,,,
2024-02-20 17:00:00,,,,,,
2024-02-20 18:00:00,,,,,,
2024-02-20 19:00:00,,,,,,
2024-02-20 20:00:00,,,,,,
2024-02-20 21:00:00,,,,,,
2024-02-20 22:00:00,,,,,,
2024-02-20 23:00:00,,,,,,
2024-02-21 00:00:00,,,,,,
2024-02-21 01:00:00,,,,,,
2024-02-21 02:00:00,,,,,,
2024-02-21 03:00:00,,,,,,
2024-02-21 04:00:00,,,,,,
2024-02-21 05:00:00,,,,,,
2024-02-21 06:00:00,,,,,,
2024-02-21 07:00:00,,,,,,
2024-02-21 08:00:00,,,,,,
2024-02-21 09:00:00,,,,,,
2024-02-21 10:00:00,,,,,,
2024-02-21 11:00:00,,,,,,
2024-02-21 12:00:00,,,,,,
2024-02-21 13:00:00,,,,,,
2024-02-21 14:00:00,,,,,,
2024-02-21 15:00:00,,,,,,
2024-02-21 16:00:00,,,,,,
2024-02-21 17:00:00,,,,,,
2024-02-21 18:00:00,,,,,,
2024-02-21 19:00:00,,,,,,
2024-02-21 20:00:00,,,,,,
2024-02-21 21:00:00,,,,,,
2024-02-21 22:00:00,,,,,,
2024-02-21 23:00:00,,,,,,
2024-02-22 00:00:00,,,,,,
2024-02-22 01:00:00,,,,,,
2024-02-22 02:00:00,,,,,,
2024-02-22 03:00:00,,,,,,
2024-02-22 04:00:00,,,,,,
2024-02-22 05:00:00,,,,,,
2024-02-22 06:00:00,,,,,,
2024-02-22 07:00:00,,,,,,
2024-02-22 08:00:00,,,,,,
2024-02-22 09:00:00,,,,,,
2024-02-22 10:00:00,,,,,,
2024-02-22 11:00:00,,,,,,
2024-02-22 12:00:00,,,,,,
2024-02-22 13:00:00,,,,,,
2024-02-22 14:00:00,,,,,,
2024-02-22 15:00:00,,,,,,
2024-02-22 16:00:00,,,,,,
2024-02-22 17:00:00,,,,,,
2024-02-22 18:00:00,,,,,,
2024-02-22 19:00:00,,,,,,
2024-02-22 20:00:00,,,,,,
2024-02-22 21:00:00,,,,,,
2024-02-22 22:00:00,,,,,,
2024-02-22 23:00:00,,,,,,
2024-02-23 00:00:00,,,,,,
2024-02-23 01:00:00,,,,,,
2024-02-23 02:00:00,,,,,,
2024-02-23 03:00:00,,,,,,
2024-02-23 04:00:00,,,,,,
2024-02-23 05:00:00,,,,,,
2024-02-23 06:00:00,,,,,,
2024-02-23 07:00:00,,,,,,
2024-02-23 08:00:00,,,,,,
2024-02-23 09:00:00,,,,,,
2024-02-23 10:00:00,,,,,,
2024-02-23 11:00:00,,,,,,
2024-02-23 12:00:00,,,,,,
2024-02-23 13:00:00,,,,,,
2024-02-23 14:00:00,,,,,,
2024-02-23 15:00:00,,,,,,
2024-02-23 16:00:00,,,,,,
2024-02-23 17:00:00,,,,,,
2024-02-23 18:00:00,,,,,,
2024-02-23 19:00:00,,,,,,
2024-02-23 20:00:00,,,,,,
2024-02-23 21:00:00,,,,,,
2024-02-23 22:00:00,,,,,,
2024-02-23 23:00:00,,,,,,
2024-02-24 00:00:00,,,,,,
2024-02-24 01:00:00,,,,,,
2024-02-24 02:00:00,,,,,,
2024-02-24 03:00:00,,,,,,
2024-02-24 04:00:00,,,,,,
2024-02-24 05:00:00,,,,,,
2024-02-24 06:00:00,,,,,,
2024-02-24 07:00:00,,,,,,
2024-02-24 08:00:00,,,,,,
2024-02-24 09:00:00,,,,,,
2024-02-24 10:00:00,,,,,,
2024-02-24 11:00:00,,,,,,
2024-02-24 12:00:00,,,,,,
2024-02-24 13:00:00,,,,,,
2024-02-24 14:00:00,,,,,,
2024-02-24 15:00:00,,,,,,
2024-02-24 16:00:00,,,,,,
2024-02-24 17:00:00,,,,,,
2024-02-24 18:00:00,,,,,,
2024-02-24 19:00:00,,,,,,
2024-02-24 20:00:00,,,,,,
2024-02-24 21:00:00,,,,,,
2024-02-24 22:00:00,,,,,,
2024-02-24 23:00:00,,,,,,
2024-02-25 00:00:00,,,,,,
2024-02-25 01:00:00,,,,,,
2024-02-25 02:00:00,,,,,,
2024-02-25 03:00:00,,,,,,
2024-02-25 04:00:00,,,,,,
2024-02-25 05:00:00,,,,,,
2024-02-25 06:00:00,,,,,,
2024-02-25 07:00:00,,,,,,
2024-02-25 08:00:00,,,,,,
2024-02-25 09:00:00,,,,,,
2024-02-25 10:00:00,,,,,,
2024-02-25 11:00:00,,,,,,
2024-02-25 12:00:00,,,,,,
2024-02-25 13:00:00,,,,,,
2024-02-25 14:00:00,,,,,,
2024-02-25 15:00:00,,,,,,
2024-02-25 16:00:00,,,,,,
2024-02-25 17:00:00,,,,,,
2024-02-25 18:00:00,,,,,,
2024-02-25 19:00:00,,,,,,
2024-02-25 20:00:00,,,,,,
2024-02-25 21:00:00,,,,,,
2024-02-25 22:00:00,,,,,,
2024-02-25 23:00:00,,,,,,
2024-02-26 00:00:00,,,,,,
2024-02-26 01:00:00,,,,,,
2024-02-26 02:00:00,,,,,,
2024-02-26 03:00:00,,,,,,
2024-02-26 04:00:00,,,,,,
2024-02-26 05:00:00,,,,,,
2024-02-26 06:00:00,,,,,,
2024-02-26 07:00:00,,,,,,
2024-02-26 08:00:00,,,,,,
2024-02-26 09:00:00,,,,,,
2024-02-26 10:00:00,,,,,,
2024-02-26 11:00:00,,,,,,
2024-02-26 12:00:00,,,,,,
2024-02-26 13:00:00,,,,,,
2024-02-26 14:00:00,,,,,,
2024-02-26 15:00:00,,,,,,
2024-02-26 16:00:00,,,,,,
2024-02-26 17:00:00,,,,,,
2024-02-26 18:00:00,,,,,,
2024-02-26 19:00:00,,,,,,
2024-02-26 20:00:00,,,,,,
2024-02-26 21:00:00,,,,,,
2024-02-26 22:00:00,,,,,,
2024-02-26 23:00:00,,,,,,
2024-02-27 00:00:00,,,,,,
2024-02-27 01:00:00,,,,,,
2024-02-27 02:00:00,,,,,,
2024-02-27 03:00:00,,,,,,
2024-02-27 04:00:00,,,,,,
2024-02-27 05:00:00,,,,,,
2024-02-27 06:00:00,,,,,,
2024-02-27 07:00:00,,,,,,
2024-02-27 08:00:00,,,,,,
2024-02-27 09:00:00,,,,,,
2024-02-27 10:00:00,,,,,,
2024-02-27 11:00:00,,,,,,
2024-02-27 12:00:00,,,,,,
2024-02-27 13:00:00,,,,,,
2024-02-27 14:00:00,,,,,,
2024-02-27 15:00:00,,,,,,
2024-02-27 16:00:00,,,,,,
2024-02-27 17:00:00,,,,,,
2024-02-27 18:00:00,,,,,,
2024-02-27 19:00:00,,,,,,
2024-02-27 20:00:00,,,,,,
2024-02-27 21:00:00,,,,,,
2024-02-27 22:00:00,,,,,,
2024-02-27 23:00:00,,,,,,
2024-02-28 00:00:00,,,,,,
2024-02-28 01:00:00,,,,,,
2024-02-28 02:00:00,,,,,,
2024-02-28 03:00:00,,,,,,
2024-02-28 04:00:00,,,,,,
2024-02-28 05:00:00,,,,,,
2024-02-28 06:00:00,,,,,,
2024-02-28 07:00:00,,,,,,
2024-02-28 08:00:00,,,,,,
2024-02-28 09:00:00,,,,,,
2024-02-28 10:00:00,,,,,,
2024-02-28 11:00:00,,,,,,
2024-02-28 12:00:00,,,,,,
2024-02-28 13:00:00,,,,,,
2024-02-28 14:00:00,,,,,,
2024-02-28 15:00:00,,,,,,
2024-02-28 16:00:00,,,,,,
2024-02-28 17:00:00,,,,,,
2024-02-28 18:00:00,,,,,,
2024-02-28 19:00:00,,,,,,
2024-02-28 20:00:00,,,,,,
2024-02-28 21:00:00,,,,,,
2024-02-28 22:00:00,,,,,,
2024-02-28 23:00:00,,,,,,
2024-02-29 00:00:00,,,,,,
2024-02-29 01:00:00,,,,,,
2024-02-29 02:00:00,,,,,,
2024-02-29 03:00:00,,,,,,
2024-02-29 04:00:00,,,,,,
2024-02-29 05:00:00,,,,,,
2024-02-29 06:00:00,,,,,,
2024-02-29 07:00:00,,,,,,
2024-02-29 08:00:00,,,,,,
2024-02-29 09:00:00,,,,,,
2024-02-29 10:00:00,,,,,,
2024-02-29 11:00:00,,,,,,
2024-02-29 12:00:00,,,,,,
2024-02-29 13:00:00,,,,,,
2024-02-29 14:00:00,,,,,,
2024-02-29 15:00:00,,,,,,
2024-02-29 16:00:00,,,,,,
2024-02-29 17:00:00,,,,,,
2024-02-29 18:00:00,,,,,,
2024-02-29 19:00:00,,,,,,
2024-02-29 20:00:00,,,,,,
2024-02-29 21:00:00,,,,,,
2024-02-29 22:00:00,,,,,,
2024-02-29 23:00:00,,,,,,
2024-03-01 00:00:00,,,,,,
2024-03-01 01:00:00,,,,,,
2024-03-01 02:00:00,,,,,,
2024-03-01 03:00:00,,,,,,
2024-03-01 04:00:00,,,,,,
2024-03-01 05:00:00,,,,,,
2024-03-01 06:00:00,,,,,,
2024-03-01 07:00:00,,,,,,
2024-03-01 08:00:00,,,,,,
2024-03-01 09:00:00,,,,,,
2024-03-01 10:00:00,,,,,,
2024-03-01 11:00:00,,,,,,
2024-03-01 12:00:00,,,,,,
2024-03-01 13:00:00,,,,,,
2024-03-01 14:00:00,,,,,,
2024-03-01 15:00:00,,,,,,
2024-03-01 16:00:00,,,,,,
2024-03-01 17:00:00,,,,,,
2024-03-01 18:00:00,,,,,,
2024-03-01 19:00:00,,,,,,
2024-03-01 20:00:00,,,,,,
2024-03-01 21:00:00,,,,,,
2024-03-01 22:00:00,,,,,,
2024-03-01 23:00:00,,,,,,
2024-03-02 00:00:00,,,,,,
2024-03-02 01:00:00,,,,,,
2024-03-02 02:00:00,,,,,,
2024-03-02 03:00:00,,,,,,
2024-03-02 04:00:00,,,,,,
2024-03-02 05:00:00,,,,,,
2024-03-02 06:00:00,,,,,,
2024-03-02 07:00:00,,,,,,
2024-03-02 08:00:00,,,,,,
2024-03-02 09:00:00,,,,,,
2024-03-02 10:00:00,,,,,,
2024-03-02 11:00:00,,,,,,
2024-03-02 12:00:00,,,,,,
2024-03-02 13:00:00,,,,,,
2024-03-02 14:00:00,,,,,,
2024-03-02 15:00:00,,,,,,
2024-03-02 16:00:00,,,,,,
2024-03-02 17:00:00,,,,,,
2024-03-02 18:00:00,,,,,,
2024-03-02 19:00:00,,,,,,
2024-03-02 20:00:00,,,,,,
2024-03-02 21:00:00,,,,,,
2024-03-02 22:00:00,,,,,,
2024-03-02 23:00:00,,,,,,
2024-03-03 00:00:00,,,,,,
2024-03-03 01:00:00,,,,,,
2024-03-03 02:00:00,,,,,,
2024-03-03 03:00:00,,,,,,
2024-03-03 04:00:00,,,,,,
2024-03-03 05:00:00,,,,,,
2024-03-03 06:00:00,,,,,,
2024-03-03 07:00:00,,,,,,
2024-03-03 08:00:00,,,,,,
2024-03-03 09:00:00,,,,,,
2024-03-03 10:00:00,,,,,,
2024-03-03 11:00:00,,,,,,
2024-03-03 12:00:00,,,,,,
2024-03-03 13:00:00,,,,,,
2024-03-03 14:00:00,,,,,,
2024-03-03 15:00:00,,,,,,
2024-03-03 16:00:00,,,,,,
2024-03-03 17:00:00,,,,,,
2024-03-03 18:00:00,,,,,,
2024-03-03 19:00:00,,,,,,
2024-03-03 20:00:00,,,,,,
2024-03-03 21:00:00,,,,,,
2024-03-03 22:00:00,,,,,,
2024-03-03 23:00:00,,,,,,
2024-03-04 00:00:00,,,,,,
2024-03-04 01:00:00,,,,,,
2024-03-04 02:00:00,,,,,,
2024-03-04 03:00:00,,,,,,
2024-03-04 04:00:00,,,,,,
2024-03-04 05:00:00,,,,,,
2024-03-04 06:00:00,,,,,,
2024-03-04 07:00:00,,,,,,
2024-03-04 08:00:00,,,,,,
2024-03-04 09:00:00,,,,,,
2024-03-04 10:00:00,,,,,,
2024-03-04 11:00:00,,,,,,
2024-03-04 12:00:00,,,,,,
2024-03-04 13:00:00,,,,,,
2024-03-04 14:00:00,,,,,,
2024-03-04 15:00:00,,,,,,
2024-03-04 16:00:00,,,,,,
2024-03-04 17:00:00,,,,,,
2024-03-04 18:00:00,,,,,,
2024-03-04 19:00:00,,,,,,
2024-03-04 20:00:00,,,,,,
2024-03-04 21:00:00,,,,,,
2024-03-04 22:00:00,,,,,,
2024-03-04 23:00:00,,,,,,
2024-03-05 00:00:00,,,,,,
2024-03-05 01:00:00,,,,,,
2024-03-05 02:00:00,,,,,,
2024-03-05 03:00:00,,,,,,
2024-03-05 04:00:00,,,,,,
2024-03-05 05:00:00,,,,,,
2024-03-05 06:00:00,,,,,,
2024-03-05 07:00:00,,,,,,
2024-03-05 08:00:00,,,,,,
2024-03-05 09:00:00,,,,,,
2024-03-05 10:00:00,,,,,,
2024-03-05 11:00:00,,,,,,
2024-03-05 12:00:00,,,,,,
2024-03-05 13:00:00,,,,,,
2024-03-05 14:00:00,,,,,,
2024-03-05 15:00:00,,,,,,
2024-03-05 16:00:00,,,,,,
2024-03-05 17:00:00,,,,,,
2024-03-05 18:00:00,,,,,,
2024-03-05 19:00:00,,,,,,
2024-03-05 20:00:00,,,,,,
2024-03-05 21:00:00,,,,,,
2024-03-05 22:00:00,,,,,,
2024-03-05 23:00:00,,,,,,
2024-03-06 00:00:00,,,,,,
2024-03-06 01:00:00,,,,,,
2024-03-06 02:00:00,,,,,,
2024-03-06 03:00:00,,,,,,
2024-03-06 04:00:00,,,,,,
2024-03-06 05:00:00,,,,,,
2024-03-06 06:00:00,,,,,,
2024-03-06 07:00:00,,,,,,
2024-03-06 08:00:00,,,,,,
2024-03-06 09:00:00,,,,,,
2024-03-06 10:00:00,,,,,,
2024-03-06 11:00:00,,,,,,
2024-03-06 12:00:00,,,,,,
2024-03-06 13:00:00,,,,,,
2024-03-06 14:00:00,,,,,,
2024-03-06 15:00:00,,,,,,
2024-03-06 16:00:00,,,,,,
2024-03-06 17:00:00,,,,,,
2024-03-06 18:00:00,,,,,,
2024-03-06 19:00:00,,,,,,
2024-03-06 20:00:00,,,,,,
2024-03-06 21:00:00,,,,,,
2024-03-06 22:00:00,,,,,,
2024-03-06 23:00:00,,,,,,
2024-03-07 00:00:00,,,,,,
2024-03-07 01:00:00,,,,,,
2024-03-07 02:00:00,,,,,,
2024-03-07 03:00:00,,,,,,
2024-03-07 04:00:00,,,,,,
2024-03-07 05:00:00,,,,,,
2024-03-07 06:00:00,,,,,,
2024-03-07 07:00:00,,,,,,
2024-03-07 08:00:00,,,,,,
2024-03-07 09:00:00,,,,,,
2024-03-07 10:00:00,,,,,,
2024-03-07 11:00:00,,,,,,
2024-03-07 12:00:00,,,,,,
2024-03-07 13:00:00,,,,,,
2024-03-07 14:00:00,,,,,,
2024-03-07 15:00:00,,,,,,
2024-03-07 16:00:00,,,,,,
2024-03-07 17:00:00,,,,,,
2024-03-07 18:00:00,,,,,,
2024-03-07 19:00:00,,,,,,
2024-03-07 20:00:00,,,,,,
2024-03-07 21:00:00,,,,,,
2024-03-07 22:00:00,,,,,,
2024-03-07 23:00:00,,,,,,
2024-03-08 00:00:00,,,,,,
2024-03-08 01:00:00,,,,,,
2024-03-08 02:00:00,,,,,,
2024-03-08 03:00:00,,,,,,
2024-03-08 04:00:00,,,,,,
2024-03-08 05:00:00,,,,,,
2024-03-08 06:00:00,,,,,,
2024-03-08 07:00:00,,,,,,
2024-03-08 08:00:00,,,,,,
2024-03-08 09:00:00,,,,,,
2024-03-08 10:00:00,,,,,,
2024-03-08 11:00:00,,,,,,
2024-03-08 12:00:00,,,,,,
2024-03-08 13:00:00,,,,,,
2024-03-08 14:00:00,,,,,,
2024-03-08 15:00:00,,,,,,
2024-03-08 16:00:00,,,,,,
2024-03-08 17:00:00,,,,,,
2024-03-08 18:00:00,,,,,,
2024-03-08 19:00:00,,,,,,
2024-03-08 20:00:00,,,,,,
2024-03-08 21:00:00,,,,,,
2024-03-08 22:00:00,,,,,,
2024-03-08 23:00:00,,,,,,
2024-03-09 00:00:00,,,,,,
2024-03-09 01:00:00,,,,,,
2024-03-09 02:00:00,,,,,,
2024-03-09 03:00:00,,,,,,
2024-03-09 04:00:00,,,,,,
2024-03-09 05:00:00,,,,,,
2024-03-09 06:00:00,,,,,,
2024-03-09 07:00:00,,,,,,
2024-03-09 08:00:00,,,,,,
2024-03-09 09:00:00,,,,,,
2024-03-09 10:00:00,,,,,,
2024-03-09 11:00:00,,,,,,
2024-03-09 12:00:00,,,,,,
2024-03-09 13:00:00,,,,,,
2024-03-09 14:00:00,,,,,,
2024-03-09 15:00:00,,,,,,
2024-03-09 16:00:00,,,,,,
2024-03-09 17:00:00,,,,,,
2024-03-09 18:00:00,,,,,,
2024-03-09 19:00:00,,,,,,
2024-03-09 20:00:00,,,,,,
2024-03-09 21:00:00,,,,,,
2024-03-09 22:00:00,,,,,,
2024-03-09 23:00:00,,,,,,
2024-03-10 00:00:00,,,,,,
2024-03-10 01:00:00,,,,,,
2024-03-10 02:00:00,,,,,,
2024-03-10 03:00:00,,,,,,
2024-03-10 04:00:00,,,,,,
2024-03-10 05:00:00,,,,,,
2024-03-10 06:00:00,,,,,,
2024-03-10 07:00:00,,,,,,
2024-03-10 08:00:00,,,,,,
2024-03-10 09:00:00,,,,,,
2024-03-10 10:00:00,,,,,,
2024-03-10 11:00:00,,,,,,
2024-03-10 12:00:00,,,,,,
2024-03-10 13:00:00,,,,,,
2024-03-10 14:00:00,,,,,,
2024-03-10 15:00:00,,,,,,
2024-03-10 16:00:00,,,,,,
2024-03-10 17:00:00,,,,,,
2024-03-10 18:00:00,,,,,,
2024-03-10 19:00:00,,,,,,
2024-03-10 20:00:00,,,,,,
2024-03-10 21:00:00,,,,,,
2024-03-10 22:00:00,,,,,,
2024-03-10 23:00:00,,,,,,
2024-03-11 00:00:00,,,,,,
2024-03-11 01:00:00,,,,,,
2024-03-11 02:00:00,,,,,,
2024-03-11 03:00:00,,,,,,
2024-03-11 04:00:00,,,,,,
2024-03-11 05:00:00,,,,,,
2024-03-11 06:00:00,,,,,,
2024-03-11 07:00:00,,,,,,
2024-03-11 08:00:00,,,,,,
2024-03-11 09:00:00,,,,,,
2024-03-11 10:00:00,,,,,,
2024-03-11 11:00:00,,,,,,
2024-03-11 12:00:00,,,,,,
2024-03-11 13:00:00,,,,,,
2024-03-11 14:00:00,,,,,,
2024-03-11 15:00:00,,,,,,
2024-03-11 16:00:00,,,,,,
2024-03-11 17:00:00,,,,,,
2024-03-11 18:00:00,,,,,,
2024-03-11 19:00:00,,,,,,
2024-03-11 20:00:00,,,,,,
2024-03-11 21:00:00,,,,,,
2024-03-11 22:00:00,,,,,,
2024-03-11 23:00:00,,,,,,
2024-03-12 00:00:00,,,,,,
2024-03-12 01:00:00,,,,,,
2024-03-12 02:00:00,,,,,,
2024-03-12 03:00:00,,,,,,
2024-03-12 04:00:00,,,,,,
2024-03-12 05:00:00,,,,,,
2024-03-12 06:00:00,,,,,,
2024-03-12 07:00:00,,,,,,
2024-03-12 08:00:00,,,,,,
2024-03-12 09:00:00,,,,,,
2024-03-12 10:00:00,,,,,,
2024-03-12 11:00:00,,,,,,
2024-03-12 12:00:00,,,,,,
2024-03-12 13:00:00,,,,,,
2024-03-12 14:00:00,,,,,,
2024-03-12 15:00:00,,,,,,
2024-03-12 16:00:00,,,,,,
2024-03-12 17:00:00,,,,,,
2024-03-12 18:00:00,,,,,,
2024-03-12 19:00:00,,,,,,
2024-03-12 20:00:00,,,,,,
2024-03-12 21:00:00,,,,,,
2024-03-12 22:00:00,,,,,,
2024-03-12 23:00:00,,,,,,
2024-03-13 00:00:00,,,,,,
2024-03-13 01:00:00,,,,,,
2024-03-13 02:00:00,,,,,,
2024-03-13 03:00:00,,,,,,
2024-03-13 04:00:00,,,,,,
2024-03-13 05:00:00,,,,,,
2024-03-13 06:00:00,,,,,,
2024-03-13 07:00:00,,,,,,
2024-03-13 08:00:00,,,,,,
2024-03-13 09:00:00,,,,,,
2024-03-13 10:00:00,,,,,,
2024-03-13 11:00:00,,,,,,
2024-03-13 12:00:00,,,,,,
2024-03-13 13:00:00,,,,,,
2024-03-13 14:00:00,,,,,,
2024-03-13 15:00:00,,,,,,
2024-03-13 16:00:00,,,,,,
2024-03-13 17:00:00,,,,,,
2024-03-13 18:00:00,,,,,,
2024-03-13 19:00:00,,,,,,
2024-03-13 20:00:00,,,,,,
2024-03-13 21:00:00,,,,,,
2024-03-13 22:00:00,,,,,,
2024-03-13 23:00:00,,,,,,
2024-03-14 00:00:00,,,,,,
2024-03-14 01:00:00,,,,,,
2024-03-14 02:00:00,,,,,,
2024-03-14 03:00:00,,,,,,
2024-03-14 04:00:00,,,,,,
2024-03-14 05:00:00,,,,,,
2024-03-14 06:00:00,,,,,,
2024-03-14 07:00:00,,,,,,
2024-03-14 08:00:00,,,,,,
2024-03-14 09:00:00,,,,,,
2024-03-14 10:00:00,,,,,,
2024-03-14 11:00:00,,,,,,
2024-03-14 12:00:00,,,,,,
2024-03-14 13:00:00,,,,,,
2024-03-14 14:00:00,,,,,,
2024-03-14 15:00:00,,,,,,
2024-03-14 16:00:00,,,,,,
2024-03-14 17:00:00,,,,,,
2024-03-14 18:00:00,,,,,,
2024-03-14 19:00:00,,,,,,
2024-03-14 20:00:00,,,,,,
2024-03-14 21:00:00,,,,,,
2024-03-14 22:00:00,,,,,,
2024-03-14 23:00:00,,,,,,
2024-03-15 00:00:00,,,,,,
2024-03-15 01:00:00,,,,,,
2024-03-15 02:00:00,,,,,,
2024-03-15 03:00:00,,,,,,
2024-03-15 04:00:00,,,,,,
2024-03-15 05:00:00,,,,,,
2024-03-15 06:00:00,,,,,,
2024-03-15 07:00:00,,,,,,
2024-03-15 08:00:00,,,,,,
2024-03-15 09:00:00,,,,,,
2024-03-15 10:00:00,,,,,,
2024-03-15 11:00:00,,,,,,
2024-03-15 12:00:00,,,,,,
2024-03-15 13:00:00,,,,,,
2024-03-15 14:00:00,,,,,,
2024-03-15 15:00:00,,,,,,
2024-03-15 16:00:00,,,,,,
2024-03-15 17:00:00,,,,,,
2024-03-15 18:00:00,,,,,,
2024-03-15 19:00:00,,,,,,
2024-03-15 20:00:00,,,,,,
2024-03-15 21:00:00,,,,,,
2024-03-15 22:00:00,,,,,,
2024-03-15 23:00:00,,,,,,
2024-03-16 00:00:00,,,,,,
2024-03-16 01:00:00,,,,,,
2024-03-16 02:00:00,,,,,,
2024-03-16 03:00:00,,,,,,
2024-03-16 04:00:00,,,,,,
2024-03-16 05:00:00,,,,,,
2024-03-16 06:00:00,,,,,,
2024-03-16 07:00:00,,,,,,
2024-03-16 08:00:00,,,,,,
2024-03-16 09:00:00,,,,,,
2024-03-16 10:00:00,,,,,,
2024-03-16 11:00:00,,,,,,
2024-03-16 12:00:00,,,,,,
2024-03-16 13:00:00,,,,,,
2024-03-16 14:00:00,,,,,,
2024-03-16 15:00:00,,,,,,
2024-03-16 16:00:00,,,,,,
2024-03-16 17:00:00,,,,,,
2024-03-16 18:00:00,,,,,,
2024-03-16 19:00:00,,,,,,
2024-03-16 20:00:00,,,,,,
2024-03-16 21:00:00,,,,,,
2024-03-16 22:00:00,,,,,,
2024-03-16 23:00:00,,,,,,
2024-03-17 00:00:00,,,,,,
2024-03-17 01:00:00,,,,,,
2024-03-17 02:00:00,,,,,,
2024-03-17 03:00:00,,,,,,
2024-03-17 04:00:00,,,,,,
2024-03-17 05:00:00,,,,,,
2024-03-17 06:00:00,,,,,,
2024-03-17 07:00:00,,,,,,
2024-03-17 08:00:00,,,,,,
2024-03-17 09:00:00,,,,,,
2024-03-17 10:00:00,,,,,,
2024-03-17 11:00:00,,,,,,
2024-03-17 12:00:00,,,,,,
2024-03-17 13:00:00,,,,,,
2024-03-17 14:00:00,,,,,,
2024-03-17 15:00:00,,,,,,
2024-03-17 16:00:00,,,,,,
2024-03-17 17:00:00,,,,,,
2024-03-17 18:00:00,,,,,,
2024-03-17 19:00:00,,,,,,
2024-03-17 20:00:00,,,,,,
2024-03-17 21:00:00,,,,,,
2024-03-17 22:00:00,,,,,,
2024-03-17 23:00:00,,,,,,
2024-03-18 00:00:00,,,,,,
2024-03-18 01:00:00,,,,,,
2024-03-18 02:00:00,,,,,,
2024-03-18 03:00:00,,,,,,
2024-03-18 04:00:00,,,,,,
2024-03-18 05:00:00,,,,,,
2024-03-18 06:00:00,,,,,,
2024-03-18 07:00:00,,,,,,
2024-03-18 08:00:00,,,,,,
2024-03-18 09:00:00,,,,,,
2024-03-18 10:00:00,,,,,,
2024-03-18 11:00:00,,,,,,
2024-03-18 12:00:00,,,,,,
2024-03-18 13:00:00,,,,,,
2024-03-18 14:00:00,,,,,,
2024-03-18 15:00:00,,,,,,
2024-03-18 16:00:00,,,,,,
2024-03-18 17:00:00,,,,,,
2024-03-18 18:00:00,,,,,,
2024-03-18 19:00:00,,,,,,
2024-03-18 20:00:00,,,,,,
2024-03-18 21:00:00,,,,,,
2024-03-18 22:00:00,,,,,,
2024-03-18 23:00:00,,,,,,
2024-03-19 00:00:00,,,,,,
2024-03-19 01:00:00,,,,,,
2024-03-19 02:00:00,,,,,,
2024-03-19 03:00:00,,,,,,
2024-03-19 04:00:00,,,,,,
2024-03-19 05:00:00,,,,,,
2024-03-19 06:00:00,,,,,,
2024-03-19 07:00:00,,,,,,
2024-03-19 08:00:00,,,,,,
2024-03-19 09:00:00,,,,,,
2024-03-19 10:00:00,,,,,,
2024-03-19 11:00:00,,,,,,
2024-03-19 12:00:00,,,,,,
2024-03-19 13:00:00,,,,,,
2024-03-19 14:00:00,,,,,,
2024-03-19 15:00:00,,,,,,
2024-03-19 16:00:00,,,,,,
2024-03-19 17:00:00,,,,,,
2024-03-19 18:00:00,,,,,,
2024-03-19 19:00:00,,,,,,
2024-03-19 20:00:00,,,,,,
2024-03-19 21:00:00,,,,,,
2024-03-19 22:00:00,,,,,,
2024-03-19 23:00:00,,,,,,
2024-03-20 00:00:00,,,,,,
2024-03-20 01:00:00,,,,,,
2024-03-20 02:00:00,,,,,,
2024-03-20 03:00:00,,,,,,
2024-03-20 04:00:00,,,,,,
2024-03-20 05:00:00,,,,,,
2024-03-20 06:00:00,,,,,,
2024-03-20 07:00:00,,,,,,
2024-03-20 08:00:00,,,,,,
2024-03-20 09:00:00,,,,,,
2024-03-20 10:00:00,,,,,,
2024-03-20 11:00:00,,,,,,
2024-03-20 12:00:00,,,,,,
2024-03-20 13:00:00,,,,,,
2024-03-20 14:00:00,,,,,,
2024-03-20 15:00:00,,,,,,
2024-03-20 16:00:00,,,,,,
2024-03-20 17:00:00,,,,,,
2024-03-20 18:00:00,,,,,,
2024-03-20 19:00:00,,,,,,
2024-03-20 20:00:00,,,,,,
2024-03-20 21:00:00,,,,,,
2024-03-20 22:00:00,,,,,,
2024-03-20 23:00:00,,,,,,
2024-03-21 00:00:00,,,,,,
2024-03-21 01:00:00,,,,,,
2024-03-21 02:00:00,,,,,,
2024-03-21 03:00:00,,,,,,
2024-03-21 04:00:00,,,,,,
2024-03-21 05:00:00,,,,,,
2024-03-21 06:00:00,,,,,,
2024-03-21 07:00:00,,,,,,
2024-03-21 08:00:00,,,,,,
2024-03-21 09:00:00,,,,,,
2024-03-21 10:00:00,,,,,,
2024-03-21 11:00:00,,,,,,
2024-03-21 12:00:00,,,,,,
2024-03-21 13:00:00,,,,,,
2024-03-21 14:00:00,,,,,,
2024-03-21 15:00:00,,,,,,
2024-03-21 16:00:00,,,,,,
2024-03-21 17:00:00,,,,,,
2024-03-21 18:00:00,,,,,,
2024-03-21 19:00:00,,,,,,
2024-03-21 20:00:00,,,,,,
2024-03-21 21:00:00,,,,,,
2024-03-21 22:00:00,,,,,,
2024-03-21 23:00:00,,,,,,
2024-03-22 00:00:00,,,,,,
2024-03-22 01:00:00,,,,,,
2024-03-22 02:00:00,,,,,,
2024-03-22 03:00:00,,,,,,
2024-03-22 04:00:00,,,,,,
2024-03-22 05:00:00,,,,,,
2024-03-22 06:00:00,,,,,,
2024-03-22 07:00:00,,,,,,
2024-03-22 08:00:00,,,,,,
2024-03-22 09:00:00,,,,,,
2024-03-22 10:00:00,,,,,,
2024-03-22 11:00:00,,,,,,
2024-03-22 12:00:00,,,,,,
2024-03-22 13:00:00,,,,,,
2024-03-22 14:00:00,,,,,,
2024-03-22 15:00:00,,,,,,
2024-03-22 16:00:00,,,,,,
2024-03-22 17:00:00,,,,,,
2024-03-22 18:00:00,,,,,,
2024-03-22 19:00:00,,,,,,
2024-03-22 20:00:00,,,,,,
2024-03-22 21:00:00,,,,,,
2024-03-22 22:00:00,,,,,,
2024-03-22 23:00:00,,,,,,
2024-03-23 00:00:00,,,,,,
2024-03-23 01:00:00,,,,,,
2024-03-23 02:00:00,,,,,,
2024-03-23 03:00:00,,,,,,
2024-03-23 04:00:00,,,,,,
2024-03-23 05:00:00,,,,,,
2024-03-23 06:00:00,,,,,,
2024-03-23 07:00:00,,,,,,
2024-03-23 08:00:00,,,,,,
2024-03-23 09:00:00,,,,,,
2024-03-23 10:00:00,,,,,,
2024-03-23 11:00:00,,,,,,
2024-03-23 12:00:00,,,,,,
2024-03-23 13:00:00,,,,,,
2024-03-23 14:00:00,,,,,,
2024-03-23 15:00:00,,,,,,
2024-03-23 16:00:00,,,,,,
2024-03-23 17:00:00,,,,,,
2024-03-23 18:00:00,,,,,,
2024-03-23 19:00:00,,,,,,
2024-03-23 20:00:00,,,,,,
2024-03-23 21:00:00,,,,,,
2024-03-23 22:00:00,,,,,,
2024-03-23 23:00:00,,,,,,
2024-03-24 00:00:00,,,,,,
2024-03-24 01:00:00,,,,,,
2024-03-24 02:00:00,,,,,,
2024-03-24 03:00:00,,,,,,
2024-03-24 04:00:00,,,,,,
2024-03-24 05:00:00,,,,,,
2024-03-24 06:00:00,,,,,,
2024-03-24 07:00:00,,,,,,
2024-03-24 08:00:00,,,,,,
2024-03-24 09:00:00,,,,,,
2024-03-24 10:00:00,,,,,,
2024-03-24 11:00:00,,,,,,
2024-03-24 12:00:00,,,,,,
2024-03-24 13:00:00,,,,,,
2024-03-24 14:00:00,,,,,,
2024-03-24 15:00:00,,,,,,
2024-03-24 16:00:00,,,,,,
2024-03-24 17:00:00,,,,,,
2024-03-24 18:00:00,,,,,,
2024-03-24 19:00:00,,,,,,
2024-03-24 20:00:00,,,,,,
2024-03-24 21:00:00,,,,,,
2024-03-24 22:00:00,,,,,,
2024-03-24 23:00:00,,,,,,
2024-03-25 00:00:00,,,,,,
2024-03-25 01:00:00,,,,,,
2024-03-25 02:00:00,,,,,,
2024-03-25 03:00:00,,,,,,
2024-03-25 04:00:00,,,,,,
2024-03-25 05:00:00,,,,,,
2024-03-25 06:00:00,,,,,,
2024-03-25 07:00:00,,,,,,
2024-03-25 08:00:00,,,,,,
2024-03-25 09:00:00,,,,,,
2024-03-25 10:00:00,,,,,,
2024-03-25 11:00:00,,,,,,
2024-03-25 12:00:00,,,,,,
2024-03-25 13:00:00,,,,,,
2024-03-25 14:00:00,,,,,,
2024-03-25 15:00:00,,,,,,
2024-03-25 16:00:00,,,,,,
2024-03-25 17:00:00,,,,,,
2024-03-25 18:00:00,,,,,,
2024-03-25 19:00:00,,,,,,
2024-03-25 20:00:00,,,,,,
2024-03-25 21:00:00,,,,,,
2024-03-25 22:00:00,,,,,,
2024-03-25 23:00:00,,,,,,
2024-03-26 00:00:00,,,,,,
2024-03-26 01:00:00,,,,,,
2024-03-26 02:00:00,,,,,,
2024-03-26 03:00:00,,,,,,
2024-03-26 04:00:00,,,,,,
2024-03-26 05:00:00,,,,,,
2024-03-26 06:00:00,,,,,,
2024-03-26 07:00:00,,,,,,
2024-03-26 08:00:00,,,,,,
2024-03-26 09:00:00,,,,,,
2024-03-26 10:00:00,,,,,,
2024-03-26 11:00:00,,,,,,
2024-03-26 12:00:00,,,,,,
2024-03-26 13:00:00,,,,,,
2024-03-26 14:00:00,,,,,,
2024-03-26 15:00:00,,,,,,
2024-03-26 16:00:00,,,,,,
2024-03-26 17:00:00,,,,,,
2024-03-26 18:00:00,,,,,,
2024-03-26 19:00:00,,,,,,
2024-03-26 20:00:00,,,,,,
2024-03-26 21:00:00,,,,,,
2024-03-26 22:00:00,,,,,,
2024-03-26 23:00:00,,,,,,
2024-03-27 00:00:00,,,,,,
2024-03-27 01:00:00,,,,,,
2024-03-27 02:00:00,,,,,,
2024-03-27 03:00:00,,,,,,
2024-03-27 04:00:00,,,,,,
2024-03-27 05:00:00,,,,,,
2024-03-27 06:00:00,,,,,,
2024-03-27 07:00:00,,,,,,
2024-03-27 08:00:00,,,,,,
2024-03-27 09:00:00,,,,,,
2024-03-27 10:00:00,,,,,,
2024-03-27 11:00:00,,,,,,
2024-03-27 12:00:00,,,,,,
2024-03-27 13:00:00,,,,,,
2024-03-27 14:00:00,,,,,,
2024-03-27 15:00:00,,,,,,
2024-03-27 16:00:00,,,,,,
2024-03-27 17:00:00,,,,,,
2024-03-27 18:00:00,,,,,,
2024-03-27 19:00:00,,,,,,
2024-03-27 20:00:00,,,,,,
2024-03-27 21:00:00,,,,,,
2024-03-27 22:00:00,,,,,,
2024-03-27 23:00:00,,,,,,
2024-03-28 00:00:00,,,,,,
2024-03-28 01:00:00,,,,,,
2024-03-28 02:00:00,,,,,,
2024-03-28 03:00:00,,,,,,
2024-03-28 04:00:00,,,,,,
2024-03-28 05:00:00,,,,,,
2024-03-28 06:00:00,,,,,,
2024-03-28 07:00:00,,,,,,
2024-03-28 08:00:00,,,,,,
2024-03-28 09:00:00,,,,,,
2024-03-28 10:00:00,,,,,,
2024-03-28 11:00:00,,,,,,
2024-03-28 12:00:00,,,,,,
2024-03-28 13:00:00,,,,,,
2024-03-28 14:00:00,,,,,,
2024-03-28 15:00:00,,,,,,
2024-03-28 16:00:00,,,,,,
2024-03-28 17:00:00,,,,,,
2024-03-28 18:00:00,,,,,,
2024-03-28 19:00:00,,,,,,
2024-03-28 20:00:00,,,,,,
2024-03-28 21:00:00,,,,,,
2024-03-28 22:00:00,,,,,,
2024-03-28 23:00:00,,,,,,
2024-03-29 00:00:00,,,,,,
2024-03-29 01:00:00,,,,,,
2024-03-29 02:00:00,,,,,,
2024-03-29 03:00:00,,,,,,
2024-03-29 04:00:00,,,,,,
2024-03-29 05:00:00,,,,,,
2024-03-29 06:00:00,,,,,,
2024-03-29 07:00:00,,,,,,
2024-03-29 08:00:00,,,,,,
2024-03-29 09:00:00,,,,,,
2024-03-29 10:00:00,,,,,,
2024-03-29 11:00:00,,,,,,
2024-03-29 12:00:00,,,,,,
2024-03-29 13:00:00,,,,,,
2024-03-29 14:00:00,,,,,,
2024-03-29 15:00:00,,,,,,
2024-03-29 16:00:00,,,,,,
2024-03-29 17:00:00,,,,,,
2024-03-29 18:00:00,,,,,,
2024-03-29 19:00:00,,,,,,
2024-03-29 20:00:00,,,,,,
2024-03-29 21:00:00,,,,,,
2024-03-29 22:00:00,,,,,,
2024-03-29 23:00:00,,,,,,
2024-03-30 00:00:00,,,,,,
2024-03-30 01:00:00,,,,,,
2024-03-30 02:00:00,,,,,,
2024-03-30 03:00:00,,,,,,
2024-03-30 04:00:00,,,,,,
2024-03-30 05:00:00,,,,,,
2024-03-30 06:00:00,,,,,,
2024-03-30 07:00:00,,,,,,
2024-03-30 08:00:00,,,,,,
2024-03-30 09:00:00,,,,,,
2024-03-30 10:00:00,,,,,,
2024-03-30 11:00:00,,,,,,
2024-03-30 12:00:00,,,,,,
2024-03-30 13:00:00,,,,,,
2024-03-30 14:00:00,,,,,,
2024-03-30 15:00:00,,,,,,
2024-03-30 16:00:00,,,,,,
2024-03-30 17:00:00,,,,,,
2024-03-30 18:00:00,,,,,,
2024-03-30 19:00:00,,,,,,
2024-03-30 20:00:00,,,,,,
2024-03-30 21:00:00,,,,,,
2024-03-30 22:00:00,,,,,,
2024-03-30 23:00:00,,,,,,
2024-03-31 00:00:00,,,,,,
2024-03-31 01:00:00,,,,,,
2024-03-31 02:00:00,,,,,,
2024-03-31 03:00:00,,,,,,
2024-03-31 04:00:00,,,,,,
2024-03-31 05:00:00,,,,,,
2024-03-31 06:00:00,,,,,,
2024-03-31 07:00:00,,,,,,
2024-03-31 08:00:00,,,,,,
2024-03-31 09:00:00,,,,,,
2024-03-31 10:00:00,,,,,,
2024-03-31 11:00:00,,,,,,
2024-03-31 12:00:00,,,,,,
2024-03-31 13:00:00,,,,,,
2024-03-31 14:00:00,,,,,,
2024-03-31 15:00:00,,,,,,
2024-03-31 16:00:00,,,,,,
2024-03-31 17:00:00,,,,,,
2024-03-31 18:00:00,,,,,,
2024-03-31 19:00:00,,,,,,
2024-03-31 20:00:00,,,,,,
2024-03-31 21:00:00,,,,,,
2024-03-31 22:00:00,,,,,,
2024-03-31 23:00:00,,,,,,
2024-04-01 00:00:00,,,,,,
2024-04-01 01:00:00,,,,,,
2024-04-01 02:00:00,,,,,,
2024-04-01 03:00:00,,,,,,
2024-04-01 04:00:00,,,,,,
2024-04-01 05:00:00,,,,,,
2024-04-01 06:00:00,,,,,,
2024-04-01 07:00:00,,,,,,
2024-04-01 08:00:00,,,,,,
2024-04-01 09:00:00,,,,,,
2024-04-01 10:00:00,,,,,,
2024-04-01 11:00:00,,,,,,
2024-04-01 12:00:00,,,,,,
2024-04-01 13:00:00,,,,,,
2024-04-01 14:00:00,,,,,,
2024-04-01 15:00:00,,,,,,
2024-04-01 16:00:00,,,,,,
2024-04-01 17:00:00,,,,,,
2024-04-01 18:00:00,,,,,,
2024-04-01 19:00:00,,,,,,
2024-04-01 20:00:00,,,,,,
2024-04-01 21:00:00,,,,,,
2024-04-01 22:00:00,,,,,,
2024-04-01 23:00:00,,,,,,
2024-04-02 00:00:00,,,,,,
2024-04-02 01:00:00,,,,,,
2024-04-02 02:00:00,,,,,,
2024-04-02 03:00:00,,,,,,
2024-04-02 04:00:00,,,,,,
2024-04-02 05:00:00,,,,,,
2024-04-02 06:00:00,,,,,,
2024-04-02 07:00:00,,,,,,
2024-04-02 08:00:00,,,,,,
2024-04-02 09:00:00,,,,,,
2024-04-02 10:00:00,,,,,,
2024-04-02 11:00:00,,,,,,
2024-04-02 12:00:00,,,,,,
2024-04-02 13:00:00,,,,,,
2024-04-02 14:00:00,,,,,,
2024-04-02 15:00:00,,,,,,
2024-04-02 16:00:00,,,,,,
2024-04-02 17:00:00,,,,,,
2024-04-02 18:00:00,,,,,,
2024-04-02 19:00:00,,,,,,
2024-04-02 20:00:00,,,,,,
2024-04-02 21:00:00,,,,,,
2024-04-02 22:00:00,,,,,,
2024-04-02 23:00:00,,,,,,
2024-04-03 00:00:00,,,,,,
2024-04-03 01:00:00,,,,,,
2024-04-03 02:00:00,,,,,,
2024-04-03 03:00:00,,,,,,
2024-04-03 04:00:00,,,,,,
2024-04-03 05:00:00,,,,,,
2024-04-03 06:00:00,,,,,,
2024-04-03 07:00:00,,,,,,
2024-04-03 08:00:00,,,,,,
2024-04-03 09:00:00,,,,,,
2024-04-03 10:00:00,,,,,,
2024-04-03 11:00:00,,,,,,
2024-04-03 12:00:00,,,,,,
2024-04-03 13:00:00,,,,,,
2024-04-03 14:00:00,,,,,,
2024-04-03 15:00:00,,,,,,
2024-04-03 16:00:00,,,,,,
2024-04-03 17:00:00,,,,,,
2024-04-03 18:00:00,,,,,,
2024-04-03 19:00:00,,,,,,
2024-04-03 20:00:00,,,,,,
2024-04-03 21:00:00,,,,,,
2024-04-03 22:00:00,,,,,,
2024-04-03 23:00:00,,,,,,
2024-04-04 00:00:00,,,,,,
2024-04-04 01:00:00,,,,,,
2024-04-04 02:00:00,,,,,,
2024-04-04 03:00:00,,,,,,
2024-04-04 04:00:00,,,,,,
2024-04-04 05:00:00,,,,,,
2024-04-04 06:00:00,,,,,,
2024-04-04 07:00:00,,,,,,
2024-04-04 08:00:00,,,,,,
2024-04-04 09:00:00,,,,,,
2024-04-04 10:00:00,,,,,,
2024-04-04 11:00:00,,,,,,
2024-04-04 12:00:00,,,,,,
2024-04-04 13:00:00,,,,,,
2024-04-04 14:00:00,,,,,,
2024-04-04 15:00:00,,,,,,
2024-04-04 16:00:00,,,,,,
2024-04-04 17:00:00,,,,,,
2024-04-04 18:00:00,,,,,,
2024-04-04 19:00:00,,,,,,
2024-04-04 20:00:00,,,,,,
2024-04-04 21:00:00,,,,,,
2024-04-04 22:00:00,,,,,,
2024-04-04 23:00:00,,,,,,
2024-04-05 00:00:00,,,,,,
2024-04-05 01:00:00,,,,,,
2024-04-05 02:00:00,,,,,,
2024-04-05 03:00:00,,,,,,
2024-04-05 04:00:00,,,,,,
2024-04-05 05:00:00,,,,,,
2024-04-05 06:00:00,,,,,,
2024-04-05 07:00:00,,,,,,
2024-04-05 08:00:00,,,,,,
2024-04-05 09:00:00,,,,,,
2024-04-05 10:00:00,,,,,,
2024-04-05 11:00:00,,,,,,
2024-04-05 12:00:00,,,,,,
2024-04-05 13:00:00,,,,,,
2024-04-05 14:00:00,,,,,,
2024-04-05 15:00:00,,,,,,
2024-04-05 16:00:00,,,,,,
2024-04-05 17:00:00,,,,,,
2024-04-05 18:00:00,,,,,,
2024-04-05 19:00:00,,,,,,
2024-04-05 20:00:00,,,,,,
2024-04-05 21:00:00,,,,,,
2024-04-05 22:00:00,,,,,,
2024-04-05 23:00:00,,,,,,
2024-04-06 00:00:00,,,,,,
2024-04-06 01:00:00,,,,,,
2024-04-06 02:00:00,,,,,,
2024-04-06 03:00:00,,,,,,
2024-04-06 04:00:00,,,,,,
2024-04-06 05:00:00,,,,,,
2024-04-06 06:00:00,,,,,,
2024-04-06 07:00:00,,,,,,
2024-04-06 08:00:00,,,,,,
2024-04-06 09:00:00,,,,,,
2024-04-06 10:00:00,,,,,,
2024-04-06 11:00:00,,,,,,
2024-04-06 12:00:00,,,,,,
2024-04-06 13:00:00,,,,,,
2024-04-06 14:00:00,,,,,,
2024-04-06 15:00:00,,,,,,
2024-04-06 16:00:00,,,,,,
2024-04-06 17:00:00,,,,,,
2024-04-06 18:00:00,,,,,,
2024-04-06 19:00:00,,,,,,
2024-04-06 20:00:00,,,,,,
2024-04-06 21:00:00,,,,,,
2024-04-06 22:00:00,,,,,,
2024-04-06 23:00:00,,,,,,
2024-04-07 00:00:00,,,,,,
2024-04-07 01:00:00,,,,,,
2024-04-07 02:00:00,,,,,,
2024-04-07 03:00:00,,,,,,
2024-04-07 04:00:00,,,,,,
2024-04-07 05:00:00,,,,,,
2024-04-07 06:00:00,,,,,,
2024-04-07 07:00:00,,,,,,
2024-04-07 08:00:00,,,,,,
2024-04-07 09:00:00,,,,,,
2024-04-07 10:00:00,,,,,,
2024-04-07 11:00:00,,,,,,
2024-04-07 12:00:00,,,,,,
2024-04-07 13:00:00,,,,,,
2024-04-07 14:00:00,,,,,,
2024-04-07 15:00:00,,,,,,
2024-04-07 16:00:00,,,,,,
2024-04-07 17:00:00,,,,,,
2024-04-07 18:00:00,,,,,,
2024-04-07 19:00:00,,,,,,
2024-04-07 20:00:00,,,,,,
2024-04-07 21:00:00,,,,,,
2024-04-07 22:00:00,,,,,,
2024-04-07 23:00:00,,,,,,
2024-04-08 00:00:00,,,,,,
2024-04-08 01:00:00,,,,,,
2024-04-08 02:00:00,,,,,,
2024-04-08 03:00:00,,,,,,
2024-04-08 04:00:00,,,,,,
2024-04-08 05:00:00,,,,,,
2024-04-08 06:00:00,,,,,,
2024-04-08 07:00:00,,,,,,
2024-04-08 08:00:00,,,,,,
2024-04-08 09:00:00,,,,,,
2024-04-08 10:00:00,,,,,,
2024-04-08 11:00:00,,,,,,
2024-04-08 12:00:00,,,,,,
2024-04-08 13:00:00,,,,,,
2024-04-08 14:00:00,,,,,,
2024-04-08 15:00:00,,,,,,
2024-04-08 16:00:00,,,,,,
2024-04-08 17:00:00,,,,,,
2024-04-08 18:00:00,,,,,,
2024-04-08 19:00:00,,,,,,
2024-04-08 20:00:00,,,,,,
2024-04-08 21:00:00,,,,,,
2024-04-08 22:00:00,,,,,,
2024-04-08 23:00:00,,,,,,
2024-04-09 00:00:00,,,,,,
2024-04-09 01:00:00,,,,,,
2024-04-09 02:00:00,,,,,,
2024-04-09 03:00:00,,,,,,
2024-04-09 04:00:00,,,,,,
2024-04-09 05:00:00,,,,,,
2024-04-09 06:00:00,,,,,,
2024-04-09 07:00:00,,,,,,
2024-04-09 08:00:00,,,,,,
2024-04-09 09:00:00,,,,,,
2024-04-09 10:00:00,,,,,,
2024-04-09 11:00:00,,,,,,
2024-04-09 12:00:00,,,,,,
2024-04-09 13:00:00,,,,,,
2024-04-09 14:00:00,,,,,,
2024-04-09 15:00:00,,,,,,
2024-04-09 16:00:00,,,,,,
2024-04-09 17:00:00,,,,,,
2024-04-09 18:00:00,,,,,,
2024-04-09 19:00:00,,,,,,
2024-04-09 20:00:00,,,,,,
2024-04-09 21:00:00,,,,,,
2024-04-09 22:00:00,,,,,,
2024-04-09 23:00:00,,,,,,
2024-04-10 00:00:00,,,,,,
2024-04-10 01:00:00,,,,,,
2024-04-10 02:00:00,,,,,,
2024-04-10 03:00:00,,,,,,
2024-04-10 04:00:00,,,,,,
2024-04-10 05:00:00,,,,,,
2024-04-10 06:00:00,,,,,,
2024-04-10 07:00:00,,,,,,
2024-04-10 08:00:00,,,,,,
2024-04-10 09:00:00,,,,,,
2024-04-10 10:00:00,,,,,,
2024-04-10 11:00:00,,,,,,
2024-04-10 12:00:00,,,,,,
2024-04-10 13:00:00,,,,,,
2024-04-10 14:00:00,,,,,,
2024-04-10 15:00:00,,,,,,
2024-04-10 16:00:00,,,,,,
2024-04-10 17:00:00,,,,,,
2024-04-10 18:00:00,,,,,,
2024-04-10 19:00:00,,,,,,
2024-04-10 20:00:00,,,,,,
2024-04-10 21:00:00,,,,,,
2024-04-10 22:00:00,,,,,,
2024-04-10 23:00:00,,,,,,
2024-04-11 00:00:00,,,,,,
2024-04-11 01:00:00,,,,,,
2024-04-11 02:00:00,,,,,,
2024-04-11 03:00:00,,,,,,
2024-04-11 04:00:00,,,,,,
2024-04-11 05:00:00,,,,,,
2024-04-11 06:00:00,,,,,,
2024-04-11 07:00:00,,,,,,
2024-04-11 08:00:00,,,,,,
2024-04-11 09:00:00,,,,,,
2024-04-11 10:00:00,,,,,,
2024-04-11 11:00:00,,,,,,
2024-04-11 12:00:00,,,,,,
2024-04-11 13:00:00,,,,,,
2024-04-11 14:00:00,,,,,,
2024-04-11 15:00:00,,,,,,
2024-04-11 16:00:00,,,,,,
2024-04-11 17:00:00,,,,,,
2024-04-11 18:00:00,,,,,,
2024-04-11 19:00:00,,,,,,
2024-04-11 20:00:00,,,,,,
2024-04-11 21:00:00,,,,,,
2024-04-11 22:00:00,,,,,,
2024-04-11 23:00:00,,,,,,
2024-04-12 00:00:00,,,,,,
2024-04-12 01:00:00,,,,,,
2024-04-12 02:00:00,,,,,,
2024-04-12 03:00:00,,,,,,
2024-04-12 04:00:00,,,,,,
2024-04-12 05:00:00,,,,,,
2024-04-12 06:00:00,,,,,,
2024-04-12 07:00:00,,,,,,
2024-04-12 08:00:00,,,,,,
2024-04-12 09:00:00,,,,,,
2024-04-12 10:00:00,,,,,,
2024-04-12 11:00:00,,,,,,
2024-04-12 12:00:00,,,,,,
2024-04-12 13:00:00,,,,,,
2024-04-12 14:00:00,,,,,,
2024-04-12 15:00:00,,,,,,
2024-04-12 16:00:00,,,,,,
2024-04-12 17:00:00,,,,,,
2024-04-12 18:00:00,,,,,,
2024-04-12 19:00:00,,,,,,
2024-04-12 20:00:00,,,,,,
2024-04-12 21:00:00,,,,,,
2024-04-12 22:00:00,,,,,,
2024-04-12 23:00:00,,,,,,
2024-04-13 00:00:00,,,,,,
2024-04-13 01:00:00,,,,,,
2024-04-13 02:00:00,,,,,,
2024-04-13 03:00:00,,,,,,
2024-04-13 04:00:00,,,,,,
2024-04-13 05:00:00,,,,,,
2024-04-13 06:00:00,,,,,,
2024-04-13 07:00:00,,,,,,
2024-04-13 08:00:00,,,,,,
2024-04-13 09:00:00,,,,,,
2024-04-13 10:00:00,,,,,,
2024-04-13 11:00:00,,,,,,
2024-04-13 12:00:00,,,,,,
2024-04-13 13:00:00,,,,,,
2024-04-13 14:00:00,,,,,,
2024-04-13 15:00:00,,,,,,
2024-04-13 16:00:00,,,,,,
2024-04-13 17:00:00,,,,,,
2024-04-13 18:00:00,,,,,,
2024-04-13 19:00:00,,,,,,
2024-04-13 20:00:00,,,,,,
2024-04-13 21:00:00,,,,,,
2024-04-13 22:00:00,,,,,,
2024-04-13 23:00:00,,,,,,
2024-04-14 00:00:00,,,,,,
2024-04-14 01:00:00,,,,,,
2024-04-14 02:00:00,,,,,,
2024-04-14 03:00:00,,,,,,
2024-04-14 04:00:00,,,,,,
2024-04-14 05:00:00,,,,,,
2024-04-14 06:00:00,,,,,,
2024-04-14 07:00:00,,,,,,
2024-04-14 08:00:00,,,,,,
2024-04-14 09:00:00,,,,,,
2024-04-14 10:00:00,,,,,,
2024-04-14 11:00:00,,,,,,
2024-04-14 12:00:00,,,,,,
2024-04-14 13:00:00,,,,,,
2024-04-14 14:00:00,,,,,,
2024-04-14 15:00:00,,,,,,
2024-04-14 16:00:00,,,,,,
2024-04-14 17:00:00,,,,,,
2024-04-14 18:00:00,,,,,,
2024-04-14 19:00:00,,,,,,
2024-04-14 20:00:00,,,,,,
2024-04-14 21:00:00,,,,,,
2024-04-14 22:00:00,,,,,,
2024-04-14 23:00:00,,,,,,
2024-04-15 00:00:00,,,,,,
2024-04-15 01:00:00,,,,,,
2024-04-15 02:00:00,,,,,,
2024-04-15 03:00:00,,,,,,
2024-04-15 04:00:00,,,,,,
2024-04-15 05:00:00,,,,,,
2024-04-15 06:00:00,,,,,,
2024-04-15 07:00:00,,,,,,
2024-04-15 08:00:00,,,,,,
2024-04-15 09:00:00,,,,,,
2024-04-15 10:00:00,,,,,,
2024-04-15 11:00:00,,,,,,
2024-04-15 12:00:00,,,,,,
2024-04-15 13:00:00,,,,,,
2024-04-15 14:00:00,,,,,,
2024-04-15 15:00:00,,,,,,
2024-04-15 16:00:00,,,,,,
2024-04-15 17:00:00,,,,,,
2024-04-15 18:00:00,,,,,,
2024-04-15 19:00:00,,,,,,
2024-04-15 20:00:00,,,,,,
2024-04-15 21:00:00,,,,,,
2024-04-15 22:00:00,,,,,,
2024-04-15 23:00:00,,,,,,
2024-04-16 00:00:00,,,,,,
2024-04-16 01:00:00,,,,,,
2024-04-16 02:00:00,,,,,,
2024-04-16 03:00:00,,,,,,
2024-04-16 04:00:00,,,,,,
2024-04-16 05:00:00,,,,,,
2024-04-16 06:00:00,,,,,,
2024-04-16 07:00:00,,,,,,
2024-04-16 08:00:00,,,,,,
2024-04-16 09:00:00,,,,,,
2024-04-16 10:00:00,,,,,,
2024-04-16 11:00:00,,,,,,
2024-04-16 12:00:00,,,,,,
2024-04-16 13:00:00,,,,,,
2024-04-16 14:00:00,,,,,,
2024-04-16 15:00:00,,,,,,
2024-04-16 16:00:00,,,,,,
2024-04-16 17:00:00,,,,,,
2024-04-16 18:00:00,,,,,,
2024-04-16 19:00:00,,,,,,
2024-04-16 20:00:00,,,,,,
2024-04-16 21:00:00,,,,,,
2024-04-16 22:00:00,,,,,,
2024-04-16 23:00:00,,,,,,
2024-04-17 00:00:00,,,,,,
2024-04-17 01:00:00,,,,,,
2024-04-17 02:00:00,,,,,,
2024-04-17 03:00:00,,,,,,
2024-04-17 04:00:00,,,,,,
2024-04-17 05:00:00,,,,,,
2024-04-17 06:00:00,,,,,,
2024-04-17 07:00:00,,,,,,
2024-04-17 08:00:00,,,,,,
2024-04-17 09:00:00,,,,,,
2024-04-17 10:00:00,,,,,,
2024-04-17 11:00:00,,,,,,
2024-04-17 12:00:00,,,,,,
2024-04-17 13:00:00,,,,,,
2024-04-17 14:00:00,,,,,,
2024-04-17 15:00:00,,,,,,
2024-04-17 16:00:00,,,,,,
2024-04-17 17:00:00,,,,,,
2024-04-17 18:00:00,,,,,,
2024-04-17 19:00:00,,,,,,
2024-04-17 20:00:00,,,,,,
2024-04-17 21:00:00,,,,,,
2024-04-17 22:00:00,,,,,,
2024-04-17 23:00:00,,,,,,
2024-04-18 00:00:00,,,,,,
2024-04-18 01:00:00,,,,,,
2024-04-18 02:00:00,,,,,,
2024-04-18 03:00:00,,,,,,
2024-04-18 04:00:00,,,,,,
2024-04-18 05:00:00,,,,,,
2024-04-18 06:00:00,,,,,,
2024-04-18 07:00:00,,,,,,
2024-04-18 08:00:00,,,,,,
2024-04-18 09:00:00,,,,,,
2024-04-18 10:00:00,,,,,,
2024-04-18 11:00:00,,,,,,
2024-04-18 12:00:00,,,,,,
2024-04-18 13:00:00,,,,,,
2024-04-18 14:00:00,,,,,,
2024-04-18 15:00:00,,,,,,
2024-04-18 16:00:00,,,,,,
2024-04-18 17:00:00,,,,,,
2024-04-18 18:00:00,,,,,,
2024-04-18 19:00:00,,,,,,
2024-04-18 20:00:00,,,,,,
2024-04-18 21:00:00,,,,,,
2024-04-18 22:00:00,,,,,,
2024-04-18 23:00:00,,,,,,
2024-04-19 00:00:00,,,,,,
2024-04-19 01:00:00,,,,,,
2024-04-19 02:00:00,,,,,,
2024-04-19 03:00:00,,,,,,
2024-04-19 04:00:00,,,,,,
2024-04-19 05:00:00,,,,,,
2024-04-19 06:00:00,,,,,,
2024-04-19 07:00:00,,,,,,
2024-04-19 08:00:00,,,,,,
2024-04-19 09:00:00,,,,,,
2024-04-19 10:00:00,,,,,,
2024-04-19 11:00:00,,,,,,
2024-04-19 12:00:00,,,,,,
2024-04-19 13:00:00,,,,,,
2024-04-19 14:00:00,,,,,,
2024-04-19 15:00:00,,,,,,
2024-04-19 16:00:00,,,,,,
2024-04-19 17:00:00,,,,,,
2024-04-19 18:00:00,,,,,,
2024-04-19 19:00:00,,,,,,
2024-04-19 20:00:00,,,,,,
2024-04-19 21:00:00,,,,,,
2024-04-19 22:00:00,,,,,,
2024-04-19 23:00:00,,,,,,
2024-04-20 00:00:00,,,,,,
2024-04-20 01:00:00,,,,,,
2024-04-20 02:00:00,,,,,,
2024-04-20 03:00:00,,,,,,
2024-04-20 04:00:00,,,,,,
2024-04-20 05:00:00,,,,,,
2024-04-20 06:00:00,,,,,,
2024-04-20 07:00:00,,,,,,
2024-04-20 08:00:00,,,,,,
2024-04-20 09:00:00,,,,,,
2024-04-20 10:00:00,,,,,,
2024-04-20 11:00:00,,,,,,
2024-04-20 12:00:00,,,,,,
2024-04-20 13:00:00,,,,,,
2024-04-20 14:00:00,,,,,,
2024-04-20 15:00:00,,,,,,
2024-04-20 16:00:00,,,,,,
2024-04-20 17:00:00,,,,,,
2024-04-20 18:00:00,,,,,,
2024-04-20 19:00:00,,,,,,
2024-04-20 20:00:00,,,,,,
2024-04-20 21:00:00,,,,,,
2024-04-20 22:00:00,,,,,,
2024-04-20 23:00:00,,,,,,
2024-04-21 00:00:00,,,,,,
2024-04-21 01:00:00,,,,,,
2024-04-21 02:00:00,,,,,,
2024-04-21 03:00:00,,,,,,
2024-04-21 04:00:00,,,,,,
2024-04-21 05:00:00,,,,,,
2024-04-21 06:00:00,,,,,,
2024-04-21 07:00:00,,,,,,
2024-04-21 08:00:00,,,,,,
2024-04-21 09:00:00,,,,,,
2024-04-21 10:00:00,,,,,,
2024-04-21 11:00:00,,,,,,
2024-04-21 12:00:00,,,,,,
2024-04-21 13:00:00,,,,,,
2024-04-21 14:00:00,,,,,,
2024-04-21 15:00:00,,,,,,
2024-04-21 16:00:00,,,,,,
2024-04-21 17:00:00,,,,,,
2024-04-21 18:00:00,,,,,,
2024-04-21 19:00:00,,,,,,
2024-04-21 20:00:00,,,,,,
2024-04-21 21:00:00,,,,,,
2024-04-21 22:00:00,,,,,,
2024-04-21 23:00:00,,,,,,
2024-04-22 00:00:00,,,,,,
2024-04-22 01:00:00,,,,,,
2024-04-22 02:00:00,,,,,,
2024-04-22 03:00:00,,,,,,
2024-04-22 04:00:00,,,,,,
2024-04-22 05:00:00,,,,,,
2024-04-22 06:00:00,,,,,,
2024-04-22 07:00:00,,,,,,
2024-04-22 08:00:00,,,,,,
2024-04-22 09:00:00,,,,,,
2024-04-22 10:00:00,,,,,,
2024-04-22 11:00:00,,,,,,
2024-04-22 12:00:00,,,,,,
2024-04-22 13:00:00,,,,,,
2024-04-22 14:00:00,,,,,,
2024-04-22 15:00:00,,,,,,
2024-04-22 16:00:00,,,,,,
2024-04-22 17:00:00,,,,,,
2024-04-22 18:00:00,,,,,,
2024-04-22 19:00:00,,,,,,
2024-04-22 20:00:00,,,,,,
2024-04-22 21:00:00,,,,,,
2024-04-22 22:00:00,,,,,,
2024-04-22 23:00:00,,,,,,
2024-04-23 00:00:00,,,,,,
2024-04-23 01:00:00,,,,,,
2024-04-23 02:00:00,,,,,,
2024-04-23 03:00:00,,,,,,
2024-04-23 04:00:00,,,,,,
2024-04-23 05:00:00,,,,,,
2024-04-23 06:00:00,,,,,,
2024-04-23 07:00:00,,,,,,
2024-04-23 08:00:00,,,,,,
2024-04-23 09:00:00,,,,,,
2024-04-23 10:00:00,,,,,,
2024-04-23 11:00:00,,,,,,
2024-04-23 12:00:00,,,,,,
2024-04-23 13:00:00,,,,,,
2024-04-23 14:00:00,,,,,,
2024-04-23 15:00:00,,,,,,
2024-04-23 16:00:00,,,,,,
2024-04-23 17:00:00,,,,,,
2024-04-23 18:00:00,,,,,,
2024-04-23 19:00:00,,,,,,
2024-04-23 20:00:00,,,,,,
2024-04-23 21:00:00,,,,,,
2024-04-23 22:00:00,,,,,,
2024-04-23 23:00:00,,,,,,
2024-04-24 00:00:00,,,,,,
2024-04-24 01:00:00,,,,,,
2024-04-24 02:00:00,,,,,,
2024-04-24 03:00:00,,,,,,
2024-04-24 04:00:00,,,,,,
2024-04-24 05:00:00,,,,,,
2024-04-24 06:00:00,,,,,,
2024-04-24 07:00:00,,,,,,
2024-04-24 08:00:00,,,,,,
2024-04-24 09:00:00,,,,,,
2024-04-24 10:00:00,,,,,,
2024-04-24 11:00:00,,,,,,
2024-04-24 12:00:00,,,,,,
2024-04-24 13:00:00,,,,,,
2024-04-24 14:00:00,,,,,,
2024-04-24 15:00:00,,,,,,
2024-04-24 16:00:00,,,,,,
2024-04-24 17:00:00,,,,,,
2024-04-24 18:00:00,,,,,,
2024-04-24 19:00:00,,,,,,
2024-04-24 20:00:00,,,,,,
2024-04-24 21:00:00,,,,,,
2024-04-24 22:00:00,,,,,,
2024-04-24 23:00:00,,,,,,
2024-04-25 00:00:00,,,,,,
2024-04-25 01:00:00,,,,,,
2024-04-25 02:00:00,,,,,,
2024-04-25 03:00:00,,,,,,
2024-04-25 04:00:00,,,,,,
2024-04-25 05:00:00,,,,,,
2024-04-25 06:00:00,,,,,,
2024-04-25 07:00:00,,,,,,
2024-04-25 08:00:00,,,,,,
2024-04-25 09:00:00,,,,,,
2024-04-25 10:00:00,,,,,,
2024-04-25 11:00:00,,,,,,
2024-04-25 12:00:00,,,,,,
2024-04-25 13:00:00,,,,,,
2024-04-25 14:00:00,,,,,,
2024-04-25 15:00:00,,,,,,
2024-04-25 16:00:00,,,,,,
2024-04-25 17:00:00,,,,,,
2024-04-25 18:00:00,,,,,,
2024-04-25 19:00:00,,,,,,
2024-04-25 20:00:00,,,,,,
2024-04-25 21:00:00,,,,,,
2024-04-25 22:00:00,,,,,,
2024-04-25 23:00:00,,,,,,
2024-04-26 00:00:00,,,,,,
2024-04-26 01:00:00,,,,,,
2024-04-26 02:00:00,,,,,,
2024-04-26 03:00:00,,,,,,
2024-04-26 04:00:00,,,,,,
2024-04-26 05:00:00,,,,,,
2024-04-26 06:00:00,,,,,,
2024-04-26 07:00:00,,,,,,
2024-04-26 08:00:00,,,,,,
2024-04-26 09:00:00,,,,,,
2024-04-26 10:00:00,,,,,,
2024-04-26 11:00:00,,,,,,
2024-04-26 12:00:00,,,,,,
2024-04-26 13:00:00,,,,,,
2024-04-26 14:00:00,,,,,,
2024-04-26 15:00:00,,,,,,
2024-04-26 16:00:00,,,,,,
2024-04-26 17:00:00,,,,,,
2024-04-26 18:00:00,,,,,,
2024-04-26 19:00:00,,,,,,
2024-04-26 20:00:00,,,,,,
2024-04-26 21:00:00,,,,,,
2024-04-26 22:00:00,,,,,,
2024-04-26 23:00:00,,,,,,
2024-04-27 00:00:00,,,,,,
2024-04-27 01:00:00,,,,,,
2024-04-27 02:00:00,,,,,,
2024-04-27 03:00:00,,,,,,
2024-04-27 04:00:00,,,,,,
2024-04-27 05:00:00,,,,,,
2024-04-27 06:00:00,,,,,,
2024-04-27 07:00:00,,,,,,
2024-04-27 08:00:00,,,,,,
2024-04-27 09:00:00,,,,,,
2024-04-27 10:00:00,,,,,,
2024-04-27 11:00:00,,,,,,
2024-04-27 12:00:00,,,,,,
2024-04-27 13:00:00,,,,,,
2024-04-27 14:00:00,,,,,,
2024-04-27 15:00:00,,,,,,
2024-04-27 16:00:00,,,,,,
2024-04-27 17:00:00,,,,,,
2024-04-27 18:00:00,,,,,,
2024-04-27 19:00:00,,,,,,
2024-04-27 20:00:00,,,,,,
2024-04-27 21:00:00,,,,,,
2024-04-27 22:00:00,,,,,,
2024-04-27 23:00:00,,,,,,
2024-04-28 00:00:00,,,,,,
2024-04-28 01:00:00,,,,,,
2024-04-28 02:00:00,,,,,,
2024-04-28 03:00:00,,,,,,
2024-04-28 04:00:00,,,,,,
2024-04-28 05:00:00,,,,,,
2024-04-28 06:00:00,,,,,,
2024-04-28 07:00:00,,,,,,
2024-04-28 08:00:00,,,,,,
2024-04-28 09:00:00,,,,,,
2024-04-28 10:00:00,,,,,,
2024-04-28 11:00:00,,,,,,
2024-04-28 12:00:00,,,,,,
2024-04-28 13:00:00,,,,,,
2024-04-28 14:00:00,,,,,,
2024-04-28 15:00:00,,,,,,
2024-04-28 16:00:00,,,,,,
2024-04-28 17:00:00,,,,,,
2024-04-28 18:00:00,,,,,,
2024-04-28 19:00:00,,,,,,
2024-04-28 20:00:00,,,,,,
2024-04-28 21:00:00,,,,,,
2024-04-28 22:00:00,,,,,,
2024-04-28 23:00:00,,,,,,
2024-04-29 00:00:00,,,,,,
2024-04-29 01:00:00,,,,,,
2024-04-29 02:00:00,,,,,,
2024-04-29 03:00:00,,,,,,
2024-04-29 04:00:00,,,,,,
2024-04-29 05:00:00,,,,,,
2024-04-29 06:00:00,,,,,,
2024-04-29 07:00:00,,,,,,
2024-04-29 08:00:00,,,,,,
2024-04-29 09:00:00,,,,,,
2024-04-29 10:00:00,,,,,,
2024-04-29 11:00:00,,,,,,
2024-04-29 12:00:00,,,,,,
2024-04-29 13:00:00,,,,,,
2024-04-29 14:00:00,,,,,,
2024-04-29 15:00:00,,,,,,
2024-04-29 16:00:00,,,,,,
2024-04-29 17:00:00,,,,,,
2024-04-29 18:00:00,,,,,,
2024-04-29 19:00:00,,,,,,
2024-04-29 20:00:00,,,,,,
2024-04-29 21:00:00,,,,,,
2024-04-29 22:00:00,,,,,,
2024-04-29 23:00:00,,,,,,
2024-04-30 00:00:00,,,,,,
2024-04-30 01:00:00,,,,,,
2024-04-30 02:00:00,,,,,,
2024-04-30 03:00:00,,,,,,
2024-04-30 04:00:00,,,,,,
2024-04-30 05:00:00,,,,,,
2024-04-30 06:00:00,,,,,,
2024-04-30 07:00:00,,,,,,
2024-04-30 08:00:00,,,,,,
2024-04-30 09:00:00,,,,,,
2024-04-30 10:00:00,,,,,,
2024-04-30 11:00:00,,,,,,
2024-04-30 12:00:00,,,,,,
2024-04-30 13:00:00,,,,,,
2024-04-30 14:00:00,,,,,,
2024-04-30 15:00:00,,,,,,
2024-04-30 16:00:00,,,,,,
2024-04-30 17:00:00,,,,,,
2024-04-30 18:00:00,,,,,,
2024-04-30 19:00:00,,,,,,
2024-04-30 20:00:00,,,,,,
2024-04-30 21:00:00,,,,,,
2024-04-30 22:00:00,,,,,,
2024-04-30 23:00:00,,,,,,
2024-05-01 00:00:00,,,,,,
2024-05-01 01:00:00,,,,,,
2024-05-01 02:00:00,,,,,,
2024-05-01 03:00:00,,,,,,
2024-05-01 04:00:00,,,,,,
2024-05-01 05:00:00,,,,,,
2024-05-01 06:00:00,,,,,,
2024-05-01 07:00:00,,,,,,
2024-05-01 08:00:00,,,,,,
2024-05-01 09:00:00,,,,,,
2024-05-01 10:00:00,,,,,,
2024-05-01 11:00:00,,,,,,
2024-05-01 12:00:00,,,,,,
2024-05-01 13:00:00,,,,,,
2024-05-01 14:00:00,,,,,,
2024-05-01 15:00:00,,,,,,
2024-05-01 16:00:00,,,,,,
2024-05-01 17:00:00,,,,,,
2024-05-01 18:00:00,,,,,,
2024-05-01 19:00:00,,,,,,
2024-05-01 20:00:00,,,,,,
2024-05-01 21:00:00,,,,,,
2024-05-01 22:00:00,,,,,,
2024-05-01 23:00:00,,,,,,
2024-05-02 00:00:00,,,,,,
2024-05-02 01:00:00,,,,,,
2024-05-02 02:00:00,,,,,,
2024-05-02 03:00:00,,,,,,
2024-05-02 04:00:00,,,,,,
2024-05-02 05:00:00,,,,,,
2024-05-02 06:00:00,,,,,,
2024-05-02 07:00:00,,,,,,
2024-05-02 08:00:00,,,,,,
2024-05-02 09:00:00,,,,,,
2024-05-02 10:00:00,,,,,,
2024-05-02 11:00:00,,,,,,
2024-05-02 12:00:00,,,,,,
2024-05-02 13:00:00,,,,,,
2024-05-02 14:00:00,,,,,,
2024-05-02 15:00:00,,,,,,
2024-05-02 16:00:00,,,,,,
2024-05-02 17:00:00,,,,,,
2024-05-02 18:00:00,,,,,,
2024-05-02 19:00:00,,,,,,
2024-05-02 20:00:00,,,,,,
2024-05-02 21:00:00,,,,,,
2024-05-02 22:00:00,,,,,,
2024-05-02 23:00:00,,,,,,
2024-05-03 00:00:00,,,,,,
2024-05-03 01:00:00,,,,,,
2024-05-03 02:00:00,,,,,,
2024-05-03 03:00:00,,,,,,
2024-05-03 04:00:00,,,,,,
2024-05-03 05:00:00,,,,,,
2024-05-03 06:00:00,,,,,,
2024-05-03 07:00:00,,,,,,
2024-05-03 08:00:00,,,,,,
2024-05-03 09:00:00,,,,,,
2024-05-03 10:00:00,,,,,,
2024-05-03 11:00:00,,,,,,
2024-05-03 12:00:00,,,,,,
2024-05-03 13:00:00,,,,,,
2024-05-03 14:00:00,,,,,,
2024-05-03 15:00:00,,,,,,
2024-05-03 16:00:00,,,,,,
2024-05-03 17:00:00,,,,,,
2024-05-03 18:00:00,,,,,,
2024-05-03 19:00:00,,,,,,
2024-05-03 20:00:00,,,,,,
2024-05-03 21:00:00,,,,,,
2024-05-03 22:00:00,,,,,,
2024-05-03 23:00:00,,,,,,
2024-05-04 00:00:00,,,,,,
2024-05-04 01:00:00,,,,,,
2024-05-04 02:00:00,,,,,,
2024-05-04 03:00:00,,,,,,
2024-05-04 04:00:00,,,,,,
2024-05-04 05:00:00,,,,,,
2024-05-04 06:00:00,,,,,,
2024-05-04 07:00:00,,,,,,
2024-05-04 08:00:00,,,,,,
2024-05-04 09:00:00,,,,,,
2024-05-04 10:00:00,,,,,,
2024-05-04 11:00:00,,,,,,
2024-05-04 12:00:00,,,,,,
2024-05-04 13:00:00,,,,,,
2024-05-04 14:00:00,,,,,,
2024-05-04 15:00:00,,,,,,
2024-05-04 16:00:00,,,,,,
2024-05-04 17:00:00,,,,,,
2024-05-04 18:00:00,,,,,,
2024-05-04 19:00:00,,,,,,
2024-05-04 20:00:00,,,,,,
2024-05-04 21:00:00,,,,,,
2024-05-04 22:00:00,,,,,,
2024-05-04 23:00:00,,,,,,
2024-05-05 00:00:00,,,,,,
2024-05-05 01:00:00,,,,,,
2024-05-05 02:00:00,,,,,,
2024-05-05 03:00:00,,,,,,
2024-05-05 04:00:00,,,,,,
2024-05-05 05:00:00,,,,,,
2024-05-05 06:00:00,,,,,,
2024-05-05 07:00:00,,,,,,
2024-05-05 08:00:00,,,,,,
2024-05-05 09:00:00,,,,,,
2024-05-05 10:00:00,,,,,,
2024-05-05 11:00:00,,,,,,
2024-05-05 12:00:00,,,,,,
2024-05-05 13:00:00,,,,,,
2024-05-05 14:00:00,,,,,,
2024-05-05 15:00:00,,,,,,
2024-05-05 16:00:00,,,,,,
2024-05-05 17:00:00,,,,,,
2024-05-05 18:00:00,,,,,,
2024-05-05 19:00:00,,,,,,
2024-05-05 20:00:00,,,,,,
2024-05-05 21:00:00,,,,,,
2024-05-05 22:00:00,,,,,,
2024-05-05 23:00:00,,,,,,
2024-05-06 00:00:00,,,,,,
2024-05-06 01:00:00,,,,,,
2024-05-06 02:00:00,,,,,,
2024-05-06 03:00:00,,,,,,
2024-05-06 04:00:00,,,,,,
2024-05-06 05:00:00,,,,,,
2024-05-06 06:00:00,,,,,,
2024-05-06 07:00:00,,,,,,
2024-05-06 08:00:00,,,,,,
2024-05-06 09:00:00,,,,,,
2024-05-06 10:00:00,,,,,,
2024-05-06 11:00:00,,,,,,
2024-05-06 12:00:00,,,,,,
2024-05-06 13:00:00,,,,,,
2024-05-06 14:00:00,,,,,,
2024-05-06 15:00:00,,,,,,
2024-05-06 16:00:00,,,,,,
2024-05-06 17:00:00,,,,,,
2024-05-06 18:00:00,,,,,,
2024-05-06 19:00:00,,,,,,
2024-05-06 20:00:00,,,,,,
2024-05-06 21:00:00,,,,,,
2024-05-06 22:00:00,,,,,,
2024-05-06 23:00:00,,,,,,
2024-05-07 00:00:00,,,,,,
2024-05-07 01:00:00,,,,,,
2024-05-07 02:00:00,,,,,,
2024-05-07 03:00:00,,,,,,
2024-05-07 04:00:00,,,,,,
2024-05-07 05:00:00,,,,,,
2024-05-07 06:00:00,,,,,,
2024-05-07 07:00:00,,,,,,
2024-05-07 08:00:00,,,,,,
2024-05-07 09:00:00,,,,,,
2024-05-07 10:00:00,,,,,,
2024-05-07 11:00:00,,,,,,
2024-05-07 12:00:00,,,,,,
2024-05-07 13:00:00,,,,,,
2024-05-07 14:00:00,,,,,,
2024-05-07 15:00:00,,,,,,
2024-05-07 16:00:00,,,,,,
2024-05-07 17:00:00,,,,,,
2024-05-07 18:00:00,,,,,,
2024-05-07 19:00:00,,,,,,
2024-05-07 20:00:00,,,,,,
2024-05-07 21:00:00,,,,,,
2024-05-07 22:00:00,,,,,,
2024-05-07 23:00:00,,,,,,
2024-05-08 00:00:00,,,,,,
2024-05-08 01:00:00,,,,,,
2024-05-08 02:00:00,,,,,,
2024-05-08 03:00:00,,,,,,
2024-05-08 04:00:00,,,,,,
2024-05-08 05:00:00,,,,,,
2024-05-08 06:00:00,,,,,,
2024-05-08 07:00:00,,,,,,
2024-05-08 08:00:00,,,,,,
2024-05-08 09:00:00,,,,,,
2024-05-08 10:00:00,,,,,,
2024-05-08 11:00:00,,,,,,
2024-05-08 12:00:00,,,,,,
2024-05-08 13:00:00,,,,,,
2024-05-08 14:00:00,,,,,,
2024-05-08 15:00:00,,,,,,
2024-05-08 16:00:00,,,,,,
2024-05-08 17:00:00,,,,,,
2024-05-08 18:00:00,,,,,,
2024-05-08 19:00:00,,,,,,
2024-05-08 20:00:00,,,,,,
2024-05-08 21:00:00,,,,,,
2024-05-08 22:00:00,,,,,,
2024-05-08 23:00:00,,,,,,
2024-05-09 00:00:00,,,,,,
2024-05-09 01:00:00,,,,,,
2024-05-09 02:00:00,,,,,,
2024-05-09 03:00:00,,,,,,
2024-05-09 04:00:00,,,,,,
2024-05-09 05:00:00,,,,,,
2024-05-09 06:00:00,,,,,,
2024-05-09 07:00:00,,,,,,
2024-05-09 08:00:00,,,,,,
2024-05-09 09:00:00,,,,,,
2024-05-09 10:00:00,,,,,,
2024-05-09 11:00:00,,,,,,
2024-05-09 12:00:00,,,,,,
2024-05-09 13:00:00,,,,,,
2024-05-09 14:00:00,,,,,,
2024-05-09 15:00:00,,,,,,
2024-05-09 16:00:00,,,,,,
2024-05-09 17:00:00,,,,,,
2024-05-09 18:00:00,,,,,,
2024-05-09 19:00:00,,,,,,
2024-05-09 20:00:00,,,,,,
2024-05-09 21:00:00,,,,,,
2024-05-09 22:00:00,,,,,,
2024-05-09 23:00:00,,,,,,
2024-05-10 00:00:00,,,,,,
2024-05-10 01:00:00,,,,,,
2024-05-10 02:00:00,,,,,,
2024-05-10 03:00:00,,,,,,
2024-05-10 04:00:00,,,,,,
2024-05-10 05:00:00,,,,,,
2024-05-10 06:00:00,,,,,,
2024-05-10 07:00:00,,,,,,
2024-05-10 08:00:00,,,,,,
2024-05-10 09:00:00,,,,,,
2024-05-10 10:00:00,,,,,,
2024-05-10 11:00:00,,,,,,
2024-05-10 12:00:00,,,,,,
2024-05-10 13:00:00,,,,,,
2024-05-10 14:00:00,,,,,,
2024-05-10 15:00:00,,,,,,
2024-05-10 16:00:00,,,,,,
2024-05-10 17:00:00,,,,,,
2024-05-10 18:00:00,,,,,,
2024-05-10 19:00:00,,,,,,
2024-05-10 20:00:00,,,,,,
2024-05-10 21:00:00,,,,,,
2024-05-10 22:00:00,,,,,,
2024-05-10 23:00:00,,,,,,
2024-05-11 00:00:00,,,,,,
2024-05-11 01:00:00,,,,,,
2024-05-11 02:00:00,,,,,,
2024-05-11 03:00:00,,,,,,
2024-05-11 04:00:00,,,,,,
2024-05-11 05:00:00,,,,,,
2024-05-11 06:00:00,,,,,,
2024-05-11 07:00:00,,,,,,
2024-05-11 08:00:00,,,,,,
2024-05-11 09:00:00,,,,,,
2024-05-11 10:00:00,,,,,,
2024-05-11 11:00:00,,,,,,
2024-05-11 12:00:00,,,,,,
2024-05-11 13:00:00,,,,,,
2024-05-11 14:00:00,,,,,,
2024-05-11 15:00:00,,,,,,
2024-05-11 16:00:00,,,,,,
2024-05-11 17:00:00,,,,,,
2024-05-11 18:00:00,,,,,,
2024-05-11 19:00:00,,,,,,
2024-05-11 20:00:00,,,,,,
2024-05-11 21:00:00,,,,,,
2024-05-11 22:00:00,,,,,,
2024-05-11 23:00:00,,,,,,
2024-05-12 00:00:00,,,,,,
2024-05-12 01:00:00,,,,,,
2024-05-12 02:00:00,,,,,,
2024-05-12 03:00:00,,,,,,
2024-05-12 04:00:00,,,,,,
2024-05-12 05:00:00,,,,,,
2024-05-12 06:00:00,,,,,,
2024-05-12 07:00:00,,,,,,
2024-05-12 08:00:00,,,,,,
2024-05-12 09:00:00,,,,,,
2024-05-12 10:00:00,,,,,,
2024-05-12 11:00:00,,,,,,
2024-05-12 12:00:00,,,,,,
2024-05-12 13:00:00,,,,,,
2024-05-12 14:00:00,,,,,,
2024-05-12 15:00:00,,,,,,
2024-05-12 16:00:00,,,,,,
2024-05-12 17:00:00,,,,,,
2024-05-12 18:00:00,,,,,,
2024-05-12 19:00:00,,,,,,
2024-05-12 20:00:00,,,,,,
2024-05-12 21:00:00,,,,,,
2024-05-12 22:00:00,,,,,,
2024-05-12 23:00:00,,,,,,
2024-05-13 00:00:00,,,,,,
2024-05-13 01:00:00,,,,,,
2024-05-13 02:00:00,,,,,,
2024-05-13 03:00:00,,,,,,
2024-05-13 04:00:00,,,,,,
2024-05-13 05:00:00,,,,,,
2024-05-13 06:00:00,,,,,,
2024-05-13 07:00:00,,,,,,
2024-05-13 08:00:00,,,,,,
2024-05-13 09:00:00,,,,,,
2024-05-13 10:00:00,,,,,,
2024-05-13 11:00:00,,,,,,
2024-05-13 12:00:00,,,,,,
2024-05-13 13:00:00,,,,,,
2024-05-13 14:00:00,,,,,,
2024-05-13 15:00:00,,,,,,
2024-05-13 16:00:00,,,,,,
2024-05-13 17:00:00,,,,,,
2024-05-13 18:00:00,,,,,,
2024-05-13 19:00:00,,,,,,
2024-05-13 20:00:00,,,,,,
2024-05-13 21:00:00,,,,,,
2024-05-13 22:00:00,,,,,,
2024-05-13 23:00:00,,,,,,
2024-05-14 00:00:00,,,,,,
2024-05-14 01:00:00,,,,,,
2024-05-14 02:00:00,,,,,,
2024-05-14 03:00:00,,,,,,
2024-05-14 04:00:00,,,,,,
2024-05-14 05:00:00,,,,,,
2024-05-14 06:00:00,,,,,,
2024-05-14 07:00:00,,,,,,
2024-05-14 08:00:00,,,,,,
2024-05-14 09:00:00,,,,,,
2024-05-14 10:00:00,,,,,,
2024-05-14 11:00:00,,,,,,
2024-05-14 12:00:00,,,,,,
2024-05-14 13:00:00,,,,,,
2024-05-14 14:00:00,,,,,,
2024-05-14 15:00:00,,,,,,
2024-05-14 16:00:00,,,,,,
2024-05-14 17:00:00,,,,,,
2024-05-14 18:00:00,,,,,,
2024-05-14 19:00:00,,,,,,
2024-05-14 20:00:00,,,,,,
2024-05-14 21:00:00,,,,,,
2024-05-14 22:00:00,,,,,,
2024-05-14 23:00:00,,,,,,
2024-05-15 00:00:00,,,,,,
2024-05-15 01:00:00,,,,,,
2024-05-15 02:00:00,,,,,,
2024-05-15 03:00:00,,,,,,
2024-05-15 04:00:00,,,,,,
2024-05-15 05:00:00,,,,,,
2024-05-15 06:00:00,,,,,,
2024-05-15 07:00:00,,,,,,
2024-05-15 08:00:00,,,,,,
2024-05-15 09:00:00,,,,,,
2024-05-15 10:00:00,,,,,,
2024-05-15 11:00:00,,,,,,
2024-05-15 12:00:00,,,,,,
2024-05-15 13:00:00,,,,,,
2024-05-15 14:00:00,,,,,,
2024-05-15 15:00:00,,,,,,
2024-05-15 16:00:00,,,,,,
2024-05-15 17:00:00,,,,,,
2024-05-15 18:00:00,,,,,,
2024-05-15 19:00:00,,,,,,
2024-05-15 20:00:00,,,,,,
2024-05-15 21:00:00,,,,,,
2024-05-15 22:00:00,,,,,,
2024-05-15 23:00:00,,,,,,
2024-05-16 00:00:00,,,,,,
2024-05-16 01:00:00,,,,,,
2024-05-16 02:00:00,,,,,,
2024-05-16 03:00:00,,,,,,
2024-05-16 04:00:00,,,,,,
2024-05-16 05:00:00,,,,,,
2024-05-16 06:00:00,,,,,,
2024-05-16 07:00:00,,,,,,
2024-05-16 08:00:00,,,,,,
2024-05-16 09:00:00,,,,,,
2024-05-16 10:00:00,,,,,,
2024-05-16 11:00:00,,,,,,
2024-05-16 12:00:00,,,,,,
2024-05-16 13:00:00,,,,,,
2024-05-16 14:00:00,,,,,,
2024-05-16 15:00:00,,,,,,
2024-05-16 16:00:00,,,,,,
2024-05-16 17:00:00,,,,,,
2024-05-16 18:00:00,,,,,,
2024-05-16 19:00:00,,,,,,
2024-05-16 20:00:00,,,,,,
2024-05-16 21:00:00,,,,,,
2024-05-16 22:00:00,,,,,,
2024-05-16 23:00:00,,,,,,
2024-05-17 00:00:00,,,,,,
2024-05-17 01:00:00,,,,,,
2024-05-17 02:00:00,,,,,,
2024-05-17 03:00:00,,,,,,
2024-05-17 04:00:00,,,,,,
2024-05-17 05:00:00,,,,,,
2024-05-17 06:00:00,,,,,,
2024-05-17 07:00:00,,,,,,
2024-05-17 08:00:00,,,,,,
2024-05-17 09:00:00,,,,,,
2024-05-17 10:00:00,,,,,,
2024-05-17 11:00:00,,,,,,
2024-05-17 12:00:00,,,,,,
2024-05-17 13:00:00,,,,,,
2024-05-17 14:00:00,,,,,,
2024-05-17 15:00:00,,,,,,
2024-05-17 16:00:00,,,,,,
2024-05-17 17:00:00,,,,,,
2024-05-17 18:00:00,,,,,,
2024-05-17 19:00:00,,,,,,
2024-05-17 20:00:00,,,,,,
2024-05-17 21:00:00,,,,,,
2024-05-17 22:00:00,,,,,,
2024-05-17 23:00:00,,,,,,
2024-05-18 00:00:00,,,,,,
2024-05-18 01:00:00,,,,,,
2024-05-18 02:00:00,,,,,,
2024-05-18 03:00:00,,,,,,
2024-05-18 04:00:00,,,,,,
2024-05-18 05:00:00,,,,,,
2024-05-18 06:00:00,,,,,,
2024-05-18 07:00:00,,,,,,
2024-05-18 08:00:00,,,,,,
2024-05-18 09:00:00,,,,,,
2024-05-18 10:00:00,,,,,,
2024-05-18 11:00:00,,,,,,
2024-05-18 12:00:00,,,,,,
2024-05-18 13:00:00,,,,,,
2024-05-18 14:00:00,,,,,,
2024-05-18 15:00:00,,,,,,
2024-05-18 16:00:00,,,,,,
2024-05-18 17:00:00,,,,,,
2024-05-18 18:00:00,,,,,,
2024-05-18 19:00:00,,,,,,
2024-05-18 20:00:00,,,,,,
2024-05-18 21:00:00,,,,,,
2024-05-18 22:00:00,,,,,,
2024-05-18 23:00:00,,,,,,
2024-05-19 00:00:00,,,,,,
2024-05-19 01:00:00,,,,,,
2024-05-19 02:00:00,,,,,,
2024-05-19 03:00:00,,,,,,
2024-05-19 04:00:00,,,,,,
2024-05-19 05:00:00,,,,,,
2024-05-19 06:00:00,,,,,,
2024-05-19 07:00:00,,,,,,
2024-05-19 08:00:00,,,,,,
2024-05-19 09:00:00,,,,,,
2024-05-19 10:00:00,,,,,,
2024-05-19 11:00:00,,,,,,
2024-05-19 12:00:00,,,,,,
2024-05-19 13:00:00,,,,,,
2024-05-19 14:00:00,,,,,,
2024-05-19 15:00:00,,,,,,
2024-05-19 16:00:00,,,,,,
2024-05-19 17:00:00,,,,,,
2024-05-19 18:00:00,,,,,,
2024-05-19 19:00:00,,,,,,
2024-05-19 20:00:00,,,,,,
2024-05-19 21:00:00,,,,,,
2024-05-19 22:00:00,,,,,,
2024-05-19 23:00:00,,,,,,
2024-05-20 00:00:00,,,,,,
2024-05-20 01:00:00,,,,,,
2024-05-20 02:00:00,,,,,,
2024-05-20 03:00:00,,,,,,
2024-05-20 04:00:00,,,,,,
2024-05-20 05:00:00,,,,,,
2024-05-20 06:00:00,,,,,,
2024-05-20 07:00:00,,,,,,
2024-05-20 08:00:00,,,,,,
2024-05-20 09:00:00,,,,,,
2024-05-20 10:00:00,,,,,,
2024-05-20 11:00:00,,,,,,
2024-05-20 12:00:00,,,,,,
2024-05-20 13:00:00,,,,,,
2024-05-20 14:00:00,,,,,,
2024-05-20 15:00:00,,,,,,
2024-05-20 16:00:00,,,,,,
2024-05-20 17:00:00,,,,,,
2024-05-20 18:00:00,,,,,,
2024-05-20 19:00:00,,,,,,
2024-05-20 20:00:00,,,,,,
2024-05-20 21:00:00,,,,,,
2024-05-20 22:00:00,,,,,,
2024-05-20 23:00:00,,,,,,
2024-05-21 00:00:00,,,,,,
2024-05-21 01:00:00,,,,,,
2024-05-21 02:00:00,,,,,,
2024-05-21 03:00:00,,,,,,
2024-05-21 04:00:00,,,,,,
2024-05-21 05:00:00,,,,,,
2024-05-21 06:00:00,,,,,,
2024-05-21 07:00:00,,,,,,
2024-05-21 08:00:00,,,,,,
2024-05-21 09:00:00,,,,,,
2024-05-21 10:00:00,,,,,,
2024-05-21 11:00:00,,,,,,
2024-05-21 12:00:00,,,,,,
2024-05-21 13:00:00,,,,,,
2024-05-21 14:00:00,,,,,,
2024-05-21 15:00:00,,,,,,
2024-05-21 16:00:00,,,,,,
2024-05-21 17:00:00,,,,,,
2024-05-21 18:00:00,,,,,,
2024-05-21 19:00:00,,,,,,
2024-05-21 20:00:00,,,,,,
2024-05-21 21:00:00,,,,,,
2024-05-21 22:00:00,,,,,,
2024-05-21 23:00:00,,,,,,
2024-05-22 00:00:00,,,,,,
2024-05-22 01:00:00,,,,,,
2024-05-22 02:00:00,,,,,,
2024-05-22 03:00:00,,,,,,
2024-05-22 04:00:00,,,,,,
2024-05-22 05:00:00,,,,,,
2024-05-22 06:00:00,,,,,,
2024-05-22 07:00:00,,,,,,
2024-05-22 08:00:00,,,,,,
2024-05-22 09:00:00,,,,,,
2024-05-22 10:00:00,,,,,,
2024-05-22 11:00:00,,,,,,
2024-05-22 12:00:00,,,,,,
2024-05-22 13:00:00,,,,,,
2024-05-22 14:00:00,,,,,,
2024-05-22 15:00:00,,,,,,
2024-05-22 16:00:00,,,,,,
2024-05-22 17:00:00,,,,,,
2024-05-22 18:00:00,,,,,,
2024-05-22 19:00:00,,,,,,
2024-05-22 20:00:00,,,,,,
2024-05-22 21:00:00,,,,,,
2024-05-22 22:00:00,,,,,,
2024-05-22 23:00:00,,,,,,
2024-05-23 00:00:00,,,,,,
2024-05-23 01:00:00,,,,,,
2024-05-23 02:00:00,,,,,,
2024-05-23 03:00:00,,,,,,
2024-05-23 04:00:00,,,,,,
2024-05-23 05:00:00,,,,,,
2024-05-23 06:00:00,,,,,,
2024-05-23 07:00:00,,,,,,
2024-05-23 08:00:00,,,,,,
2024-05-23 09:00:00,,,,,,
2024-05-23 10:00:00,,,,,,
2024-05-23 11:00:00,,,,,,
2024-05-23 12:00:00,,,,,,
2024-05-23 13:00:00,,,,,,
2024-05-23 14:00:00,,,,,,
2024-05-23 15:00:00,,,,,,
2024-05-23 16:00:00,,,,,,
2024-05-23 17:00:00,,,,,,
2024-05-23 18:00:00,,,,,,
2024-05-23 19:00:00,,,,,,
2024-05-23 20:00:00,,,,,,
2024-05-23 21:00:00,,,,,,
2024-05-23 22:00:00,,,,,,
2024-05-23 23:00:00,,,,,,
2024-05-24 00:00:00,,,,,,
2024-05-24 01:00:00,,,,,,
2024-05-24 02:00:00,,,,,,
2024-05-24 03:00:00,,,,,,
2024-05-24 04:00:00,,,,,,
2024-05-24 05:00:00,,,,,,
2024-05-24 06:00:00,,,,,,
2024-05-24 07:00:00,,,,,,
2024-05-24 08:00:00,,,,,,
2024-05-24 09:00:00,,,,,,
2024-05-24 10:00:00,,,,,,
2024-05-24 11:00:00,,,,,,
2024-05-24 12:00:00,,,,,,
2024-05-24 13:00:00,,,,,,
2024-05-24 14:00:00,,,,,,
2024-05-24 15:00:00,,,,,,
2024-05-24 16:00:00,,,,,,
2024-05-24 17:00:00,,,,,,
2024-05-24 18:00:00,,,,,,
2024-05-24 19:00:00,,,,,,
2024-05-24 20:00:00,,,,,,
2024-05-24 21:00:00,,,,,,
2024-05-24 22:00:00,,,,,,
2024-05-24 23:00:00,,,,,,
2024-05-25 00:00:00,,,,,,
2024-05-25 01:00:00,,,,,,
2024-05-25 02:00:00,,,,,,
2024-05-25 03:00:00,,,,,,
2024-05-25 04:00:00,,,,,,
2024-05-25 05:00:00,,,,,,
2024-05-25 06:00:00,,,,,,
2024-05-25 07:00:00,,,,,,
2024-05-25 08:00:00,,,,,,
2024-05-25 09:00:00,,,,,,
2024-05-25 10:00:00,,,,,,
2024-05-25 11:00:00,,,,,,
2024-05-25 12:00:00,,,,,,
2024-05-25 13:00:00,,,,,,
2024-05-25 14:00:00,,,,,,
2024-05-25 15:00:00,,,,,,
2024-05-25 16:00:00,,,,,,
2024-05-25 17:00:00,,,,,,
2024-05-25 18:00:00,,,,,,
2024-05-25 19:00:00,,,,,,
2024-05-25 20:00:00,,,,,,
2024-05-25 21:00:00,,,,,,
2024-05-25 22:00:00,,,,,,
2024-05-25 23:00:00,,,,,,
2024-05-26 00:00:00,,,,,,
2024-05-26 01:00:00,,,,,,
2024-05-26 02:00:00,,,,,,
2024-05-26 03:00:00,,,,,,
2024-05-26 04:00:00,,,,,,
2024-05-26 05:00:00,,,,,,
2024-05-26 06:00:00,,,,,,
2024-05-26 07:00:00,,,,,,
2024-05-26 08:00:00,,,,,,
2024-05-26 09:00:00,,,,,,
2024-05-26 10:00:00,,,,,,
2024-05-26 11:00:00,,,,,,
2024-05-26 12:00:00,,,,,,
2024-05-26 13:00:00,,,,,,
2024-05-26 14:00:00,,,,,,
2024-05-26 15:00:00,,,,,,
2024-05-26 16:00:00,,,,,,
2024-05-26 17:00:00,,,,,,
2024-05-26 18:00:00,,,,,,
2024-05-26 19:00:00,,,,,,
2024-05-26 20:00:00,,,,,,
2024-05-26 21:00:00,,,,,,
2024-05-26 22:00:00,,,,,,
2024-05-26 23:00:00,,,,,,
2024-05-27 00:00:00,,,,,,
2024-05-27 01:00:00,,,,,,
2024-05-27 02:00:00,,,,,,
2024-05-27 03:00:00,,,,,,
2024-05-27 04:00:00,,,,,,
2024-05-27 05:00:00,,,,,,
2024-05-27 06:00:00,,,,,,
2024-05-27 07:00:00,,,,,,
2024-05-27 08:00:00,,,,,,
2024-05-27 09:00:00,,,,,,
2024-05-27 10:00:00,,,,,,
2024-05-27 11:00:00,,,,,,
2024-05-27 12:00:00,,,,,,
2024-05-27 13:00:00,,,,,,
2024-05-27 14:00:00,,,,,,
2024-05-27 15:00:00,,,,,,
2024-05-27 16:00:00,,,,,,
2024-05-27 17:00:00,,,,,,
2024-05-27 18:00:00,,,,,,
2024-05-27 19:00:00,,,,,,
2024-05-27 20:00:00,,,,,,
2024-05-27 21:00:00,,,,,,
2024-05-27 22:00:00,,,,,,
2024-05-27 23:00:00,,,,,,
2024-05-28 00:00:00,,,,,,
2024-05-28 01:00:00,,,,,,
2024-05-28 02:00:00,,,,,,
2024-05-28 03:00:00,,,,,,
2024-05-28 04:00:00,,,,,,
2024-05-28 05:00:00,,,,,,
2024-05-28 06:00:00,,,,,,
2024-05-28 07:00:00,,,,,,
2024-05-28 08:00:00,,,,,,
2024-05-28 09:00:00,,,,,,
2024-05-28 10:00:00,,,,,,
2024-05-28 11:00:00,,,,,,
2024-05-28 12:00:00,,,,,,
2024-05-28 13:00:00,,,,,,
2024-05-28 14:00:00,,,,,,
2024-05-28 15:00:00,,,,,,
2024-05-28 16:00:00,,,,,,
2024-05-28 17:00:00,,,,,,
2024-05-28 18:00:00,,,,,,
2024-05-28 19:00:00,,,,,,
2024-05-28 20:00:00,,,,,,
2024-05-28 21:00:00,,,,,,
2024-05-28 22:00:00,,,,,,
2024-05-28 23:00:00,,,,,,
2024-05-29 00:00:00,,,,,,
2024-05-29 01:00:00,,,,,,
2024-05-29 02:00:00,,,,,,
2024-05-29 03:00:00,,,,,,
2024-05-29 04:00:00,,,,,,
2024-05-29 05:00:00,,,,,,
2024-05-29 06:00:00,,,,,,
2024-05-29 07:00:00,,,,,,
2024-05-29 08:00:00,,,,,,
2024-05-29 09:00:00,,,,,,
2024-05-29 10:00:00,,,,,,
2024-05-29 11:00:00,,,,,,
2024-05-29 12:00:00,,,,,,
2024-05-29 13:00:00,,,,,,
2024-05-29 14:00:00,,,,,,
2024-05-29 15:00:00,,,,,,
2024-05-29 16:00:00,,,,,,
2024-05-29 17:00:00,,,,,,
2024-05-29 18:00:00,,,,,,
2024-05-29 19:00:00,,,,,,
2024-05-29 20:00:00,,,,,,
2024-05-29 21:00:00,,,,,,
2024-05-29 22:00:00,,,,,,
2024-05-29 23:00:00,,,,,,
2024-05-30 00:00:00,,,,,,
2024-05-30 01:00:00,,,,,,
2024-05-30 02:00:00,,,,,,
2024-05-30 03:00:00,,,,,,
2024-05-30 04:00:00,,,,,,
2024-05-30 05:00:00,,,,,,
2024-05-30 06:00:00,,,,,,
2024-05-30 07:00:00,,,,,,
2024-05-30 08:00:00,,,,,,
2024-05-30 09:00:00,,,,,,
2024-05-30 10:00:00,,,,,,
2024-05-30 11:00:00,,,,,,
2024-05-30 12:00:00,,,,,,
2024-05-30 13:00:00,,,,,,
2024-05-30 14:00:00,,,,,,
2024-05-30 15:00:00,,,,,,
2024-05-30 16:00:00,,,,,,
2024-05-30 17:00:00,,,,,,
2024-05-30 18:00:00,,,,,,
2024-05-30 19:00:00,,,,,,
2024-05-30 20:00:00,,,,,,
2024-05-30 21:00:00,,,,,,
2024-05-30 22:00:00,,,,,,
2024-05-30 23:00:00,,,,,,
2024-05-31 00:00:00,,,,,,
2024-05-31 01:00:00,,,,,,
2024-05-31 02:00:00,,,,,,
2024-05-31 03:00:00,,,,,,
2024-05-31 04:00:00,,,,,,
2024-05-31 05:00:00,,,,,,
2024-05-31 06:00:00,,,,,,
2024-05-31 07:00:00,,,,,,
2024-05-31 08:00:00,,,,,,
2024-05-31 09:00:00,,,,,,
2024-05-31 10:00:00,,,,,,
2024-05-31 11:00:00,,,,,,
2024-05-31 12:00:00,,,,,,
2024-05-31 13:00:00,,,,,,
2024-05-31 14:00:00,,,,,,
2024-05-31 15:00:00,,,,,,
2024-05-31 16:00:00,,,,,,
2024-05-31 17:00:00,,,,,,
2024-05-31 18:00:00,,,,,,
2024-05-31 19:00:00,,,,,,
2024-05-31 20:00:00,,,,,,
2024-05-31 21:00:00,,,,,,
2024-05-31 22:00:00,,,,,,
2024-05-31 23:00:00,,,,,,
2024-06-01 00:00:00,,,,,,
2024-06-01 01:00:00,,,,,,
2024-06-01 02:00:00,,,,,,
2024-06-01 03:00:00,,,,,,
2024-06-01 04:00:00,,,,,,
2024-06-01 05:00:00,,,,,,
2024-06-01 06:00:00,,,,,,
2024-06-01 07:00:00,,,,,,
2024-06-01 08:00:00,,,,,,
2024-06-01 09:00:00,,,,,,
2024-06-01 10:00:00,,,,,,
2024-06-01 11:00:00,,,,,,
2024-06-01 12:00:00,,,,,,
2024-06-01 13:00:00,,,,,,
2024-06-01 14:00:00,,,,,,
2024-06-01 15:00:00,,,,,,
2024-06-01 16:00:00,,,,,,
2024-06-01 17:00:00,,,,,,
2024-06-01 18:00:00,,,,,,
2024-06-01 19:00:00,,,,,,
2024-06-01 20:00:00,,,,,,
2024-06-01 21:00:00,,,,,,
2024-06-01 22:00:00,,,,,,
2024-06-01 23:00:00,,,,,,
2024-06-02 00:00:00,,,,,,
2024-06-02 01:00:00,,,,,,
2024-06-02 02:00:00,,,,,,
2024-06-02 03:00:00,,,,,,
2024-06-02 04:00:00,,,,,,
2024-06-02 05:00:00,,,,,,
2024-06-02 06:00:00,,,,,,
2024-06-02 07:00:00,,,,,,
2024-06-02 08:00:00,,,,,,
2024-06-02 09:00:00,,,,,,
2024-06-02 10:00:00,,,,,,
2024-06-02 11:00:00,,,,,,
2024-06-02 12:00:00,,,,,,
2024-06-02 13:00:00,,,,,,
2024-06-02 14:00:00,,,,,,
2024-06-02 15:00:00,,,,,,
2024-06-02 16:00:00,,,,,,
2024-06-02 17:00:00,,,,,,
2024-06-02 18:00:00,,,,,,
2024-06-02 19:00:00,,,,,,
2024-06-02 20:00:00,,,,,,
2024-06-02 21:00:00,,,,,,
2024-06-02 22:00:00,,,,,,
2024-06-02 23:00:00,,,,,,
2024-06-03 00:00:00,,,,,,
2024-06-03 01:00:00,,,,,,
2024-06-03 02:00:00,,,,,,
2024-06-03 03:00:00,,,,,,
2024-06-03 04:00:00,,,,,,
2024-06-03 05:00:00,,,,,,
2024-06-03 06:00:00,,,,,,
2024-06-03 07:00:00,,,,,,
2024-06-03 08:00:00,,,,,,
2024-06-03 09:00:00,,,,,,
2024-06-03 10:00:00,,,,,,
2024-06-03 11:00:00,,,,,,
2024-06-03 12:00:00,,,,,,
2024-06-03 13:00:00,,,,,,
2024-06-03 14:00:00,,,,,,
2024-06-03 15:00:00,,,,,,
2024-06-03 16:00:00,,,,,,
2024-06-03 17:00:00,,,,,,
2024-06-03 18:00:00,,,,,,
2024-06-03 19:00:00,,,,,,
2024-06-03 20:00:00,,,,,,
2024-06-03 21:00:00,,,,,,
2024-06-03 22:00:00,,,,,,
2024-06-03 23:00:00,,,,,,
2024-06-04 00:00:00,,,,,,
2024-06-04 01:00:00,,,,,,
2024-06-04 02:00:00,,,,,,
2024-06-04 03:00:00,,,,,,
2024-06-04 04:00:00,,,,,,
2024-06-04 05:00:00,,,,,,
2024-06-04 06:00:00,,,,,,
2024-06-04 07:00:00,,,,,,
2024-06-04 08:00:00,,,,,,
2024-06-04 09:00:00,,,,,,
2024-06-04 10:00:00,,,,,,
2024-06-04 11:00:00,,,,,,
2024-06-04 12:00:00,,,,,,
2024-06-04 13:00:00,,,,,,
2024-06-04 14:00:00,,,,,,
2024-06-04 15:00:00,,,,,,
2024-06-04 16:00:00,,,,,,
2024-06-04 17:00:00,,,,,,
2024-06-04 18:00:00,,,,,,
2024-06-04 19:00:00,,,,,,
2024-06-04 20:00:00,,,,,,
2024-06-04 21:00:00,,,,,,
2024-06-04 22:00:00,,,,,,
2024-06-04 23:00:00,,,,,,
2024-06-05 00:00:00,,,,,,
2024-06-05 01:00:00,,,,,,
2024-06-05 02:00:00,,,,,,
2024-06-05 03:00:00,,,,,,
2024-06-05 04:00:00,,,,,,
2024-06-05 05:00:00,,,,,,
2024-06-05 06:00:00,,,,,,
2024-06-05 07:00:00,,,,,,
2024-06-05 08:00:00,,,,,,
2024-06-05 09:00:00,,,,,,
2024-06-05 10:00:00,,,,,,
2024-06-05 11:00:00,,,,,,
2024-06-05 12:00:00,,,,,,
2024-06-05 13:00:00,,,,,,
2024-06-05 14:00:00,,,,,,
2024-06-05 15:00:00,,,,,,
2024-06-05 16:00:00,,,,,,
2024-06-05 17:00:00,,,,,,
2024-06-05 18:00:00,,,,,,
2024-06-05 19:00:00,,,,,,
2024-06-05 20:00:00,,,,,,
2024-06-05 21:00:00,,,,,,
2024-06-05 22:00:00,,,,,,
2024-06-05 23:00:00,,,,,,
2024-06-06 00:00:00,,,,,,
2024-06-06 01:00:00,,,,,,
2024-06-06 02:00:00,,,,,,
2024-06-06 03:00:00,,,,,,
2024-06-06 04:00:00,,,,,,
2024-06-06 05:00:00,,,,,,
2024-06-06 06:00:00,,,,,,
2024-06-06 07:00:00,,,,,,
2024-06-06 08:00:00,,,,,,
2024-06-06 09:00:00,,,,,,
2024-06-06 10:00:00,,,,,,
2024-06-06 11:00:00,,,,,,
2024-06-06 12:00:00,,,,,,
2024-06-06 13:00:00,,,,,,
2024-06-06 14:00:00,,,,,,
2024-06-06 15:00:00,,,,,,
2024-06-06 16:00:00,,,,,,
2024-06-06 17:00:00,,,,,,
2024-06-06 18:00:00,,,,,,
2024-06-06 19:00:00,,,,,,
2024-06-06 20:00:00,,,,,,
2024-06-06 21:00:00,,,,,,
2024-06-06 22:00:00,,,,,,
2024-06-06 23:00:00,,,,,,
2024-06-07 00:00:00,,,,,,
2024-06-07 01:00:00,,,,,,
2024-06-07 02:00:00,,,,,,
2024-06-07 03:00:00,,,,,,
2024-06-07 04:00:00,,,,,,
2024-06-07 05:00:00,,,,,,
2024-06-07 06:00:00,,,,,,
2024-06-07 07:00:00,,,,,,
2024-06-07 08:00:00,,,,,,
2024-06-07 09:00:00,,,,,,
2024-06-07 10:00:00,,,,,,
2024-06-07 11:00:00,,,,,,
2024-06-07 12:00:00,,,,,,
2024-06-07 13:00:00,,,,,,
2024-06-07 14:00:00,,,,,,
2024-06-07 15:00:00,,,,,,
2024-06-07 16:00:00,,,,,,
2024-06-07 17:00:00,,,,,,
2024-06-07 18:00:00,,,,,,
2024-06-07 19:00:00,,,,,,
2024-06-07 20:00:00,,,,,,
2024-06-07 21:00:00,,,,,,
2024-06-07 22:00:00,,,,,,
2024-06-07 23:00:00,,,,,,
2024-06-08 00:00:00,,,,,,
2024-06-08 01:00:00,,,,,,
2024-06-08 02:00:00,,,,,,
2024-06-08 03:00:00,,,,,,
2024-06-08 04:00:00,,,,,,
2024-06-08 05:00:00,,,,,,
2024-06-08 06:00:00,,,,,,
2024-06-08 07:00:00,,,,,,
2024-06-08 08:00:00,,,,,,
2024-06-08 09:00:00,,,,,,
2024-06-08 10:00:00,,,,,,
2024-06-08 11:00:00,,,,,,
2024-06-08 12:00:00,,,,,,
2024-06-08 13:00:00,,,,,,
2024-06-08 14:00:00,,,,,,
2024-06-08 15:00:00,,,,,,
2024-06-08 16:00:00,,,,,,
2024-06-08 17:00:00,,,,,,
2024-06-08 18:00:00,,,,,,
2024-06-08 19:00:00,,,,,,
2024-06-08 20:00:00,,,,,,
2024-06-08 21:00:00,,,,,,
2024-06-08 22:00:00,,,,,,
2024-06-08 23:00:00,,,,,,
2024-06-09 00:00:00,,,,,,
2024-06-09 01:00:00,,,,,,
2024-06-09 02:00:00,,,,,,
2024-06-09 03:00:00,,,,,,
2024-06-09 04:00:00,,,,,,
2024-06-09 05:00:00,,,,,,
2024-06-09 06:00:00,,,,,,
2024-06-09 07:00:00,,,,,,
2024-06-09 08:00:00,,,,,,
2024-06-09 09:00:00,,,,,,
2024-06-09 10:00:00,,,,,,
2024-06-09 11:00:00,,,,,,
2024-06-09 12:00:00,,,,,,
2024-06-09 13:00:00,,,,,,
2024-06-09 14:00:00,,,,,,
2024-06-09 15:00:00,,,,,,
2024-06-09 16:00:00,,,,,,
2024-06-09 17:00:00,,,,,,
2024-06-09 18:00:00,,,,,,
2024-06-09 19:00:00,,,,,,
2024-06-09 20:00:00,,,,,,
2024-06-09 21:00:00,,,,,,
2024-06-09 22:00:00,,,,,,
2024-06-09 23:00:00,,,,,,
2024-06-10 00:00:00,,,,,,
2024-06-10 01:00:00,,,,,,
2024-06-10 02:00:00,,,,,,
2024-06-10 03:00:00,,,,,,
2024-06-10 04:00:00,,,,,,
2024-06-10 05:00:00,,,,,,
2024-06-10 06:00:00,,,,,,
2024-06-10 07:00:00,,,,,,
2024-06-10 08:00:00,,,,,,
2024-06-10 09:00:00,,,,,,
2024-06-10 10:00:00,,,,,,
2024-06-10 11:00:00,,,,,,
2024-06-10 12:00:00,,,,,,
2024-06-10 13:00:00,,,,,,
2024-06-10 14:00:00,,,,,,
2024-06-10 15:00:00,,,,,,
2024-06-10 16:00:00,,,,,,
2024-06-10 17:00:00,,,,,,
2024-06-10 18:00:00,,,,,,
2024-06-10 19:00:00,,,,,,
2024-06-10 20:00:00,,,,,,
2024-06-10 21:00:00,,,,,,
2024-06-10 22:00:00,,,,,,
2024-06-10 23:00:00,,,,,,
2024-06-11 00:00:00,,,,,,
2024-06-11 01:00:00,,,,,,
2024-06-11 02:00:00,,,,,,
2024-06-11 03:00:00,,,,,,
2024-06-11 04:00:00,,,,,,
2024-06-11 05:00:00,,,,,,
2024-06-11 06:00:00,,,,,,
2024-06-11 07:00:00,,,,,,
2024-06-11 08:00:00,,,,,,
2024-06-11 09:00:00,,,,,,
2024-06-11 10:00:00,,,,,,
2024-06-11 11:00:00,,,,,,
2024-06-11 12:00:00,,,,,,
2024-06-11 13:00:00,,,,,,
2024-06-11 14:00:00,,,,,,
2024-06-11 15:00:00,,,,,,
2024-06-11 16:00:00,,,,,,
2024-06-11 17:00:00,,,,,,
2024-06-11 18:00:00,,,,,,
2024-06-11 19:00:00,,,,,,
2024-06-11 20:00:00,,,,,,
2024-06-11 21:00:00,,,,,,
2024-06-11 22:00:00,,,,,,
2024-06-11 23:00:00,,,,,,
2024-06-12 00:00:00,,,,,,
2024-06-12 01:00:00,,,,,,
2024-06-12 02:00:00,,,,,,
2024-06-12 03:00:00,,,,,,
2024-06-12 04:00:00,,,,,,
2024-06-12 05:00:00,,,,,,
2024-06-12 06:00:00,,,,,,
2024-06-12 07:00:00,,,,,,
2024-06-12 08:00:00,,,,,,
2024-06-12 09:00:00,,,,,,
2024-06-12 10:00:00,,,,,,
2024-06-12 11:00:00,,,,,,
2024-06-12 12:00:00,,,,,,
2024-06-12 13:00:00,,,,,,
2024-06-12 14:00:00,,,,,,
2024-06-12 15:00:00,,,,,,
2024-06-12 16:00:00,,,,,,
2024-06-12 17:00:00,,,,,,
2024-06-12 18:00:00,,,,,,
2024-06-12 19:00:00,,,,,,
2024-06-12 20:00:00,,,,,,
2024-06-12 21:00:00,,,,,,
2024-06-12 22:00:00,,,,,,
2024-06-12 23:00:00,,,,,,
2024-06-13 00:00:00,,,,,,
2024-06-13 01:00:00,,,,,,
2024-06-13 02:00:00,,,,,,
2024-06-13 03:00:00,,,,,,
2024-06-13 04:00:00,,,,,,
2024-06-13 05:00:00,,,,,,
2024-06-13 06:00:00,,,,,,
2024-06-13 07:00:00,,,,,,
2024-06-13 08:00:00,,,,,,
2024-06-13 09:00:00,,,,,,
2024-06-13 10:00:00,,,,,,
2024-06-13 11:00:00,,,,,,
2024-06-13 12:00:00,,,,,,
2024-06-13 13:00:00,,,,,,
2024-06-13 14:00:00,,,,,,
2024-06-13 15:00:00,,,,,,
2024-06-13 16:00:00,,,,,,
2024-06-13 17:00:00,,,,,,
2024-06-13 18:00:00,,,,,,
2024-06-13 19:00:00,,,,,,
2024-06-13 20:00:00,,,,,,
2024-06-13 21:00:00,,,,,,
2024-06-13 22:00:00,,,,,,
2024-06-13 23:00:00,,,,,,
2024-06-14 00:00:00,,,,,,
2024-06-14 01:00:00,,,,,,
2024-06-14 02:00:00,,,,,,
2024-06-14 03:00:00,,,,,,
2024-06-14 04:00:00,,,,,,
2024-06-14 05:00:00,,,,,,
2024-06-14 06:00:00,,,,,,
2024-06-14 07:00:00,,,,,,
2024-06-14 08:00:00,,,,,,
2024-06-14 09:00:00,,,,,,
2024-06-14 10:00:00,,,,,,
2024-06-14 11:00:00,,,,,,
2024-06-14 12:00:00,,,,,,
2024-06-14 13:00:00,,,,,,
2024-06-14 14:00:00,,,,,,
2024-06-14 15:00:00,,,,,,
2024-06-14 16:00:00,,,,,,
2024-06-14 17:00:00,,,,,,
2024-06-14 18:00:00,,,,,,
2024-06-14 19:00:00,,,,,,
2024-06-14 20:00:00,,,,,,
2024-06-14 21:00:00,,,,,,
2024-06-14 22:00:00,,,,,,
2024-06-14 23:00:00,,,,,,
2024-06-15 00:00:00,,,,,,
2024-06-15 01:00:00,,,,,,
2024-06-15 02:00:00,,,,,,
2024-06-15 03:00:00,,,,,,
2024-06-15 04:00:00,,,,,,
2024-06-15 05:00:00,,,,,,
2024-06-15 06:00:00,,,,,,
2024-06-15 07:00:00,,,,,,
2024-06-15 08:00:00,,,,,,
2024-06-15 09:00:00,,,,,,
2024-06-15 10:00:00,,,,,,
2024-06-15 11:00:00,,,,,,
2024-06-15 12:00:00,,,,,,
2024-06-15 13:00:00,,,,,,
2024-06-15 14:00:00,,,,,,
2024-06-15 15:00:00,,,,,,
2024-06-15 16:00:00,,,,,,
2024-06-15 17:00:00,,,,,,
2024-06-15 18:00:00,,,,,,
2024-06-15 19:00:00,,,,,,
2024-06-15 20:00:00,,,,,,
2024-06-15 21:00:00,,,,,,
2024-06-15 22:00:00,,,,,,
2024-06-15 23:00:00,,,,,,
2024-06-16 00:00:00,,,,,,
2024-06-16 01:00:00,,,,,,
2024-06-16 02:00:00,,,,,,
2024-06-16 03:00:00,,,,,,
2024-06-16 04:00:00,,,,,,
2024-06-16 05:00:00,,,,,,
2024-06-16 06:00:00,,,,,,
2024-06-16 07:00:00,,,,,,
2024-06-16 08:00:00,,,,,,
2024-06-16 09:00:00,,,,,,
2024-06-16 10:00:00,,,,,,
2024-06-16 11:00:00,,,,,,
2024-06-16 12:00:00,,,,,,
2024-06-16 13:00:00,,,,,,
2024-06-16 14:00:00,,,,,,
2024-06-16 15:00:00,,,,,,
2024-06-16 16:00:00,,,,,,
2024-06-16 17:00:00,,,,,,
2024-06-16 18:00:00,,,,,,
2024-06-16 19:00:00,,,,,,
2024-06-16 20:00:00,,,,,,
2024-06-16 21:00:00,,,,,,
2024-06-16 22:00:00,,,,,,
2024-06-16 23:00:00,,,,,,
2024-06-17 00:00:00,,,,,,
2024-06-17 01:00:00,,,,,,
2024-06-17 02:00:00,,,,,,
2024-06-17 03:00:00,,,,,,
2024-06-17 04:00:00,,,,,,
2024-06-17 05:00:00,,,,,,
2024-06-17 06:00:00,,,,,,
2024-06-17 07:00:00,,,,,,
2024-06-17 08:00:00,,,,,,
2024-06-17 09:00:00,,,,,,
2024-06-17 10:00:00,,,,,,
2024-06-17 11:00:00,,,,,,
2024-06-17 12:00:00,,,,,,
2024-06-17 13:00:00,,,,,,
2024-06-17 14:00:00,,,,,,
2024-06-17 15:00:00,,,,,,
2024-06-17 16:00:00,,,,,,
2024-06-17 17:00:00,,,,,,
2024-06-17 18:00:00,,,,,,
2024-06-17 19:00:00,,,,,,
2024-06-17 20:00:00,,,,,,
2024-06-17 21:00:00,,,,,,
2024-06-17 22:00:00,,,,,,
2024-06-17 23:00:00,,,,,,
2024-06-18 00:00:00,,,,,,
2024-06-18 01:00:00,,,,,,
2024-06-18 02:00:00,,,,,,
2024-06-18 03:00:00,,,,,,
2024-06-18 04:00:00,,,,,,
2024-06-18 05:00:00,,,,,,
2024-06-18 06:00:00,,,,,,
2024-06-18 07:00:00,,,,,,
2024-06-18 08:00:00,,,,,,
2024-06-18 09:00:00,,,,,,
2024-06-18 10:00:00,,,,,,
2024-06-18 11:00:00,,,,,,
2024-06-18 12:00:00,,,,,,
2024-06-18 13:00:00,,,,,,
2024-06-18 14:00:00,,,,,,
2024-06-18 15:00:00,,,,,,
2024-06-18 16:00:00,,,,,,
2024-06-18 17:00:00,,,,,,
2024-06-18 18:00:00,,,,,,
2024-06-18 19:00:00,,,,,,
2024-06-18 20:00:00,,,,,,
2024-06-18 21:00:00,,,,,,
2024-06-18 22:00:00,,,,,,
2024-06-18 23:00:00,,,,,,
2024-06-19 00:00:00,,,,,,
2024-06-19 01:00:00,,,,,,
2024-06-19 02:00:00,,,,,,
2024-06-19 03:00:00,,,,,,
2024-06-19 04:00:00,,,,,,
2024-06-19 05:00:00,,,,,,
2024-06-19 06:00:00,,,,,,
2024-06-19 07:00:00,,,,,,
2024-06-19 08:00:00,,,,,,
2024-06-19 09:00:00,,,,,,
2024-06-19 10:00:00,,,,,,
2024-06-19 11:00:00,,,,,,
2024-06-19 12:00:00,,,,,,
2024-06-19 13:00:00,,,,,,
2024-06-19 14:00:00,,,,,,
2024-06-19 15:00:00,,,,,,
2024-06-19 16:00:00,,,,,,
2024-06-19 17:00:00,,,,,,
2024-06-19 18:00:00,,,,,,
2024-06-19 19:00:00,,,,,,
2024-06-19 20:00:00,,,,,,
2024-06-19 21:00:00,,,,,,
2024-06-19 22:00:00,,,,,,
2024-06-19 23:00:00,,,,,,
2024-06-20 00:00:00,,,,,,
2024-06-20 01:00:00,,,,,,
2024-06-20 02:00:00,,,,,,
2024-06-20 03:00:00,,,,,,
2024-06-20 04:00:00,,,,,,
2024-06-20 05:00:00,,,,,,
2024-06-20 06:00:00,,,,,,
2024-06-20 07:00:00,,,,,,
2024-06-20 08:00:00,,,,,,
2024-06-20 09:00:00,,,,,,
2024-06-20 10:00:00,,,,,,
2024-06-20 11:00:00,,,,,,
2024-06-20 12:00:00,,,,,,
2024-06-20 13:00:00,,,,,,
2024-06-20 14:00:00,,,,,,
2024-06-20 15:00:00,,,,,,
2024-06-20 16:00:00,,,,,,
2024-06-20 17:00:00,,,,,,
2024-06-20 18:00:00,,,,,,
2024-06-20 19:00:00,,,,,,
2024-06-20 20:00:00,,,,,,
2024-06-20 21:00:00,,,,,,
2024-06-20 22:00:00,,,,,,
2024-06-20 23:00:00,,,,,,
2024-06-21 00:00:00,,,,,,
2024-06-21 01:00:00,,,,,,
2024-06-21 02:00:00,,,,,,
2024-06-21 03:00:00,,,,,,
2024-06-21 04:00:00,,,,,,
2024-06-21 05:00:00,,,,,,
2024-06-21 06:00:00,,,,,,
2024-06-21 07:00:00,,,,,,
2024-06-21 08:00:00,,,,,,
2024-06-21 09:00:00,,,,,,
2024-06-21 10:00:00,,,,,,
2024-06-21 11:00:00,,,,,,
2024-06-21 12:00:00,,,,,,
2024-06-21 13:00:00,,,,,,
2024-06-21 14:00:00,,,,,,
2024-06-21 15:00:00,,,,,,
2024-06-21 16:00:00,,,,,,
2024-06-21 17:00:00,,,,,,
2024-06-21 18:00:00,,,,,,
2024-06-21 19:00:00,,,,,,
2024-06-21 20:00:00,,,,,,
2024-06-21 21:00:00,,,,,,
2024-06-21 22:00:00,,,,,,
2024-06-21 23:00:00,,,,,,
2024-06-22 00:00:00,,,,,,
2024-06-22 01:00:00,,,,,,
2024-06-22 02:00:00,,,,,,
2024-06-22 03:00:00,,,,,,
2024-06-22 04:00:00,,,,,,
2024-06-22 05:00:00,,,,,,
2024-06-22 06:00:00,,,,,,
2024-06-22 07:00:00,,,,,,
2024-06-22 08:00:00,,,,,,
2024-06-22 09:00:00,,,,,,
2024-06-22 10:00:00,,,,,,
2024-06-22 11:00:00,,,,,,
2024-06-22 12:00:00,,,,,,
2024-06-22 13:00:00,,,,,,
2024-06-22 14:00:00,,,,,,
2024-06-22 15:00:00,,,,,,
2024-06-22 16:00:00,,,,,,
2024-06-22 17:00:00,,,,,,
2024-06-22 18:00:00,,,,,,
2024-06-22 19:00:00,,,,,,
2024-06-22 20:00:00,,,,,,
2024-06-22 21:00:00,,,,,,
2024-06-22 22:00:00,,,,,,
2024-06-22 23:00:00,,,,,,
2024-06-23 00:00:00,,,,,,
2024-06-23 01:00:00,,,,,,
2024-06-23 02:00:00,,,,,,
2024-06-23 03:00:00,,,,,,
2024-06-23 04:00:00,,,,,,
2024-06-23 05:00:00,,,,,,
2024-06-23 06:00:00,,,,,,
2024-06-23 07:00:00,,,,,,
2024-06-23 08:00:00,,,,,,
2024-06-23 09:00:00,,,,,,
2024-06-23 10:00:00,,,,,,
2024-06-23 11:00:00,,,,,,
2024-06-23 12:00:00,,,,,,
2024-06-23 13:00:00,,,,,,
2024-06-23 14:00:00,,,,,,
2024-06-23 15:00:00,,,,,,
2024-06-23 16:00:00,,,,,,
2024-06-23 17:00:00,,,,,,
2024-06-23 18:00:00,,,,,,
2024-06-23 19:00:00,,,,,,
2024-06-23 20:00:00,,,,,,
2024-06-23 21:00:00,,,,,,
2024-06-23 22:00:00,,,,,,
2024-06-23 23:00:00,,,,,,
2024-06-24 00:00:00,,,,,,
2024-06-24 01:00:00,,,,,,
2024-06-24 02:00:00,,,,,,
2024-06-24 03:00:00,,,,,,
2024-06-24 04:00:00,,,,,,
2024-06-24 05:00:00,,,,,,
2024-06-24 06:00:00,,,,,,
2024-06-24 07:00:00,,,,,,
2024-06-24 08:00:00,,,,,,
2024-06-24 09:00:00,,,,,,
2024-06-24 10:00:00,,,,,,
2024-06-24 11:00:00,,,,,,
2024-06-24 12:00:00,,,,,,
2024-06-24 13:00:00,,,,,,
2024-06-24 14:00:00,,,,,,
2024-06-24 15:00:00,,,,,,
2024-06-24 16:00:00,,,,,,
2024-06-24 17:00:00,,,,,,
2024-06-24 18:00:00,,,,,,
2024-06-24 19:00:00,,,,,,
2024-06-24 20:00:00,,,,,,
2024-06-24 21:00:00,,,,,,
2024-06-24 22:00:00,,,,,,
2024-06-24 23:00:00,,,,,,
2024-06-25 00:00:00,,,,,,
2024-06-25 01:00:00,,,,,,
2024-06-25 02:00:00,,,,,,
2024-06-25 03:00:00,,,,,,
2024-06-25 04:00:00,,,,,,
2024-06-25 05:00:00,,,,,,
2024-06-25 06:00:00,,,,,,
2024-06-25 07:00:00,,,,,,
2024-06-25 08:00:00,,,,,,
2024-06-25 09:00:00,,,,,,
2024-06-25 10:00:00,,,,,,
2024-06-25 11:00:00,,,,,,
2024-06-25 12:00:00,,,,,,
2024-06-25 13:00:00,,,,,,
2024-06-25 14:00:00,,,,,,
2024-06-25 15:00:00,,,,,,
2024-06-25 16:00:00,,,,,,
2024-06-25 17:00:00,,,,,,
2024-06-25 18:00:00,,,,,,
2024-06-25 19:00:00,,,,,,
2024-06-25 20:00:00,,,,,,
2024-06-25 21:00:00,,,,,,
2024-06-25 22:00:00,,,,,,
2024-06-25 23:00:00,,,,,,
2024-06-26 00:00:00,,,,,,
2024-06-26 01:00:00,,,,,,
2024-06-26 02:00:00,,,,,,
2024-06-26 03:00:00,,,,,,
2024-06-26 04:00:00,,,,,,
2024-06-26 05:00:00,,,,,,
2024-06-26 06:00:00,,,,,,
2024-06-26 07:00:00,,,,,,
2024-06-26 08:00:00,,,,,,
2024-06-26 09:00:00,,,,,,
2024-06-26 10:00:00,,,,,,
2024-06-26 11:00:00,,,,,,
2024-06-26 12:00:00,,,,,,
2024-06-26 13:00:00,,,,,,
2024-06-26 14:00:00,,,,,,
2024-06-26 15:00:00,,,,,,
2024-06-26 16:00:00,,,,,,
2024-06-26 17:00:00,,,,,,
2024-06-26 18:00:00,,,,,,
2024-06-26 19:00:00,,,,,,
2024-06-26 20:00:00,,,,,,
2024-06-26 21:00:00,,,,,,
2024-06-26 22:00:00,,,,,,
2024-06-26 23:00:00,,,,,,
2024-06-27 00:00:00,,,,,,
2024-06-27 01:00:00,,,,,,
2024-06-27 02:00:00,,,,,,
2024-06-27 03:00:00,,,,,,
2024-06-27 04:00:00,,,,,,
2024-06-27 05:00:00,,,,,,
2024-06-27 06:00:00,,,,,,
2024-06-27 07:00:00,,,,,,
2024-06-27 08:00:00,,,,,,
2024-06-27 09:00:00,,,,,,
2024-06-27 10:00:00,,,,,,
2024-06-27 11:00:00,,,,,,
2024-06-27 12:00:00,,,,,,
2024-06-27 13:00:00,,,,,,
2024-06-27 14:00:00,,,,,,
2024-06-27 15:00:00,,,,,,
2024-06-27 16:00:00,,,,,,
2024-06-27 17:00:00,,,,,,
2024-06-27 18:00:00,,,,,,
2024-06-27 19:00:00,,,,,,
2024-06-27 20:00:00,,,,,,
2024-06-27 21:00:00,,,,,,
2024-06-27 22:00:00,,,,,,
2024-06-27 23:00:00,,,,,,
2024-06-28 00:00:00,,,,,,
2024-06-28 01:00:00,,,,,,
2024-06-28 02:00:00,,,,,,
2024-06-28 03:00:00,,,,,,
2024-06-28 04:00:00,,,,,,
2024-06-28 05:00:00,,,,,,
2024-06-28 06:00:00,,,,,,
2024-06-28 07:00:00,,,,,,
2024-06-28 08:00:00,,,,,,
2024-06-28 09:00:00,,,,,,
2024-06-28 10:00:00,,,,,,
2024-06-28 11:00:00,,,,,,
2024-06-28 12:00:00,,,,,,
2024-06-28 13:00:00,,,,,,
2024-06-28 14:00:00,,,,,,
2024-06-28 15:00:00,,,,,,
2024-06-28 16:00:00,,,,,,
2024-06-28 17:00:00,,,,,,
2024-06-28 18:00:00,,,,,,
2024-06-28 19:00:00,,,,,,
2024-06-28 20:00:00,,,,,,
2024-06-28 21:00:00,,,,,,
2024-06-28 22:00:00,,,,,,
2024-06-28 23:00:00,,,,,,
2024-06-29 00:00:00,,,,,,
2024-06-29 01:00:00,,,,,,
2024-06-29 02:00:00,,,,,,
2024-06-29 03:00:00,,,,,,
2024-06-29 04:00:00,,,,,,
2024-06-29 05:00:00,,,,,,
2024-06-29 06:00:00,,,,,,
2024-06-29 07:00:00,,,,,,
2024-06-29 08:00:00,,,,,,
2024-06-29 09:00:00,,,,,,
2024-06-29 10:00:00,,,,,,
2024-06-29 11:00:00,,,,,,
2024-06-29 12:00:00,,,,,,
2024-06-29 13:00:00,,,,,,
2024-06-29 14:00:00,,,,,,
2024-06-29 15:00:00,,,,,,
2024-06-29 16:00:00,,,,,,
2024-06-29 17:00:00,,,,,,
2024-06-29 18:00:00,,,,,,
2024-06-29 19:00:00,,,,,,
2024-06-29 20:00:00,,,,,,
2024-06-29 21:00:00,,,,,,
2024-06-29 22:00:00,,,,,,
2024-06-29 23:00:00,,,,,,
2024-06-30 00:00:00,,,,,,
2024-06-30 01:00:00,,,,,,
2024-06-30 02:00:00,,,,,,
2024-06-30 03:00:00,,,,,,
2024-06-30 04:00:00,,,,,,
2024-06-30 05:00:00,,,,,,
2024-06-30 06:00:00,,,,,,
2024-06-30 07:00:00,,,,,,
2024-06-30 08:00:00,,,,,,
2024-06-30 09:00:00,,,,,,
2024-06-30 10:00:00,,,,,,
2024-06-30 11:00:00,,,,,,
2024-06-30 12:00:00,,,,,,
2024-06-30 13:00:00,,,,,,
2024-06-30 14:00:00,,,,,,
2024-06-30 15:00:00,,,,,,
2024-06-30 16:00:00,,,,,,
2024-06-30 17:00:00,,,,,,
2024-06-30 18:00:00,,,,,,
2024-06-30 19:00:00,,,,,,
2024-06-30 20:00:00,,,,,,
2024-06-30 21:00:00,,,,,,
2024-06-30 22:00:00,,,,,,
2024-06-30 23:00:00,,,,,,
2024-07-01 00:00:00,,,,,,
2024-07-01 01:00:00,,,,,,
2024-07-01 02:00:00,,,,,,
2024-07-01 03:00:00,,,,,,
2024-07-01 04:00:00,,,,,,
2024-07-01 05:00:00,,,,,,
2024-07-01 06:00:00,,,,,,
2024-07-01 07:00:00,,,,,,
2024-07-01 08:00:00,,,,,,
2024-07-01 09:00:00,,,,,,
2024-07-01 10:00:00,,,,,,
2024-07-01 11:00:00,,,,,,
2024-07-01 12:00:00,,,,,,
2024-07-01 13:00:00,,,,,,
2024-07-01 14:00:00,,,,,,
2024-07-01 15:00:00,,,,,,
2024-07-01 16:00:00,,,,,,
2024-07-01 17:00:00,,,,,,
2024-07-01 18:00:00,,,,,,
2024-07-01 19:00:00,,,,,,
2024-07-01 20:00:00,,,,,,
2024-07-01 21:00:00,,,,,,
2024-07-01 22:00:00,,,,,,
2024-07-01 23:00:00,,,,,,
2024-07-02 00:00:00,,,,,,
2024-07-02 01:00:00,,,,,,
2024-07-02 02:00:00,,,,,,
2024-07-02 03:00:00,,,,,,
2024-07-02 04:00:00,,,,,,
2024-07-02 05:00:00,,,,,,
2024-07-02 06:00:00,,,,,,
2024-07-02 07:00:00,,,,,,
2024-07-02 08:00:00,,,,,,
2024-07-02 09:00:00,,,,,,
2024-07-02 10:00:00,,,,,,
2024-07-02 11:00:00,,,,,,
2024-07-02 12:00:00,,,,,,
2024-07-02 13:00:00,,,,,,
2024-07-02 14:00:00,,,,,,
2024-07-02 15:00:00,,,,,,
2024-07-02 16:00:00,,,,,,
2024-07-02 17:00:00,,,,,,
2024-07-02 18:00:00,,,,,,
2024-07-02 19:00:00,,,,,,
2024-07-02 20:00:00,,,,,,
2024-07-02 21:00:00,,,,,,
2024-07-02 22:00:00,,,,,,
2024-07-02 23:00:00,,,,,,
2024-07-03 00:00:00,,,,,,
2024-07-03 01:00:00,,,,,,
2024-07-03 02:00:00,,,,,,
2024-07-03 03:00:00,,,,,,
2024-07-03 04:00:00,,,,,,
2024-07-03 05:00:00,,,,,,
2024-07-03 06:00:00,,,,,,
2024-07-03 07:00:00,,,,,,
2024-07-03 08:00:00,,,,,,
2024-07-03 09:00:00,,,,,,
2024-07-03 10:00:00,,,,,,
2024-07-03 11:00:00,,,,,,
2024-07-03 12:00:00,,,,,,
2024-07-03 13:00:00,,,,,,
2024-07-03 14:00:00,,,,,,
2024-07-03 15:00:00,,,,,,
2024-07-03 16:00:00,,,,,,
2024-07-03 17:00:00,,,,,,
2024-07-03 18:00:00,,,,,,
2024-07-03 19:00:00,,,,,,
2024-07-03 20:00:00,,,,,,
2024-07-03 21:00:00,,,,,,
2024-07-03 22:00:00,,,,,,
2024-07-03 23:00:00,,,,,,
2024-07-04 00:00:00,,,,,,
2024-07-04 01:00:00,,,,,,
2024-07-04 02:00:00,,,,,,
2024-07-04 03:00:00,,,,,,
2024-07-04 04:00:00,,,,,,
2024-07-04 05:00:00,,,,,,
2024-07-04 06:00:00,,,,,,
2024-07-04 07:00:00,,,,,,
2024-07-04 08:00:00,,,,,,
2024-07-04 09:00:00,,,,,,
2024-07-04 10:00:00,,,,,,
2024-07-04 11:00:00,,,,,,
2024-07-04 12:00:00,,,,,,
2024-07-04 13:00:00,,,,,,
2024-07-04 14:00:00,,,,,,
2024-07-04 15:00:00,,,,,,
2024-07-04 16:00:00,,,,,,
2024-07-04 17:00:00,,,,,,
2024-07-04 18:00:00,,,,,,
2024-07-04 19:00:00,,,,,,
2024-07-04 20:00:00,,,,,,
2024-07-04 21:00:00,,,,,,
2024-07-04 22:00:00,,,,,,
2024-07-04 23:00:00,,,,,,
2024-07-05 00:00:00,,,,,,
2024-07-05 01:00:00,,,,,,
2024-07-05 02:00:00,,,,,,
2024-07-05 03:00:00,,,,,,
2024-07-05 04:00:00,,,,,,
2024-07-05 05:00:00,,,,,,
2024-07-05 06:00:00,,,,,,
2024-07-05 07:00:00,,,,,,
2024-07-05 08:00:00,,,,,,
2024-07-05 09:00:00,,,,,,
2024-07-05 10:00:00,,,,,,
2024-07-05 11:00:00,,,,,,
2024-07-05 12:00:00,,,,,,
2024-07-05 13:00:00,,,,,,
2024-07-05 14:00:00,,,,,,
2024-07-05 15:00:00,,,,,,
2024-07-05 16:00:00,,,,,,
2024-07-05 17:00:00,,,,,,
2024-07-05 18:00:00,,,,,,
2024-07-05 19:00:00,,,,,,
2024-07-05 20:00:00,,,,,,
2024-07-05 21:00:00,,,,,,
2024-07-05 22:00:00,,,,,,
2024-07-05 23:00:00,,,,,,
2024-07-06 00:00:00,,,,,,
2024-07-06 01:00:00,,,,,,
2024-07-06 02:00:00,,,,,,
2024-07-06 03:00:00,,,,,,
2024-07-06 04:00:00,,,,,,
2024-07-06 05:00:00,,,,,,
2024-07-06 06:00:00,,,,,,
2024-07-06 07:00:00,,,,,,
2024-07-06 08:00:00,,,,,,
2024-07-06 09:00:00,,,,,,
2024-07-06 10:00:00,,,,,,
2024-07-06 11:00:00,,,,,,
2024-07-06 12:00:00,,,,,,
2024-07-06 13:00:00,,,,,,
2024-07-06 14:00:00,,,,,,
2024-07-06 15:00:00,,,,,,
2024-07-06 16:00:00,,,,,,
2024-07-06 17:00:00,,,,,,
2024-07-06 18:00:00,,,,,,
2024-07-06 19:00:00,,,,,,
2024-07-06 20:00:00,,,,,,
2024-07-06 21:00:00,,,,,,
2024-07-06 22:00:00,,,,,,
2024-07-06 23:00:00,,,,,,
2024-07-07 00:00:00,,,,,,
2024-07-07 01:00:00,,,,,,
2024-07-07 02:00:00,,,,,,
2024-07-07 03:00:00,,,,,,
2024-07-07 04:00:00,,,,,,
2024-07-07 05:00:00,,,,,,
2024-07-07 06:00:00,,,,,,
2024-07-07 07:00:00,,,,,,
2024-07-07 08:00:00,,,,,,
2024-07-07 09:00:00,,,,,,
2024-07-07 10:00:00,,,,,,
2024-07-07 11:00:00,,,,,,
2024-07-07 12:00:00,,,,,,
2024-07-07 13:00:00,,,,,,
2024-07-07 14:00:00,,,,,,
2024-07-07 15:00:00,,,,,,
2024-07-07 16:00:00,,,,,,
2024-07-07 17:00:00,,,,,,
2024-07-07 18:00:00,,,,,,
2024-07-07 19:00:00,,,,,,
2024-07-07 20:00:00,,,,,,
2024-07-07 21:00:00,,,,,,
2024-07-07 22:00:00,,,,,,
2024-07-07 23:00:00,,,,,,
2024-07-08 00:00:00,,,,,,
2024-07-08 01:00:00,,,,,,
2024-07-08 02:00:00,,,,,,
2024-07-08 03:00:00,,,,,,
2024-07-08 04:00:00,,,,,,
2024-07-08 05:00:00,,,,,,
2024-07-08 06:00:00,,,,,,
2024-07-08 07:00:00,,,,,,
2024-07-08 08:00:00,,,,,,
2024-07-08 09:00:00,,,,,,
2024-07-08 10:00:00,,,,,,
2024-07-08 11:00:00,,,,,,
2024-07-08 12:00:00,,,,,,
2024-07-08 13:00:00,,,,,,
2024-07-08 14:00:00,,,,,,
2024-07-08 15:00:00,,,,,,
2024-07-08 16:00:00,,,,,,
2024-07-08 17:00:00,,,,,,
2024-07-08 18:00:00,,,,,,
2024-07-08 19:00:00,,,,,,
2024-07-08 20:00:00,,,,,,
2024-07-08 21:00:00,,,,,,
2024-07-08 22:00:00,,,,,,
2024-07-08 23:00:00,,,,,,
2024-07-09 00:00:00,,,,,,
2024-07-09 01:00:00,,,,,,
2024-07-09 02:00:00,,,,,,
2024-07-09 03:00:00,,,,,,
2024-07-09 04:00:00,,,,,,
2024-07-09 05:00:00,,,,,,
2024-07-09 06:00:00,,,,,,
2024-07-09 07:00:00,,,,,,
2024-07-09 08:00:00,,,,,,
2024-07-09 09:00:00,,,,,,
2024-07-09 10:00:00,,,,,,
2024-07-09 11:00:00,,,,,,
2024-07-09 12:00:00,,,,,,
2024-07-09 13:00:00,,,,,,
2024-07-09 14:00:00,,,,,,
2024-07-09 15:00:00,,,,,,
2024-07-09 16:00:00,,,,,,
2024-07-09 17:00:00,,,,,,
2024-07-09 18:00:00,,,,,,
2024-07-09 19:00:00,,,,,,
2024-07-09 20:00:00,,,,,,
2024-07-09 21:00:00,,,,,,
2024-07-09 22:00:00,,,,,,
2024-07-09 23:00:00,,,,,,
2024-07-10 00:00:00,,,,,,
2024-07-10 01:00:00,,,,,,
2024-07-10 02:00:00,,,,,,
2024-07-10 03:00:00,,,,,,
2024-07-10 04:00:00,,,,,,
2024-07-10 05:00:00,,,,,,
2024-07-10 06:00:00,,,,,,
2024-07-10 07:00:00,,,,,,
2024-07-10 08:00:00,,,,,,
2024-07-10 09:00:00,,,,,,
2024-07-10 10:00:00,,,,,,
2024-07-10 11:00:00,,,,,,
2024-07-10 12:00:00,,,,,,
2024-07-10 13:00:00,,,,,,
2024-07-10 14:00:00,,,,,,
2024-07-10 15:00:00,,,,,,
2024-07-10 16:00:00,,,,,,
2024-07-10 17:00:00,,,,,,
2024-07-10 18:00:00,,,,,,
2024-07-10 19:00:00,,,,,,
2024-07-10 20:00:00,,,,,,
2024-07-10 21:00:00,,,,,,
2024-07-10 22:00:00,,,,,,
2024-07-10 23:00:00,,,,,,
2024-07-11 00:00:00,,,,,,
2024-07-11 01:00:00,,,,,,
2024-07-11 02:00:00,,,,,,
2024-07-11 03:00:00,,,,,,
2024-07-11 04:00:00,,,,,,
2024-07-11 05:00:00,,,,,,
2024-07-11 06:00:00,,,,,,
2024-07-11 07:00:00,,,,,,
2024-07-11 08:00:00,,,,,,
2024-07-11 09:00:00,,,,,,
2024-07-11 10:00:00,,,,,,
2024-07-11 11:00:00,,,,,,
2024-07-11 12:00:00,,,,,,
2024-07-11 13:00:00,,,,,,
2024-07-11 14:00:00,,,,,,
2024-07-11 15:00:00,,,,,,
2024-07-11 16:00:00,,,,,,
2024-07-11 17:00:00,,,,,,
2024-07-11 18:00:00,,,,,,
2024-07-11 19:00:00,,,,,,
2024-07-11 20:00:00,,,,,,
2024-07-11 21:00:00,,,,,,
2024-07-11 22:00:00,,,,,,
2024-07-11 23:00:00,,,,,,
2024-07-12 00:00:00,,,,,,
2024-07-12 01:00:00,,,,,,
2024-07-12 02:00:00,,,,,,
2024-07-12 03:00:00,,,,,,
2024-07-12 04:00:00,,,,,,
2024-07-12 05:00:00,,,,,,
2024-07-12 06:00:00,,,,,,
2024-07-12 07:00:00,,,,,,
2024-07-12 08:00:00,,,,,,
2024-07-12 09:00:00,,,,,,
2024-07-12 10:00:00,,,,,,
2024-07-12 11:00:00,,,,,,
2024-07-12 12:00:00,,,,,,
2024-07-12 13:00:00,,,,,,
2024-07-12 14:00:00,,,,,,
2024-07-12 15:00:00,,,,,,
2024-07-12 16:00:00,,,,,,
2024-07-12 17:00:00,,,,,,
2024-07-12 18:00:00,,,,,,
2024-07-12 19:00:00,,,,,,
2024-07-12 20:00:00,,,,,,
2024-07-12 21:00:00,,,,,,
2024-07-12 22:00:00,,,,,,
2024-07-12 23:00:00,,,,,,
2024-07-13 00:00:00,,,,,,
2024-07-13 01:00:00,,,,,,
2024-07-13 02:00:00,,,,,,
2024-07-13 03:00:00,,,,,,
2024-07-13 04:00:00,,,,,,
2024-07-13 05:00:00,,,,,,
2024-07-13 06:00:00,,,,,,
2024-07-13 07:00:00,,,,,,
2024-07-13 08:00:00,,,,,,
2024-07-13 09:00:00,,,,,,
2024-07-13 10:00:00,,,,,,
2024-07-13 11:00:00,,,,,,
2024-07-13 12:00:00,,,,,,
2024-07-13 13:00:00,,,,,,
2024-07-13 14:00:00,,,,,,
2024-07-13 15:00:00,,,,,,
2024-07-13 16:00:00,,,,,,
2024-07-13 17:00:00,,,,,,
2024-07-13 18:00:00,,,,,,
2024-07-13 19:00:00,,,,,,
2024-07-13 20:00:00,,,,,,
2024-07-13 21:00:00,,,,,,
2024-07-13 22:00:00,,,,,,
2024-07-13 23:00:00,,,,,,
2024-07-14 00:00:00,,,,,,
2024-07-14 01:00:00,,,,,,
2024-07-14 02:00:00,,,,,,
2024-07-14 03:00:00,,,,,,
2024-07-14 04:00:00,,,,,,
2024-07-14 05:00:00,,,,,,
2024-07-14 06:00:00,,,,,,
2024-07-14 07:00:00,,,,,,
2024-07-14 08:00:00,,,,,,
2024-07-14 09:00:00,,,,,,
2024-07-14 10:00:00,,,,,,
2024-07-14 11:00:00,,,,,,
2024-07-14 12:00:00,,,,,,
2024-07-14 13:00:00,,,,,,
2024-07-14 14:00:00,,,,,,
2024-07-14 15:00:00,,,,,,
2024-07-14 16:00:00,,,,,,
2024-07-14 17:00:00,,,,,,
2024-07-14 18:00:00,,,,,,
2024-07-14 19:00:00,,,,,,
2024-07-14 20:00:00,,,,,,
2024-07-14 21:00:00,,,,,,
2024-07-14 22:00:00,,,,,,
2024-07-14 23:00:00,,,,,,
2024-07-15 00:00:00,,,,,,
2024-07-15 01:00:00,,,,,,
2024-07-15 02:00:00,,,,,,
2024-07-15 03:00:00,,,,,,
2024-07-15 04:00:00,,,,,,
2024-07-15 05:00:00,,,,,,
2024-07-15 06:00:00,,,,,,
2024-07-15 07:00:00,,,,,,
2024-07-15 08:00:00,,,,,,
2024-07-15 09:00:00,,,,,,
2024-07-15 10:00:00,,,,,,
2024-07-15 11:00:00,,,,,,
2024-07-15 12:00:00,,,,,,
2024-07-15 13:00:00,,,,,,
2024-07-15 14:00:00,,,,,,
2024-07-15 15:00:00,,,,,,
2024-07-15 16:00:00,,,,,,
2024-07-15 17:00:00,,,,,,
2024-07-15 18:00:00,,,,,,
2024-07-15 19:00:00,,,,,,
2024-07-15 20:00:00,,,,,,
2024-07-15 21:00:00,,,,,,
2024-07-15 22:00:00,,,,,,
2024-07-15 23:00:00,,,,,,
2024-07-16 00:00:00,,,,,,
2024-07-16 01:00:00,,,,,,
2024-07-16 02:00:00,,,,,,
2024-07-16 03:00:00,,,,,,
2024-07-16 04:00:00,,,,,,
2024-07-16 05:00:00,,,,,,
2024-07-16 06:00:00,,,,,,
2024-07-16 07:00:00,,,,,,
2024-07-16 08:00:00,,,,,,
2024-07-16 09:00:00,,,,,,
2024-07-16 10:00:00,,,,,,
2024-07-16 11:00:00,,,,,,
2024-07-16 12:00:00,,,,,,
2024-07-16 13:00:00,,,,,,
2024-07-16 14:00:00,,,,,,
2024-07-16 15:00:00,,,,,,
2024-07-16 16:00:00,,,,,,
2024-07-16 17:00:00,,,,,,
2024-07-16 18:00:00,,,,,,
2024-07-16 19:00:00,,,,,,
2024-07-16 20:00:00,,,,,,
2024-07-16 21:00:00,,,,,,
2024-07-16 22:00:00,,,,,,
2024-07-16 23:00:00,,,,,,
2024-07-17 00:00:00,,,,,,
2024-07-17 01:00:00,,,,,,
2024-07-17 02:00:00,,,,,,
2024-07-17 03:00:00,,,,,,
2024-07-17 04:00:00,,,,,,
2024-07-17 05:00:00,,,,,,
2024-07-17 06:00:00,,,,,,
2024-07-17 07:00:00,,,,,,
2024-07-17 08:00:00,,,,,,
2024-07-17 09:00:00,,,,,,
2024-07-17 10:00:00,,,,,,
2024-07-17 11:00:00,,,,,,
2024-07-17 12:00:00,,,,,,
2024-07-17 13:00:00,,,,,,
2024-07-17 14:00:00,,,,,,
2024-07-17 15:00:00,,,,,,
2024-07-17 16:00:00,,,,,,
2024-07-17 17:00:00,,,,,,
2024-07-17 18:00:00,,,,,,
2024-07-17 19:00:00,,,,,,
2024-07-17 20:00:00,,,,,,
2024-07-17 21:00:00,,,,,,
2024-07-17 22:00:00,,,,,,
2024-07-17 23:00:00,,,,,,
2024-07-18 00:00:00,,,,,,
2024-07-18 01:00:00,,,,,,
2024-07-18 02:00:00,,,,,,
2024-07-18 03:00:00,,,,,,
2024-07-18 04:00:00,,,,,,
2024-07-18 05:00:00,,,,,,
2024-07-18 06:00:00,,,,,,
2024-07-18 07:00:00,,,,,,
2024-07-18 08:00:00,,,,,,
2024-07-18 09:00:00,,,,,,
2024-07-18 10:00:00,,,,,,
2024-07-18 11:00:00,,,,,,
2024-07-18 12:00:00,,,,,,
2024-07-18 13:00:00,,,,,,
2024-07-18 14:00:00,,,,,,
2024-07-18 15:00:00,,,,,,
2024-07-18 16:00:00,,,,,,
2024-07-18 17:00:00,,,,,,
2024-07-18 18:00:00,,,,,,
2024-07-18 19:00:00,,,,,,
2024-07-18 20:00:00,,,,,,
2024-07-18 21:00:00,,,,,,
2024-07-18 22:00:00,,,,,,
2024-07-18 23:00:00,,,,,,
2024-07-19 00:00:00,,,,,,
2024-07-19 01:00:00,,,,,,
2024-07-19 02:00:00,,,,,,
2024-07-19 03:00:00,,,,,,
2024-07-19 04:00:00,,,,,,
2024-07-19 05:00:00,,,,,,
2024-07-19 06:00:00,,,,,,
2024-07-19 07:00:00,,,,,,
2024-07-19 08:00:00,,,,,,
2024-07-19 09:00:00,,,,,,
2024-07-19 10:00:00,,,,,,
2024-07-19 11:00:00,,,,,,
2024-07-19 12:00:00,,,,,,
2024-07-19 13:00:00,,,,,,
2024-07-19 14:00:00,,,,,,
2024-07-19 15:00:00,,,,,,
2024-07-19 16:00:00,,,,,,
2024-07-19 17:00:00,,,,,,
2024-07-19 18:00:00,,,,,,
2024-07-19 19:00:00,,,,,,
2024-07-19 20:00:00,,,,,,
2024-07-19 21:00:00,,,,,,
2024-07-19 22:00:00,,,,,,
2024-07-19 23:00:00,,,,,,
2024-07-20 00:00:00,,,,,,
2024-07-20 01:00:00,,,,,,
2024-07-20 02:00:00,,,,,,
2024-07-20 03:00:00,,,,,,
2024-07-20 04:00:00,,,,,,
2024-07-20 05:00:00,,,,,,
2024-07-20 06:00:00,,,,,,
2024-07-20 07:00:00,,,,,,
2024-07-20 08:00:00,,,,,,
2024-07-20 09:00:00,,,,,,
2024-07-20 10:00:00,,,,,,
2024-07-20 11:00:00,,,,,,
2024-07-20 12:00:00,,,,,,
2024-07-20 13:00:00,,,,,,
2024-07-20 14:00:00,,,,,,
2024-07-20 15:00:00,,,,,,
2024-07-20 16:00:00,,,,,,
2024-07-20 17:00:00,,,,,,
2024-07-20 18:00:00,,,,,,
2024-07-20 19:00:00,,,,,,
2024-07-20 20:00:00,,,,,,
2024-07-20 21:00:00,,,,,,
2024-07-20 22:00:00,,,,,,
2024-07-20 23:00:00,,,,,,
2024-07-21 00:00:00,,,,,,
2024-07-21 01:00:00,,,,,,
2024-07-21 02:00:00,,,,,,
2024-07-21 03:00:00,,,,,,
2024-07-21 04:00:00,,,,,,
2024-07-21 05:00:00,,,,,,
2024-07-21 06:00:00,,,,,,
2024-07-21 07:00:00,,,,,,
2024-07-21 08:00:00,,,,,,
2024-07-21 09:00:00,,,,,,
2024-07-21 10:00:00,,,,,,
2024-07-21 11:00:00,,,,,,
2024-07-21 12:00:00,,,,,,
2024-07-21 13:00:00,,,,,,
2024-07-21 14:00:00,,,,,,
2024-07-21 15:00:00,,,,,,
2024-07-21 16:00:00,,,,,,
2024-07-21 17:00:00,,,,,,
2024-07-21 18:00:00,,,,,,
2024-07-21 19:00:00,,,,,,
2024-07-21 20:00:00,,,,,,
2024-07-21 21:00:00,,,,,,
2024-07-21 22:00:00,,,,,,
2024-07-21 23:00:00,,,,,,
2024-07-22 00:00:00,,,,,,
2024-07-22 01:00:00,,,,,,
2024-07-22 02:00:00,,,,,,
2024-07-22 03:00:00,,,,,,
2024-07-22 04:00:00,,,,,,
2024-07-22 05:00:00,,,,,,
2024-07-22 06:00:00,,,,,,
2024-07-22 07:00:00,,,,,,
2024-07-22 08:00:00,,,,,,
2024-07-22 09:00:00,,,,,,
2024-07-22 10:00:00,,,,,,
2024-07-22 11:00:00,,,,,,
2024-07-22 12:00:00,,,,,,
2024-07-22 13:00:00,,,,,,
2024-07-22 14:00:00,,,,,,
2024-07-22 15:00:00,,,,,,
2024-07-22 16:00:00,,,,,,
2024-07-22 17:00:00,,,,,,
2024-07-22 18:00:00,,,,,,
2024-07-22 19:00:00,,,,,,
2024-07-22 20:00:00,,,,,,
2024-07-22 21:00:00,,,,,,
2024-07-22 22:00:00,,,,,,
2024-07-22 23:00:00,,,,,,
2024-07-23 00:00:00,,,,,,
2024-07-23 01:00:00,,,,,,
2024-07-23 02:00:00,,,,,,
2024-07-23 03:00:00,,,,,,
2024-07-23 04:00:00,,,,,,
2024-07-23 05:00:00,,,,,,
2024-07-23 06:00:00,,,,,,
2024-07-23 07:00:00,,,,,,
2024-07-23 08:00:00,,,,,,
2024-07-23 09:00:00,,,,,,
2024-07-23 10:00:00,,,,,,
2024-07-23 11:00:00,,,,,,
2024-07-23 12:00:00,,,,,,
2024-07-23 13:00:00,,,,,,
2024-07-23 14:00:00,,,,,,
2024-07-23 15:00:00,,,,,,
2024-07-23 16:00:00,,,,,,
2024-07-23 17:00:00,,,,,,
2024-07-23 18:00:00,,,,,,
2024-07-23 19:00:00,,,,,,
2024-07-23 20:00:00,,,,,,
2024-07-23 21:00:00,,,,,,
2024-07-23 22:00:00,,,,,,
2024-07-23 23:00:00,,,,,,
2024-07-24 00:00:00,,,,,,
2024-07-24 01:00:00,,,,,,
2024-07-24 02:00:00,,,,,,
2024-07-24 03:00:00,,,,,,
2024-07-24 04:00:00,,,,,,
2024-07-24 05:00:00,,,,,,
2024-07-24 06:00:00,,,,,,
2024-07-24 07:00:00,,,,,,
2024-07-24 08:00:00,,,,,,
2024-07-24 09:00:00,,,,,,
2024-07-24 10:00:00,,,,,,
2024-07-24 11:00:00,,,,,,
2024-07-24 12:00:00,,,,,,
2024-07-24 13:00:00,,,,,,
2024-07-24 14:00:00,,,,,,
2024-07-24 15:00:00,,,,,,
2024-07-24 16:00:00,,,,,,
2024-07-24 17:00:00,,,,,,
2024-07-24 18:00:00,,,,,,
2024-07-24 19:00:00,,,,,,
2024-07-24 20:00:00,,,,,,
2024-07-24 21:00:00,,,,,,
2024-07-24 22:00:00,,,,,,
2024-07-24 23:00:00,,,,,,
2024-07-25 00:00:00,,,,,,
2024-07-25 01:00:00,,,,,,
2024-07-25 02:00:00,,,,,,
2024-07-25 03:00:00,,,,,,
2024-07-25 04:00:00,,,,,,
2024-07-25 05:00:00,,,,,,
2024-07-25 06:00:00,,,,,,
2024-07-25 07:00:00,,,,,,
2024-07-25 08:00:00,,,,,,
2024-07-25 09:00:00,,,,,,
2024-07-25 10:00:00,,,,,,
2024-07-25 11:00:00,,,,,,
2024-07-25 12:00:00,,,,,,
2024-07-25 13:00:00,,,,,,
2024-07-25 14:00:00,,,,,,
2024-07-25 15:00:00,,,,,,
2024-07-25 16:00:00,,,,,,
2024-07-25 17:00:00,,,,,,
2024-07-25 18:00:00,,,,,,
2024-07-25 19:00:00,,,,,,
2024-07-25 20:00:00,,,,,,
2024-07-25 21:00:00,,,,,,
2024-07-25 22:00:00,,,,,,
2024-07-25 23:00:00,,,,,,
2024-07-26 00:00:00,,,,,,
2024-07-26 01:00:00,,,,,,
2024-07-26 02:00:00,,,,,,
2024-07-26 03:00:00,,,,,,
2024-07-26 04:00:00,,,,,,
2024-07-26 05:00:00,,,,,,
2024-07-26 06:00:00,,,,,,
2024-07-26 07:00:00,,,,,,
2024-07-26 08:00:00,,,,,,
2024-07-26 09:00:00,,,,,,
2024-07-26 10:00:00,,,,,,
2024-07-26 11:00:00,,,,,,
2024-07-26 12:00:00,,,,,,
2024-07-26 13:00:00,,,,,,
2024-07-26 14:00:00,,,,,,
2024-07-26 15:00:00,,,,,,
2024-07-26 16:00:00,,,,,,
2024-07-26 17:00:00,,,,,,
2024-07-26 18:00:00,,,,,,
2024-07-26 19:00:00,,,,,,
2024-07-26 20:00:00,,,,,,
2024-07-26 21:00:00,,,,,,
2024-07-26 22:00:00,,,,,,
2024-07-26 23:00:00,,,,,,
2024-07-27 00:00:00,,,,,,
2024-07-27 01:00:00,,,,,,
2024-07-27 02:00:00,,,,,,
2024-07-27 03:00:00,,,,,,
2024-07-27 04:00:00,,,,,,
2024-07-27 05:00:00,,,,,,
2024-07-27 06:00:00,,,,,,
2024-07-27 07:00:00,,,,,,
2024-07-27 08:00:00,,,,,,
2024-07-27 09:00:00,,,,,,
2024-07-27 10:00:00,,,,,,
2024-07-27 11:00:00,,,,,,
2024-07-27 12:00:00,,,,,,
2024-07-27 13:00:00,,,,,,
2024-07-27 14:00:00,,,,,,
2024-07-27 15:00:00,,,,,,
2024-07-27 16:00:00,,,,,,
2024-07-27 17:00:00,,,,,,
2024-07-27 18:00:00,,,,,,
2024-07-27 19:00:00,,,,,,
2024-07-27 20:00:00,,,,,,
2024-07-27 21:00:00,,,,,,
2024-07-27 22:00:00,,,,,,
2024-07-27 23:00:00,,,,,,
2024-07-28 00:00:00,,,,,,
2024-07-28 01:00:00,,,,,,
2024-07-28 02:00:00,,,,,,
2024-07-28 03:00:00,,,,,,
2024-07-28 04:00:00,,,,,,
2024-07-28 05:00:00,,,,,,
2024-07-28 06:00:00,,,,,,
2024-07-28 07:00:00,,,,,,
2024-07-28 08:00:00,,,,,,
2024-07-28 09:00:00,,,,,,
2024-07-28 10:00:00,,,,,,
2024-07-28 11:00:00,,,,,,
2024-07-28 12:00:00,,,,,,
2024-07-28 13:00:00,,,,,,
2024-07-28 14:00:00,,,,,,
2024-07-28 15:00:00,,,,,,
2024-07-28 16:00:00,,,,,,
2024-07-28 17:00:00,,,,,,
2024-07-28 18:00:00,,,,,,
2024-07-28 19:00:00,,,,,,
2024-07-28 20:00:00,,,,,,
2024-07-28 21:00:00,,,,,,
2024-07-28 22:00:00,,,,,,
2024-07-28 23:00:00,,,,,,
2024-07-29 00:00:00,,,,,,
2024-07-29 01:00:00,,,,,,
2024-07-29 02:00:00,,,,,,
2024-07-29 03:00:00,,,,,,
2024-07-29 04:00:00,,,,,,
2024-07-29 05:00:00,,,,,,
2024-07-29 06:00:00,,,,,,
2024-07-29 07:00:00,,,,,,
2024-07-29 08:00:00,,,,,,
2024-07-29 09:00:00,,,,,,
2024-07-29 10:00:00,,,,,,
2024-07-29 11:00:00,,,,,,
2024-07-29 12:00:00,,,,,,
2024-07-29 13:00:00,,,,,,
2024-07-29 14:00:00,,,,,,
2024-07-29 15:00:00,,,,,,
2024-07-29 16:00:00,,,,,,
2024-07-29 17:00:00,,,,,,
2024-07-29 18:00:00,,,,,,
2024-07-29 19:00:00,,,,,,
2024-07-29 20:00:00,,,,,,
2024-07-29 21:00:00,,,,,,
2024-07-29 22:00:00,,,,,,
2024-07-29 23:00:00,,,,,,
2024-07-30 00:00:00,,,,,,
2024-07-30 01:00:00,,,,,,
2024-07-30 02:00:00,,,,,,
2024-07-30 03:00:00,,,,,,
2024-07-30 04:00:00,,,,,,
2024-07-30 05:00:00,,,,,,
2024-07-30 06:00:00,,,,,,
2024-07-30 07:00:00,,,,,,
2024-07-30 08:00:00,,,,,,
2024-07-30 09:00:00,,,,,,
2024-07-30 10:00:00,,,,,,
2024-07-30 11:00:00,,,,,,
2024-07-30 12:00:00,,,,,,
2024-07-30 13:00:00,,,,,,
2024-07-30 14:00:00,,,,,,
2024-07-30 15:00:00,,,,,,
2024-07-30 16:00:00,,,,,,
2024-07-30 17:00:00,,,,,,
2024-07-30 18:00:00,,,,,,
2024-07-30 19:00:00,,,,,,
2024-07-30 20:00:00,,,,,,
2024-07-30 21:00:00,,,,,,
2024-07-30 22:00:00,,,,,,
2024-07-30 23:00:00,,,,,,
2024-07-31 00:00:00,,,,,,
2024-07-31 01:00:00,,,,,,
2024-07-31 02:00:00,,,,,,
2024-07-31 03:00:00,,,,,,
2024-07-31 04:00:00,,,,,,
2024-07-31 05:00:00,,,,,,
2024-07-31 06:00:00,,,,,,
2024-07-31 07:00:00,,,,,,
2024-07-31 08:00:00,,,,,,
2024-07-31 09:00:00,,,,,,
2024-07-31 10:00:00,,,,,,
2024-07-31 11:00:00,,,,,,
2024-07-31 12:00:00,,,,,,
2024-07-31 13:00:00,,,,,,
2024-07-31 14:00:00,,,,,,
2024-07-31 15:00:00,,,,,,
2024-07-31 16:00:00,,,,,,
2024-07-31 17:00:00,,,,,,
2024-07-31 18:00:00,,,,,,
2024-07-31 19:00:00,,,,,,
2024-07-31 20:00:00,,,,,,
2024-07-31 21:00:00,,,,,,
2024-07-31 22:00:00,,,,,,
2024-07-31 23:00:00,,,,,,
2024-08-01 00:00:00,,,,,,
2024-08-01 01:00:00,,,,,,
2024-08-01 02:00:00,,,,,,
2024-08-01 03:00:00,,,,,,
2024-08-01 04:00:00,,,,,,
2024-08-01 05:00:00,,,,,,
2024-08-01 06:00:00,,,,,,
2024-08-01 07:00:00,,,,,,
2024-08-01 08:00:00,,,,,,
2024-08-01 09:00:00,,,,,,
2024-08-01 10:00:00,,,,,,
2024-08-01 11:00:00,,,,,,
2024-08-01 12:00:00,,,,,,
2024-08-01 13:00:00,,,,,,
2024-08-01 14:00:00,,,,,,
2024-08-01 15:00:00,,,,,,
2024-08-01 16:00:00,,,,,,
2024-08-01 17:00:00,,,,,,
2024-08-01 18:00:00,,,,,,
2024-08-01 19:00:00,,,,,,
2024-08-01 20:00:00,,,,,,
2024-08-01 21:00:00,,,,,,
2024-08-01 22:00:00,,,,,,
2024-08-01 23:00:00,,,,,,
2024-08-02 00:00:00,,,,,,
2024-08-02 01:00:00,,,,,,
2024-08-02 02:00:00,,,,,,
2024-08-02 03:00:00,,,,,,
2024-08-02 04:00:00,,,,,,
2024-08-02 05:00:00,,,,,,
2024-08-02 06:00:00,,,,,,
2024-08-02 07:00:00,,,,,,
2024-08-02 08:00:00,,,,,,
2024-08-02 09:00:00,,,,,,
2024-08-02 10:00:00,,,,,,
2024-08-02 11:00:00,,,,,,
2024-08-02 12:00:00,,,,,,
2024-08-02 13:00:00,,,,,,
2024-08-02 14:00:00,,,,,,
2024-08-02 15:00:00,,,,,,
2024-08-02 16:00:00,,,,,,
2024-08-02 17:00:00,,,,,,
2024-08-02 18:00:00,,,,,,
2024-08-02 19:00:00,,,,,,
2024-08-02 20:00:00,,,,,,
2024-08-02 21:00:00,,,,,,
2024-08-02 22:00:00,,,,,,
2024-08-02 23:00:00,,,,,,
2024-08-03 00:00:00,,,,,,
2024-08-03 01:00:00,,,,,,
2024-08-03 02:00:00,,,,,,
2024-08-03 03:00:00,,,,,,
2024-08-03 04:00:00,,,,,,
2024-08-03 05:00:00,,,,,,
2024-08-03 06:00:00,,,,,,
2024-08-03 07:00:00,,,,,,
2024-08-03 08:00:00,,,,,,
2024-08-03 09:00:00,,,,,,
2024-08-03 10:00:00,,,,,,
2024-08-03 11:00:00,,,,,,
2024-08-03 12:00:00,,,,,,
2024-08-03 13:00:00,,,,,,
2024-08-03 14:00:00,,,,,,
2024-08-03 15:00:00,,,,,,
2024-08-03 16:00:00,,,,,,
2024-08-03 17:00:00,,,,,,
2024-08-03 18:00:00,,,,,,
2024-08-03 19:00:00,,,,,,
2024-08-03 20:00:00,,,,,,
2024-08-03 21:00:00,,,,,,
2024-08-03 22:00:00,,,,,,
2024-08-03 23:00:00,,,,,,
2024-08-04 00:00:00,,,,,,
2024-08-04 01:00:00,,,,,,
2024-08-04 02:00:00,,,,,,
2024-08-04 03:00:00,,,,,,
2024-08-04 04:00:00,,,,,,
2024-08-04 05:00:00,,,,,,
2024-08-04 06:00:00,,,,,,
2024-08-04 07:00:00,,,,,,
2024-08-04 08:00:00,,,,,,
2024-08-04 09:00:00,,,,,,
2024-08-04 10:00:00,,,,,,
2024-08-04 11:00:00,,,,,,
2024-08-04 12:00:00,,,,,,
2024-08-04 13:00:00,,,,,,
2024-08-04 14:00:00,,,,,,
2024-08-04 15:00:00,,,,,,
2024-08-04 16:00:00,,,,,,
2024-08-04 17:00:00,,,,,,
2024-08-04 18:00:00,,,,,,
2024-08-04 19:00:00,,,,,,
2024-08-04 20:00:00,,,,,,
2024-08-04 21:00:00,,,,,,
2024-08-04 22:00:00,,,,,,
2024-08-04 23:00:00,,,,,,
2024-08-05 00:00:00,,,,,,
2024-08-05 01:00:00,,,,,,
2024-08-05 02:00:00,,,,,,
2024-08-05 03:00:00,,,,,,
2024-08-05 04:00:00,,,,,,
2024-08-05 05:00:00,,,,,,
2024-08-05 06:00:00,,,,,,
2024-08-05 07:00:00,,,,,,
2024-08-05 08:00:00,,,,,,
2024-08-05 09:00:00,,,,,,
2024-08-05 10:00:00,,,,,,
2024-08-05 11:00:00,,,,,,
2024-08-05 12:00:00,,,,,,
2024-08-05 13:00:00,,,,,,
2024-08-05 14:00:00,,,,,,
2024-08-05 15:00:00,,,,,,
2024-08-05 16:00:00,,,,,,
2024-08-05 17:00:00,,,,,,
2024-08-05 18:00:00,,,,,,
2024-08-05 19:00:00,,,,,,
2024-08-05 20:00:00,,,,,,
2024-08-05 21:00:00,,,,,,
2024-08-05 22:00:00,,,,,,
2024-08-05 23:00:00,,,,,,
2024-08-06 00:00:00,,,,,,
2024-08-06 01:00:00,,,,,,
2024-08-06 02:00:00,,,,,,
2024-08-06 03:00:00,,,,,,
2024-08-06 04:00:00,,,,,,
2024-08-06 05:00:00,,,,,,
2024-08-06 06:00:00,,,,,,
2024-08-06 07:00:00,,,,,,
2024-08-06 08:00:00,,,,,,
2024-08-06 09:00:00,0.8,,,,284.0,
2024-08-06 10:00:00,0.6,,,,338.0,
2024-08-06 11:00:00,1.0,,,,36.0,
2024-08-06 12:00:00,1.2,,,,73.0,
2024-08-06 13:00:00,1.1,,,,95.0,
2024-08-06 14:00:00,1.0,,,,184.0,
2024-08-06 15:00:00,1.5,,,,108.0,
2024-08-06 16:00:00,0.4,,,,106.0,
2024-08-06 17:00:00,0.6,,,,279.0,
2024-08-06 18:00:00,1.1,,,,254.0,
2024-08-06 19:00:00,1.1,,,,253.0,
2024-08-06 20:00:00,1.4,,,,252.0,
2024-08-06 21:00:00,1.6,,,,255.0,
2024-08-06 22:00:00,1.8,,,,250.0,
2024-08-06 23:00:00,1.7,,,,253.0,
2024-08-07 00:00:00,1.8,,,,252.0,
2024-08-07 01:00:00,1.7,,,,249.0,
2024-08-07 02:00:00,1.8,,,,245.0,
2024-08-07 03:00:00,1.8,,,,247.0,
2024-08-07 04:00:00,1.8,,,,247.0,
2024-08-07 05:00:00,1.8,,,,243.0,
2024-08-07 06:00:00,1.7,,,,243.0,
2024-08-07 07:00:00,1.3,,,,243.0,
2024-08-07 08:00:00,1.1,,,,246.0,
2024-08-07 09:00:00,0.8,0.9,,,252.0,260.0
2024-08-07 10:00:00,0.8,0.9,,,270.0,264.0
2024-08-07 11:00:00,0.8,1.1,,,275.0,265.0
2024-08-07 12:00:00,0.9,1.5,,,276.0,260.0
2024-08-07 13:00:00,0.8,1.8,,,235.0,258.0
2024-08-07 14:00:00,0.9,1.8,,,207.0,257.0
2024-08-07 15:00:00,0.9,1.6,,,209.0,250.0
2024-08-07 16:00:00,1.3,1.7,,,232.0,253.0
2024-08-07 17:00:00,1.7,1.9,,,248.0,255.0
2024-08-07 18:00:00,2.3,2.0,,,262.0,258.0
2024-08-07 19:00:00,1.4,1.8,,,254.0,254.0
2024-08-07 20:00:00,1.3,1.6,,,254.0,249.0
2024-08-07 21:00:00,1.3,1.4,,,254.0,245.0
2024-08-07 22:00:00,1.3,1.4,,,236.0,245.0
2024-08-07 23:00:00,1.5,1.6,,,239.0,246.0
2024-08-08 00:00:00,1.6,1.7,,,242.0,246.0
2024-08-08 01:00:00,1.6,1.8,,,249.0,245.0
2024-08-08 02:00:00,1.6,2.0,,,247.0,243.0
2024-08-08 03:00:00,1.6,2.1,,,250.0,242.0
2024-08-08 04:00:00,1.6,2.1,,,250.0,243.0
2024-08-08 05:00:00,1.6,2.1,,,250.0,245.0
2024-08-08 06:00:00,1.6,2.0,,,246.0,246.0
2024-08-08 07:00:00,1.4,1.7,,,246.0,260.0
2024-08-08 08:00:00,1.6,1.4,,,258.0,273.0
2024-08-08 09:00:00,1.3,0.9,,,267.0,272.0
2024-08-08 10:00:00,1.0,1.1,,,275.0,280.0
2024-08-08 11:00:00,0.8,1.2,,,292.0,288.0
2024-08-08 12:00:00,0.3,1.1,,,306.0,299.0
2024-08-08 13:00:00,0.6,0.9,,,336.0,328.0
2024-08-08 14:00:00,0.1,0.6,,,333.0,345.0
2024-08-08 15:00:00,0.4,0.4,,,81.0,39.0
2024-08-08 16:00:00,0.8,0.6,,,59.0,52.0
2024-08-08 17:00:00,,0.9,62.4,,62.0,
2024-08-08 18:00:00,,1.1,53.1,,53.0,
2024-08-08 19:00:00,,0.9,108.4,,108.0,
2024-08-08 20:00:00,,0.5,246.5,,247.0,
2024-08-08 21:00:00,,0.3,266.6,,267.0,
2024-08-08 22:00:00,,0.7,261.9,,262.0,
2024-08-08 23:00:00,,1.3,266.8,,267.0,
2024-08-09 00:00:00,,1.8,260.0,,260.0,
2024-08-09 01:00:00,,1.9,251.0,,251.0,
2024-08-09 02:00:00,,1.9,249.3,,249.0,
2024-08-09 03:00:00,,1.9,250.0,,250.0,
2024-08-09 04:00:00,,2.0,244.4,,244.0,
2024-08-09 05:00:00,,2.0,237.5,,238.0,
2024-08-09 06:00:00,,1.9,245.3,,245.0,
2024-08-09 07:00:00,,1.5,255.9,,256.0,
2024-08-09 08:00:00,,1.0,267.9,,268.0,
2024-08-09 09:00:00,,1.4,5.7,,6.0,
2024-08-09 10:00:00,,1.6,47.9,,48.0,
2024-08-09 11:00:00,,1.8,65.7,,66.0,
2024-08-09 12:00:00,,1.9,80.9,,81.0,
2024-08-09 13:00:00,,2.4,74.4,,74.0,
2024-08-09 14:00:00,,2.7,69.5,,70.0,
2024-08-09 15:00:00,,2.6,76.4,,76.0,
2024-08-09 16:00:00,,2.3,74.5,,75.0,
2024-08-09 17:00:00,,1.8,76.8,,77.0,
2024-08-09 18:00:00,,1.4,80.6,,81.0,
2024-08-09 19:00:00,,1.1,68.8,,69.0,
2024-08-09 20:00:00,,0.8,96.3,,96.0,
2024-08-09 21:00:00,,0.6,119.1,,119.0,
2024-08-09 22:00:00,,0.5,187.4,,187.0,
2024-08-09 23:00:00,,0.6,235.8,,236.0,
2024-08-10 00:00:00,,0.7,236.3,,236.0,
2024-08-10 01:00:00,,0.9,253.1,,253.0,
2024-08-10 02:00:00,,1.1,253.2,,253.0,
2024-08-10 03:00:00,,1.3,244.3,,244.0,
2024-08-10 04:00:00,,1.5,245.9,,246.0,
2024-08-10 05:00:00,,1.7,232.3,,232.0,
2024-08-10 06:00:00,,1.7,240.1,,240.0,
2024-08-10 07:00:00,,1.5,238.6,,239.0,
2024-08-10 08:00:00,,1.1,237.6,,238.0,
2024-08-10 09:00:00,,0.8,90.0,,90.0,
2024-08-10 10:00:00,,1.3,82.4,,82.0,
2024-08-10 11:00:00,,1.6,91.2,,91.0,
2024-08-10 12:00:00,,2.2,96.3,,96.0,
2024-08-10 13:00:00,,2.6,96.8,,97.0,
2024-08-10 14:00:00,,2.9,105.1,,105.0,
2024-08-10 15:00:00,,2.8,103.2,,103.0,
2024-08-10 16:00:00,,2.3,104.9,,105.0,
2024-08-10 17:00:00,,1.5,105.1,,105.0,
2024-08-10 18:00:00,,0.9,88.3,,88.0,
2024-08-10 19:00:00,,0.6,90.0,,90.0,
2024-08-10 20:00:00,,0.4,112.4,,112.0,
2024-08-10 21:00:00,,0.3,168.7,,169.0,
2024-08-10 22:00:00,,0.4,147.4,,147.0,
2024-08-10 23:00:00,,0.7,173.8,,174.0,
2024-08-11 00:00:00,,0.9,201.6,,202.0,
2024-08-11 01:00:00,,1.1,213.3,,213.0,
2024-08-11 02:00:00,,1.3,218.1,,218.0,
2024-08-11 03:00:00,,1.5,208.9,,209.0,
2024-08-11 04:00:00,,1.7,219.9,,220.0,
2024-08-11 05:00:00,,1.8,230.3,,230.0,
2024-08-11 06:00:00,,1.8,236.1,,236.0,
2024-08-11 07:00:00,,1.5,236.3,,236.0,
2024-08-11 08:00:00,,1.1,235.9,,236.0,
2024-08-11 09:00:00,,0.4,194.1,,194.0,
2024-08-11 10:00:00,,0.5,99.8,,100.0,
2024-08-11 11:00:00,,1.2,90.0,,90.0,
2024-08-11 12:00:00,,2.3,86.4,,86.0,
2024-08-11 13:00:00,,2.8,94.2,,94.0,
2024-08-11 14:00:00,,3.0,103.6,,104.0,
2024-08-11 15:00:00,,2.7,113.3,,113.0,
2024-08-11 16:00:00,,2.3,121.4,,121.0,
2024-08-11 17:00:00,,1.7,121.3,,121.0,
2024-08-11 18:00:00,,1.2,110.9,,111.0,
2024-08-11 19:00:00,,0.9,80.6,,81.0,
2024-08-11 20:00:00,,0.8,74.5,,75.0,
2024-08-11 21:00:00,,0.7,79.7,,80.0,
2024-08-11 22:00:00,,0.8,97.4,,97.0,
2024-08-11 23:00:00,,1.0,146.3,,146.0,
2024-08-12 00:00:00,,1.2,180.0,,180.0,
2024-08-12 01:00:00,,1.3,174.6,,175.0,
2024-08-12 02:00:00,,1.4,194.1,,194.0,
2024-08-12 03:00:00,,1.4,220.8,,221.0,
2024-08-12 04:00:00,,1.4,210.3,,210.0,
2024-08-12 05:00:00,,1.4,206.6,,207.0,
2024-08-12 06:00:00,,1.4,214.4,,214.0,
2024-08-12 07:00:00,,1.2,203.6,,204.0,
2024-08-12 08:00:00,,1.0,100.6,,101.0,
2024-08-12 09:00:00,,1.1,73.3,,73.0,
2024-08-12 10:00:00,,1.5,72.4,,72.0,
2024-08-12 11:00:00,,1.8,71.9,,72.0,
2024-08-12 12:00:00,,2.2,69.4,,69.0,
2024-08-12 13:00:00,,2.4,74.2,,74.0,
2024-08-12 14:00:00,,2.5,78.8,,79.0,
2024-08-12 15:00:00,,2.4,81.3,,81.0,
2024-08-12 16:00:00,,2.3,79.6,,80.0,
2024-08-12 17:00:00,,2.1,74.2,,74.0,
2024-08-12 18:00:00,,1.8,69.2,,69.0,
2024-08-12 19:00:00,,1.5,62.1,,62.0,
2024-08-12 20:00:00,,1.2,65.1,,65.0,
2024-08-12 21:00:00,,0.9,60.5,,61.0,
2024-08-12 22:00:00,,0.6,104.1,,104.0,
2024-08-12 23:00:00,,0.4,180.0,,180.0,
2024-08-13 00:00:00,,0.3,199.4,,199.0,
2024-08-13 01:00:00,,0.4,208.1,,208.0,
2024-08-13 02:00:00,,0.6,228.2,,228.0,
2024-08-13 03:00:00,,0.8,239.4,,239.0,
2024-08-13 04:00:00,,0.8,236.9,,237.0,
2024-08-13 05:00:00,,0.7,240.5,,241.0,
2024-08-13 06:00:00,,0.7,234.2,,234.0,
2024-08-13 07:00:00,,0.7,225.0,,225.0,
2024-08-13 08:00:00,,0.8,107.1,,107.0,
2024-08-13 09:00:00,,0.8,81.6,,82.0,
2024-08-13 10:00:00,,1.2,71.1,,71.0,
2024-08-13 11:00:00,,1.7,64.4,,64.0,
2024-08-13 12:00:00,,2.1,65.5,,66.0,
2024-08-13 13:00:00,,2.3,63.8,,64.0,
2024-08-13 14:00:00,,2.2,61.8,,62.0,
2024-08-13 15:00:00,,2.1,62.8,,63.0,
2024-08-13 16:00:00,,1.9,61.1,,61.0,
2024-08-13 17:00:00,,1.7,67.6,,68.0,
2024-08-13 18:00:00,,1.4,71.9,,72.0,
2024-08-13 19:00:00,,1.1,79.3,,79.0,
2024-08-13 20:00:00,,0.7,83.1,,83.0,
2024-08-13 21:00:00,,0.5,94.8,,95.0,
2024-08-13 22:00:00,,0.5,120.9,,121.0,
2024-08-13 23:00:00,,0.6,227.3,,227.0,
2024-08-14 00:00:00,,0.8,257.3,,257.0,
2024-08-14 01:00:00,,1.0,259.5,,260.0,
2024-08-14 02:00:00,,1.2,267.5,,268.0,
2024-08-14 03:00:00,,1.3,214.7,,215.0,
2024-08-14 04:00:00,,1.1,220.3,,220.0,
2024-08-14 05:00:00,,0.6,248.2,,248.0,
2024-08-14 06:00:00,,0.4,246.8,,247.0,
2024-08-14 07:00:00,,0.4,254.1,,254.0,
2024-08-14 08:00:00,,0.6,65.3,,65.0,
2024-08-14 09:00:00,,0.9,66.8,,67.0,
2024-08-14 10:00:00,,1.3,60.1,,60.0,
2024-08-14 11:00:00,,1.8,61.8,,62.0,
2024-08-14 12:00:00,,2.1,63.4,,63.0,
2024-08-14 13:00:00,,2.4,61.9,,62.0,
2024-08-14 14:00:00,,2.5,65.0,,65.0,
2024-08-14 15:00:00,,2.5,62.8,,63.0,
2024-08-14 16:00:00,,2.4,63.4,,63.0,
2024-08-14 17:00:00,,2.1,65.9,,66.0,
2024-08-14 18:00:00,,1.8,65.8,,66.0,
2024-08-14 19:00:00,,1.4,75.3,,75.0,
2024-08-14 20:00:00,,0.9,75.1,,75.0,
2024-08-14 21:00:00,,0.6,73.3,,73.0,
2024-08-14 22:00:00,,0.5,65.6,,66.0,
2024-08-14 23:00:00,,0.6,128.7,,129.0,
2024-08-15 00:00:00,,0.7,206.6,,207.0,
2024-08-15 01:00:00,,0.8,225.0,,225.0,
2024-08-15 02:00:00,,0.9,239.1,,239.0,
2024-08-15 03:00:00,,0.9,243.4,,243.0,
2024-08-15 04:00:00,,0.9,250.7,,251.0,
2024-08-15 05:00:00,,0.8,241.6,,242.0,
2024-08-15 06:00:00,,0.8,243.4,,243.0,
2024-08-15 07:00:00,,0.8,244.6,,245.0,
2024-08-15 08:00:00,,0.9,74.1,,74.0,
2024-08-15 09:00:00,,1.1,4.6,,63.0,
2024-08-15 10:00:00,,1.8,6.3,,61.0,
2024-08-15 11:00:00,,2.0,7.3,,63.0,
2024-08-15 12:00:00,,2.3,7.0,,65.0,
2024-08-15 13:00:00,,2.4,7.8,,64.0,
2024-08-15 14:00:00,,2.5,7.3,,67.0,
2024-08-15 15:00:00,,2.4,7.0,,71.0,
2024-08-15 16:00:00,,2.2,6.5,,70.0,
2024-08-15 17:00:00,,1.8,5.8,,72.0,
2024-08-15 18:00:00,,1.5,4.8,,74.0,
2024-08-15 19:00:00,,1.2,3.0,,75.0,
2024-08-15 20:00:00,,1.0,1.9,,76.0,
2024-08-15 21:00:00,,0.8,1.3,,87.0,
2024-08-15 22:00:00,,0.6,0.8,,128.0,
2024-08-15 23:00:00,,0.5,1.3,,217.0,
2024-08-16 00:00:00,,0.4,2.3,,237.0,
2024-08-16 01:00:00,,0.5,2.8,,242.0,
2024-08-16 02:00:00,,0.7,2.9,,247.0,
2024-08-16 03:00:00,,0.9,2.9,,253.0,
2024-08-16 04:00:00,,1.0,2.3,,252.0,
2024-08-16 05:00:00,,1.2,1.9,,253.0,
2024-08-16 06:00:00,,1.2,1.3,,244.0,
2024-08-16 07:00:00,,1.0,1.5,,245.0,
2024-08-16 08:00:00,,0.8,2.9,,61.0,
2024-08-16 09:00:00,,1.0,4.6,,47.0,
2024-08-16 10:00:00,,1.6,5.3,,55.0,
2024-08-16 11:00:00,,1.9,6.3,,58.0,
2024-08-16 12:00:00,,2.5,5.4,,65.0,
2024-08-16 13:00:00,,2.5,5.3,,62.0,
2024-08-16 14:00:00,,2.8,5.8,,66.0,
2024-08-16 15:00:00,,2.8,7.1,,59.0,
2024-08-16 16:00:00,,2.5,5.5,,59.0,
2024-08-16 17:00:00,,2.0,4.9,,65.0,
2024-08-16 18:00:00,1.3,1.6,,,,65.0
2024-08-16 19:00:00,0.9,1.2,,,,73.0
2024-08-16 20:00:00,0.8,0.8,,,,82.0
2024-08-16 21:00:00,0.6,0.6,,,,90.0
2024-08-16 22:00:00,0.4,0.6,,,,131.0
2024-08-16 23:00:00,0.1,0.8,,,,173.0
2024-08-17 00:00:00,0.3,0.9,,,,214.0
2024-08-17 01:00:00,0.4,1.0,,,,230.0
2024-08-17 02:00:00,0.7,1.0,,,,246.0
2024-08-17 03:00:00,1.3,1.1,,,,262.0
2024-08-17 04:00:00,1.3,1.3,,,,254.0
2024-08-17 05:00:00,1.2,1.4,,,,247.0
2024-08-17 06:00:00,1.3,1.5,,,,239.0
2024-08-17 07:00:00,0.9,1.3,,,,182.0
2024-08-17 08:00:00,0.2,1.0,,,,124.0
2024-08-17 09:00:00,1.1,1.2,,,,59.0
2024-08-17 10:00:00,1.8,1.6,,,,60.0
2024-08-17 11:00:00,2.3,1.8,,,,57.0
2024-08-17 12:00:00,2.5,1.9,,,,59.0
2024-08-17 13:00:00,2.1,1.9,,,,71.0
2024-08-17 14:00:00,2.3,1.5,,,,78.0
2024-08-17 15:00:00,1.9,1.6,,,,74.0
2024-08-17 16:00:00,1.7,1.5,,,,73.0
2024-08-17 17:00:00,1.3,1.5,,,,71.0
2024-08-17 18:00:00,1.1,1.4,,,,70.0
2024-08-17 19:00:00,0.8,1.2,,,,76.0
2024-08-17 20:00:00,0.8,0.9,,,,82.0
2024-08-17 21:00:00,0.5,0.8,,,,88.0
2024-08-17 22:00:00,0.2,0.8,,,,135.0
2024-08-17 23:00:00,0.0,1.0,,,,182.0
2024-08-18 00:00:00,0.4,1.1,,,,229.0
2024-08-18 01:00:00,0.9,1.2,,,,233.0
2024-08-18 02:00:00,1.1,1.2,,,,238.0
2024-08-18 03:00:00,1.3,1.3,,,,242.0
2024-08-18 04:00:00,1.3,1.4,,,,242.0
2024-08-18 05:00:00,1.4,1.5,,,,242.0
2024-08-18 06:00:00,1.4,1.5,,,,242.0
2024-08-18 07:00:00,0.8,1.2,,,,194.0
2024-08-18 08:00:00,0.7,0.9,,,,147.0
2024-08-18 09:00:00,0.9,0.9,,,,99.0
2024-08-18 10:00:00,1.4,1.3,,,,86.0
2024-08-18 11:00:00,1.6,1.6,,,,87.0
2024-08-18 12:00:00,1.8,2.3,,,,86.0
2024-08-18 13:00:00,1.9,2.8,,,,87.0
2024-08-18 14:00:00,2.4,2.8,,,,92.0
2024-08-18 15:00:00,2.6,2.4,,,,97.0
2024-08-18 16:00:00,2.2,2.1,,,,95.0
2024-08-18 17:00:00,1.9,1.7,,,,93.0
2024-08-18 18:00:00,1.4,1.4,,,,91.0
2024-08-18 19:00:00,0.9,1.1,,,,80.0
2024-08-18 20:00:00,0.9,0.9,,,,70.0
2024-08-18 21:00:00,0.7,0.8,,,,59.0
2024-08-18 22:00:00,0.3,0.7,,,,85.0
2024-08-18 23:00:00,0.6,0.7,,,,112.0
2024-08-19 00:00:00,1.1,0.8,,,,138.0
2024-08-19 01:00:00,1.4,1.0,,,,169.0
2024-08-19 02:00:00,1.6,1.3,,,,200.0
2024-08-19 03:00:00,1.8,1.5,,,,231.0
2024-08-19 04:00:00,1.8,1.5,,,,231.0
2024-08-19 05:00:00,1.9,1.5,,,,231.0
2024-08-19 06:00:00,1.9,1.4,,,,231.0
2024-08-19 07:00:00,1.5,1.2,,,,185.0
2024-08-19 08:00:00,0.7,0.9,,,,138.0
2024-08-19 09:00:00,0.5,0.3,,,,173.0
2024-08-19 10:00:00,0.9,0.8,,,,67.0
2024-08-19 11:00:00,1.1,1.6,,,,63.0
2024-08-19 12:00:00,2.0,2.1,,,,82.0
2024-08-19 13:00:00,2.5,2.0,,,,93.0
2024-08-19 14:00:00,2.7,2.4,,,,101.0
2024-08-19 15:00:00,2.1,2.5,,,,105.0
2024-08-19 16:00:00,1.5,2.2,,,,98.0
2024-08-19 17:00:00,1.2,1.8,,,,92.0
2024-08-19 18:00:00,0.8,1.3,,,,85.0
2024-08-19 19:00:00,0.6,0.9,,,,136.0
2024-08-19 20:00:00,0.6,0.4,,,,188.0
2024-08-19 21:00:00,0.8,0.2,,,,239.0
2024-08-19 22:00:00,0.4,0.3,,,,242.0
2024-08-19 23:00:00,1.0,0.5,,,,244.0
2024-08-20 00:00:00,1.4,0.8,,,,247.0
2024-08-20 01:00:00,1.4,1.0,,,,249.0
2024-08-20 02:00:00,1.6,1.2,,,,252.0
2024-08-20 03:00:00,0.8,1.3,,,,254.0
2024-08-20 04:00:00,0.4,1.5,,,,249.0
2024-08-20 05:00:00,0.3,1.6,,,,243.0
2024-08-20 06:00:00,0.4,1.6,,,,238.0
2024-08-20 07:00:00,0.6,1.4,,,,185.0
2024-08-20 08:00:00,1.2,1.0,,,,131.0
2024-08-20 09:00:00,1.2,1.1,,,,19.0
2024-08-20 10:00:00,1.2,1.1,,,,36.0
2024-08-20 11:00:00,1.1,1.4,,,,42.0
2024-08-20 12:00:00,1.5,1.8,,,,49.0
2024-08-20 13:00:00,1.6,2.2,,,,52.0
2024-08-20 14:00:00,1.5,2.3,,,,60.0
2024-08-20 15:00:00,0.9,1.9,,,,73.0
2024-08-20 16:00:00,0.9,1.6,,,,74.0
2024-08-20 17:00:00,0.8,1.3,,,,76.0
2024-08-20 18:00:00,0.4,0.9,,,,77.0
2024-08-20 19:00:00,0.3,0.6,,,,70.0
2024-08-20 20:00:00,0.1,0.3,,,,63.0
2024-08-20 21:00:00,0.3,0.1,,,,56.0
2024-08-20 22:00:00,0.4,0.0,,,,22.0
2024-08-20 23:00:00,0.8,0.1,,,,349.0
2024-08-21 00:00:00,1.0,0.1,,,,315.0
2024-08-21 01:00:00,0.9,0.1,,,,306.0
2024-08-21 02:00:00,0.9,0.1,,,,297.0
2024-08-21 03:00:00,0.9,0.1,,,,288.0
2024-08-21 04:00:00,0.8,0.2,,,,296.0
2024-08-21 05:00:00,0.6,0.2,,,,303.0
2024-08-21 06:00:00,0.4,0.3,,,,311.0
2024-08-21 07:00:00,0.9,0.4,,,,357.0
2024-08-21 08:00:00,1.1,0.4,,,,44.0
2024-08-21 09:00:00,1.1,0.4,,,,165.0
2024-08-21 10:00:00,1.3,0.8,,,,182.0
2024-08-21 11:00:00,1.9,0.8,,,,206.0
2024-08-21 12:00:00,2.4,0.7,,,,223.0
2024-08-21 13:00:00,2.9,0.8,,,,220.0
2024-08-21 14:00:00,3.1,1.0,,,,218.0
2024-08-21 15:00:00,2.0,1.1,,,,229.0
2024-08-21 16:00:00,1.8,1.2,,,,228.0
2024-08-21 17:00:00,1.6,1.2,,,,226.0
2024-08-21 18:00:00,1.7,1.3,,,,225.0
2024-08-21 19:00:00,1.5,1.5,,,,229.0
2024-08-21 20:00:00,1.6,1.7,,,,232.0
2024-08-21 21:00:00,1.6,1.9,,,,236.0
2024-08-21 22:00:00,1.8,2.1,,,,237.0
2024-08-21 23:00:00,1.8,2.4,,,,238.0
2024-08-22 00:00:00,1.9,2.6,,,,239.0
2024-08-22 01:00:00,2.2,2.9,,,,239.0
2024-08-22 02:00:00,2.6,3.2,,,,239.0
2024-08-22 03:00:00,2.1,3.4,,,,239.0
2024-08-22 04:00:00,1.9,3.3,,,,238.0
2024-08-22 05:00:00,1.8,3.2,,,,236.0
2024-08-22 06:00:00,1.8,3.1,,,,235.0
2024-08-22 07:00:00,1.5,3.3,,,,238.0
2024-08-22 08:00:00,1.5,3.6,,,,240.0
2024-08-22 09:00:00,2.1,3.1,,,,241.0
2024-08-22 10:00:00,2.6,3.1,,,,239.0
2024-08-22 11:00:00,2.9,3.3,,,,238.0
2024-08-22 12:00:00,3.3,3.3,,,,236.0
2024-08-22 13:00:00,3.8,3.6,,,,233.0
2024-08-22 14:00:00,4.4,3.9,,,,230.0
2024-08-22 15:00:00,5.4,4.0,,,,230.0
2024-08-22 16:00:00,4.9,4.1,,,,229.0
2024-08-22 17:00:00,4.8,4.0,,,,228.0
2024-08-22 18:00:00,4.3,3.8,,,,227.0
2024-08-22 19:00:00,4.1,3.3,,,,228.0
2024-08-22 20:00:00,3.3,2.6,,,,228.0
2024-08-22 21:00:00,2.8,2.2,,,,229.0
2024-08-22 22:00:00,3.3,2.3,,,,230.0
2024-08-22 23:00:00,3.5,2.6,,,,230.0
2024-08-23 00:00:00,3.6,2.9,,,,231.0
2024-08-23 01:00:00,3.7,3.0,,,,233.0
2024-08-23 02:00:00,3.8,3.0,,,,235.0
2024-08-23 03:00:00,4.3,2.9,,,,237.0
2024-08-23 04:00:00,4.4,2.4,,,,241.0
2024-08-23 05:00:00,4.3,1.8,,,,244.0
2024-08-23 06:00:00,3.8,1.3,,,,248.0
2024-08-23 07:00:00,3.6,1.1,,,,247.0
2024-08-23 08:00:00,3.6,1.0,,,,247.0
2024-08-23 09:00:00,3.4,2.8,,,,254.0
2024-08-23 10:00:00,3.4,2.6,,,,254.0
2024-08-23 11:00:00,3.3,2.4,,,,249.0
2024-08-23 12:00:00,2.9,2.3,,,,252.0
2024-08-23 13:00:00,2.9,2.2,,,,254.0
2024-08-23 14:00:00,2.8,3.1,,,,259.0
2024-08-23 15:00:00,2.1,3.3,,,,258.0
2024-08-23 16:00:00,2.0,2.8,,,,258.0
2024-08-23 17:00:00,1.7,1.9,,,,257.0
2024-08-23 18:00:00,1.6,1.3,,,,257.0
2024-08-23 19:00:00,1.8,1.2,,,,251.0
2024-08-23 20:00:00,1.8,1.4,,,,246.0
2024-08-23 21:00:00,1.9,1.6,,,,240.0
2024-08-23 22:00:00,1.9,1.7,,,,242.0
2024-08-23 23:00:00,1.9,1.8,,,,243.0
2024-08-24 00:00:00,1.9,1.8,,,,245.0
2024-08-24 01:00:00,1.8,1.8,,,,244.0
2024-08-24 02:00:00,1.7,1.7,,,,243.0
2024-08-24 03:00:00,1.8,1.6,,,,242.0
2024-08-24 04:00:00,1.8,1.6,,,,242.0
2024-08-24 05:00:00,1.7,1.7,,,,242.0
2024-08-24 06:00:00,1.8,1.7,,,,242.0
2024-08-24 07:00:00,1.5,1.7,,,,245.0
2024-08-24 08:00:00,1.7,1.7,,,,247.0
2024-08-24 09:00:00,1.6,1.8,,,,261.0
2024-08-24 10:00:00,1.5,1.8,,,,263.0
2024-08-24 11:00:00,1.3,1.3,,,,266.0
2024-08-24 12:00:00,1.4,1.3,,,,270.0
2024-08-24 13:00:00,1.7,1.2,,,,278.0
2024-08-24 14:00:00,1.4,0.6,,,,315.0
2024-08-24 15:00:00,0.5,0.6,,,,31.0
2024-08-24 16:00:00,0.8,0.7,,,,336.0
2024-08-24 17:00:00,0.7,0.9,,,,282.0
2024-08-24 18:00:00,0.1,0.9,,,,227.0
2024-08-24 19:00:00,,0.6,2.0,1.5,243.0,271.0
2024-08-24 20:00:00,,0.2,2.3,0.9,256.0,316.0
2024-08-24 21:00:00,,0.0,2.0,0.6,253.0,0.0
2024-08-24 22:00:00,,0.3,1.9,0.9,272.0,325.0
2024-08-24 23:00:00,,0.9,2.3,1.5,269.0,289.0
2024-08-25 00:00:00,,1.3,2.8,2.1,254.0,254.0
2024-08-25 01:00:00,,1.5,3.1,2.6,251.0,253.0
2024-08-25 02:00:00,,1.6,3.5,3.0,248.0,251.0
2024-08-25 03:00:00,,1.6,1.9,3.3,262.0,250.0
2024-08-25 04:00:00,,1.6,1.5,3.3,267.0,248.0
2024-08-25 05:00:00,,1.5,1.6,3.1,255.0,247.0
2024-08-25 06:00:00,,1.3,2.0,2.9,255.0,245.0
2024-08-25 07:00:00,,1.1,2.6,2.7,243.0,257.0
2024-08-25 08:00:00,,0.8,1.6,2.5,243.0,268.0
2024-08-25 09:00:00,,0.6,2.3,3.4,356.0,299.0
2024-08-25 10:00:00,,0.5,3.0,2.4,28.0,349.0
2024-08-25 11:00:00,,1.0,4.1,4.9,62.0,15.0
2024-08-25 12:00:00,,1.1,4.6,6.1,68.0,30.0
2024-08-25 13:00:00,,1.2,4.9,5.9,76.0,43.0
2024-08-25 14:00:00,,0.7,4.8,4.8,79.0,41.0
2024-08-25 15:00:00,,0.2,4.3,2.0,84.0,39.0
2024-08-25 16:00:00,,0.3,4.6,1.7,60.0,63.0
2024-08-25 17:00:00,,0.4,3.4,1.8,81.0,87.0
2024-08-25 18:00:00,,0.6,2.5,1.8,125.0,111.0
2024-08-25 19:00:00,,0.6,1.1,1.4,114.0,137.0
2024-08-25 20:00:00,,0.5,1.1,1.0,168.0,163.0
2024-08-25 21:00:00,,0.6,1.5,0.9,189.0,189.0
2024-08-25 22:00:00,,1.0,1.0,1.5,262.0,208.0
2024-08-25 23:00:00,,1.5,1.4,2.4,219.0,227.0
2024-08-26 00:00:00,,1.9,2.9,3.1,226.0,246.0
2024-08-26 01:00:00,,2.0,2.9,3.4,233.0,246.0
2024-08-26 02:00:00,,1.9,3.1,3.5,242.0,245.0
2024-08-26 03:00:00,,1.8,2.6,3.6,246.0,245.0
2024-08-26 04:00:00,,1.9,2.8,3.6,261.0,243.0
2024-08-26 05:00:00,,2.0,2.4,3.6,245.0,242.0
2024-08-26 06:00:00,,1.9,2.6,3.6,252.0,240.0
2024-08-26 07:00:00,,1.5,1.8,3.5,228.0,294.0
2024-08-26 08:00:00,,1.0,1.6,3.3,72.0,349.0
2024-08-26 09:00:00,,0.4,1.5,2.4,211.0,238.0
2024-08-26 10:00:00,,0.8,2.8,4.6,9.0,71.0
2024-08-26 11:00:00,,1.1,2.8,5.4,50.0,61.0
2024-08-26 12:00:00,,1.5,2.6,4.8,78.0,56.0
2024-08-26 13:00:00,,1.7,2.0,6.5,113.0,72.0
2024-08-26 14:00:00,,1.8,3.0,6.3,90.0,59.0
2024-08-26 15:00:00,,1.7,3.5,5.1,68.0,73.0
2024-08-26 16:00:00,,1.4,4.0,4.3,49.0,67.0
2024-08-26 17:00:00,,0.9,3.5,3.1,33.0,62.0
2024-08-26 18:00:00,,0.6,3.1,2.1,29.0,56.0
2024-08-26 19:00:00,,0.5,1.5,1.6,15.0,10.0
2024-08-26 20:00:00,,0.6,0.6,1.2,352.0,323.0
2024-08-26 21:00:00,,0.6,0.8,1.0,135.0,277.0
2024-08-26 22:00:00,,0.5,1.3,0.8,151.0,271.0
2024-08-26 23:00:00,,0.3,0.9,0.8,253.0,264.0
2024-08-27 00:00:00,,0.3,0.8,0.8,336.0,258.0
2024-08-27 01:00:00,,0.5,1.9,1.0,340.0,257.0
2024-08-27 02:00:00,,0.7,1.9,1.3,350.0,257.0
2024-08-27 03:00:00,,0.9,3.1,1.5,8.0,256.0
2024-08-27 04:00:00,,0.8,2.3,1.6,25.0,282.0
2024-08-27 05:00:00,,0.7,2.6,1.6,30.0,309.0
2024-08-27 06:00:00,,0.6,4.3,1.9,26.0,335.0
2024-08-27 07:00:00,,0.8,7.0,2.5,10.0,349.0
2024-08-27 08:00:00,,1.1,7.9,3.4,6.0,3.0
2024-08-27 09:00:00,,0.6,3.6,3.1,24.0,21.0
2024-08-27 10:00:00,,0.5,3.1,2.1,40.0,97.0
2024-08-27 11:00:00,,0.6,4.1,2.4,54.0,150.0
2024-08-27 12:00:00,,0.9,3.3,3.9,71.0,80.0
2024-08-27 13:00:00,,1.6,2.9,4.6,79.0,73.0
2024-08-27 14:00:00,,1.5,1.6,5.5,97.0,73.0
2024-08-27 15:00:00,,1.5,3.0,4.8,69.0,77.0
2024-08-27 16:00:00,,1.5,3.3,4.7,68.0,76.0
2024-08-27 17:00:00,,1.5,2.9,4.4,73.0,75.0
2024-08-27 18:00:00,,1.4,2.6,4.0,55.0,74.0
2024-08-27 19:00:00,,1.3,2.9,3.4,49.0,63.0
2024-08-27 20:00:00,,1.1,2.3,2.8,43.0,53.0
2024-08-27 21:00:00,,1.0,2.5,2.4,37.0,42.0
2024-08-27 22:00:00,,0.9,2.4,2.6,40.0,41.0
2024-08-27 23:00:00,,0.9,3.0,3.0,54.0,39.0
2024-08-28 00:00:00,,0.9,2.3,3.4,54.0,38.0
2024-08-28 01:00:00,,0.9,2.3,3.6,42.0,37.0
2024-08-28 02:00:00,,1.0,3.0,3.7,33.0,36.0
2024-08-28 03:00:00,,1.1,2.1,4.0,36.0,35.0
2024-08-28 04:00:00,,1.2,2.1,4.5,45.0,39.0
2024-08-28 05:00:00,,1.3,2.3,5.2,68.0,44.0
2024-08-28 06:00:00,,1.4,2.9,5.6,39.0,48.0
2024-08-28 07:00:00,,1.5,4.3,5.6,38.0,46.0
2024-08-28 08:00:00,,1.5,4.6,5.4,47.0,44.0
2024-08-28 09:00:00,,1.4,4.6,4.9,53.0,47.0
2024-08-28 10:00:00,,1.4,6.4,4.9,52.0,50.0
2024-08-28 11:00:00,,1.4,7.6,5.0,65.0,65.0
2024-08-28 12:00:00,,1.6,7.0,5.4,63.0,68.0
2024-08-28 13:00:00,,1.6,6.3,5.6,57.0,66.0
2024-08-28 14:00:00,,1.9,6.9,6.8,54.0,64.0
2024-08-28 15:00:00,,1.9,6.8,5.9,63.0,66.0
2024-08-28 16:00:00,,1.7,5.4,5.3,64.0,71.0
2024-08-28 17:00:00,,1.4,5.9,4.4,63.0,75.0
2024-08-28 18:00:00,,1.1,4.0,3.6,53.0,80.0
2024-08-28 19:00:00,,0.9,4.3,3.2,49.0,70.0
2024-08-28 20:00:00,,0.7,4.1,3.1,46.0,61.0
2024-08-28 21:00:00,,0.6,4.4,2.9,44.0,51.0
2024-08-28 22:00:00,,0.6,4.4,2.7,39.0,51.0
2024-08-28 23:00:00,,0.6,4.3,2.6,39.0,51.0
2024-08-29 00:00:00,,0.6,4.4,2.5,32.0,51.0
2024-08-29 01:00:00,,0.7,4.3,2.4,34.0,50.0
2024-08-29 02:00:00,,0.8,4.3,2.4,30.0,48.0
2024-08-29 03:00:00,,0.8,4.1,2.4,44.0,47.0
2024-08-29 04:00:00,,0.7,4.4,2.3,42.0,47.0
2024-08-29 05:00:00,,0.6,4.6,2.3,40.0,48.0
2024-08-29 06:00:00,,0.5,5.3,2.3,35.0,48.0
2024-08-29 07:00:00,,0.6,5.9,2.5,34.0,48.0
2024-08-29 08:00:00,,0.9,5.4,2.8,42.0,48.0
2024-08-29 09:00:00,,2.3,6.5,7.0,41.0,35.0
2024-08-29 10:00:00,,2.1,6.6,7.0,44.0,38.0
2024-08-29 11:00:00,,2.4,6.5,7.4,40.0,36.0
2024-08-29 12:00:00,,2.6,8.1,8.1,39.0,34.0
2024-08-29 13:00:00,,2.7,8.6,8.5,34.0,34.0
2024-08-29 14:00:00,,2.7,9.1,8.4,33.0,34.0
2024-08-29 15:00:00,,2.4,9.4,7.6,43.0,35.0
2024-08-29 16:00:00,,2.3,9.8,7.6,45.0,32.0
2024-08-29 17:00:00,,2.2,10.1,7.6,47.0,29.0
2024-08-29 18:00:00,,2.1,9.5,7.4,46.0,26.0
2024-08-29 19:00:00,,1.8,9.9,6.8,45.0,29.0
2024-08-29 20:00:00,,1.5,9.6,6.1,48.0,32.0
2024-08-29 21:00:00,,1.2,9.1,5.4,48.0,35.0
2024-08-29 22:00:00,,1.1,8.4,4.9,43.0,37.0
2024-08-29 23:00:00,,1.2,8.4,4.5,39.0,40.0
2024-08-30 00:00:00,,1.2,8.4,4.3,39.0,42.0
2024-08-30 01:00:00,,1.3,8.5,4.4,40.0,38.0
2024-08-30 02:00:00,,1.3,8.6,4.6,39.0,35.0
2024-08-30 03:00:00,,1.4,8.0,4.8,32.0,31.0
2024-08-30 04:00:00,,1.4,8.0,4.8,33.0,33.0
2024-08-30 05:00:00,,1.4,8.3,4.7,34.0,35.0
2024-08-30 06:00:00,,1.4,8.9,4.8,30.0,37.0
2024-08-30 07:00:00,,1.5,9.6,5.1,27.0,37.0
2024-08-30 08:00:00,,1.7,9.3,5.5,27.0,36.0
2024-08-30 09:00:00,,2.8,9.4,8.6,27.0,32.0
2024-08-30 10:00:00,,2.8,10.1,8.4,23.0,33.0
2024-08-30 11:00:00,,2.8,9.5,8.4,24.0,39.0
2024-08-30 12:00:00,,2.8,9.6,8.4,18.0,31.0
2024-08-30 13:00:00,,2.8,10.0,8.3,14.0,33.0
2024-08-30 14:00:00,,2.8,8.9,8.9,17.0,27.0
2024-08-30 15:00:00,,2.6,7.9,8.0,4.0,24.0
2024-08-30 16:00:00,,2.3,7.5,7.4,5.0,21.0
2024-08-30 17:00:00,,2.0,5.8,6.6,14.0,18.0
2024-08-30 18:00:00,,1.6,3.9,5.6,14.0,15.0
2024-08-30 19:00:00,,1.2,3.5,4.2,356.0,351.0
2024-08-30 20:00:00,,0.7,1.1,2.7,189.0,327.0
2024-08-30 21:00:00,,0.5,2.0,1.6,227.0,303.0
2024-08-30 22:00:00,,0.6,1.8,1.3,262.0,288.0
2024-08-30 23:00:00,,0.8,1.9,1.5,253.0,274.0
2024-08-31 00:00:00,,1.1,2.6,1.8,245.0,259.0
2024-08-31 01:00:00,,1.3,3.0,2.3,251.0,256.0
2024-08-31 02:00:00,,1.5,3.4,2.9,248.0,252.0
2024-08-31 03:00:00,,1.6,4.5,3.4,250.0,249.0
2024-08-31 04:00:00,,1.7,4.8,3.7,248.0,248.0
2024-08-31 05:00:00,,1.9,4.8,3.9,249.0,248.0
2024-08-31 06:00:00,,1.8,4.8,3.9,250.0,247.0
2024-08-31 07:00:00,,1.3,4.6,3.4,251.0,265.0
2024-08-31 08:00:00,,0.7,3.6,2.6,250.0,284.0
2024-08-31 09:00:00,,0.9,3.1,5.1,264.0,9.0
2024-08-31 10:00:00,,2.2,8.6,7.4,18.0,21.0
2024-08-31 11:00:00,,2.8,10.4,8.4,17.0,23.0
2024-08-31 12:00:00,,3.4,10.9,10.0,12.0,18.0
2024-08-31 13:00:00,,3.8,8.9,11.5,5.0,16.0
2024-08-31 14:00:00,,2.5,9.0,7.5,45.0,9.0
2024-08-31 15:00:00,,3.3,6.1,9.5,62.0,42.0
2024-08-31 16:00:00,,2.6,5.1,7.6,67.0,43.0
2024-08-31 17:00:00,,1.7,4.0,5.0,70.0,45.0
2024-08-31 18:00:00,,1.0,3.1,2.9,74.0,46.0
2024-08-31 19:00:00,,0.6,2.3,1.8,88.0,46.0
2024-08-31 20:00:00,,0.4,1.8,1.3,95.0,45.0
2024-08-31 21:00:00,,0.4,1.6,1.0,157.0,45.0
2024-08-31 22:00:00,,0.5,2.3,1.1,207.0,346.0
2024-08-31 23:00:00,,0.8,2.5,1.5,233.0,287.0
2024-09-01 00:00:00,,1.1,3.1,1.9,235.0,228.0
2024-09-01 01:00:00,,1.4,3.8,2.4,231.0,228.0
2024-09-01 02:00:00,,1.6,3.6,2.9,234.0,227.0
2024-09-01 03:00:00,,1.8,4.4,3.4,231.0,227.0
2024-09-01 04:00:00,,2.0,4.4,3.7,239.0,230.0
2024-09-01 05:00:00,,2.1,4.4,4.0,238.0,232.0
2024-09-01 06:00:00,,2.0,4.4,4.0,240.0,235.0
2024-09-01 07:00:00,,1.6,4.5,3.5,245.0,236.0
2024-09-01 08:00:00,,1.1,4.0,2.8,242.0,238.0
2024-09-01 09:00:00,,1.0,4.8,3.8,244.0,256.0
2024-09-01 10:00:00,,1.1,6.4,5.8,257.0,258.0
2024-09-01 11:00:00,,1.8,8.3,7.6,266.0,267.0
2024-09-01 12:00:00,,2.5,8.8,8.9,262.0,270.0
2024-09-01 13:00:00,,2.3,8.1,7.6,261.0,266.0
2024-09-01 14:00:00,,2.1,8.8,7.1,260.0,265.0
2024-09-01 15:00:00,,2.4,8.5,7.6,259.0,265.0
2024-09-01 16:00:00,,2.2,9.0,6.9,261.0,259.0
2024-09-01 17:00:00,,1.8,6.1,6.1,259.0,254.0
2024-09-01 18:00:00,,1.6,5.0,5.3,245.0,248.0
2024-09-01 19:00:00,,1.6,3.1,4.5,245.0,247.0
2024-09-01 20:00:00,1.7,1.6,3.0,,,
2024-09-01 21:00:00,1.6,1.7,3.0,,,
2024-09-01 22:00:00,1.7,1.8,3.3,,,
2024-09-01 23:00:00,1.8,2.0,3.5,,,
2024-09-02 00:00:00,1.8,2.1,3.5,,,
2024-09-02 01:00:00,1.7,2.1,3.6,,,
2024-09-02 02:00:00,1.8,2.0,3.3,,,
2024-09-02 03:00:00,2.0,1.9,3.9,,,
2024-09-02 04:00:00,2.0,1.9,4.0,,,
2024-09-02 05:00:00,2.1,2.0,4.3,,,
2024-09-02 06:00:00,2.1,1.9,4.3,,,
2024-09-02 07:00:00,1.9,1.5,4.6,,,
2024-09-02 08:00:00,1.2,1.0,3.5,,,
2024-09-02 09:00:00,1.1,0.8,4.3,,,
2024-09-02 10:00:00,1.4,0.7,5.3,,,
2024-09-02 11:00:00,1.9,0.6,6.3,,,
2024-09-02 12:00:00,2.3,0.9,7.1,,,
2024-09-02 13:00:00,2.6,0.8,7.4,,,
2024-09-02 14:00:00,2.6,1.1,7.4,,,
2024-09-02 15:00:00,2.4,2.4,7.0,,,
2024-09-02 16:00:00,2.4,2.2,7.3,,,
2024-09-02 17:00:00,2.1,1.8,5.6,,,
2024-09-02 18:00:00,1.9,1.4,5.4,,,
2024-09-02 19:00:00,1.7,1.2,5.4,,,
2024-09-02 20:00:00,1.9,1.1,6.1,,,
2024-09-02 21:00:00,1.9,1.1,6.1,,,
2024-09-02 22:00:00,1.9,1.3,5.9,,,
2024-09-02 23:00:00,1.8,1.7,5.8,,,
2024-09-03 00:00:00,1.6,1.9,5.6,,,
2024-09-03 01:00:00,1.9,1.9,6.9,,,
2024-09-03 02:00:00,2.0,1.7,6.6,,,
2024-09-03 03:00:00,1.1,1.6,4.9,,,
2024-09-03 04:00:00,1.4,1.5,5.5,,,
2024-09-03 05:00:00,1.6,1.4,5.1,,,
2024-09-03 06:00:00,1.4,1.4,4.6,,,
2024-09-03 07:00:00,1.3,1.5,4.3,,,
2024-09-03 08:00:00,1.4,1.7,4.3,,,
2024-09-03 09:00:00,2.1,2.4,6.6,,,
2024-09-03 10:00:00,2.3,2.8,7.1,,,
2024-09-03 11:00:00,2.6,3.2,8.4,,,
2024-09-03 12:00:00,2.8,3.1,9.3,,,
2024-09-03 13:00:00,2.6,2.9,8.5,,,
2024-09-03 14:00:00,2.4,3.3,7.5,,,
2024-09-03 15:00:00,2.6,3.1,8.8,,,
2024-09-03 16:00:00,2.2,2.6,7.3,,,
2024-09-03 17:00:00,1.9,1.9,6.0,,,
2024-09-03 18:00:00,1.3,1.4,3.5,,,
2024-09-03 19:00:00,0.8,1.1,2.0,,,
2024-09-03 20:00:00,0.6,1.0,1.6,,,
2024-09-03 21:00:00,0.3,0.9,1.3,,,
2024-09-03 22:00:00,0.3,0.8,1.0,,,
2024-09-03 23:00:00,0.7,0.6,1.3,,,
2024-09-04 00:00:00,0.9,0.6,1.8,,,
2024-09-04 01:00:00,1.2,0.7,2.0,,,
2024-09-04 02:00:00,1.4,0.9,2.4,,,
2024-09-04 03:00:00,1.5,1.0,2.9,,,
2024-09-04 04:00:00,1.5,1.0,2.9,,,
2024-09-04 05:00:00,1.5,1.0,3.0,,,
2024-09-04 06:00:00,1.6,1.0,3.1,,,
2024-09-04 07:00:00,1.4,0.9,3.3,,,
2024-09-04 08:00:00,0.7,0.9,2.0,,,
2024-09-04 09:00:00,0.7,0.6,3.9,,,
2024-09-04 10:00:00,1.4,1.4,5.9,,,
2024-09-04 11:00:00,1.8,1.7,6.8,,,
2024-09-04 12:00:00,2.4,2.1,8.3,,,
2024-09-04 13:00:00,2.5,2.4,8.5,,,
2024-09-04 14:00:00,2.1,2.6,7.3,,,
2024-09-04 15:00:00,2.1,2.3,6.6,,,
2024-09-04 16:00:00,1.9,2.0,6.1,,,
2024-09-04 17:00:00,1.8,1.6,4.8,,,
2024-09-04 18:00:00,1.4,1.3,2.8,,,
2024-09-04 19:00:00,1.0,1.1,1.9,,,
2024-09-04 20:00:00,0.8,1.1,1.8,,,
2024-09-04 21:00:00,1.4,1.1,3.0,,,
2024-09-04 22:00:00,2.1,1.3,4.6,,,
2024-09-04 23:00:00,2.0,1.6,3.8,,,
2024-09-05 00:00:00,2.1,1.9,4.0,,,
2024-09-05 01:00:00,2.3,2.0,4.4,,,
2024-09-05 02:00:00,2.1,2.0,4.5,,,
2024-09-05 03:00:00,2.1,2.0,4.5,,,
2024-09-05 04:00:00,2.1,2.0,4.4,,,
2024-09-05 05:00:00,2.1,2.0,4.5,,,
2024-09-05 06:00:00,2.1,1.9,4.6,,,
2024-09-05 07:00:00,1.9,1.7,5.0,,,
2024-09-05 08:00:00,1.8,1.5,5.4,,,
2024-09-05 09:00:00,1.9,1.6,6.6,,,
2024-09-05 10:00:00,2.3,1.6,7.9,,,
2024-09-05 11:00:00,2.6,1.6,9.0,,,
2024-09-05 12:00:00,2.6,1.9,9.6,,,
2024-09-05 13:00:00,2.9,2.3,10.6,,,
2024-09-05 14:00:00,2.9,2.4,10.0,,,
2024-09-05 15:00:00,2.4,2.1,8.9,,,
2024-09-05 16:00:00,2.4,2.0,8.9,,,
2024-09-05 17:00:00,3.2,1.9,10.5,,,
2024-09-05 18:00:00,2.0,1.8,6.8,,,
2024-09-05 19:00:00,1.8,1.7,6.0,,,
2024-09-05 20:00:00,1.1,1.5,4.4,,,
2024-09-05 21:00:00,1.1,1.4,2.8,,,
2024-09-05 22:00:00,1.3,1.4,3.4,,,
2024-09-05 23:00:00,1.6,1.4,3.5,,,
2024-09-06 00:00:00,1.4,1.4,3.1,,,
2024-09-06 01:00:00,1.6,1.4,3.4,,,
2024-09-06 02:00:00,1.5,1.5,3.4,,,
2024-09-06 03:00:00,1.4,1.5,2.9,,,
2024-09-06 04:00:00,1.3,1.4,2.6,,,
2024-09-06 05:00:00,0.9,1.2,1.6,,,
2024-09-06 06:00:00,0.6,1.1,1.4,,,
2024-09-06 07:00:00,0.5,1.1,1.0,,,
2024-09-06 08:00:00,0.6,1.1,2.0,,,
2024-09-06 09:00:00,1.4,1.1,3.9,,,
2024-09-06 10:00:00,2.1,1.6,6.1,,,
2024-09-06 11:00:00,1.9,1.9,6.5,,,
2024-09-06 12:00:00,1.6,2.2,5.5,,,
2024-09-06 13:00:00,1.5,1.7,5.6,,,
2024-09-06 14:00:00,1.5,1.8,4.6,,,
2024-09-06 15:00:00,1.4,1.8,5.0,,,
2024-09-06 16:00:00,1.5,1.6,5.4,,,
2024-09-06 17:00:00,1.5,1.4,4.6,,,
2024-09-06 18:00:00,1.3,1.2,4.0,,,
2024-09-06 19:00:00,0.8,1.1,3.0,,,
2024-09-06 20:00:00,0.5,0.9,2.5,,,
2024-09-06 21:00:00,0.3,0.8,1.8,,,
2024-09-06 22:00:00,0.4,0.6,1.8,,,
2024-09-06 23:00:00,0.3,0.4,1.4,,,
2024-09-07 00:00:00,0.1,0.3,1.3,,,
2024-09-07 01:00:00,0.1,0.3,0.8,,,
2024-09-07 02:00:00,0.1,0.4,0.6,,,
2024-09-07 03:00:00,0.5,0.4,1.3,,,
2024-09-07 04:00:00,0.2,0.4,0.6,,,
2024-09-07 05:00:00,0.3,0.3,0.8,,,
2024-09-07 06:00:00,0.1,0.3,0.6,,,
2024-09-07 07:00:00,0.4,0.3,1.1,,,
2024-09-07 08:00:00,0.6,0.3,2.4,,,
2024-09-07 09:00:00,0.4,1.0,2.5,,,
2024-09-07 10:00:00,0.6,1.4,2.4,,,
2024-09-07 11:00:00,0.9,1.4,3.6,,,
2024-09-07 12:00:00,1.3,1.7,4.3,,,
2024-09-07 13:00:00,1.3,1.8,4.3,,,
2024-09-07 14:00:00,1.6,1.9,5.1,,,
2024-09-07 15:00:00,1.8,1.9,6.5,,,
2024-09-07 16:00:00,1.7,1.7,4.8,,,
2024-09-07 17:00:00,1.4,1.4,4.3,,,
2024-09-07 18:00:00,1.2,1.2,3.8,,,
2024-09-07 19:00:00,0.9,1.0,2.8,,,
2024-09-07 20:00:00,0.7,0.9,2.3,,,
2024-09-07 21:00:00,0.8,0.8,2.4,,,
2024-09-07 22:00:00,0.4,0.6,1.5,,,
2024-09-07 23:00:00,0.3,0.4,1.0,,,
2024-09-08 00:00:00,0.3,0.3,1.0,,,
2024-09-08 01:00:00,0.6,0.4,1.6,,,
2024-09-08 02:00:00,0.6,0.6,1.5,,,
2024-09-08 03:00:00,0.9,0.7,1.3,,,
2024-09-08 04:00:00,0.8,0.7,1.0,,,
2024-09-08 05:00:00,0.5,0.6,0.9,,,
2024-09-08 06:00:00,0.6,0.6,1.0,,,
2024-09-08 07:00:00,1.1,0.6,2.9,,,
2024-09-08 08:00:00,0.4,0.7,2.0,,,
2024-09-08 09:00:00,1.1,0.8,3.5,,,
2024-09-08 10:00:00,1.3,0.9,4.8,,,
2024-09-08 11:00:00,1.6,1.1,5.1,,,
2024-09-08 12:00:00,1.8,1.4,6.4,,,
2024-09-08 13:00:00,2.1,1.5,7.5,,,
2024-09-08 14:00:00,2.3,1.9,8.0,,,
2024-09-08 15:00:00,2.1,2.1,7.4,,,
2024-09-08 16:00:00,1.5,1.9,4.5,,,
2024-09-08 17:00:00,1.3,1.5,3.4,,,
2024-09-08 18:00:00,1.1,1.1,3.1,,,
2024-09-08 19:00:00,0.9,0.9,3.0,,,
2024-09-08 20:00:00,0.9,0.7,2.6,,,
2024-09-08 21:00:00,0.8,0.6,2.6,,,
2024-09-08 22:00:00,0.8,0.5,2.4,,,
2024-09-08 23:00:00,0.7,0.4,2.0,,,
2024-09-09 00:00:00,0.6,0.3,1.6,,,
2024-09-09 01:00:00,0.6,0.2,1.6,,,
2024-09-09 02:00:00,0.4,0.1,1.4,,,
2024-09-09 03:00:00,0.3,0.1,0.6,,,
2024-09-09 04:00:00,0.3,0.2,0.8,,,
2024-09-09 05:00:00,0.3,0.4,1.1,,,
2024-09-09 06:00:00,0.4,0.6,1.4,,,
2024-09-09 07:00:00,0.3,0.7,1.1,,,
2024-09-09 08:00:00,0.7,0.7,3.0,,,
2024-09-09 09:00:00,0.8,1.0,2.9,,,
2024-09-09 10:00:00,1.1,1.3,4.5,,,
2024-09-09 11:00:00,1.6,1.5,6.0,,,
2024-09-09 12:00:00,1.7,1.9,5.8,,,
2024-09-09 13:00:00,1.9,2.1,6.3,,,
2024-09-09 14:00:00,1.9,2.3,6.9,,,
2024-09-09 15:00:00,2.1,2.3,7.0,,,
2024-09-09 16:00:00,1.8,2.1,5.4,,,
2024-09-09 17:00:00,1.6,1.7,4.9,,,
2024-09-09 18:00:00,1.3,1.3,3.5,,,
2024-09-09 19:00:00,0.9,0.9,2.0,,,
2024-09-09 20:00:00,0.6,0.5,1.6,,,
2024-09-09 21:00:00,0.4,,1.3,,138.0,148.0
2024-09-09 22:00:00,1.1,,2.5,,193.0,171.0
2024-09-09 23:00:00,1.3,,3.1,,217.0,195.0
2024-09-10 00:00:00,1.4,,2.8,,232.0,218.0
2024-09-10 01:00:00,1.7,,3.1,,232.0,227.0
2024-09-10 02:00:00,1.8,,3.6,,228.0,235.0
2024-09-10 03:00:00,1.8,,3.6,,238.0,244.0
2024-09-10 04:00:00,1.8,,3.8,,244.0,245.0
2024-09-10 05:00:00,1.8,,4.0,,250.0,245.0
2024-09-10 06:00:00,1.9,,4.0,,247.0,246.0
2024-09-10 07:00:00,1.8,,4.1,,250.0,250.0
2024-09-10 08:00:00,1.4,,3.9,,250.0,254.0
2024-09-10 09:00:00,1.0,,3.4,,257.0,259.0
2024-09-10 10:00:00,0.6,,3.5,,279.0,259.0
2024-09-10 11:00:00,0.3,,3.9,,270.0,243.0
2024-09-10 12:00:00,0.1,,4.1,,342.0,324.0
2024-09-10 13:00:00,0.4,,3.9,,86.0,14.0
2024-09-10 14:00:00,0.3,,4.3,,96.0,55.0
2024-09-10 15:00:00,0.9,,4.0,,86.0,82.0
2024-09-10 16:00:00,1.0,,4.3,,79.0,47.0
2024-09-10 17:00:00,1.1,,3.8,,84.0,13.0
2024-09-10 18:00:00,1.0,,1.5,,107.0,338.0
2024-09-10 19:00:00,1.1,,1.9,,134.0,312.0
2024-09-10 20:00:00,1.4,,3.0,,183.0,287.0
2024-09-10 21:00:00,1.6,,3.4,,227.0,261.0
2024-09-10 22:00:00,2.1,,3.9,,234.0,256.0
2024-09-10 23:00:00,2.1,,4.1,,233.0,250.0
2024-09-11 00:00:00,2.1,,4.0,,237.0,245.0
2024-09-11 01:00:00,2.1,,4.0,,240.0,245.0
2024-09-11 02:00:00,1.9,,3.9,,248.0,244.0
2024-09-11 03:00:00,2.1,,4.0,,238.0,244.0
2024-09-11 04:00:00,2.1,,4.1,,239.0,242.0
2024-09-11 05:00:00,2.3,,4.3,,242.0,241.0
2024-09-11 06:00:00,2.3,,4.5,,240.0,239.0
2024-09-11 07:00:00,2.0,,4.3,,241.0,244.0
2024-09-11 08:00:00,1.4,,3.6,,242.0,249.0
2024-09-11 09:00:00,0.6,,2.8,,27.0,247.0
2024-09-11 10:00:00,1.4,,5.3,,49.0,335.0
2024-09-11 11:00:00,2.0,,6.8,,49.0,46.0
2024-09-11 12:00:00,2.4,,8.4,,51.0,60.0
2024-09-11 13:00:00,2.9,,8.6,,47.0,59.0
2024-09-11 14:00:00,2.6,,8.1,,48.0,60.0
2024-09-11 15:00:00,2.3,,7.1,,41.0,66.0
2024-09-11 16:00:00,2.1,,6.3,,41.0,61.0
2024-09-11 17:00:00,1.8,,5.0,,35.0,57.0
2024-09-11 18:00:00,1.4,,3.8,,28.0,52.0
2024-09-11 19:00:00,0.9,,3.1,,19.0,51.0
2024-09-11 20:00:00,0.6,,2.4,,13.0,50.0
2024-09-11 21:00:00,0.4,,1.6,,333.0,49.0
2024-09-11 22:00:00,0.5,,1.5,,323.0,48.0
2024-09-11 23:00:00,0.5,,1.8,,305.0,47.0
2024-09-12 00:00:00,0.4,,1.4,,295.0,46.0
2024-09-12 01:00:00,0.3,,1.8,,331.0,59.0
2024-09-12 02:00:00,0.2,,2.4,,68.0,71.0
2024-09-12 03:00:00,0.6,,1.3,,241.0,84.0
2024-09-12 04:00:00,0.6,,1.5,,283.0,75.0
2024-09-12 05:00:00,0.7,,1.4,,241.0,67.0
2024-09-12 06:00:00,0.7,,1.3,,249.0,58.0
2024-09-12 07:00:00,0.7,,1.5,,254.0,54.0
2024-09-12 08:00:00,0.4,,1.1,,322.0,49.0
2024-09-12 09:00:00,0.3,,1.1,,203.0,22.0
2024-09-12 10:00:00,0.3,,1.0,,283.0,43.0
2024-09-12 11:00:00,0.7,,2.1,,337.0,78.0
2024-09-12 12:00:00,0.4,,1.6,,352.0,85.0
2024-09-12 13:00:00,0.1,,1.6,,288.0,86.0
2024-09-12 14:00:00,0.4,,2.1,,279.0,79.0
2024-09-12 15:00:00,2.1,,6.3,,11.0,56.0
2024-09-12 16:00:00,2.5,,7.5,,10.0,22.0
2024-09-12 17:00:00,2.3,,7.6,,17.0,349.0
2024-09-12 18:00:00,2.1,,6.5,,21.0,315.0
2024-09-12 19:00:00,1.4,,4.3,,29.0,328.0
2024-09-12 20:00:00,1.0,,3.1,,39.0,341.0
2024-09-12 21:00:00,0.9,,2.6,,52.0,354.0
2024-09-12 22:00:00,0.6,,2.0,,61.0,317.0
2024-09-12 23:00:00,0.6,,1.9,,69.0,281.0
2024-09-13 00:00:00,0.4,,1.6,,74.0,244.0
2024-09-13 01:00:00,0.3,,1.4,,107.0,248.0
2024-09-13 02:00:00,0.8,,2.4,,185.0,253.0
2024-09-13 03:00:00,0.8,,1.8,,239.0,257.0
2024-09-13 04:00:00,0.9,,1.8,,250.0,254.0
2024-09-13 05:00:00,1.0,,1.9,,254.0,251.0
2024-09-13 06:00:00,1.3,,2.5,,245.0,248.0
2024-09-13 07:00:00,1.4,,3.1,,239.0,254.0
2024-09-13 08:00:00,1.1,,3.1,,242.0,261.0
2024-09-13 09:00:00,0.8,,3.1,,256.0,239.0
2024-09-13 10:00:00,0.8,,4.3,,250.0,258.0
2024-09-13 11:00:00,1.0,,5.0,,253.0,277.0
2024-09-13 12:00:00,1.1,,5.8,,260.0,278.0
2024-09-13 13:00:00,0.9,,4.3,,283.0,353.0
2024-09-13 14:00:00,0.4,,2.1,,315.0,9.0
2024-09-13 15:00:00,0.6,,2.5,,345.0,63.0
2024-09-13 16:00:00,0.4,,1.6,,90.0,73.0
2024-09-13 17:00:00,0.4,,1.4,,160.0,82.0
2024-09-13 18:00:00,0.6,,1.9,,157.0,92.0
2024-09-13 19:00:00,0.8,,1.8,,185.0,108.0
2024-09-13 20:00:00,0.9,,2.3,,204.0,124.0
2024-09-13 21:00:00,1.1,,2.6,,223.0,140.0
2024-09-13 22:00:00,1.2,,2.4,,239.0,157.0
2024-09-13 23:00:00,1.4,,2.9,,237.0,174.0
2024-09-14 00:00:00,1.6,,3.4,,244.0,191.0
2024-09-14 01:00:00,1.7,,3.9,,246.0,210.0
2024-09-14 02:00:00,1.8,,4.4,,244.0,229.0
2024-09-14 03:00:00,1.7,,4.8,,243.0,248.0
2024-09-14 04:00:00,1.8,,4.8,,240.0,241.0
2024-09-14 05:00:00,1.8,,4.8,,237.0,234.0
2024-09-14 06:00:00,1.1,,3.3,,277.0,227.0
2024-09-14 07:00:00,0.3,,3.4,,188.0,195.0
2024-09-14 08:00:00,0.6,,1.3,,41.0,163.0
2024-09-14 09:00:00,0.6,,2.8,,34.0,40.0
2024-09-14 10:00:00,1.6,,4.6,,21.0,41.0
2024-09-14 11:00:00,1.5,,5.8,,10.0,38.0
2024-09-14 12:00:00,1.4,,5.6,,12.0,48.0
2024-09-14 13:00:00,1.2,,3.3,,35.0,29.0
2024-09-14 14:00:00,1.1,,3.6,,32.0,90.0
2024-09-14 15:00:00,1.1,,3.0,,80.0,58.0
2024-09-14 16:00:00,1.3,,4.4,,100.0,75.0
2024-09-14 17:00:00,1.0,,3.4,,90.0,93.0
2024-09-14 18:00:00,1.3,,3.4,,68.0,110.0
2024-09-14 19:00:00,1.3,,2.9,,74.0,130.0
2024-09-14 20:00:00,1.1,,2.9,,101.0,150.0
2024-09-14 21:00:00,0.9,,2.8,,132.0,170.0
2024-09-14 22:00:00,0.3,,1.1,,74.0,185.0
2024-09-14 23:00:00,0.6,,1.9,,34.0,200.0
2024-09-15 00:00:00,1.1,,2.9,,52.0,215.0
2024-09-15 01:00:00,0.9,,2.9,,82.0,235.0
2024-09-15 02:00:00,0.8,,2.5,,56.0,254.0
2024-09-15 03:00:00,0.7,,2.0,,58.0,274.0
2024-09-15 04:00:00,0.8,,2.4,,51.0,257.0
2024-09-15 05:00:00,0.9,,2.5,,41.0,240.0
2024-09-15 06:00:00,0.9,,3.0,,27.0,223.0
2024-09-15 07:00:00,1.0,,3.6,,26.0,172.0
2024-09-15 08:00:00,1.1,,4.6,,17.0,122.0
2024-09-15 09:00:00,1.1,,3.4,,32.0,31.0
2024-09-15 10:00:00,1.4,,4.3,,19.0,33.0
2024-09-15 11:00:00,1.6,,4.9,,24.0,36.0
2024-09-15 12:00:00,1.6,,5.5,,28.0,32.0
2024-09-15 13:00:00,1.8,,6.3,,15.0,33.0
2024-09-15 14:00:00,2.0,,6.8,,15.0,33.0
2024-09-15 15:00:00,2.3,,7.1,,38.0,35.0
2024-09-15 16:00:00,2.2,,7.1,,40.0,31.0
2024-09-15 17:00:00,2.1,,6.6,,40.0,28.0
2024-09-15 18:00:00,2.0,,6.6,,39.0,24.0
2024-09-15 19:00:00,1.9,,6.4,,40.0,22.0
2024-09-15 20:00:00,1.9,,6.5,,39.0,21.0
2024-09-15 21:00:00,1.8,,6.4,,36.0,19.0
2024-09-15 22:00:00,1.8,,6.0,,33.0,16.0
2024-09-15 23:00:00,1.9,,6.1,,33.0,14.0
2024-09-16 00:00:00,1.9,,6.1,,31.0,11.0
2024-09-16 01:00:00,1.8,,6.1,,28.0,11.0
2024-09-16 02:00:00,1.9,,6.3,,25.0,11.0
2024-09-16 03:00:00,1.6,,5.0,,38.0,11.0
2024-09-16 04:00:00,1.4,,4.5,,34.0,9.0
2024-09-16 05:00:00,1.4,,4.5,,35.0,8.0
2024-09-16 06:00:00,1.4,,4.5,,35.0,6.0
2024-09-16 07:00:00,1.5,,4.6,,35.0,6.0
2024-09-16 08:00:00,1.3,,4.3,,34.0,5.0
2024-09-16 09:00:00,0.8,,3.4,,51.0,22.0
2024-09-16 10:00:00,1.2,,3.6,,44.0,59.0
2024-09-16 11:00:00,1.1,,3.9,,53.0,59.0
2024-09-16 12:00:00,1.1,,3.5,,60.0,57.0
2024-09-16 13:00:00,1.1,,3.6,,66.0,63.0
2024-09-16 14:00:00,1.0,,3.9,,68.0,54.0
2024-09-16 15:00:00,1.1,,4.0,,65.0,54.0
2024-09-16 16:00:00,1.0,,4.0,,66.0,66.0
2024-09-16 17:00:00,0.9,,3.3,,84.0,78.0
2024-09-16 18:00:00,0.8,,2.5,,69.0,90.0
2024-09-16 19:00:00,0.8,,1.8,,66.0,140.0
2024-09-16 20:00:00,0.4,,1.3,,110.0,189.0
2024-09-16 21:00:00,0.6,,2.0,,177.0,239.0
2024-09-16 22:00:00,1.0,,3.5,,189.0,240.0
2024-09-16 23:00:00,1.3,,3.8,,220.0,240.0
2024-09-17 00:00:00,1.4,,3.5,,241.0,241.0
2024-09-17 01:00:00,1.5,,3.1,,244.0,242.0
2024-09-17 02:00:00,1.9,,3.5,,242.0,243.0
2024-09-17 03:00:00,1.8,,4.0,,248.0,244.0
2024-09-17 04:00:00,1.9,,4.0,,247.0,244.0
2024-09-17 05:00:00,1.9,,4.3,,247.0,245.0
2024-09-17 06:00:00,2.0,,4.5,,240.0,245.0
2024-09-17 07:00:00,1.9,,4.9,,246.0,246.0
2024-09-17 08:00:00,1.7,,4.6,,243.0,248.0
2024-09-17 09:00:00,1.5,,4.1,,249.0,253.0
2024-09-17 10:00:00,1.2,,3.8,,275.0,270.0
2024-09-17 11:00:00,1.2,,3.9,,312.0,14.0
2024-09-17 12:00:00,0.9,,3.3,,296.0,48.0
2024-09-17 13:00:00,0.8,,4.5,,284.0,73.0
2024-09-17 14:00:00,0.7,,3.6,,270.0,99.0
2024-09-17 15:00:00,1.4,,4.5,,44.0,100.0
2024-09-17 16:00:00,1.2,,3.6,,56.0,139.0
2024-09-17 17:00:00,0.8,,2.4,,68.0,179.0
2024-09-17 18:00:00,0.8,,1.5,,107.0,218.0
2024-09-17 19:00:00,0.4,,0.6,,117.0,226.0
2024-09-17 20:00:00,0.5,,0.9,,147.0,233.0
2024-09-17 21:00:00,0.8,,1.5,,217.0,241.0
2024-09-17 22:00:00,0.7,1.7,,,255.0,244.0
2024-09-17 23:00:00,1.1,1.7,,,226.0,247.0
2024-09-18 00:00:00,1.2,1.7,,,248.0,250.0
2024-09-18 01:00:00,1.0,1.7,,,265.0,250.0
2024-09-18 02:00:00,1.0,1.6,,,252.0,251.0
2024-09-18 03:00:00,1.5,1.5,,,249.0,251.0
2024-09-18 04:00:00,1.6,1.3,,,249.0,269.0
2024-09-18 05:00:00,1.6,1.0,,,250.0,288.0
2024-09-18 06:00:00,1.4,0.8,,,256.0,306.0
2024-09-18 07:00:00,1.1,0.9,,,249.0,326.0
2024-09-18 08:00:00,0.4,1.1,,,245.0,345.0
2024-09-18 09:00:00,0.3,0.5,,,63.0,73.0
2024-09-18 10:00:00,0.6,0.9,,,38.0,56.0
2024-09-18 11:00:00,0.8,1.3,,,42.0,33.0
2024-09-18 12:00:00,0.8,0.9,,,81.0,39.0
2024-09-18 13:00:00,0.7,0.8,,,67.0,36.0
2024-09-18 14:00:00,1.1,0.8,,,61.0,67.0
2024-09-18 15:00:00,0.3,0.8,,,90.0,122.0
2024-09-18 16:00:00,0.4,0.7,,,117.0,141.0
2024-09-18 17:00:00,0.4,0.5,,,74.0,161.0
2024-09-18 18:00:00,0.5,0.5,,,105.0,180.0
2024-09-18 19:00:00,0.6,0.6,,,159.0,209.0
2024-09-18 20:00:00,0.7,0.8,,,191.0,237.0
2024-09-18 21:00:00,0.6,1.0,,,258.0,266.0
2024-09-18 22:00:00,1.0,1.2,,,248.0,262.0
2024-09-18 23:00:00,1.1,1.3,,,254.0,257.0
2024-09-19 00:00:00,1.1,1.4,,,263.0,253.0
2024-09-19 01:00:00,0.8,1.3,,,270.0,256.0
2024-09-19 02:00:00,0.8,1.2,,,265.0,258.0
2024-09-19 03:00:00,1.3,1.0,,,254.0,261.0
2024-09-19 04:00:00,1.4,0.7,,,247.0,273.0
2024-09-19 05:00:00,1.0,0.4,,,252.0,285.0
2024-09-19 06:00:00,0.8,0.3,,,239.0,297.0
2024-09-19 07:00:00,0.7,0.5,,,245.0,335.0
2024-09-19 08:00:00,0.4,0.8,,,214.0,13.0
2024-09-19 09:00:00,0.4,0.8,,,118.0,85.0
2024-09-19 10:00:00,0.3,1.3,,,111.0,79.0
2024-09-19 11:00:00,0.1,1.6,,,166.0,73.0
2024-09-19 12:00:00,0.3,1.4,,,16.0,73.0
2024-09-19 13:00:00,0.1,1.0,,,342.0,88.0
2024-09-19 14:00:00,0.3,0.4,,,354.0,111.0
2024-09-19 15:00:00,0.2,0.6,,,81.0,90.0
2024-09-19 16:00:00,0.1,0.4,,,117.0,91.0
2024-09-19 17:00:00,0.3,0.4,,,214.0,93.0
2024-09-19 18:00:00,0.4,0.4,,,228.0,94.0
2024-09-19 19:00:00,0.8,0.6,,,236.0,141.0
2024-09-19 20:00:00,1.1,1.0,,,243.0,187.0
2024-09-19 21:00:00,1.4,1.3,,,251.0,234.0
2024-09-19 22:00:00,1.7,1.5,,,254.0,236.0
2024-09-19 23:00:00,1.8,1.7,,,251.0,239.0
2024-09-20 00:00:00,1.6,1.8,,,252.0,241.0
2024-09-20 01:00:00,1.6,1.8,,,256.0,241.0
2024-09-20 02:00:00,1.7,1.8,,,251.0,241.0
2024-09-20 03:00:00,1.8,1.8,,,243.0,241.0
2024-09-20 04:00:00,1.8,1.9,,,244.0,237.0
2024-09-20 05:00:00,1.8,2.0,,,243.0,233.0
2024-09-20 06:00:00,1.8,2.1,,,240.0,229.0
2024-09-20 07:00:00,1.6,2.2,,,247.0,227.0
2024-09-20 08:00:00,1.4,2.4,,,245.0,225.0
2024-09-20 09:00:00,1.0,0.5,,,228.0,225.0
2024-09-20 10:00:00,1.6,0.9,,,219.0,208.0
2024-09-20 11:00:00,2.4,1.3,,,225.0,214.0
2024-09-20 12:00:00,2.4,1.4,,,232.0,213.0
2024-09-20 13:00:00,1.5,1.6,,,238.0,211.0
2024-09-20 14:00:00,0.9,0.9,,,272.0,212.0
2024-09-20 15:00:00,1.2,0.6,,,243.0,204.0
2024-09-20 16:00:00,1.1,0.4,,,250.0,240.0
2024-09-20 17:00:00,0.8,0.2,,,281.0,275.0
2024-09-20 18:00:00,1.1,0.6,,,306.0,311.0
2024-09-20 19:00:00,5.2,2.0,,,351.0,333.0
2024-09-20 20:00:00,4.4,3.9,,,5.0,354.0
2024-09-20 21:00:00,4.0,5.1,,,19.0,16.0
2024-09-20 22:00:00,4.1,4.9,,,21.0,17.0
2024-09-20 23:00:00,3.6,4.1,,,24.0,19.0
2024-09-21 00:00:00,3.1,3.4,,,33.0,20.0
2024-09-21 01:00:00,3.1,3.2,,,35.0,26.0
2024-09-21 02:00:00,3.1,3.2,,,33.0,32.0
2024-09-21 03:00:00,3.4,3.1,,,34.0,38.0
2024-09-21 04:00:00,2.6,2.8,,,43.0,36.0
2024-09-21 05:00:00,2.1,2.5,,,51.0,35.0
2024-09-21 06:00:00,1.8,2.3,,,51.0,33.0
2024-09-21 07:00:00,2.2,2.3,,,51.0,36.0
2024-09-21 08:00:00,2.6,2.5,,,40.0,38.0
2024-09-21 09:00:00,2.3,2.8,,,39.0,30.0
2024-09-21 10:00:00,2.9,2.2,,,35.0,29.0
2024-09-21 11:00:00,2.5,2.4,,,37.0,27.0
2024-09-21 12:00:00,2.5,2.1,,,36.0,36.0
2024-09-21 13:00:00,2.3,2.1,,,44.0,42.0
2024-09-21 14:00:00,2.1,1.9,,,49.0,44.0
2024-09-21 15:00:00,2.4,1.9,,,41.0,44.0
2024-09-21 16:00:00,2.6,2.0,,,43.0,40.0
2024-09-21 17:00:00,2.9,2.1,,,40.0,35.0
2024-09-21 18:00:00,2.9,2.3,,,38.0,31.0
2024-09-21 19:00:00,3.0,2.5,,,43.0,32.0
2024-09-21 20:00:00,3.1,2.7,,,37.0,33.0
2024-09-21 21:00:00,3.1,2.8,,,37.0,34.0
2024-09-21 22:00:00,3.2,2.9,,,32.0,34.0
2024-09-21 23:00:00,3.3,2.9,,,28.0,33.0
2024-09-22 00:00:00,3.6,2.9,,,25.0,33.0
2024-09-22 01:00:00,3.5,3.0,,,21.0,35.0
2024-09-22 02:00:00,3.2,3.0,,,20.0,37.0
2024-09-22 03:00:00,3.1,3.1,,,24.0,39.0
2024-09-22 04:00:00,3.1,3.2,,,23.0,40.0
2024-09-22 05:00:00,2.8,3.2,,,27.0,41.0
2024-09-22 06:00:00,2.6,3.3,,,31.0,42.0
2024-09-22 07:00:00,2.3,3.4,,,35.0,41.0
2024-09-22 08:00:00,2.4,3.4,,,38.0,41.0
2024-09-22 09:00:00,2.5,1.7,,,37.0,40.0
2024-09-22 10:00:00,2.5,1.6,,,36.0,40.0
2024-09-22 11:00:00,2.6,1.9,,,36.0,34.0
2024-09-22 12:00:00,3.1,2.4,,,34.0,26.0
2024-09-22 13:00:00,3.2,2.9,,,33.0,22.0
2024-09-22 14:00:00,2.8,2.9,,,34.0,25.0
2024-09-22 15:00:00,2.8,2.8,,,35.0,31.0
2024-09-22 16:00:00,2.6,2.6,,,37.0,32.0
2024-09-22 17:00:00,2.4,2.3,,,37.0,34.0
2024-09-22 18:00:00,2.3,2.0,,,35.0,35.0
2024-09-22 19:00:00,2.1,1.8,,,36.0,36.0
2024-09-22 20:00:00,1.7,1.7,,,37.0,37.0
2024-09-22 21:00:00,1.5,1.6,,,39.0,38.0
2024-09-22 22:00:00,1.3,1.4,,,39.0,35.0
2024-09-22 23:00:00,1.1,1.1,,,33.0,31.0
2024-09-23 00:00:00,1.2,0.9,,,24.0,28.0
2024-09-23 01:00:00,1.3,0.9,,,22.0,14.0
2024-09-23 02:00:00,1.6,0.9,,,15.0,1.0
2024-09-23 03:00:00,1.8,1.0,,,19.0,347.0
2024-09-23 04:00:00,2.0,1.1,,,26.0,360.0
2024-09-23 05:00:00,2.1,1.2,,,27.0,12.0
2024-09-23 06:00:00,1.9,1.3,,,29.0,25.0
2024-09-23 07:00:00,1.8,1.5,,,28.0,29.0
2024-09-23 08:00:00,1.8,1.6,,,30.0,33.0
2024-09-23 09:00:00,2.6,3.1,,,42.0,40.0
2024-09-23 10:00:00,3.4,3.4,,,43.0,46.0
2024-09-23 11:00:00,3.8,3.3,,,44.0,48.0
2024-09-23 12:00:00,3.8,3.8,,,46.0,52.0
2024-09-23 13:00:00,3.6,3.6,,,47.0,54.0
2024-09-23 14:00:00,3.3,3.4,,,50.0,55.0
2024-09-23 15:00:00,3.4,3.3,,,54.0,53.0
2024-09-23 16:00:00,3.1,2.8,,,48.0,47.0
2024-09-23 17:00:00,2.4,2.2,,,47.0,42.0
2024-09-23 18:00:00,1.6,1.6,,,43.0,36.0
2024-09-23 19:00:00,0.9,1.2,,,21.0,33.0
2024-09-23 20:00:00,1.1,0.9,,,5.0,30.0
2024-09-23 21:00:00,1.0,0.7,,,339.0,27.0
2024-09-23 22:00:00,0.6,0.7,,,321.0,352.0
2024-09-23 23:00:00,0.6,0.8,,,279.0,318.0
2024-09-24 00:00:00,1.4,0.9,,,254.0,283.0
2024-09-24 01:00:00,1.6,1.1,,,251.0,272.0
2024-09-24 02:00:00,1.8,1.4,,,245.0,260.0
2024-09-24 03:00:00,1.8,1.6,,,246.0,249.0
2024-09-24 04:00:00,1.8,1.8,,,238.0,248.0
2024-09-24 05:00:00,1.8,1.9,,,235.0,248.0
2024-09-24 06:00:00,1.9,1.8,,,237.0,247.0
2024-09-24 07:00:00,1.6,1.2,,,244.0,282.0
2024-09-24 08:00:00,1.0,0.5,,,242.0,316.0
2024-09-24 09:00:00,0.4,0.1,,,270.0,135.0
2024-09-24 10:00:00,0.8,1.2,,,71.0,76.0
2024-09-24 11:00:00,1.7,1.9,,,72.0,78.0
2024-09-24 12:00:00,2.1,2.1,,,75.0,75.0
2024-09-24 13:00:00,2.5,2.3,,,78.0,77.0
2024-09-24 14:00:00,2.3,2.6,,,77.0,80.0
2024-09-24 15:00:00,2.3,2.4,,,90.0,83.0
2024-09-24 16:00:00,1.9,2.0,,,82.0,80.0
2024-09-24 17:00:00,1.6,1.4,,,74.0,77.0
2024-09-24 18:00:00,1.0,0.9,,,69.0,74.0
2024-09-24 19:00:00,0.5,0.6,,,90.0,96.0
2024-09-24 20:00:00,0.3,0.3,,,130.0,117.0
2024-09-24 21:00:00,0.4,0.3,,,210.0,139.0
2024-09-24 22:00:00,0.6,0.7,,,240.0,169.0
2024-09-24 23:00:00,1.2,1.3,,,235.0,200.0
2024-09-25 00:00:00,1.4,1.7,,,242.0,230.0
2024-09-25 01:00:00,1.5,1.8,,,242.0,235.0
2024-09-25 02:00:00,1.7,1.7,,,243.0,241.0
2024-09-25 03:00:00,1.6,1.7,,,241.0,246.0
2024-09-25 04:00:00,1.6,1.8,,,242.0,246.0
2024-09-25 05:00:00,1.7,2.0,,,241.0,247.0
2024-09-25 06:00:00,1.6,2.0,,,239.0,247.0
2024-09-25 07:00:00,1.6,1.6,,,237.0,240.0
2024-09-25 08:00:00,1.1,1.1,,,239.0,232.0
2024-09-25 09:00:00,0.4,0.1,,,209.0,166.0
2024-09-25 10:00:00,0.8,0.9,,,135.0,137.0
2024-09-25 11:00:00,0.7,0.9,,,85.0,116.0
2024-09-25 12:00:00,1.0,1.1,,,74.0,100.0
2024-09-25 13:00:00,1.4,1.1,,,74.0,88.0
2024-09-25 14:00:00,1.8,1.1,,,81.0,75.0
2024-09-25 15:00:00,2.0,1.4,,,95.0,74.0
2024-09-25 16:00:00,1.8,1.4,,,95.0,78.0
2024-09-25 17:00:00,1.5,1.4,,,96.0,82.0
2024-09-25 18:00:00,1.1,1.4,,,92.0,86.0
2024-09-25 19:00:00,1.2,1.3,,,104.0,125.0
2024-09-25 20:00:00,1.0,1.3,,,123.0,164.0
2024-09-25 21:00:00,0.9,1.3,,,176.0,203.0
2024-09-25 22:00:00,1.6,1.5,,,214.0,214.0
2024-09-25 23:00:00,,,,,227.0,225.0
2024-09-26 00:00:00,,,,,230.0,236.0
2024-09-26 01:00:00,,,,,238.0,237.0
2024-09-26 02:00:00,,,,,240.0,237.0
2024-09-26 03:00:00,,,,,237.0,238.0
2024-09-26 04:00:00,,,,,238.0,239.0
2024-09-26 05:00:00,,,,,238.0,241.0
2024-09-26 06:00:00,,,,,235.0,242.0
2024-09-26 07:00:00,,,,,237.0,241.0
2024-09-26 08:00:00,,,,,237.0,239.0
2024-09-26 09:00:00,,,,,244.0,243.0
2024-09-26 10:00:00,,,,,235.0,270.0
2024-09-26 11:00:00,,,,,234.0,236.0
2024-09-26 12:00:00,,,,,254.0,180.0
2024-09-26 13:00:00,,,,,235.0,139.0
2024-09-26 14:00:00,,,,,232.0,159.0
2024-09-26 15:00:00,,,,,142.0,146.0
2024-09-26 16:00:00,,,,,129.0,187.0
2024-09-26 17:00:00,,,,,121.0,229.0
2024-09-26 18:00:00,,,,,54.0,270.0
2024-09-26 19:00:00,,,,,36.0,264.0
2024-09-26 20:00:00,,,,,16.0,257.0
2024-09-26 21:00:00,,,,,149.0,251.0
2024-09-26 22:00:00,,,,,188.0,251.0
2024-09-26 23:00:00,,,,,228.0,252.0
2024-09-27 00:00:00,,,,,239.0,252.0
2024-09-27 01:00:00,,,,,248.0,252.0
2024-09-27 02:00:00,,,,,254.0,253.0
2024-09-27 03:00:00,,,,,254.0,253.0
2024-09-27 04:00:00,,,,,258.0,249.0
2024-09-27 05:00:00,,,,,259.0,246.0
2024-09-27 06:00:00,,,,,258.0,242.0
2024-09-27 07:00:00,,,,,242.0,248.0
2024-09-27 08:00:00,,,,,291.0,255.0
2024-09-27 09:00:00,,,,,355.0,357.0
2024-09-27 10:00:00,,,,,357.0,15.0
2024-09-27 11:00:00,,,,,7.0,23.0
2024-09-27 12:00:00,,,,,12.0,27.0
2024-09-27 13:00:00,,,,,7.0,24.0
2024-09-27 14:00:00,,,,,6.0,27.0
2024-09-27 15:00:00,,,,,13.0,28.0
2024-09-27 16:00:00,,,,,14.0,24.0
2024-09-27 17:00:00,,,,,7.0,19.0
2024-09-27 18:00:00,,,,,356.0,15.0
2024-09-27 19:00:00,,,,,358.0,346.0
2024-09-27 20:00:00,,,,,348.0,316.0
2024-09-27 21:00:00,,,,,334.0,287.0
2024-09-27 22:00:00,,,,,342.0,319.0
2024-09-27 23:00:00,,,,,346.0,351.0
2024-09-28 00:00:00,,,,,0.0,23.0
2024-09-28 01:00:00,,,,,3.0,26.0
2024-09-28 02:00:00,,,,,346.0,30.0
2024-09-28 03:00:00,,,,,40.0,33.0
2024-09-28 04:00:00,,,,,34.0,34.0
2024-09-28 05:00:00,,,,,37.0,34.0
2024-09-28 06:00:00,,,,,46.0,35.0
2024-09-28 07:00:00,,,,,53.0,39.0
2024-09-28 08:00:00,,,,,57.0,43.0
2024-09-28 09:00:00,,,,,39.0,53.0
2024-09-28 10:00:00,,,,,35.0,55.0
2024-09-28 11:00:00,,,,,35.0,53.0
2024-09-28 12:00:00,,,,,29.0,56.0
2024-09-28 13:00:00,,,,,29.0,56.0
2024-09-28 14:00:00,,,,,39.0,54.0
2024-09-28 15:00:00,,,,,41.0,47.0
2024-09-28 16:00:00,,,,,41.0,46.0
2024-09-28 17:00:00,,,,,39.0,45.0
2024-09-28 18:00:00,,,,,34.0,44.0
2024-09-28 19:00:00,,,,,34.0,44.0
2024-09-28 20:00:00,,,,,24.0,44.0
2024-09-28 21:00:00,,,,,19.0,44.0
2024-09-28 22:00:00,,,,,15.0,43.0
2024-09-28 23:00:00,,,,,10.0,41.0
2024-09-29 00:00:00,,,,,4.0,40.0
2024-09-29 01:00:00,,,,,2.0,44.0
2024-09-29 02:00:00,,,,,0.0,48.0
2024-09-29 03:00:00,,,,,0.0,52.0
2024-09-29 04:00:00,,,,,11.0,46.0
2024-09-29 05:00:00,,,,,15.0,41.0
2024-09-29 06:00:00,,,,,22.0,35.0
2024-09-29 07:00:00,,,,,31.0,41.0
2024-09-29 08:00:00,,,,,41.0,48.0
2024-09-29 09:00:00,,,,,62.0,46.0
2024-09-29 10:00:00,,,,,65.0,54.0
2024-09-29 11:00:00,,,,,63.0,61.0
2024-09-29 12:00:00,,,,,62.0,62.0
2024-09-29 13:00:00,,,,,61.0,60.0
2024-09-29 14:00:00,,,,,57.0,57.0
2024-09-29 15:00:00,,,,,54.0,59.0
2024-09-29 16:00:00,,,,,59.0,54.0
2024-09-29 17:00:00,,,,,59.0,49.0
2024-09-29 18:00:00,,,,,48.0,44.0
2024-09-29 19:00:00,,,,,34.0,39.0
2024-09-29 20:00:00,,,,,37.0,34.0
2024-09-29 21:00:00,,,,,8.0,29.0
2024-09-29 22:00:00,,,,,346.0,8.0
2024-09-29 23:00:00,,,,,332.0,346.0
2024-09-30 00:00:00,,,,,280.0,325.0
2024-09-30 01:00:00,,,,,250.0,296.0
2024-09-30 02:00:00,,,,,252.0,268.0
2024-09-30 03:00:00,,,,,254.0,239.0
2024-09-30 04:00:00,,,,,239.0,243.0
2024-09-30 05:00:00,,,,,244.0,247.0
2024-09-30 06:00:00,,,,,247.0,251.0
2024-09-30 07:00:00,,,,,244.0,239.0
2024-09-30 08:00:00,,,,,243.0,227.0
2024-09-30 09:00:00,,,,,216.0,222.0
2024-09-30 10:00:00,,,,,136.0,125.0
2024-09-30 11:00:00,,,,,118.0,109.0
2024-09-30 12:00:00,,,,,95.0,107.0
2024-09-30 13:00:00,,,,,72.0,49.0
2024-09-30 14:00:00,,,,,49.0,30.0
2024-09-30 15:00:00,,,,,77.0,53.0
2024-09-30 16:00:00,,,,,90.0,81.0
2024-09-30 17:00:00,,,,,90.0,109.0
2024-09-30 18:00:00,,,,,146.0,137.0
2024-09-30 19:00:00,,,,,214.0,170.0
2024-09-30 20:00:00,,,,,234.0,202.0
2024-09-30 21:00:00,,,,,239.0,235.0
2024-09-30 22:00:00,,,,,243.0,237.0
2024-09-30 23:00:00,,,,,243.0,240.0
2024-10-01 00:00:00,,,,,245.0,242.0
2024-10-01 01:00:00,,,,,245.0,243.0
2024-10-01 02:00:00,,,,,245.0,245.0
2024-10-01 03:00:00,,,,,246.0,246.0
2024-10-01 04:00:00,,,,,245.0,247.0
2024-10-01 05:00:00,,,,,243.0,247.0
2024-10-01 06:00:00,,,,,245.0,248.0
2024-10-01 07:00:00,,,,,243.0,246.0
2024-10-01 08:00:00,,,,,246.0,245.0
2024-10-01 09:00:00,,,,,243.0,244.0
2024-10-01 10:00:00,,,,,237.0,244.0
2024-10-01 11:00:00,,,,,240.0,251.0
2024-10-01 12:00:00,,,,,246.0,245.0
2024-10-01 13:00:00,,,,,244.0,252.0
2024-10-01 14:00:00,,,,,251.0,256.0
2024-10-01 15:00:00,,,,,259.0,256.0
2024-10-01 16:00:00,,,,,263.0,260.0
2024-10-01 17:00:00,,,,,260.0,263.0
2024-10-01 18:00:00,,,,,265.0,267.0
2024-10-01 19:00:00,,,,,240.0,264.0
2024-10-01 20:00:00,,,,,254.0,261.0
2024-10-01 21:00:00,,,,,254.0,258.0
2024-10-01 22:00:00,,,,,255.0,256.0
2024-10-01 23:00:00,,,,,260.0,254.0
2024-10-02 00:00:00,,,,,255.0,252.0
2024-10-02 01:00:00,,,,,257.0,252.0
2024-10-02 02:00:00,,,,,261.0,252.0
2024-10-02 03:00:00,,,,,256.0,252.0
2024-10-02 04:00:00,,,,,257.0,249.0
2024-10-02 05:00:00,,,,,243.0,247.0
2024-10-02 06:00:00,,,,,263.0,244.0
2024-10-02 07:00:00,,,,,247.0,251.0
2024-10-02 08:00:00,,,,,279.0,259.0
2024-10-02 09:00:00,,,,,301.0,274.0
2024-10-02 10:00:00,,,,,326.0,337.0
2024-10-02 11:00:00,,,,,335.0,346.0
2024-10-02 12:00:00,,,,,9.0,348.0
2024-10-02 13:00:00,,,,,10.0,10.0
2024-10-02 14:00:00,,,,,20.0,12.0
2024-10-02 15:00:00,,,,,11.0,16.0
2024-10-02 16:00:00,,,,,16.0,15.0
2024-10-02 17:00:00,,,,,20.0,14.0
2024-10-02 18:00:00,,,,,11.0,13.0
2024-10-02 19:00:00,,,,,342.0,339.0
2024-10-02 20:00:00,,,,,298.0,304.0
2024-10-02 21:00:00,,,,,277.0,270.0
2024-10-02 22:00:00,,,,,257.0,265.0
2024-10-02 23:00:00,,,,,264.0,259.0
2024-10-03 00:00:00,,,,,274.0,254.0
2024-10-03 01:00:00,,,,,272.0,254.0
2024-10-03 02:00:00,,,,,273.0,254.0
2024-10-03 03:00:00,,,,,268.0,254.0
2024-10-03 04:00:00,,,,,285.0,260.0
2024-10-03 05:00:00,,,,,324.0,266.0
2024-10-03 06:00:00,,,,,341.0,272.0
2024-10-03 07:00:00,,,,,2.0,303.0
2024-10-03 08:00:00,,,,,39.0,333.0
2024-10-03 09:00:00,,,,,38.0,355.0
2024-10-03 10:00:00,,,,,67.0,11.0
2024-10-03 11:00:00,,,,,70.0,49.0
2024-10-03 12:00:00,,,,,62.0,53.0
2024-10-03 13:00:00,,,,,58.0,59.0
2024-10-03 14:00:00,,,,,54.0,47.0
2024-10-03 15:00:00,,,,,47.0,41.0
2024-10-03 16:00:00,,,,,36.0,25.0
2024-10-03 17:00:00,,,,,20.0,8.0
2024-10-03 18:00:00,,,,,4.0,352.0
2024-10-03 19:00:00,,,,,346.0,320.0
2024-10-03 20:00:00,,,,,350.0,288.0
2024-10-03 21:00:00,,,,,12.0,256.0
2024-10-03 22:00:00,,,,,0.0,272.0
2024-10-03 23:00:00,,,,,0.0,288.0
2024-10-04 00:00:00,0.8,0.7,3.6,3.8,,
2024-10-04 01:00:00,0.5,0.9,2.5,4.3,,
2024-10-04 02:00:00,0.3,1.0,3.6,4.7,,
2024-10-04 03:00:00,0.9,1.1,3.6,4.8,,
2024-10-04 04:00:00,1.1,0.9,4.0,4.2,,
2024-10-04 05:00:00,1.3,0.5,4.8,3.3,,
2024-10-04 06:00:00,1.3,0.4,4.9,2.9,,
2024-10-04 07:00:00,1.0,0.6,4.6,3.2,,
2024-10-04 08:00:00,0.6,1.0,3.5,4.0,,
2024-10-04 09:00:00,0.3,0.9,3.3,5.0,,
2024-10-04 10:00:00,1.3,2.1,5.9,7.0,,
2024-10-04 11:00:00,1.9,3.3,7.0,10.3,,
2024-10-04 12:00:00,2.4,3.5,8.4,10.6,,
2024-10-04 13:00:00,2.6,3.0,8.5,9.5,,
2024-10-04 14:00:00,2.4,2.8,8.0,9.0,,
2024-10-04 15:00:00,2.3,2.7,7.5,8.1,,
2024-10-04 16:00:00,1.9,2.2,6.1,6.3,,
2024-10-04 17:00:00,1.4,1.6,3.9,4.2,,
2024-10-04 18:00:00,1.1,1.1,2.4,2.6,,
2024-10-04 19:00:00,1.2,0.8,2.8,1.9,,
2024-10-04 20:00:00,0.9,0.6,2.4,1.8,,
2024-10-04 21:00:00,1.7,0.6,3.4,1.8,,
2024-10-04 22:00:00,1.9,0.8,3.5,1.9,,
2024-10-04 23:00:00,1.8,1.3,3.4,2.1,,
2024-10-05 00:00:00,2.0,1.6,3.8,2.4,,
2024-10-05 01:00:00,2.2,1.8,4.1,2.7,,
2024-10-05 02:00:00,2.3,1.9,4.4,3.1,,
2024-10-05 03:00:00,2.3,2.0,4.3,3.4,,
2024-10-05 04:00:00,2.2,2.1,4.1,3.5,,
2024-10-05 05:00:00,2.2,2.1,4.0,3.5,,
2024-10-05 06:00:00,2.3,1.9,4.1,3.4,,
2024-10-05 07:00:00,2.0,1.3,4.1,2.8,,
2024-10-05 08:00:00,1.4,0.6,3.3,2.0,,
2024-10-05 09:00:00,0.7,0.3,2.5,2.5,,
2024-10-05 10:00:00,0.9,1.2,4.3,5.4,,
2024-10-05 11:00:00,1.1,1.8,5.1,7.0,,
2024-10-05 12:00:00,1.5,2.3,6.1,7.8,,
2024-10-05 13:00:00,2.1,2.5,7.3,8.4,,
2024-10-05 14:00:00,2.1,2.2,7.4,7.8,,
2024-10-05 15:00:00,2.1,1.9,7.0,6.0,,
2024-10-05 16:00:00,2.0,1.6,6.3,4.9,,
2024-10-05 17:00:00,1.6,1.2,4.1,3.6,,
2024-10-05 18:00:00,1.3,0.9,3.3,2.6,,
2024-10-05 19:00:00,0.4,0.7,1.3,1.9,,
2024-10-05 20:00:00,0.7,0.6,2.3,1.4,,
2024-10-05 21:00:00,0.9,0.7,3.1,1.3,,
2024-10-05 22:00:00,1.7,1.0,4.1,1.8,,
2024-10-05 23:00:00,1.8,1.5,4.1,2.6,,
2024-10-06 00:00:00,1.6,1.8,3.1,3.3,,
2024-10-06 01:00:00,1.9,1.9,3.6,3.5,,
2024-10-06 02:00:00,2.1,1.8,3.9,3.5,,
2024-10-06 03:00:00,2.0,1.8,4.0,3.5,,
2024-10-06 04:00:00,2.2,2.0,4.1,3.8,,
2024-10-06 05:00:00,2.1,2.2,3.8,4.1,,
2024-10-06 06:00:00,2.1,2.2,3.8,4.1,,
2024-10-06 07:00:00,1.9,1.8,3.3,3.6,,
2024-10-06 08:00:00,1.4,1.3,2.9,2.8,,
2024-10-06 09:00:00,0.9,0.3,2.4,1.3,,
2024-10-06 10:00:00,0.4,0.5,1.5,3.4,,
2024-10-06 11:00:00,0.4,0.9,1.8,4.5,,
2024-10-06 12:00:00,0.3,1.7,1.9,6.5,,
2024-10-06 13:00:00,0.7,1.2,1.9,4.1,,
2024-10-06 14:00:00,0.3,0.9,0.9,4.6,,
2024-10-06 15:00:00,1.1,1.1,2.8,3.3,,
2024-10-06 16:00:00,0.2,1.0,1.0,2.8,,
2024-10-06 17:00:00,0.7,0.9,1.6,2.5,,
2024-10-06 18:00:00,0.8,0.9,1.9,2.3,,
2024-10-06 19:00:00,0.8,0.8,2.1,2.0,,
2024-10-06 20:00:00,0.8,0.8,1.9,1.7,,
2024-10-06 21:00:00,1.1,0.8,2.5,1.6,,
2024-10-06 22:00:00,0.9,0.9,2.4,1.7,,
2024-10-06 23:00:00,0.3,1.1,1.4,2.0,,
2024-10-07 00:00:00,1.0,1.3,2.0,2.3,,
2024-10-07 01:00:00,1.4,1.4,2.6,2.5,,
2024-10-07 02:00:00,1.1,1.4,2.5,2.6,,
2024-10-07 03:00:00,1.5,1.4,2.9,2.6,,
2024-10-07 04:00:00,1.6,1.3,3.1,2.4,,
2024-10-07 05:00:00,1.6,1.2,3.1,2.1,,
2024-10-07 06:00:00,1.6,1.1,3.3,1.9,,
2024-10-07 07:00:00,1.4,1.0,3.1,2.0,,
2024-10-07 08:00:00,1.3,0.9,3.3,2.2,,
2024-10-07 09:00:00,0.9,1.3,2.8,3.0,,
2024-10-07 10:00:00,1.0,1.1,3.4,3.4,,
2024-10-07 11:00:00,0.7,0.6,2.5,3.1,,
2024-10-07 12:00:00,0.8,0.6,3.6,3.8,,
2024-10-07 13:00:00,1.2,0.8,4.6,2.9,,
2024-10-07 14:00:00,1.3,1.4,3.9,3.6,,
2024-10-07 15:00:00,0.9,1.4,3.9,5.0,,
2024-10-07 16:00:00,0.8,1.5,2.4,4.4,,
2024-10-07 17:00:00,0.8,1.5,1.5,3.4,,
2024-10-07 18:00:00,1.2,1.4,2.4,2.6,,
2024-10-07 19:00:00,0.8,1.2,2.3,2.1,,
2024-10-07 20:00:00,0.3,0.8,1.4,1.7,,
2024-10-07 21:00:00,0.6,0.7,1.1,1.5,,
2024-10-07 22:00:00,0.8,0.9,1.4,1.5,,
2024-10-07 23:00:00,0.9,1.3,1.6,1.8,,
2024-10-08 00:00:00,0.9,1.6,1.6,2.0,,
2024-10-08 01:00:00,0.8,1.7,1.8,2.3,,
2024-10-08 02:00:00,1.1,1.8,2.9,2.6,,
2024-10-08 03:00:00,0.6,1.8,1.3,2.8,,
2024-10-08 04:00:00,0.4,1.7,1.3,3.0,,
2024-10-08 05:00:00,0.4,1.5,2.1,3.1,,
2024-10-08 06:00:00,0.6,1.3,3.4,3.1,,
2024-10-08 07:00:00,1.0,0.9,4.8,2.7,,
2024-10-08 08:00:00,1.2,0.5,4.1,2.1,,
2024-10-08 09:00:00,1.1,1.1,4.0,3.4,,
2024-10-08 10:00:00,1.6,1.3,4.8,3.5,,
2024-10-08 11:00:00,1.7,1.3,4.8,4.3,,
2024-10-08 12:00:00,1.8,1.5,5.3,5.1,,
2024-10-08 13:00:00,1.8,1.6,5.8,5.8,,
2024-10-08 14:00:00,1.4,1.4,4.6,4.6,,
2024-10-08 15:00:00,1.4,1.4,4.5,4.4,,
2024-10-08 16:00:00,1.4,1.2,4.5,4.1,,
2024-10-08 17:00:00,1.2,1.1,4.1,3.7,,
2024-10-08 18:00:00,1.1,0.9,3.9,3.3,,
2024-10-08 19:00:00,0.9,0.9,2.9,3.0,,
2024-10-08 20:00:00,0.9,0.8,3.6,2.8,,
2024-10-08 21:00:00,1.0,0.8,3.5,2.5,,
2024-10-08 22:00:00,1.1,0.6,3.0,2.1,,
2024-10-08 23:00:00,1.3,0.4,3.3,1.8,,
2024-10-09 00:00:00,1.2,0.3,3.1,1.5,,
2024-10-09 01:00:00,1.0,0.3,3.0,1.4,,
2024-10-09 02:00:00,0.9,0.3,2.8,1.4,,
2024-10-09 03:00:00,0.9,0.4,2.4,1.6,,
2024-10-09 04:00:00,1.0,0.5,2.4,2.1,,
2024-10-09 05:00:00,1.1,0.6,2.0,2.7,,
2024-10-09 06:00:00,1.0,0.7,1.9,3.1,,
2024-10-09 07:00:00,0.9,0.7,1.9,3.1,,
2024-10-09 08:00:00,0.9,0.7,2.3,2.8,,
2024-10-09 09:00:00,1.2,1.2,4.3,3.8,,
2024-10-09 10:00:00,1.4,1.6,5.1,5.3,,
2024-10-09 11:00:00,1.6,1.7,5.1,5.6,,
2024-10-09 12:00:00,1.9,1.6,6.1,5.5,,
2024-10-09 13:00:00,1.5,1.4,6.1,5.9,,
2024-10-09 14:00:00,1.7,1.7,6.5,5.6,,
2024-10-09 15:00:00,2.0,1.6,6.8,4.6,,
2024-10-09 16:00:00,1.8,1.5,5.1,4.1,,
2024-10-09 17:00:00,1.3,1.3,4.0,3.6,,
2024-10-09 18:00:00,1.3,1.1,3.5,3.1,,
2024-10-09 19:00:00,0.8,0.9,2.4,2.5,,
2024-10-09 20:00:00,1.1,0.7,3.0,1.9,,
2024-10-09 21:00:00,1.1,0.6,2.9,1.5,,
2024-10-09 22:00:00,0.6,0.6,1.8,1.3,,
2024-10-09 23:00:00,0.4,0.6,1.5,1.2,,
2024-10-10 00:00:00,0.4,0.7,1.4,1.3,,
2024-10-10 01:00:00,0.8,0.9,1.5,1.6,,
2024-10-10 02:00:00,1.3,1.2,1.6,2.2,,
2024-10-10 03:00:00,1.6,1.4,2.9,2.6,,
2024-10-10 04:00:00,1.6,1.5,3.0,2.9,,
2024-10-10 05:00:00,1.6,1.6,3.1,3.2,,
2024-10-10 06:00:00,1.7,1.6,3.3,3.3,,
2024-10-10 07:00:00,1.8,1.3,3.4,2.9,,
2024-10-10 08:00:00,1.4,0.9,3.3,2.3,,
2024-10-10 09:00:00,0.8,0.9,2.6,2.9,,
2024-10-10 10:00:00,0.4,0.2,3.9,4.1,,
2024-10-10 11:00:00,0.9,1.1,6.1,5.6,,
2024-10-10 12:00:00,1.3,1.6,5.1,6.0,,
2024-10-10 13:00:00,1.6,1.6,6.4,5.1,,
2024-10-10 14:00:00,1.9,1.8,5.6,6.9,,
2024-10-10 15:00:00,1.8,1.6,6.3,5.5,,
2024-10-10 16:00:00,1.9,1.3,5.5,4.2,,
2024-10-10 17:00:00,1.3,0.8,3.4,2.6,,
2024-10-10 18:00:00,0.6,0.6,1.5,1.5,,
2024-10-10 19:00:00,0.5,0.7,1.5,1.4,,
2024-10-10 20:00:00,0.8,1.1,1.9,1.9,,
2024-10-10 21:00:00,1.3,1.4,2.3,2.4,,
2024-10-10 22:00:00,1.7,1.6,2.8,2.7,,
2024-10-10 23:00:00,1.9,1.8,3.4,3.0,,
2024-10-11 00:00:00,1.9,1.9,3.6,3.3,,
2024-10-11 01:00:00,2.1,2.0,3.8,3.6,,
2024-10-11 02:00:00,2.1,2.1,3.9,3.8,,
2024-10-11 03:00:00,2.1,2.1,4.1,4.0,,
2024-10-11 04:00:00,2.1,2.1,4.1,4.1,,
2024-10-11 05:00:00,2.1,2.2,4.1,4.1,,
2024-10-11 06:00:00,2.1,2.1,4.1,4.1,,
2024-10-11 07:00:00,2.0,1.9,4.1,4.1,,
2024-10-11 08:00:00,1.6,1.6,3.9,4.1,,
2024-10-11 09:00:00,1.1,1.6,3.3,4.9,,
2024-10-11 10:00:00,0.5,0.9,4.0,4.4,,
2024-10-11 11:00:00,0.4,0.3,3.9,4.5,,
2024-10-11 12:00:00,0.4,0.6,5.3,5.0,,
2024-10-11 13:00:00,0.6,0.8,4.1,5.4,,
2024-10-11 14:00:00,1.2,0.8,5.5,5.1,,
2024-10-11 15:00:00,1.1,0.9,4.5,4.0,,
2024-10-11 16:00:00,1.5,0.9,5.3,3.2,,
2024-10-11 17:00:00,1.4,0.8,3.9,2.2,,
2024-10-11 18:00:00,1.1,0.8,2.4,1.6,,
2024-10-11 19:00:00,0.8,0.9,1.9,1.6,,
2024-10-11 20:00:00,0.8,1.2,1.3,1.9,,
2024-10-11 21:00:00,1.4,1.4,3.0,2.3,,
2024-10-11 22:00:00,1.5,1.7,3.1,2.9,,
2024-10-11 23:00:00,1.8,2.0,3.1,3.6,,
2024-10-12 00:00:00,2.1,2.2,3.8,4.1,,
2024-10-12 01:00:00,2.3,2.3,4.3,,244.0,
2024-10-12 02:00:00,2.3,2.2,4.4,,245.0,
2024-10-12 03:00:00,2.1,2.2,4.1,,245.0,
2024-10-12 04:00:00,2.2,2.3,4.3,,243.0,
2024-10-12 05:00:00,2.2,2.3,4.3,,242.0,
2024-10-12 06:00:00,2.2,2.3,4.3,,243.0,
2024-10-12 07:00:00,2.1,2.1,4.1,,243.0,
2024-10-12 08:00:00,1.7,1.9,3.9,,241.0,
2024-10-12 09:00:00,1.2,1.2,3.6,,244.0,
2024-10-12 10:00:00,1.3,1.0,4.9,,254.0,
2024-10-12 11:00:00,1.1,0.3,5.0,,261.0,
2024-10-12 12:00:00,0.9,0.3,5.3,,268.0,
2024-10-12 13:00:00,0.9,0.6,5.5,,272.0,
2024-10-12 14:00:00,0.9,1.4,5.1,,288.0,
2024-10-12 15:00:00,0.9,2.1,4.5,,294.0,
2024-10-12 16:00:00,0.5,1.8,3.5,,342.0,
2024-10-12 17:00:00,0.6,1.2,3.3,,43.0,
2024-10-12 18:00:00,0.9,0.8,2.5,,82.0,
2024-10-12 19:00:00,0.9,0.7,1.8,,105.0,
2024-10-12 20:00:00,0.9,0.8,1.6,,164.0,
2024-10-12 21:00:00,1.3,1.0,2.0,,213.0,
2024-10-12 22:00:00,1.9,1.2,2.6,,230.0,
2024-10-12 23:00:00,2.0,1.4,3.3,,241.0,
2024-10-13 00:00:00,1.9,1.6,3.1,,242.0,
2024-10-13 01:00:00,2.0,1.7,3.4,,243.0,
2024-10-13 02:00:00,2.1,1.8,3.6,,242.0,
2024-10-13 03:00:00,2.2,1.8,4.0,,243.0,
2024-10-13 04:00:00,2.0,1.9,3.5,,243.0,
2024-10-13 05:00:00,2.1,2.0,3.5,,239.0,
2024-10-13 06:00:00,1.6,1.9,2.5,,241.0,
2024-10-13 07:00:00,1.9,1.4,3.1,,234.0,
2024-10-13 08:00:00,1.5,0.7,3.0,,233.0,
2024-10-13 09:00:00,0.6,0.5,1.8,,229.0,
2024-10-13 10:00:00,0.8,1.1,4.5,,99.0,
2024-10-13 11:00:00,1.9,2.1,7.0,,110.0,
2024-10-13 12:00:00,2.8,2.9,9.0,,101.0,
2024-10-13 13:00:00,3.0,2.9,9.5,,97.0,
2024-10-13 14:00:00,2.9,3.1,9.5,,97.0,
2024-10-13 15:00:00,3.3,2.8,9.6,,102.0,
2024-10-13 16:00:00,2.4,2.2,7.8,,108.0,
2024-10-13 17:00:00,1.2,1.5,4.0,,106.0,
2024-10-13 18:00:00,0.9,0.9,3.1,,98.0,
2024-10-13 19:00:00,0.4,0.7,2.4,,115.0,
2024-10-13 20:00:00,0.3,0.6,2.5,,90.0,
2024-10-13 21:00:00,0.4,0.5,1.9,,5.0,
2024-10-13 22:00:00,0.2,0.3,1.0,,211.0,
2024-10-13 23:00:00,0.3,0.2,1.4,,139.0,
2024-10-14 00:00:00,0.4,0.1,1.3,,228.0,
2024-10-14 01:00:00,0.6,0.2,1.1,,254.0,
2024-10-14 02:00:00,0.8,0.4,1.1,,238.0,
2024-10-14 03:00:00,1.0,0.6,1.4,,235.0,
2024-10-14 04:00:00,1.1,0.8,1.5,,234.0,
2024-10-14 05:00:00,1.0,1.0,1.5,,240.0,
2024-10-14 06:00:00,0.9,1.1,1.6,,230.0,
2024-10-14 07:00:00,1.3,0.9,2.3,,242.0,
2024-10-14 08:00:00,1.0,0.6,2.1,,255.0,
2024-10-14 09:00:00,0.7,0.4,2.0,,233.0,
2024-10-14 10:00:00,0.5,0.3,1.8,,255.0,
2024-10-14 11:00:00,0.6,0.3,4.6,,149.0,
2024-10-14 12:00:00,0.6,0.6,3.9,,153.0,
2024-10-14 13:00:00,0.7,0.5,4.0,,159.0,
2024-10-14 14:00:00,1.0,1.8,5.8,,180.0,
2024-10-14 15:00:00,0.6,0.4,2.5,,149.0,
2024-10-14 16:00:00,0.3,0.4,1.3,,188.0,
2024-10-14 17:00:00,0.1,0.4,0.5,,63.0,
2024-10-14 18:00:00,0.3,0.6,1.0,,174.0,
2024-10-14 19:00:00,0.3,1.0,0.8,,254.0,
2024-10-14 20:00:00,0.5,1.5,2.4,,208.0,
2024-10-14 21:00:00,0.9,1.9,3.4,,229.0,
2024-10-14 22:00:00,1.0,2.0,1.9,,237.0,
2024-10-14 23:00:00,1.1,1.9,1.8,,255.0,
2024-10-15 00:00:00,1.3,1.9,2.1,,249.0,
2024-10-15 01:00:00,1.4,2.0,2.5,,236.0,
2024-10-15 02:00:00,1.3,2.2,2.5,,248.0,
2024-10-15 03:00:00,1.7,2.3,3.3,,253.0,
2024-10-15 04:00:00,1.8,2.4,3.8,,245.0,
2024-10-15 05:00:00,1.9,2.4,3.8,,250.0,
2024-10-15 06:00:00,1.9,2.3,3.9,,243.0,
2024-10-15 07:00:00,1.9,2.0,3.9,,239.0,
2024-10-15 08:00:00,1.6,1.5,3.9,,243.0,
2024-10-15 09:00:00,1.1,1.1,3.1,,250.0,
2024-10-15 10:00:00,0.8,1.1,2.6,,248.0,
2024-10-15 11:00:00,0.4,1.3,3.1,,270.0,
2024-10-15 12:00:00,0.7,1.4,3.0,,315.0,
2024-10-15 13:00:00,0.9,1.4,3.1,,319.0,
2024-10-15 14:00:00,0.6,1.5,3.0,,284.0,
2024-10-15 15:00:00,0.6,1.4,3.0,,292.0,
2024-10-15 16:00:00,0.8,1.4,2.9,,263.0,
2024-10-15 17:00:00,0.9,1.4,3.5,,262.0,
2024-10-15 18:00:00,1.4,1.4,3.3,,253.0,
2024-10-15 19:00:00,1.8,1.5,3.9,,248.0,
2024-10-15 20:00:00,1.7,1.8,3.8,,255.0,
2024-10-15 21:00:00,1.8,1.9,4.0,,247.0,
2024-10-15 22:00:00,1.9,1.9,4.1,,249.0,
2024-10-15 23:00:00,2.0,1.9,4.5,,247.0,
2024-10-16 00:00:00,2.1,1.9,4.9,,246.0,
2024-10-16 01:00:00,2.1,1.9,4.9,,248.0,
2024-10-16 02:00:00,2.1,2.0,4.8,,245.0,
2024-10-16 03:00:00,1.8,1.9,4.0,,250.0,
2024-10-16 04:00:00,1.9,1.7,4.0,,252.0,
2024-10-16 05:00:00,1.9,1.4,4.0,,248.0,
2024-10-16 06:00:00,1.9,1.2,3.8,,245.0,
2024-10-16 07:00:00,1.8,1.1,3.1,,246.0,
2024-10-16 08:00:00,1.1,1.1,2.8,,255.0,
2024-10-16 09:00:00,0.7,0.3,3.3,,324.0,
2024-10-16 10:00:00,1.3,1.1,5.0,,6.0,
2024-10-16 11:00:00,1.9,1.5,6.9,,30.0,
2024-10-16 12:00:00,2.0,1.9,7.0,,53.0,
2024-10-16 13:00:00,2.4,2.1,8.3,,65.0,
2024-10-16 14:00:00,2.3,2.1,7.8,,70.0,
2024-10-16 15:00:00,2.1,2.3,7.1,,72.0,
2024-10-16 16:00:00,1.6,2.0,5.4,,71.0,
2024-10-16 17:00:00,1.3,1.5,3.9,,73.0,
2024-10-16 18:00:00,0.9,1.1,2.6,,75.0,
2024-10-16 19:00:00,0.7,1.0,1.9,,101.0,
2024-10-16 20:00:00,0.4,1.0,1.4,,110.0,
2024-10-16 21:00:00,0.6,1.1,1.3,,130.0,
2024-10-16 22:00:00,0.4,1.3,1.3,,128.0,
2024-10-16 23:00:00,0.5,1.5,1.5,,155.0,
2024-10-17 00:00:00,1.0,1.7,2.6,,184.0,
2024-10-17 01:00:00,1.3,1.8,3.0,,210.0,
2024-10-17 02:00:00,1.4,1.9,3.4,,241.0,
2024-10-17 03:00:00,1.8,1.9,3.3,,240.0,
2024-10-17 04:00:00,2.1,2.0,4.1,,238.0,
2024-10-17 05:00:00,2.1,2.1,4.3,,243.0,
2024-10-17 06:00:00,2.1,2.0,4.8,,241.0,
2024-10-17 07:00:00,1.9,1.7,4.9,,249.0,
2024-10-17 08:00:00,2.0,1.3,5.1,,245.0,
2024-10-17 09:00:00,1.7,1.3,4.4,,237.0,
2024-10-17 10:00:00,1.3,0.5,3.6,,230.0,
2024-10-17 11:00:00,0.6,0.8,2.9,,234.0,
2024-10-17 12:00:00,0.4,1.1,3.3,,14.0,
2024-10-17 13:00:00,1.0,1.3,4.6,,63.0,
2024-10-17 14:00:00,1.3,1.4,4.3,,75.0,
2024-10-17 15:00:00,1.4,1.6,4.5,,81.0,
2024-10-17 16:00:00,1.6,1.5,4.5,,74.0,
2024-10-17 17:00:00,1.4,1.4,3.8,,78.0,
2024-10-17 18:00:00,1.2,1.2,2.9,,88.0,
2024-10-17 19:00:00,1.0,1.1,2.5,,97.0,
2024-10-17 20:00:00,0.9,0.9,1.8,,144.0,
2024-10-17 21:00:00,0.4,0.8,1.5,,151.0,
2024-10-17 22:00:00,0.4,0.7,1.5,,214.0,
2024-10-17 23:00:00,1.3,0.7,2.1,,238.0,
2024-10-18 00:00:00,1.2,0.8,2.4,,250.0,
2024-10-18 01:00:00,1.3,1.0,2.5,,237.0,
2024-10-18 02:00:00,1.0,1.2,2.0,,244.0,
2024-10-18 03:00:00,1.2,1.4,2.6,,236.0,
2024-10-18 04:00:00,1.5,1.5,3.1,,241.0,
2024-10-18 05:00:00,1.3,1.4,2.9,,237.0,
2024-10-18 06:00:00,1.5,1.3,3.3,,239.0,
2024-10-18 07:00:00,1.6,1.0,3.5,,238.0,
2024-10-18 08:00:00,1.3,0.5,3.4,,240.0,
2024-10-18 09:00:00,0.8,0.7,2.5,,232.0,
2024-10-18 10:00:00,0.4,0.5,2.3,,184.0,
2024-10-18 11:00:00,0.3,0.1,1.6,,139.0,
2024-10-18 12:00:00,0.3,0.1,1.8,,66.0,
2024-10-18 13:00:00,0.3,0.3,1.3,,18.0,
2024-10-18 14:00:00,0.8,0.3,2.0,,28.0,
2024-10-18 15:00:00,1.1,0.8,3.0,,51.0,
2024-10-18 16:00:00,0.8,0.8,2.6,,63.0,
2024-10-18 17:00:00,0.6,0.8,1.5,,61.0,
2024-10-18 18:00:00,0.4,0.9,0.9,,52.0,
2024-10-18 19:00:00,0.3,1.2,1.5,,246.0,
2024-10-18 20:00:00,0.8,1.5,3.6,,268.0,
2024-10-18 21:00:00,1.3,1.8,4.4,,263.0,
2024-10-18 22:00:00,1.4,2.0,4.1,,256.0,
2024-10-18 23:00:00,0.8,2.2,3.3,,249.0,
2024-10-19 00:00:00,0.9,2.3,3.1,,204.0,
2024-10-19 01:00:00,0.4,2.4,4.4,,355.0,
2024-10-19 02:00:00,2.0,2.4,5.1,,12.0,
2024-10-19 03:00:00,2.5,2.2,8.3,,11.0,
2024-10-19 04:00:00,1.1,1.6,3.6,,39.0,
2024-10-19 05:00:00,1.1,0.9,3.3,,35.0,
2024-10-19 06:00:00,2.2,0.6,6.4,,22.0,
2024-10-19 07:00:00,2.7,1.3,8.6,,25.0,
2024-10-19 08:00:00,4.4,2.4,12.4,,25.0,
2024-10-19 09:00:00,3.9,5.5,11.9,,33.0,
2024-10-19 10:00:00,3.8,3.8,11.3,,38.0,
2024-10-19 11:00:00,3.9,4.0,11.4,,35.0,
2024-10-19 12:00:00,3.9,4.2,11.8,,33.0,
2024-10-19 13:00:00,4.1,4.4,12.0,,35.0,
2024-10-19 14:00:00,3.6,4.1,10.8,,36.0,
2024-10-19 15:00:00,3.8,3.9,11.3,,40.0,
2024-10-19 16:00:00,3.7,3.7,11.1,,41.0,
2024-10-19 17:00:00,3.8,3.5,11.6,,43.0,
2024-10-19 18:00:00,3.7,3.4,11.0,,41.0,
2024-10-19 19:00:00,3.5,3.3,11.0,,43.0,
2024-10-19 20:00:00,3.6,3.4,11.8,,42.0,
2024-10-19 21:00:00,3.6,3.4,11.9,,45.0,
2024-10-19 22:00:00,3.8,3.5,12.1,,46.0,
2024-10-19 23:00:00,4.3,3.7,13.6,,49.0,
2024-10-20 00:00:00,4.9,3.8,15.3,,50.0,
2024-10-20 01:00:00,5.0,3.9,15.4,,49.0,
2024-10-20 02:00:00,5.1,4.0,15.5,,,43.0
2024-10-20 03:00:00,4.7,4.1,14.3,,,43.0
2024-10-20 04:00:00,4.4,4.2,13.4,,,45.0
2024-10-20 05:00:00,4.4,4.3,13.9,,,48.0
2024-10-20 06:00:00,4.4,4.4,13.6,,,50.0
2024-10-20 07:00:00,3.9,4.5,12.1,,,52.0
2024-10-20 08:00:00,3.2,4.6,10.4,,,53.0
2024-10-20 09:00:00,3.6,4.7,11.5,,,60.0
2024-10-20 10:00:00,4.8,4.8,14.9,,,63.0
2024-10-20 11:00:00,4.9,4.9,15.3,,,68.0
2024-10-20 12:00:00,4.4,5.0,14.1,,,70.0
2024-10-20 13:00:00,4.6,4.8,13.5,,,72.0
2024-10-20 14:00:00,4.4,4.3,13.4,,,72.0
2024-10-20 15:00:00,3.6,4.4,11.3,,,77.0
2024-10-20 16:00:00,3.5,3.6,11.3,,,77.0
2024-10-20 17:00:00,2.2,2.5,7.9,,,76.0
2024-10-20 18:00:00,1.8,1.6,7.0,,,76.0
2024-10-20 19:00:00,1.3,1.2,5.6,,,84.0
2024-10-20 20:00:00,1.1,1.1,5.5,,,93.0
2024-10-20 21:00:00,0.6,0.9,4.1,,,101.0
2024-10-20 22:00:00,0.8,0.6,3.5,,,161.0
2024-10-20 23:00:00,0.3,0.3,2.6,,,221.0
2024-10-21 00:00:00,0.1,0.2,2.4,,,281.0
2024-10-21 01:00:00,0.5,0.5,1.9,,,265.0
2024-10-21 02:00:00,0.9,0.9,2.5,,,248.0
2024-10-21 03:00:00,0.8,1.3,1.5,,,232.0
2024-10-21 04:00:00,0.7,1.6,1.3,,,235.0
2024-10-21 05:00:00,1.1,1.8,2.0,,,239.0
2024-10-21 06:00:00,1.1,1.8,2.0,,,242.0
2024-10-21 07:00:00,0.9,1.5,2.3,,,244.0
2024-10-21 08:00:00,0.8,1.0,2.1,,,245.0
2024-10-21 09:00:00,0.7,0.7,2.5,,,254.0
2024-10-21 10:00:00,0.3,0.4,2.9,,,218.0
2024-10-21 11:00:00,1.1,0.9,5.4,,,129.0
2024-10-21 12:00:00,1.0,0.9,5.0,,,104.0
2024-10-21 13:00:00,1.1,1.2,4.0,,,101.0
2024-10-21 14:00:00,1.1,1.4,4.3,,,97.0
2024-10-21 15:00:00,0.6,1.2,2.5,,,125.0
2024-10-21 16:00:00,0.4,1.1,2.1,,,134.0
2024-10-21 17:00:00,0.3,0.9,0.9,,,144.0
2024-10-21 18:00:00,0.2,0.8,0.9,,,153.0
2024-10-21 19:00:00,0.4,0.7,1.0,,,182.0
2024-10-21 20:00:00,0.6,0.7,1.1,,,211.0
2024-10-21 21:00:00,0.9,0.8,1.6,,,240.0
2024-10-21 22:00:00,1.1,1.0,1.9,,,240.0
2024-10-21 23:00:00,1.3,1.2,2.3,,,239.0
2024-10-22 00:00:00,1.4,1.4,2.3,,,239.0
2024-10-22 01:00:00,1.4,1.5,2.1,,,237.0
2024-10-22 02:00:00,1.6,1.5,2.5,,,235.0
2024-10-22 03:00:00,0.3,1.4,0.8,,,233.0
2024-10-22 04:00:00,0.5,1.3,0.8,,,230.0
2024-10-22 05:00:00,1.1,1.1,1.6,,,228.0
2024-10-22 06:00:00,1.2,1.0,2.0,,,225.0
2024-10-22 07:00:00,1.3,0.9,2.0,,,241.0
2024-10-22 08:00:00,0.8,0.9,1.3,,,257.0
2024-10-22 09:00:00,0.4,1.1,1.6,,,227.0
2024-10-22 10:00:00,0.4,0.9,1.5,,,256.0
2024-10-22 11:00:00,0.2,0.3,0.8,,,287.0
2024-10-22 12:00:00,0.4,0.1,1.4,,,315.0
2024-10-22 13:00:00,0.4,0.3,1.3,,,29.0
2024-10-22 14:00:00,0.2,1.1,1.9,,,355.0
2024-10-22 15:00:00,0.3,1.1,2.8,,,354.0
2024-10-22 16:00:00,0.3,0.9,2.9,,,322.0
2024-10-22 17:00:00,0.3,0.6,2.8,,,289.0
2024-10-22 18:00:00,0.4,0.4,3.0,,,257.0
2024-10-22 19:00:00,0.9,0.5,2.1,,,241.0
2024-10-22 20:00:00,1.2,0.8,3.9,,,226.0
2024-10-22 21:00:00,1.9,1.0,5.8,,,210.0
2024-10-22 22:00:00,2.2,0.9,6.4,,,203.0
2024-10-22 23:00:00,2.6,0.7,7.9,,,195.0
2024-10-23 00:00:00,4.1,0.7,13.6,,,188.0
2024-10-23 01:00:00,5.1,1.0,16.4,,,206.0
2024-10-23 02:00:00,5.6,1.6,17.6,,,225.0
2024-10-23 03:00:00,6.6,2.3,20.4,,,243.0
2024-10-23 04:00:00,7.3,3.3,22.1,,,249.0
2024-10-23 05:00:00,7.5,4.5,22.6,,,254.0
2024-10-23 06:00:00,8.3,5.5,24.5,,,260.0
2024-10-23 07:00:00,8.8,6.5,25.4,,,259.0
2024-10-23 08:00:00,9.7,7.3,28.0,,,259.0
2024-10-23 09:00:00,9.9,8.4,28.4,,,262.0
2024-10-23 10:00:00,10.0,8.0,28.9,,,260.0
2024-10-23 11:00:00,10.3,6.6,29.0,,,261.0
2024-10-23 12:00:00,9.7,5.8,28.4,,,261.0
2024-10-23 13:00:00,8.7,5.1,26.1,,,262.0
2024-10-23 14:00:00,6.6,4.3,20.9,,,263.0
2024-10-23 15:00:00,5.3,3.5,16.9,,,262.0
2024-10-23 16:00:00,4.4,2.9,14.0,,,255.0
2024-10-23 17:00:00,4.1,2.5,13.0,,,248.0
2024-10-23 18:00:00,3.3,2.2,10.3,,,241.0
2024-10-23 19:00:00,2.8,2.2,8.5,,,242.0
2024-10-23 20:00:00,2.6,2.4,7.9,,,244.0
2024-10-23 21:00:00,2.6,2.5,7.1,,,245.0
2024-10-23 22:00:00,2.9,2.5,7.9,,,246.0
2024-10-23 23:00:00,3.1,2.5,8.4,,,247.0
2024-10-24 00:00:00,3.1,2.5,8.4,,,248.0
2024-10-24 01:00:00,3.1,2.5,8.3,,,248.0
2024-10-24 02:00:00,2.9,2.4,7.9,,,248.0
2024-10-24 03:00:00,2.7,2.4,7.1,,,248.0
2024-10-24 04:00:00,2.8,2.5,7.4,,,247.0
2024-10-24 05:00:00,2.8,2.6,7.3,,,247.0
2024-10-24 06:00:00,2.8,2.7,7.0,,,246.0
2024-10-24 07:00:00,2.8,2.7,6.6,,,246.0
2024-10-24 08:00:00,2.4,2.5,6.4,,,246.0
2024-10-24 09:00:00,2.6,2.6,7.5,,,251.0
2024-10-24 10:00:00,1.9,2.1,6.0,,,255.0
2024-10-24 11:00:00,1.3,1.4,4.6,,,260.0
2024-10-24 12:00:00,0.9,1.0,4.5,,,288.0
2024-10-24 13:00:00,1.2,0.8,4.5,,,326.0
2024-10-24 14:00:00,1.7,1.1,5.6,,,15.0
2024-10-24 15:00:00,2.8,1.9,8.0,,,27.0
2024-10-24 16:00:00,2.4,1.7,6.5,,,30.0
2024-10-24 17:00:00,1.1,1.3,2.5,,,33.0
2024-10-24 18:00:00,0.8,0.9,1.6,,,36.0
2024-10-24 19:00:00,0.7,0.5,0.9,,,18.0
2024-10-24 20:00:00,0.1,0.2,0.5,,,0.0
2024-10-24 21:00:00,0.6,0.1,0.8,,,342.0
2024-10-24 22:00:00,1.1,0.5,1.3,,,310.0
2024-10-24 23:00:00,1.5,1.1,2.3,,,279.0
2024-10-25 00:00:00,1.6,1.6,2.8,,,247.0
2024-10-25 01:00:00,1.7,1.8,3.0,,,246.0
2024-10-25 02:00:00,1.8,1.8,3.1,,,244.0
2024-10-25 03:00:00,1.4,1.8,2.6,,,243.0
2024-10-25 04:00:00,1.6,1.7,2.8,,,245.0
2024-10-25 05:00:00,1.6,1.6,2.8,,,247.0
2024-10-25 06:00:00,1.5,1.5,2.6,,,249.0
2024-10-25 07:00:00,1.4,1.3,2.5,,,245.0
2024-10-25 08:00:00,1.3,1.1,2.6,,,241.0
2024-10-25 09:00:00,0.8,0.8,2.3,,,244.0
2024-10-25 10:00:00,0.7,0.3,3.6,,,66.0
2024-10-25 11:00:00,1.5,1.3,6.0,,,69.0
2024-10-25 12:00:00,1.7,1.5,6.5,,,69.0
2024-10-25 13:00:00,1.8,1.7,6.5,,,70.0
2024-10-25 14:00:00,1.8,1.8,6.1,,,69.0
2024-10-25 15:00:00,1.5,1.6,5.0,,,78.0
2024-10-25 16:00:00,1.6,1.4,4.4,,,83.0
2024-10-25 17:00:00,1.2,1.1,2.8,,,87.0
2024-10-25 18:00:00,0.6,0.9,1.3,,,92.0
2024-10-25 19:00:00,0.3,0.8,0.9,,,140.0
2024-10-25 20:00:00,0.2,0.8,0.8,,,188.0
2024-10-25 21:00:00,0.6,0.8,1.6,,,236.0
2024-10-25 22:00:00,0.7,0.9,1.3,,,238.0
2024-10-25 23:00:00,0.9,1.1,1.5,,,240.0
2024-10-26 00:00:00,0.6,1.3,1.3,,,242.0
2024-10-26 01:00:00,0.9,1.3,1.8,,,243.0
2024-10-26 02:00:00,0.9,1.3,1.8,,,243.0
2024-10-26 03:00:00,1.1,1.3,1.9,,,244.0
2024-10-26 04:00:00,1.0,1.3,1.8,,,244.0
2024-10-26 05:00:00,1.0,1.3,1.9,,,244.0
2024-10-26 06:00:00,0.7,1.2,1.5,,,244.0
2024-10-26 07:00:00,0.6,0.8,0.9,,,249.0
2024-10-26 08:00:00,0.4,0.4,1.0,,,254.0
2024-10-26 09:00:00,0.3,0.1,1.0,,,135.0
2024-10-26 10:00:00,0.6,0.4,2.4,,,54.0
2024-10-26 11:00:00,0.9,0.6,4.0,,,61.0
2024-10-26 12:00:00,1.3,0.9,5.5,,,75.0
2024-10-26 13:00:00,1.4,1.4,5.9,,,77.0
2024-10-26 14:00:00,1.4,1.4,4.6,,,72.0
2024-10-26 15:00:00,1.4,1.4,5.1,,,70.0
2024-10-26 16:00:00,1.1,1.2,3.9,,,69.0
2024-10-26 17:00:00,0.9,0.9,3.3,,,69.0
2024-10-26 18:00:00,0.6,0.6,2.8,,,68.0
2024-10-26 19:00:00,0.9,0.4,2.3,,,29.0
2024-10-26 20:00:00,0.3,0.4,1.1,,,351.0
2024-10-26 21:00:00,0.4,0.4,0.9,,,312.0
2024-10-26 22:00:00,1.0,0.7,1.3,,,284.0
2024-10-26 23:00:00,1.1,1.1,1.6,,,256.0
2024-10-27 00:00:00,1.7,1.4,3.0,,,228.0
2024-10-27 01:00:00,2.1,1.6,3.6,,,236.0
2024-10-27 02:00:00,1.8,1.6,3.5,,,243.0
2024-10-27 03:00:00,1.6,1.7,2.9,,,251.0
2024-10-27 04:00:00,1.7,1.8,3.6,,,250.0
2024-10-27 05:00:00,1.8,1.8,3.6,,,248.0
2024-10-27 06:00:00,1.8,1.8,3.9,,,247.0
2024-10-27 07:00:00,1.8,1.7,4.1,,,247.0
2024-10-27 08:00:00,1.6,1.6,3.9,,,248.0
2024-10-27 09:00:00,1.4,1.6,3.8,,,243.0
2024-10-27 10:00:00,1.2,1.0,3.6,,,249.0
2024-10-27 11:00:00,1.1,0.5,3.9,,,305.0
2024-10-27 12:00:00,1.1,0.7,4.8,,,315.0
2024-10-27 13:00:00,0.6,0.4,3.1,,,333.0
2024-10-27 14:00:00,1.1,0.4,4.1,,,15.0
2024-10-27 15:00:00,0.9,0.3,3.1,,,37.0
2024-10-27 16:00:00,1.1,0.5,3.6,,,45.0
2024-10-27 17:00:00,0.9,0.9,2.9,,,53.0
2024-10-27 18:00:00,0.9,1.1,2.3,,,61.0
2024-10-27 19:00:00,1.1,1.0,2.0,,,11.0
2024-10-27 20:00:00,1.4,0.9,3.0,,,320.0
2024-10-27 21:00:00,1.4,0.8,2.9,,,270.0
2024-10-27 22:00:00,1.6,1.0,3.5,,,270.0
2024-10-27 23:00:00,1.8,1.2,3.1,,,269.0
2024-10-28 00:00:00,1.8,1.4,3.4,,,269.0
2024-10-28 01:00:00,1.9,1.5,3.5,,,264.0
2024-10-28 02:00:00,1.8,1.5,3.6,,,260.0
2024-10-28 03:00:00,1.8,1.5,3.0,,,
2024-10-28 04:00:00,1.7,1.4,2.9,,,
2024-10-28 05:00:00,1.8,1.4,3.0,,,
2024-10-28 06:00:00,1.9,1.3,3.9,,,
2024-10-28 07:00:00,1.6,1.3,3.8,,,
2024-10-28 08:00:00,1.1,1.3,3.0,,,
2024-10-28 09:00:00,0.4,0.6,2.4,,,
2024-10-28 10:00:00,1.5,1.4,6.0,,,
2024-10-28 11:00:00,2.0,1.5,7.3,,,
2024-10-28 12:00:00,1.8,1.7,5.9,,,
2024-10-28 13:00:00,1.4,1.8,5.0,,,
2024-10-28 14:00:00,1.6,1.8,5.1,,,
2024-10-28 15:00:00,2.1,1.7,6.6,,,
2024-10-28 16:00:00,1.9,1.6,6.0,,,
2024-10-28 17:00:00,1.5,1.4,5.3,,,
2024-10-28 18:00:00,1.1,1.3,4.8,,,
2024-10-28 19:00:00,1.1,1.2,4.5,,,
2024-10-28 20:00:00,1.0,1.2,4.3,,,
2024-10-28 21:00:00,0.9,1.1,4.1,,,
2024-10-28 22:00:00,0.8,1.0,3.9,,,
2024-10-28 23:00:00,0.7,1.0,3.4,,,
2024-10-29 00:00:00,0.8,0.9,2.9,,,
2024-10-29 01:00:00,0.7,0.8,2.5,,,
2024-10-29 02:00:00,0.9,0.8,2.8,,,
2024-10-29 03:00:00,0.9,0.7,2.1,,,
2024-10-29 04:00:00,0.6,0.6,1.9,,,
2024-10-29 05:00:00,0.4,0.5,1.9,,,
2024-10-29 06:00:00,0.2,0.5,1.8,,,
2024-10-29 07:00:00,0.1,0.5,2.0,,,
2024-10-29 08:00:00,0.4,0.6,2.1,,,
2024-10-29 09:00:00,0.1,0.4,2.5,,,
2024-10-29 10:00:00,1.2,0.9,5.3,,,
2024-10-29 11:00:00,2.0,1.3,7.1,,,
2024-10-29 12:00:00,2.7,1.3,8.5,,,
2024-10-29 13:00:00,2.8,1.4,8.5,,,
2024-10-29 14:00:00,2.6,1.5,7.8,,,
2024-10-29 15:00:00,2.3,1.6,7.4,,,
2024-10-29 16:00:00,1.5,1.3,4.8,,,
2024-10-29 17:00:00,0.8,0.8,2.6,,,
2024-10-29 18:00:00,0.7,0.6,1.8,,,
2024-10-29 19:00:00,0.3,0.7,0.8,,,
2024-10-29 20:00:00,0.7,1.1,1.1,,,
2024-10-29 21:00:00,1.8,1.4,2.6,,,
2024-10-29 22:00:00,1.8,1.6,3.0,,,
2024-10-29 23:00:00,1.9,1.8,3.5,,,
2024-10-30 00:00:00,1.9,2.0,3.6,,,
2024-10-30 01:00:00,1.9,2.1,3.6,,,
2024-10-30 02:00:00,1.9,2.1,3.9,,,
2024-10-30 03:00:00,2.1,2.1,4.3,,,
2024-10-30 04:00:00,2.1,2.1,4.1,,,
2024-10-30 05:00:00,2.0,2.2,3.9,,,
2024-10-30 06:00:00,2.0,2.1,3.6,,,
2024-10-30 07:00:00,2.1,1.9,4.3,,,
2024-10-30 08:00:00,1.9,1.6,4.4,,,
2024-10-30 09:00:00,1.3,1.3,3.8,,,
2024-10-30 10:00:00,1.1,1.0,4.6,,,
2024-10-30 11:00:00,0.8,0.9,4.3,,,
2024-10-30 12:00:00,0.9,1.0,4.9,,,
2024-10-30 13:00:00,1.5,1.0,5.9,,,
2024-10-30 14:00:00,1.8,1.3,5.9,,,
2024-10-30 15:00:00,2.4,1.9,6.9,,,
2024-10-30 16:00:00,1.8,1.8,4.8,,,
2024-10-30 17:00:00,1.3,1.4,3.1,,,
2024-10-30 18:00:00,0.6,1.1,1.8,,,
2024-10-30 19:00:00,0.5,0.8,1.0,,,
2024-10-30 20:00:00,0.5,0.6,0.8,,,
2024-10-30 21:00:00,0.8,0.5,1.3,,,
2024-10-30 22:00:00,1.1,0.8,1.6,,,
2024-10-30 23:00:00,1.2,1.3,2.1,,,
2024-10-31 00:00:00,1.6,1.6,2.5,,,
2024-10-31 01:00:00,1.6,1.6,2.6,,,
2024-10-31 02:00:00,1.8,1.5,3.0,,,
2024-10-31 03:00:00,2.1,1.4,3.8,,,
2024-10-31 04:00:00,2.1,1.5,3.8,,,
2024-10-31 05:00:00,2.1,1.6,3.8,,,
2024-10-31 06:00:00,2.1,1.6,3.8,,,
2024-10-31 07:00:00,2.1,1.4,4.0,,,
2024-10-31 08:00:00,1.8,1.1,4.4,,,
2024-10-31 09:00:00,1.2,1.0,3.4,,,
2024-10-31 10:00:00,0.6,0.5,3.5,,,
2024-10-31 11:00:00,1.0,1.1,4.3,,,
2024-10-31 12:00:00,0.8,1.1,4.8,,,
2024-10-31 13:00:00,0.9,1.4,4.8,,,
2024-10-31 14:00:00,1.0,1.7,4.6,,,
2024-10-31 15:00:00,1.4,2.0,4.9,,,
2024-10-31 16:00:00,1.8,1.7,5.1,,,
2024-10-31 17:00:00,1.2,1.2,2.9,,,
2024-10-31 18:00:00,1.1,0.8,2.8,,,
2024-10-31 19:00:00,0.5,0.7,1.4,,,
2024-10-31 20:00:00,0.7,0.7,1.8,,,
2024-10-31 21:00:00,0.8,0.8,2.0,,,
2024-10-31 22:00:00,1.3,1.0,3.1,,,
2024-10-31 23:00:00,1.9,1.3,4.0,,,
2024-11-01 00:00:00,2.1,1.5,4.1,,,
2024-11-01 01:00:00,2.1,1.6,4.1,,,
2024-11-01 02:00:00,2.1,1.7,4.0,,,
2024-11-01 03:00:00,2.3,1.8,4.5,,,
2024-11-01 04:00:00,2.3,1.9,4.8,,,
2024-11-01 05:00:00,2.3,2.0,4.6,,,
2024-11-01 06:00:00,2.3,2.0,4.8,,,
2024-11-01 07:00:00,2.3,1.8,4.8,,,
2024-11-01 08:00:00,2.1,1.6,4.5,,,
2024-11-01 09:00:00,2.2,1.8,4.6,,,
2024-11-01 10:00:00,1.8,1.6,3.9,,,
2024-11-01 11:00:00,1.9,1.6,3.9,,,
2024-11-01 12:00:00,1.6,1.3,3.3,,,
2024-11-01 13:00:00,0.9,1.4,2.0,,,
2024-11-01 14:00:00,0.5,1.1,1.0,,,
2024-11-01 15:00:00,0.8,0.4,1.9,,,
2024-11-01 16:00:00,0.4,0.5,1.4,,,
2024-11-01 17:00:00,0.6,0.7,2.3,,,
2024-11-01 18:00:00,0.4,0.9,1.5,,,
2024-11-01 19:00:00,0.8,0.9,1.8,,,
2024-11-01 20:00:00,1.0,0.7,2.9,,,
2024-11-01 21:00:00,0.7,0.6,2.4,,,
2024-11-01 22:00:00,0.1,0.5,1.4,,,
2024-11-01 23:00:00,0.2,0.4,1.4,,,
2024-11-02 00:00:00,0.4,0.4,2.3,,,
2024-11-02 01:00:00,0.2,0.6,2.1,,,
2024-11-02 02:00:00,1.1,0.8,4.8,,,
2024-11-02 03:00:00,1.3,1.0,4.8,,,
2024-11-02 04:00:00,1.9,1.1,7.6,,,
2024-11-02 05:00:00,1.9,1.2,7.5,,,
2024-11-02 06:00:00,2.1,1.3,8.0,,,
2024-11-02 07:00:00,2.6,1.3,9.5,,,
2024-11-02 08:00:00,2.9,1.3,10.3,,,
2024-11-02 09:00:00,2.6,2.1,9.3,,,
2024-11-02 10:00:00,3.2,2.5,10.1,,,
2024-11-02 11:00:00,3.1,3.2,9.8,,,
2024-11-02 12:00:00,3.2,3.4,10.0,,,
2024-11-02 13:00:00,2.9,3.7,9.1,,,
2024-11-02 14:00:00,2.8,3.4,8.3,,,
2024-11-02 15:00:00,3.1,3.1,9.0,,,
2024-11-02 16:00:00,2.7,2.9,8.0,,,
2024-11-02 17:00:00,2.1,2.7,6.4,,,
2024-11-02 18:00:00,2.0,2.4,6.0,,,
2024-11-02 19:00:00,1.8,2.1,5.6,,,
2024-11-02 20:00:00,1.3,1.8,4.4,,,
2024-11-02 21:00:00,1.1,1.5,4.0,,,
2024-11-02 22:00:00,1.0,1.4,3.1,,,
2024-11-02 23:00:00,0.8,1.4,2.6,,,
2024-11-03 00:00:00,0.6,1.3,1.8,,,
2024-11-03 01:00:00,0.6,1.2,1.0,,,
2024-11-03 02:00:00,0.4,1.0,0.8,,,
2024-11-03 03:00:00,0.6,0.9,1.8,,,
2024-11-03 04:00:00,0.4,0.9,1.5,,,
2024-11-03 05:00:00,0.7,0.9,1.3,,,
2024-11-03 06:00:00,1.4,0.9,1.9,,,
2024-11-03 07:00:00,1.8,0.8,3.0,,,
2024-11-03 08:00:00,1.4,0.6,3.1,,,
2024-11-03 09:00:00,0.8,0.9,2.4,,,
2024-11-03 10:00:00,1.1,1.4,4.3,,,
2024-11-03 11:00:00,1.6,1.8,5.3,,,
2024-11-03 12:00:00,1.6,1.6,5.4,,,
2024-11-03 13:00:00,1.5,1.3,5.5,,,
2024-11-03 14:00:00,1.3,1.4,4.6,,,
2024-11-03 15:00:00,0.8,1.4,3.0,,,
2024-11-03 16:00:00,1.9,1.5,6.3,,,
2024-11-03 17:00:00,2.1,1.7,6.4,,,
2024-11-03 18:00:00,1.4,1.9,4.0,,,
2024-11-03 19:00:00,2.0,2.1,5.1,,,
2024-11-03 20:00:00,1.9,2.2,4.0,,,
2024-11-03 21:00:00,2.1,2.4,4.0,,,
2024-11-03 22:00:00,2.1,2.6,4.4,,,
2024-11-03 23:00:00,2.3,2.7,5.3,,,
2024-11-04 00:00:00,2.5,2.9,6.0,,,
2024-11-04 01:00:00,2.6,3.2,6.6,,,
2024-11-04 02:00:00,2.6,3.4,7.0,,,
2024-11-04 03:00:00,2.8,3.6,7.5,,,
2024-11-04 04:00:00,2.8,3.6,7.5,,,
2024-11-04 05:00:00,2.9,3.4,7.9,,,
2024-11-04 06:00:00,3.0,3.3,9.8,,,
2024-11-04 07:00:00,3.1,3.1,10.6,,,
2024-11-04 08:00:00,2.9,3.0,10.4,,,
2024-11-04 09:00:00,2.7,1.7,9.5,,,
2024-11-04 10:00:00,3.1,1.6,12.1,,,
2024-11-04 11:00:00,2.8,2.4,11.1,,,
2024-11-04 12:00:00,2.8,2.6,10.6,,,
2024-11-04 13:00:00,2.9,2.1,11.1,,,
2024-11-04 14:00:00,2.9,1.9,10.9,,,
2024-11-04 15:00:00,4.3,1.8,12.4,,,
2024-11-04 16:00:00,3.8,1.8,10.6,,,
2024-11-04 17:00:00,2.7,1.8,7.4,,,
2024-11-04 18:00:00,1.7,1.9,4.5,,,
2024-11-04 19:00:00,2.1,1.9,5.6,,,
2024-11-04 20:00:00,2.2,1.9,5.9,,,
2024-11-04 21:00:00,1.8,1.9,5.0,,,
2024-11-04 22:00:00,1.4,1.8,3.3,,,
2024-11-04 23:00:00,1.2,1.6,2.6,,,
2024-11-05 00:00:00,1.3,1.4,2.6,,,
2024-11-05 01:00:00,1.3,1.3,2.6,,,
2024-11-05 02:00:00,1.3,1.3,2.6,,,
2024-11-05 03:00:00,0.6,1.3,2.4,,,
2024-11-05 04:00:00,,1.3,3.4,2.0,309.0,262.0
2024-11-05 05:00:00,,1.3,4.3,1.9,305.0,256.0
2024-11-05 06:00:00,,1.3,3.3,1.9,288.0,251.0
2024-11-05 07:00:00,,1.2,2.9,1.9,261.0,249.0
2024-11-05 08:00:00,,1.1,1.4,2.1,266.0,246.0
2024-11-05 09:00:00,,0.7,3.6,4.3,326.0,326.0
2024-11-05 10:00:00,,2.1,5.3,7.5,18.0,5.0
2024-11-05 11:00:00,,2.3,5.3,7.9,32.0,5.0
2024-11-05 12:00:00,,2.3,5.5,7.6,24.0,11.0
2024-11-05 13:00:00,,2.2,4.9,7.6,21.0,7.0
2024-11-05 14:00:00,,2.3,2.9,7.1,329.0,5.0
2024-11-05 15:00:00,,2.1,7.0,6.5,284.0,9.0
2024-11-05 16:00:00,,1.5,7.1,4.8,290.0,355.0
2024-11-05 17:00:00,,0.7,6.4,2.7,291.0,342.0
2024-11-05 18:00:00,,0.3,7.4,1.3,283.0,328.0
2024-11-05 19:00:00,,0.5,7.9,1.4,296.0,307.0
2024-11-05 20:00:00,,1.0,8.8,2.3,339.0,285.0
2024-11-05 21:00:00,,1.5,7.3,3.1,346.0,264.0
2024-11-05 22:00:00,,1.7,5.1,3.6,341.0,261.0
2024-11-05 23:00:00,,1.9,3.0,4.1,337.0,257.0
2024-11-06 00:00:00,,2.0,3.0,4.5,315.0,254.0
2024-11-06 01:00:00,,2.1,3.4,4.9,290.0,253.0
2024-11-06 02:00:00,,2.2,4.5,5.2,274.0,253.0
2024-11-06 03:00:00,,2.3,4.5,5.4,250.0,252.0
2024-11-06 04:00:00,,2.4,4.5,5.5,248.0,251.0
2024-11-06 05:00:00,,2.4,4.8,5.5,246.0,250.0
2024-11-06 06:00:00,,2.3,4.6,5.3,251.0,249.0
2024-11-06 07:00:00,,2.0,4.5,4.8,251.0,248.0
2024-11-06 08:00:00,,1.6,4.5,4.1,250.0,247.0
2024-11-06 09:00:00,,1.6,5.0,5.4,251.0,253.0
2024-11-06 10:00:00,,1.6,5.4,6.0,261.0,270.0
2024-11-06 11:00:00,,1.8,5.8,6.6,292.0,287.0
2024-11-06 12:00:00,,1.9,6.1,7.4,305.0,293.0
2024-11-06 13:00:00,,1.9,6.9,7.4,311.0,299.0
2024-11-06 14:00:00,,2.3,6.6,8.4,325.0,303.0
2024-11-06 15:00:00,,2.2,5.4,7.5,333.0,312.0
2024-11-06 16:00:00,,1.7,4.4,5.6,347.0,322.0
2024-11-06 17:00:00,,1.0,3.5,3.1,13.0,333.0
2024-11-06 18:00:00,,0.6,3.1,1.4,28.0,343.0
2024-11-06 19:00:00,,0.8,2.5,1.4,38.0,315.0
2024-11-06 20:00:00,,1.3,1.8,2.3,146.0,286.0
2024-11-06 21:00:00,,1.7,1.6,3.1,222.0,258.0
2024-11-06 22:00:00,,1.9,1.9,3.5,246.0,253.0
2024-11-06 23:00:00,,2.0,1.9,3.8,253.0,247.0
2024-11-07 00:00:00,,2.1,2.6,4.0,253.0,242.0
2024-11-07 01:00:00,,2.1,3.6,4.1,248.0,245.0
2024-11-07 02:00:00,,2.1,3.6,4.0,249.0,248.0
2024-11-07 03:00:00,,2.1,5.1,4.0,250.0,251.0
2024-11-07 04:00:00,,2.2,5.0,4.1,248.0,248.0
2024-11-07 05:00:00,,2.2,4.9,4.1,247.0,246.0
2024-11-07 06:00:00,,2.2,4.8,4.1,244.0,243.0
2024-11-07 07:00:00,,2.0,4.5,3.8,247.0,240.0
2024-11-07 08:00:00,,1.6,4.1,3.5,245.0,238.0
2024-11-07 09:00:00,,1.4,3.6,3.6,243.0,241.0
2024-11-07 10:00:00,,0.6,3.3,3.0,234.0,207.0
2024-11-07 11:00:00,,0.9,5.5,4.9,206.0,128.0
2024-11-07 12:00:00,,1.1,5.4,5.9,225.0,141.0
2024-11-07 13:00:00,,0.9,4.5,5.6,262.0,134.0
2024-11-07 14:00:00,,0.8,4.5,4.9,292.0,115.0
2024-11-07 15:00:00,,1.2,3.9,4.8,296.0,98.0
2024-11-07 16:00:00,,1.1,2.8,4.2,323.0,84.0
2024-11-07 17:00:00,,0.8,3.3,3.6,349.0,70.0
2024-11-07 18:00:00,,0.7,3.5,3.0,324.0,56.0
2024-11-07 19:00:00,,0.7,2.1,2.3,293.0,359.0
2024-11-07 20:00:00,,0.7,1.6,1.7,249.0,301.0
2024-11-07 21:00:00,,0.9,2.6,1.5,227.0,244.0
2024-11-07 22:00:00,,1.3,3.3,2.3,239.0,239.0
2024-11-07 23:00:00,,1.8,3.5,3.5,237.0,233.0
2024-11-08 00:00:00,,2.1,3.1,4.4,242.0,228.0
2024-11-08 01:00:00,,2.2,2.6,4.4,248.0,233.0
2024-11-08 02:00:00,,2.1,2.8,4.1,251.0,239.0
2024-11-08 03:00:00,,2.1,2.9,3.9,245.0,244.0
2024-11-08 04:00:00,,2.1,3.6,4.0,240.0,244.0
2024-11-08 05:00:00,,2.1,4.4,4.3,241.0,243.0
2024-11-08 06:00:00,,2.1,4.5,4.5,243.0,243.0
2024-11-08 07:00:00,,2.0,4.4,4.6,246.0,243.0
2024-11-08 08:00:00,,1.9,4.3,4.6,246.0,244.0
2024-11-08 09:00:00,,1.3,3.9,3.3,239.0,253.0
2024-11-08 10:00:00,,0.3,2.3,2.0,246.0,263.0
2024-11-08 11:00:00,,0.4,4.0,3.9,246.0,81.0
2024-11-08 12:00:00,,0.5,4.5,4.9,283.0,90.0
2024-11-08 13:00:00,,0.6,4.3,4.1,0.0,75.0
2024-11-08 14:00:00,,1.4,5.1,4.8,49.0,58.0
2024-11-08 15:00:00,,1.8,6.0,6.3,58.0,67.0
2024-11-08 16:00:00,,1.5,5.3,4.9,79.0,52.0
2024-11-08 17:00:00,,0.9,3.0,2.9,80.0,38.0
2024-11-08 18:00:00,,0.5,1.5,1.3,57.0,23.0
2024-11-08 19:00:00,,0.4,1.1,0.6,41.0,347.0
2024-11-08 20:00:00,,0.4,0.6,0.5,288.0,310.0
2024-11-08 21:00:00,,0.5,1.6,0.6,209.0,274.0
2024-11-08 22:00:00,,0.8,2.6,1.2,232.0,266.0
2024-11-08 23:00:00,,1.2,2.4,2.0,249.0,257.0
2024-11-09 00:00:00,,1.6,2.5,2.8,247.0,249.0
2024-11-09 01:00:00,,1.9,3.6,3.3,237.0,248.0
2024-11-09 02:00:00,,2.1,3.8,3.7,240.0,246.0
2024-11-09 03:00:00,,2.2,3.9,4.0,242.0,245.0
2024-11-09 04:00:00,,2.3,3.6,4.2,243.0,244.0
2024-11-09 05:00:00,,2.4,3.8,4.4,240.0,244.0
2024-11-09 06:00:00,,2.3,3.9,4.4,241.0,243.0
2024-11-09 07:00:00,,2.1,4.0,4.1,243.0,243.0
2024-11-09 08:00:00,,1.7,4.1,3.6,241.0,243.0
2024-11-09 09:00:00,,1.3,3.3,3.3,239.0,242.0
2024-11-09 10:00:00,,0.8,2.0,2.9,227.0,234.0
2024-11-09 11:00:00,,0.6,5.0,4.5,153.0,141.0
2024-11-09 12:00:00,,0.8,5.0,5.3,122.0,132.0
2024-11-09 13:00:00,,1.1,5.5,6.1,96.0,109.0
2024-11-09 14:00:00,,1.4,6.4,5.1,87.0,94.0
2024-11-09 15:00:00,,1.4,5.3,4.6,75.0,81.0
2024-11-09 16:00:00,,1.3,4.8,3.7,71.0,84.0
2024-11-09 17:00:00,,1.0,2.6,2.6,72.0,87.0
2024-11-09 18:00:00,,0.9,1.8,2.0,96.0,90.0
2024-11-09 19:00:00,,1.0,1.6,2.3,175.0,129.0
2024-11-09 20:00:00,,1.1,2.0,3.0,230.0,169.0
2024-11-09 21:00:00,,0.9,2.6,2.0,236.0,225.0
2024-11-09 22:00:00,,1.3,2.8,3.0,237.0,233.0
2024-11-09 23:00:00,,1.2,2.8,2.9,237.0,245.0
2024-11-10 00:00:00,,1.4,2.8,2.4,239.0,248.0
2024-11-10 01:00:00,,1.4,2.6,2.4,245.0,249.0
2024-11-10 02:00:00,,1.8,2.4,2.9,253.0,242.0
2024-11-10 03:00:00,,1.9,3.4,3.3,245.0,240.0
2024-11-10 04:00:00,,2.0,3.6,3.6,242.0,241.0
2024-11-10 05:00:00,,2.1,3.9,3.9,243.0,243.0
2024-11-10 06:00:00,,2.1,4.1,4.1,237.0,244.0
2024-11-10 07:00:00,,1.9,3.9,4.1,235.0,244.0
2024-11-10 08:00:00,,1.7,3.9,3.9,239.0,243.0
2024-11-10 09:00:00,,1.4,3.8,3.3,241.0,236.0
2024-11-10 10:00:00,,0.8,3.1,2.5,244.0,244.0
2024-11-10 11:00:00,,0.8,2.8,2.3,250.0,253.0
2024-11-10 12:00:00,,0.6,2.3,2.3,245.0,273.0
2024-11-10 13:00:00,,0.9,2.9,3.5,244.0,272.0
2024-11-10 14:00:00,,1.3,2.8,5.6,243.0,256.0
2024-11-10 15:00:00,,1.5,2.9,5.1,230.0,263.0
2024-11-10 16:00:00,,1.5,2.9,4.6,239.0,255.0
2024-11-10 17:00:00,,1.4,3.1,3.5,235.0,246.0
2024-11-10 18:00:00,,1.3,3.0,2.8,245.0,238.0
2024-11-10 19:00:00,,1.4,3.3,2.8,245.0,241.0
2024-11-10 20:00:00,,1.6,3.6,3.2,251.0,245.0
2024-11-10 21:00:00,,1.9,3.5,3.6,249.0,246.0
2024-11-10 22:00:00,,2.0,4.4,3.5,245.0,251.0
2024-11-10 23:00:00,,2.3,4.9,4.1,243.0,248.0
2024-11-11 00:00:00,,2.3,5.1,4.5,247.0,248.0
2024-11-11 01:00:00,,2.4,5.4,4.9,244.0,247.0
2024-11-11 02:00:00,,2.4,5.1,5.3,247.0,245.0
2024-11-11 03:00:00,,2.4,5.3,5.4,244.0,244.0
2024-11-11 04:00:00,,2.4,5.0,5.5,244.0,245.0
2024-11-11 05:00:00,,2.5,4.8,5.5,240.0,245.0
2024-11-11 06:00:00,,2.4,3.9,5.3,250.0,246.0
2024-11-11 07:00:00,,2.1,3.3,4.6,252.0,245.0
2024-11-11 08:00:00,,1.6,2.8,3.6,249.0,245.0
2024-11-11 09:00:00,,1.0,3.1,2.4,261.0,250.0
2024-11-11 10:00:00,,0.2,5.3,1.1,22.0,270.0
2024-11-11 11:00:00,,0.9,5.5,3.9,33.0,38.0
2024-11-11 12:00:00,,1.1,5.5,4.8,45.0,52.0
2024-11-11 13:00:00,,1.5,5.6,5.4,53.0,52.0
2024-11-11 14:00:00,,1.6,6.0,5.8,51.0,58.0
2024-11-11 15:00:00,,1.9,6.4,5.6,42.0,66.0
2024-11-11 16:00:00,,1.6,5.8,4.5,39.0,85.0
2024-11-11 17:00:00,,1.1,2.6,3.0,49.0,105.0
2024-11-11 18:00:00,,0.8,1.0,2.0,59.0,124.0
2024-11-11 19:00:00,,0.9,1.5,2.1,192.0,161.0
2024-11-11 20:00:00,,1.2,2.5,2.7,240.0,197.0
2024-11-11 21:00:00,,1.4,2.4,3.0,247.0,232.0
2024-11-11 22:00:00,,1.6,3.1,3.4,245.0,238.0
2024-11-11 23:00:00,,1.8,3.4,3.4,239.0,242.0
2024-11-12 00:00:00,,2.2,3.9,4.3,240.0,237.0
2024-11-12 01:00:00,,2.1,3.8,4.9,251.0,255.0
2024-11-12 02:00:00,,2.2,4.1,5.0,248.0,242.0
2024-11-12 03:00:00,,2.1,4.4,5.1,254.0,248.0
2024-11-12 04:00:00,,2.1,4.4,5.1,244.0,249.0
2024-11-12 05:00:00,,2.1,4.1,5.1,243.0,249.0
2024-11-12 06:00:00,,2.1,4.3,4.9,243.0,250.0
2024-11-12 07:00:00,,1.9,4.1,4.5,243.0,251.0
2024-11-12 08:00:00,,1.6,4.0,4.0,252.0,253.0
2024-11-12 09:00:00,,1.4,5.0,4.0,247.0,250.0
2024-11-12 10:00:00,,1.8,6.3,5.9,254.0,252.0
2024-11-12 11:00:00,,1.8,6.4,6.3,258.0,260.0
2024-11-12 12:00:00,,1.6,6.0,6.0,263.0,263.0
2024-11-12 13:00:00,,1.4,6.0,5.8,267.0,265.0
2024-11-12 14:00:00,,1.2,5.4,5.0,278.0,267.0
2024-11-12 15:00:00,,0.8,3.6,3.6,326.0,272.0
2024-11-12 16:00:00,,0.6,2.3,2.6,50.0,259.0
2024-11-12 17:00:00,,0.4,2.5,1.6,65.0,247.0
2024-11-12 18:00:00,,0.3,3.4,1.1,59.0,234.0
2024-11-12 19:00:00,,0.5,3.0,1.4,32.0,284.0
2024-11-12 20:00:00,,0.9,4.3,2.3,13.0,335.0
2024-11-12 21:00:00,,1.4,4.0,3.1,359.0,15.0
2024-11-12 22:00:00,,1.1,1.6,3.3,318.0,23.0
2024-11-12 23:00:00,,1.1,1.4,4.4,330.0,344.0
2024-11-13 00:00:00,,0.6,2.4,2.8,328.0,319.0
2024-11-13 01:00:00,,0.3,3.0,1.9,347.0,324.0
2024-11-13 02:00:00,,0.5,2.6,1.6,2.0,335.0
2024-11-13 03:00:00,,0.8,2.5,2.0,4.0,320.0
2024-11-13 04:00:00,,0.8,2.9,2.3,9.0,339.0
2024-11-13 05:00:00,1.0,,,,,357.0
2024-11-13 06:00:00,1.0,,,,,16.0
2024-11-13 07:00:00,0.9,,,,,23.0
2024-11-13 08:00:00,0.9,,,,,31.0
2024-11-13 09:00:00,0.4,,,,,32.0
2024-11-13 10:00:00,0.6,,,,,43.0
2024-11-13 11:00:00,0.8,,,,,49.0
2024-11-13 12:00:00,1.1,,,,,68.0
2024-11-13 13:00:00,1.3,,,,,99.0
2024-11-13 14:00:00,1.5,,,,,105.0
2024-11-13 15:00:00,1.9,,,,,103.0
2024-11-13 16:00:00,1.8,,,,,115.0
2024-11-13 17:00:00,1.6,,,,,127.0
2024-11-13 18:00:00,1.3,,,,,139.0
2024-11-13 19:00:00,1.6,,,,,146.0
2024-11-13 20:00:00,1.8,,,,,154.0
2024-11-13 21:00:00,1.8,,,,,182.0
2024-11-13 22:00:00,1.7,,,,,184.0
2024-11-13 23:00:00,1.6,,,,,179.0
2024-11-14 00:00:00,1.6,,,,,182.0
2024-11-14 01:00:00,1.6,,,,,203.0
2024-11-14 02:00:00,1.6,,,,,215.0
2024-11-14 03:00:00,1.8,,,,,214.0
2024-11-14 04:00:00,1.8,,,,,222.0
2024-11-14 05:00:00,2.0,,,,,229.0
2024-11-14 06:00:00,2.0,,,,,237.0
2024-11-14 07:00:00,2.0,,,,,236.0
2024-11-14 08:00:00,1.8,,,,,235.0
2024-11-14 09:00:00,1.3,,,,,227.0
2024-11-14 10:00:00,0.9,,,,,210.0
2024-11-14 11:00:00,1.5,,,,,188.0
2024-11-14 12:00:00,1.3,,,,,173.0
2024-11-14 13:00:00,1.0,,,,,174.0
2024-11-14 14:00:00,0.8,,,,,188.0
2024-11-14 15:00:00,0.3,,,,,204.0
2024-11-14 16:00:00,0.8,,,,,220.0
2024-11-14 17:00:00,0.9,,,,,235.0
2024-11-14 18:00:00,1.3,,,,,251.0
2024-11-14 19:00:00,1.2,,,,,257.0
2024-11-14 20:00:00,1.4,,,,,262.0
2024-11-14 21:00:00,1.1,,,,,243.0
2024-11-14 22:00:00,1.2,,,,,254.0
2024-11-14 23:00:00,1.4,,,,,258.0
2024-11-15 00:00:00,1.4,,,,,276.0
2024-11-15 01:00:00,1.5,,,,,190.0
2024-11-15 02:00:00,1.5,,,,,206.0
2024-11-15 03:00:00,1.8,,,,,249.0
2024-11-15 04:00:00,1.8,,,,,247.0
2024-11-15 05:00:00,2.0,,,,,244.0
2024-11-15 06:00:00,2.1,,,,,242.0
2024-11-15 07:00:00,2.0,,,,,244.0
2024-11-15 08:00:00,1.9,,,,,246.0
2024-11-15 09:00:00,1.4,,,,,241.0
2024-11-15 10:00:00,0.4,,,,,253.0
2024-11-15 11:00:00,0.7,,,,,284.0
2024-11-15 12:00:00,1.0,,,,,27.0
2024-11-15 13:00:00,1.3,,,,,58.0
2024-11-15 14:00:00,1.8,,,,,64.0
2024-11-15 15:00:00,1.7,,,,,70.0
2024-11-15 16:00:00,1.4,,,,,81.0
2024-11-15 17:00:00,1.1,,,,,93.0
2024-11-15 18:00:00,0.8,,,,,104.0
2024-11-15 19:00:00,0.9,,,,,108.0
2024-11-15 20:00:00,0.8,,,,,113.0
2024-11-15 21:00:00,0.8,,,,,210.0
2024-11-15 22:00:00,0.8,,,,,222.0
2024-11-15 23:00:00,0.5,,,,,223.0
2024-11-16 00:00:00,0.4,,,,,227.0
2024-11-16 01:00:00,0.6,,,,,234.0
2024-11-16 02:00:00,0.7,,,,,248.0
2024-11-16 03:00:00,0.8,,,,,226.0
2024-11-16 04:00:00,0.9,,,,,225.0
2024-11-16 05:00:00,1.0,,,,,223.0
2024-11-16 06:00:00,1.1,,,,,222.0
2024-11-16 07:00:00,1.3,,,,,222.0
2024-11-16 08:00:00,0.9,,,,,223.0
2024-11-16 09:00:00,0.4,,,,,198.0
2024-11-16 10:00:00,0.8,,,,,181.0
2024-11-16 11:00:00,1.4,,,,,178.0
2024-11-16 12:00:00,1.6,,,,,187.0
2024-11-16 13:00:00,1.2,,,,,195.0
2024-11-16 14:00:00,0.8,,,,,206.0
2024-11-16 15:00:00,0.9,,,,,234.0
2024-11-16 16:00:00,1.6,,,,,236.0
2024-11-16 17:00:00,1.3,,,,,238.0
2024-11-16 18:00:00,1.6,,,,,240.0
2024-11-16 19:00:00,2.0,,,,,242.0
2024-11-16 20:00:00,1.9,,,,,245.0
2024-11-16 21:00:00,1.8,,,,,242.0
2024-11-16 22:00:00,2.1,,,,,237.0
2024-11-16 23:00:00,2.1,,,,,235.0
2024-11-17 00:00:00,2.2,,,,,243.0
2024-11-17 01:00:00,2.3,,,,,236.0
2024-11-17 02:00:00,2.3,,,,,244.0
2024-11-17 03:00:00,2.1,,,,,242.0
2024-11-17 04:00:00,1.8,,,,,244.0
2024-11-17 05:00:00,1.8,,,,,246.0
2024-11-17 06:00:00,1.5,,,,,248.0
2024-11-17 07:00:00,1.7,,,,,246.0
2024-11-17 08:00:00,1.4,,,,,244.0
2024-11-17 09:00:00,1.6,,,,,303.0
2024-11-17 10:00:00,1.6,,,,,347.0
2024-11-17 11:00:00,1.8,,,,,326.0
2024-11-17 12:00:00,1.8,,,,,291.0
2024-11-17 13:00:00,1.5,,,,,275.0
2024-11-17 14:00:00,1.8,,,,,296.0
2024-11-17 15:00:00,2.7,,,,,321.0
2024-11-17 16:00:00,2.8,,,,,340.0
2024-11-17 17:00:00,2.2,,,,,359.0
2024-11-17 18:00:00,1.0,,,,,18.0
2024-11-17 19:00:00,0.9,,,,,33.0
2024-11-17 20:00:00,1.6,,,,,48.0
2024-11-17 21:00:00,0.3,,,,,253.0
2024-11-17 22:00:00,1.0,,,,,249.0
2024-11-17 23:00:00,1.7,,,,,253.0
2024-11-18 00:00:00,2.1,,,,,252.0
2024-11-18 01:00:00,2.0,,,,,250.0
2024-11-18 02:00:00,1.8,,,,,251.0
2024-11-18 03:00:00,1.8,,,,,255.0
2024-11-18 04:00:00,1.7,,,,,257.0
2024-11-18 05:00:00,1.4,,,,,259.0
2024-11-18 06:00:00,1.2,,,,,261.0
2024-11-18 07:00:00,1.1,,,,,270.0
2024-11-18 08:00:00,0.9,,,,,279.0
2024-11-18 09:00:00,1.2,,,,,275.0
2024-11-18 10:00:00,2.4,,,,,318.0
2024-11-18 11:00:00,3.5,,,,,345.0
2024-11-18 12:00:00,3.9,,,,,359.0
2024-11-18 13:00:00,4.1,,,,,1.0
2024-11-18 14:00:00,4.2,,,,,4.0
2024-11-18 15:00:00,4.3,,,,,6.0
2024-11-18 16:00:00,4.1,,,,,358.0
2024-11-18 17:00:00,3.5,,,,,349.0
2024-11-18 18:00:00,2.6,,,,,341.0
2024-11-18 19:00:00,1.7,,,,,340.0
2024-11-18 20:00:00,1.3,,,,,339.0
2024-11-18 21:00:00,1.4,,,,,46.0
2024-11-18 22:00:00,1.1,,,,,43.0
2024-11-18 23:00:00,1.1,,,,,38.0
2024-11-19 00:00:00,1.0,,,,,13.0
2024-11-19 01:00:00,0.9,,,,,21.0
2024-11-19 02:00:00,0.6,,,,,30.0
2024-11-19 03:00:00,1.1,,,,,135.0
2024-11-19 04:00:00,1.5,,,,,163.0
2024-11-19 05:00:00,1.7,,,,,192.0
2024-11-19 06:00:00,1.6,,,,,220.0
2024-11-19 07:00:00,1.6,,,,,227.0
2024-11-19 08:00:00,1.6,,,,,234.0
2024-11-19 09:00:00,1.0,,,,,231.0
2024-11-19 10:00:00,0.6,,,,,169.0
2024-11-19 11:00:00,1.5,,,,,157.0
2024-11-19 12:00:00,1.5,,,,,174.0
2024-11-19 13:00:00,1.8,,,,,181.0
2024-11-19 14:00:00,1.6,,,,,208.0
2024-11-19 15:00:00,1.9,,,,,233.0
2024-11-19 16:00:00,1.6,,,,,236.0
2024-11-19 17:00:00,1.3,,,,,240.0
2024-11-19 18:00:00,1.1,,,,,243.0
2024-11-19 19:00:00,0.9,,,,,240.0
2024-11-19 20:00:00,0.9,,,,,238.0
2024-11-19 21:00:00,1.2,,,,,219.0
2024-11-19 22:00:00,1.4,,,,,229.0
2024-11-19 23:00:00,1.4,,,,,237.0
2024-11-20 00:00:00,1.8,,,,,249.0
2024-11-20 01:00:00,2.0,,,,,255.0
2024-11-20 02:00:00,2.0,,,,,259.0
2024-11-20 03:00:00,2.1,,,,,257.0
2024-11-20 04:00:00,2.2,,,,,255.0
2024-11-20 05:00:00,2.2,,,,,253.0
2024-11-20 06:00:00,2.1,,,,,251.0
2024-11-20 07:00:00,2.1,,,,,247.0
2024-11-20 08:00:00,1.9,,,,,244.0
2024-11-20 09:00:00,1.7,,,,,247.0
2024-11-20 10:00:00,1.8,,,,,245.0
2024-11-20 11:00:00,1.6,,,,,257.0
2024-11-20 12:00:00,1.7,,,,,256.0
2024-11-20 13:00:00,1.8,,,,,259.0
2024-11-20 14:00:00,1.9,,,,,269.0
2024-11-20 15:00:00,2.1,,,,,274.0
2024-11-20 16:00:00,2.3,,,,,269.0
2024-11-20 17:00:00,1.6,,,,,263.0
2024-11-20 18:00:00,1.6,,,,,258.0
2024-11-20 19:00:00,1.6,,,,,252.0
2024-11-20 20:00:00,1.8,,,,,247.0
2024-11-20 21:00:00,2.1,,,,,242.0
2024-11-20 22:00:00,2.1,,,,,242.0
2024-11-20 23:00:00,2.1,,,,,246.0
2024-11-21 00:00:00,2.3,,,,,247.0
2024-11-21 01:00:00,2.3,,,,,246.0
2024-11-21 02:00:00,2.3,,,,,243.0
2024-11-21 03:00:00,2.3,,,,,245.0
2024-11-21 04:00:00,2.3,,,,,246.0
2024-11-21 05:00:00,2.3,,,,,246.0
2024-11-21 06:00:00,,2.2,,,245.0,247.0
2024-11-21 07:00:00,,2.1,,,242.0,246.0
2024-11-21 08:00:00,,1.9,,,244.0,245.0
2024-11-21 09:00:00,,1.8,,,246.0,238.0
2024-11-21 10:00:00,,1.8,,,252.0,245.0
2024-11-21 11:00:00,,2.2,,,260.0,254.0
2024-11-21 12:00:00,,2.9,,,257.0,263.0
2024-11-21 13:00:00,,3.2,,,259.0,265.0
2024-11-21 14:00:00,,3.0,,,258.0,271.0
2024-11-21 15:00:00,,2.8,,,257.0,261.0
2024-11-21 16:00:00,,2.5,,,256.0,256.0
2024-11-21 17:00:00,,2.0,,,250.0,252.0
2024-11-21 18:00:00,,1.8,,,248.0,247.0
2024-11-21 19:00:00,,1.9,,,248.0,245.0
2024-11-21 20:00:00,,2.2,,,245.0,242.0
2024-11-21 21:00:00,,1.9,,,240.0,245.0
2024-11-21 22:00:00,,1.8,,,241.0,244.0
2024-11-21 23:00:00,,1.9,,,239.0,239.0
2024-11-22 00:00:00,,2.4,,,241.0,245.0
2024-11-22 01:00:00,,2.3,,,256.0,248.0
2024-11-22 02:00:00,,2.4,,,253.0,255.0
2024-11-22 03:00:00,,2.4,,,256.0,255.0
2024-11-22 04:00:00,,2.2,,,256.0,254.0
2024-11-22 05:00:00,,2.0,,,252.0,253.0
2024-11-22 06:00:00,,1.8,,,250.0,252.0
2024-11-22 07:00:00,,1.6,,,250.0,249.0
2024-11-22 08:00:00,,1.4,,,248.0,247.0
2024-11-22 09:00:00,,1.3,,,251.0,245.0
2024-11-22 10:00:00,,1.3,,,273.0,264.0
2024-11-22 11:00:00,,1.4,,,322.0,307.0
2024-11-22 12:00:00,,1.7,,,338.0,327.0
2024-11-22 13:00:00,,2.3,,,349.0,349.0
2024-11-22 14:00:00,,2.8,,,3.0,6.0
2024-11-22 15:00:00,,3.1,,,15.0,12.0
2024-11-22 16:00:00,,2.9,,,16.0,6.0
2024-11-22 17:00:00,,2.3,,,3.0,1.0
2024-11-22 18:00:00,,1.9,,,351.0,355.0
2024-11-22 19:00:00,,1.7,,,346.0,339.0
2024-11-22 20:00:00,,1.5,,,345.0,324.0
2024-11-22 21:00:00,,1.1,,,348.0,331.0
2024-11-22 22:00:00,,0.7,,,328.0,270.0
2024-11-22 23:00:00,,1.2,,,279.0,259.0
2024-11-23 00:00:00,,0.9,,,277.0,268.0
2024-11-23 01:00:00,,1.0,,,257.0,272.0
2024-11-23 02:00:00,,0.9,,,260.0,272.0
2024-11-23 03:00:00,,1.2,,,263.0,261.0
2024-11-23 04:00:00,,1.4,,,258.0,257.0
2024-11-23 05:00:00,,1.7,,,265.0,254.0
2024-11-23 06:00:00,,1.8,,,263.0,250.0
2024-11-23 07:00:00,,1.6,,,263.0,249.0
2024-11-23 08:00:00,,1.3,,,265.0,248.0
2024-11-23 09:00:00,,0.9,,,304.0,296.0
2024-11-23 10:00:00,,1.2,,,0.0,345.0
2024-11-23 11:00:00,,1.8,,,41.0,25.0
2024-11-23 12:00:00,,2.0,,,48.0,19.0
2024-11-23 13:00:00,,1.7,,,45.0,18.0
2024-11-23 14:00:00,,1.6,,,40.0,33.0
2024-11-23 15:00:00,,1.9,,,34.0,25.0
2024-11-23 16:00:00,,1.5,,,32.0,19.0
2024-11-23 17:00:00,,0.9,,,28.0,12.0
2024-11-23 18:00:00,,0.6,,,0.0,6.0
2024-11-23 19:00:00,,0.7,,,270.0,323.0
2024-11-23 20:00:00,,1.1,,,233.0,280.0
2024-11-23 21:00:00,,0.9,,,229.0,250.0
2024-11-23 22:00:00,,1.6,,,232.0,244.0
2024-11-23 23:00:00,,1.9,,,239.0,241.0
2024-11-24 00:00:00,,2.0,,,244.0,247.0
2024-11-24 01:00:00,,2.0,,,240.0,253.0
2024-11-24 02:00:00,,2.0,,,238.0,253.0
2024-11-24 03:00:00,,2.1,,,238.0,252.0
2024-11-24 04:00:00,,2.2,,,241.0,249.0
2024-11-24 05:00:00,,2.2,,,241.0,246.0
2024-11-24 06:00:00,,2.2,,,241.0,243.0
2024-11-24 07:00:00,,2.1,,,242.0,242.0
2024-11-24 08:00:00,,1.8,,,242.0,241.0
2024-11-24 09:00:00,,1.7,,,236.0,236.0
2024-11-24 10:00:00,,0.8,,,236.0,236.0
2024-11-24 11:00:00,,0.9,,,250.0,250.0
2024-11-24 12:00:00,,1.4,,,259.0,259.0
2024-11-24 13:00:00,,1.8,,,269.0,269.0
2024-11-24 14:00:00,,1.8,,,268.0,268.0
2024-11-24 15:00:00,,2.2,,,270.0,270.0
2024-11-24 16:00:00,,2.0,,,262.0,262.0
2024-11-24 17:00:00,,1.6,,,255.0,255.0
2024-11-24 18:00:00,,1.4,,,247.0,247.0
2024-11-24 19:00:00,,1.6,,,244.0,244.0
2024-11-24 20:00:00,,2.0,,,242.0,242.0
2024-11-24 21:00:00,,2.3,,,239.0,239.0
2024-11-24 22:00:00,,2.3,,,241.0,241.0
2024-11-24 23:00:00,,2.2,,,243.0,243.0
2024-11-25 00:00:00,,2.1,,,245.0,245.0
2024-11-25 01:00:00,,2.1,,,245.0,245.0
2024-11-25 02:00:00,,2.2,,,246.0,246.0
2024-11-25 03:00:00,,2.3,,,246.0,246.0
2024-11-25 04:00:00,,2.4,,,244.0,244.0
2024-11-25 05:00:00,,2.5,,,241.0,241.0
2024-11-25 06:00:00,,2.5,,,239.0,239.0
2024-11-25 07:00:00,,2.2,,,239.0,239.0
2024-11-25 08:00:00,,1.8,,,240.0,240.0
2024-11-25 09:00:00,,1.5,,,240.0,240.0
2024-11-25 10:00:00,,1.6,,,224.0,224.0
2024-11-25 11:00:00,,1.8,,,207.0,207.0
2024-11-25 12:00:00,,2.1,,,191.0,191.0
2024-11-25 13:00:00,,2.3,,,189.0,189.0
2024-11-25 14:00:00,,2.5,,,188.0,188.0
2024-11-25 15:00:00,,2.6,,,186.0,186.0
2024-11-25 16:00:00,,2.6,,,176.0,176.0
2024-11-25 17:00:00,,2.4,,,167.0,167.0
2024-11-25 18:00:00,,2.3,,,157.0,157.0
2024-11-25 19:00:00,,2.1,,,163.0,163.0
2024-11-25 20:00:00,,1.9,,,168.0,168.0
2024-11-25 21:00:00,,1.8,,,174.0,174.0
2024-11-25 22:00:00,,1.9,,,172.0,172.0
2024-11-25 23:00:00,,2.2,,,169.0,169.0
2024-11-26 00:00:00,,2.6,,,167.0,167.0
2024-11-26 01:00:00,,3.1,,,175.0,175.0
2024-11-26 02:00:00,,3.6,,,183.0,183.0
2024-11-26 03:00:00,,4.2,,,191.0,191.0
2024-11-26 04:00:00,,4.8,,,189.0,189.0
2024-11-26 05:00:00,,5.5,,,187.0,187.0
2024-11-26 06:00:00,,6.0,,,185.0,185.0
2024-11-26 07:00:00,,6.2,,,186.0,186.0
2024-11-26 08:00:00,,6.2,,,186.0,186.0
2024-11-26 09:00:00,,6.1,,,187.0,187.0
2024-11-26 10:00:00,,5.7,,,208.0,208.0
2024-11-26 11:00:00,,5.2,,,230.0,230.0
2024-11-26 12:00:00,,5.0,,,251.0,251.0
2024-11-26 13:00:00,,5.6,,,254.0,254.0
2024-11-26 14:00:00,,6.6,,,257.0,257.0
2024-11-26 15:00:00,,7.3,,,260.0,260.0
2024-11-26 16:00:00,,7.4,,,260.0,260.0
2024-11-26 17:00:00,,7.2,,,259.0,259.0
2024-11-26 18:00:00,,7.0,,,259.0,259.0
2024-11-26 19:00:00,,6.9,,,259.0,259.0
2024-11-26 20:00:00,,6.8,,,259.0,259.0
2024-11-26 21:00:00,,6.6,,,259.0,259.0
2024-11-26 22:00:00,,6.1,,,260.0,260.0
2024-11-26 23:00:00,,5.4,,,262.0,262.0
2024-11-27 00:00:00,,4.8,,,263.0,263.0
2024-11-27 01:00:00,,4.4,,,263.0,263.0
2024-11-27 02:00:00,,4.1,,,262.0,262.0
2024-11-27 03:00:00,,3.6,,,262.0,262.0
2024-11-27 04:00:00,,2.8,,,258.0,258.0
2024-11-27 05:00:00,,1.9,,,254.0,254.0
2024-11-27 06:00:00,,1.2,,,250.0,250.0
2024-11-27 07:00:00,,0.9,,,238.0,238.0
2024-11-27 08:00:00,,0.9,,,226.0,226.0
2024-11-27 09:00:00,,1.0,,,214.0,214.0
2024-11-27 10:00:00,,1.1,,,223.0,223.0
2024-11-27 11:00:00,,1.3,,,231.0,231.0
2024-11-27 12:00:00,,1.4,,,240.0,240.0
2024-11-27 13:00:00,,1.3,,,240.0,240.0
2024-11-27 14:00:00,,1.2,,,239.0,239.0
2024-11-27 15:00:00,,1.1,,,239.0,239.0
2024-11-27 16:00:00,,1.1,,,214.0,214.0
2024-11-27 17:00:00,,1.1,,,188.0,188.0
2024-11-27 18:00:00,,1.1,,,163.0,163.0
2024-11-27 19:00:00,,1.1,,,196.0,196.0
2024-11-27 20:00:00,,1.2,,,230.0,230.0
2024-11-27 21:00:00,,1.6,,,263.0,263.0
2024-11-27 22:00:00,,2.5,,,263.0,263.0
2024-11-27 23:00:00,,3.7,,,263.0,263.0
2024-11-28 00:00:00,,4.7,,,263.0,263.0
2024-11-28 01:00:00,,5.2,,,264.0,264.0
2024-11-28 02:00:00,,5.5,,,264.0,264.0
2024-11-28 03:00:00,,5.4,,,265.0,265.0
2024-11-28 04:00:00,,4.7,,,267.0,267.0
2024-11-28 05:00:00,,3.7,,,268.0,268.0
2024-11-28 06:00:00,,3.0,,,270.0,270.0
2024-11-28 07:00:00,,4.0,,,266.0,266.0
2024-11-28 08:00:00,,3.5,,,263.0,263.0
2024-11-28 09:00:00,,3.3,,,259.0,259.0
2024-11-28 10:00:00,,3.3,,,259.0,259.0
2024-11-28 11:00:00,,3.5,,,259.0,259.0
2024-11-28 12:00:00,,3.8,,,259.0,259.0
2024-11-28 13:00:00,,4.1,,,259.0,259.0
2024-11-28 14:00:00,,4.3,,,259.0,259.0
2024-11-28 15:00:00,,4.3,,,259.0,259.0
2024-11-28 16:00:00,,4.0,,,255.0,255.0
2024-11-28 17:00:00,,3.5,,,251.0,251.0
2024-11-28 18:00:00,,2.9,,,247.0,247.0
2024-11-28 19:00:00,,2.3,,,243.0,243.0
2024-11-28 20:00:00,,1.8,,,239.0,239.0
2024-11-28 21:00:00,,1.5,,,235.0,235.0
2024-11-28 22:00:00,,1.4,,,239.0,239.0
2024-11-28 23:00:00,,1.4,,,243.0,243.0
2024-11-29 00:00:00,,1.5,,,248.0,248.0
2024-11-29 01:00:00,,1.6,,,252.0,252.0
2024-11-29 02:00:00,,1.8,,,256.0,256.0
2024-11-29 03:00:00,,1.9,,,260.0,260.0
2024-11-29 04:00:00,,2.0,,,261.0,261.0
2024-11-29 05:00:00,,2.0,,,262.0,262.0
2024-11-29 06:00:00,,2.1,,,263.0,263.0
2024-11-29 07:00:00,,,8.9,,,
2024-11-29 08:00:00,,,9.0,,,
2024-11-29 09:00:00,,,9.1,,,
2024-11-29 10:00:00,,,12.0,,,
2024-11-29 11:00:00,,,14.3,,,
2024-11-29 12:00:00,,,15.5,,,
2024-11-29 13:00:00,,,15.8,,,
2024-11-29 14:00:00,,,15.4,,,
2024-11-29 15:00:00,,,17.5,,,
2024-11-29 16:00:00,,,18.8,,,
2024-11-29 17:00:00,,,17.5,,,
2024-11-29 18:00:00,,,15.6,,,
2024-11-29 19:00:00,,,15.0,,,
2024-11-29 20:00:00,,,17.3,,,
2024-11-29 21:00:00,,,17.9,,,
2024-11-29 22:00:00,,,16.4,,,
2024-11-29 23:00:00,,,14.6,,,
2024-11-30 00:00:00,,,14.3,,,
2024-11-30 01:00:00,,,13.6,,,
2024-11-30 02:00:00,,,12.0,,,
2024-11-30 03:00:00,,,12.1,,,
2024-11-30 04:00:00,,,10.8,,,
2024-11-30 05:00:00,,,10.3,,,
2024-11-30 06:00:00,,,10.4,,,
2024-11-30 07:00:00,,,10.6,,,
2024-11-30 08:00:00,,,10.9,,,
2024-11-30 09:00:00,,,12.6,,,
2024-11-30 10:00:00,,,14.1,,,
2024-11-30 11:00:00,,,14.5,,,
2024-11-30 12:00:00,,,15.6,,,
2024-11-30 13:00:00,,,14.6,,,
2024-11-30 14:00:00,,,13.0,,,
2024-11-30 15:00:00,,,11.5,,,
2024-11-30 16:00:00,,,10.0,,,
2024-11-30 17:00:00,,,8.8,,,
2024-11-30 18:00:00,,,8.6,,,
2024-11-30 19:00:00,,,8.5,,,
2024-11-30 20:00:00,,,9.0,,,
2024-11-30 21:00:00,,,9.6,,,
2024-11-30 22:00:00,,,9.3,,,
2024-11-30 23:00:00,,,9.1,,,
2024-12-01 00:00:00,,,8.8,,,
2024-12-01 01:00:00,,,8.9,,,
2024-12-01 02:00:00,,,8.8,,,
2024-12-01 03:00:00,,,8.9,,,
2024-12-01 04:00:00,,,8.1,,,
2024-12-01 05:00:00,,,5.9,,,
2024-12-01 06:00:00,,,5.8,,,
2024-12-01 07:00:00,,,5.6,,,
2024-12-01 08:00:00,,,5.4,,,
2024-12-01 09:00:00,,,5.1,,,
2024-12-01 10:00:00,,,4.4,,,
2024-12-01 11:00:00,,,5.5,,,
2024-12-01 12:00:00,,,5.4,,,
2024-12-01 13:00:00,,,4.8,,,
2024-12-01 14:00:00,,,5.5,,,
2024-12-01 15:00:00,,,5.8,,,
2024-12-01 16:00:00,,,4.5,,,
2024-12-01 17:00:00,,,3.9,,,
2024-12-01 18:00:00,,,2.5,,,
2024-12-01 19:00:00,,,2.0,,,
2024-12-01 20:00:00,,,2.1,,,
2024-12-01 21:00:00,,,2.1,,,
2024-12-01 22:00:00,,,2.4,,,
2024-12-01 23:00:00,,,2.6,,,
2024-12-02 00:00:00,,,3.3,,,
2024-12-02 01:00:00,,,3.9,,,
2024-12-02 02:00:00,,,4.3,,,
2024-12-02 03:00:00,,,5.1,,,
2024-12-02 04:00:00,,,5.8,,,
2024-12-02 05:00:00,,,5.8,,,
2024-12-02 06:00:00,,,5.6,,,
2024-12-02 07:00:00,,,6.0,,,
2024-12-02 08:00:00,,,6.3,,,
2024-12-02 09:00:00,,,6.5,,,
2024-12-02 10:00:00,,,8.9,,,
2024-12-02 11:00:00,,,12.0,,,
2024-12-02 12:00:00,,,14.8,,,
2024-12-02 13:00:00,,,16.0,,,
2024-12-02 14:00:00,,,17.1,,,
2024-12-02 15:00:00,,,14.4,,,
2024-12-02 16:00:00,,,14.1,,,
2024-12-02 17:00:00,,,12.1,,,
2024-12-02 18:00:00,,,10.0,,,
2024-12-02 19:00:00,,,8.9,,,
2024-12-02 20:00:00,,,8.8,,,
2024-12-02 21:00:00,,,8.4,,,
2024-12-02 22:00:00,,,7.6,,,
2024-12-02 23:00:00,,,7.0,,,
2024-12-03 00:00:00,,,6.6,,,
2024-12-03 01:00:00,,,5.8,,,
2024-12-03 02:00:00,,,5.0,,,
2024-12-03 03:00:00,,,4.9,,,
2024-12-03 04:00:00,,,5.1,,,
2024-12-03 05:00:00,,,5.4,,,
2024-12-03 06:00:00,,,5.5,,,
2024-12-03 07:00:00,,,5.5,,,
2024-12-03 08:00:00,,,5.8,,,
2024-12-03 09:00:00,,,7.5,,,
2024-12-03 10:00:00,,,7.8,,,
2024-12-03 11:00:00,,,8.5,,,
2024-12-03 12:00:00,,,9.1,,,
2024-12-03 13:00:00,,,9.0,,,
2024-12-03 14:00:00,,,9.0,,,
2024-12-03 15:00:00,,,8.5,,,
2024-12-03 16:00:00,,,12.1,,,
2024-12-03 17:00:00,,,7.5,,,
2024-12-03 18:00:00,,,5.6,,,
2024-12-03 19:00:00,,,5.0,,,
2024-12-03 20:00:00,,,5.3,,,
2024-12-03 21:00:00,,,5.9,,,
2024-12-03 22:00:00,,,5.9,,,
2024-12-03 23:00:00,,,6.0,,,
2024-12-04 00:00:00,,,6.3,,,
2024-12-04 01:00:00,,,6.5,,,
2024-12-04 02:00:00,,,7.0,,,
2024-12-04 03:00:00,,,8.0,,,
2024-12-04 04:00:00,,,8.9,,,
2024-12-04 05:00:00,,,9.8,,,
2024-12-04 06:00:00,,,9.9,,,
2024-12-04 07:00:00,,,9.3,,,
2024-12-04 08:00:00,,,8.4,,,
2024-12-04 09:00:00,,,8.4,,,
2024-12-04 10:00:00,,,10.5,,,
2024-12-04 11:00:00,,,11.9,,,
2024-12-04 12:00:00,,,12.5,,,
2024-12-04 13:00:00,,,12.3,,,
2024-12-04 14:00:00,,,12.3,,,
2024-12-04 15:00:00,,,12.5,,,
2024-12-04 16:00:00,,,13.3,,,
2024-12-04 17:00:00,,,11.6,,,
2024-12-04 18:00:00,,,11.6,,,
2024-12-04 19:00:00,,,11.6,,,
2024-12-04 20:00:00,,,11.8,,,
2024-12-04 21:00:00,,,12.0,,,
2024-12-04 22:00:00,,,12.3,,,
2024-12-04 23:00:00,,,12.5,,,
2024-12-05 00:00:00,,,12.8,,,
2024-12-05 01:00:00,,,12.4,,,
2024-12-05 02:00:00,,,11.6,,,
2024-12-05 03:00:00,,,9.8,,,
2024-12-05 04:00:00,,,10.0,,,
2024-12-05 05:00:00,,,9.9,,,
2024-12-05 06:00:00,,,10.4,,,
2024-12-05 07:00:00,,,10.0,,,
2024-12-05 08:00:00,,,10.0,,,
2024-12-05 09:00:00,,,12.8,,,
2024-12-05 10:00:00,,,13.8,,,
2024-12-05 11:00:00,,,15.8,,,
2024-12-05 12:00:00,,,18.5,,,
2024-12-05 13:00:00,,,20.0,,,
2024-12-05 14:00:00,,,20.1,,,
2024-12-05 15:00:00,,,20.5,,,
2024-12-05 16:00:00,,,19.3,,,
2024-12-05 17:00:00,,,16.5,,,
2024-12-05 18:00:00,,,14.8,,,
2024-12-05 19:00:00,,,14.1,,,
2024-12-05 20:00:00,,,13.9,,,
2024-12-05 21:00:00,,,15.0,,,
2024-12-05 22:00:00,,,16.1,,,
2024-12-05 23:00:00,,,15.8,,,
2024-12-06 00:00:00,,,15.5,,,
2024-12-06 01:00:00,,,14.0,,,
2024-12-06 02:00:00,,,14.8,,,
2024-12-06 03:00:00,,,16.9,,,
2024-12-06 04:00:00,,,15.4,,,
2024-12-06 05:00:00,,,14.8,,,
2024-12-06 06:00:00,,,13.9,,,
2024-12-06 07:00:00,,,14.5,,,
2024-12-06 08:00:00,,,14.5,,,
2024-12-06 09:00:00,,,12.6,,,
2024-12-06 10:00:00,,,13.1,,,
2024-12-06 11:00:00,,,14.6,,,
2024-12-06 12:00:00,,,15.5,,,
2024-12-06 13:00:00,,,15.4,,,
2024-12-06 14:00:00,,,15.0,,,
2024-12-06 15:00:00,,,16.6,,,
2024-12-06 16:00:00,,,17.5,,,
2024-12-06 17:00:00,,,16.1,,,
2024-12-06 18:00:00,,,13.8,,,
2024-12-06 19:00:00,,,13.4,,,
2024-12-06 20:00:00,,,13.1,,,
2024-12-06 21:00:00,,,12.6,,,
2024-12-06 22:00:00,,,11.9,,,
2024-12-06 23:00:00,,,10.8,,,
2024-12-07 00:00:00,,,10.3,,,
2024-12-07 01:00:00,,,10.3,,,
2024-12-07 02:00:00,,,10.4,,,
2024-12-07 03:00:00,,,11.0,,,
2024-12-07 04:00:00,,,10.6,,,
2024-12-07 05:00:00,,,10.6,,,
2024-12-07 06:00:00,,,10.5,,,
2024-12-07 07:00:00,,,10.6,,,
2024-12-07 08:00:00,3.2,2.0,11.4,,258.0,
2024-12-07 09:00:00,2.9,3.1,10.5,,259.0,
2024-12-07 10:00:00,3.3,3.5,11.9,,263.0,
2024-12-07 11:00:00,3.7,3.9,13.0,,264.0,
2024-12-07 12:00:00,4.0,4.1,13.8,,267.0,
2024-12-07 13:00:00,3.9,4.0,13.5,,267.0,
2024-12-07 14:00:00,3.9,3.9,13.3,,266.0,
2024-12-07 15:00:00,4.6,4.1,15.4,,270.0,
2024-12-07 16:00:00,4.8,3.7,14.0,,265.0,
2024-12-07 17:00:00,5.8,3.2,17.1,,262.0,
2024-12-07 18:00:00,5.4,3.1,16.0,,263.0,
2024-12-07 19:00:00,5.1,3.9,15.1,,262.0,
2024-12-07 20:00:00,5.3,5.2,15.8,,263.0,
2024-12-07 21:00:00,5.5,5.8,16.5,,267.0,
2024-12-07 22:00:00,4.9,5.2,15.0,,266.0,
2024-12-07 23:00:00,4.1,3.9,12.6,,266.0,
2024-12-08 00:00:00,3.4,2.9,11.3,,262.0,
2024-12-08 01:00:00,3.1,2.4,10.0,,262.0,
2024-12-08 02:00:00,2.6,2.2,8.4,,255.0,
2024-12-08 03:00:00,2.1,2.1,6.5,,251.0,
2024-12-08 04:00:00,2.1,2.0,6.4,,251.0,
2024-12-08 05:00:00,2.3,2.1,6.4,,249.0,
2024-12-08 06:00:00,2.3,2.1,5.9,,247.0,
2024-12-08 07:00:00,2.3,2.2,6.6,,251.0,
2024-12-08 08:00:00,2.2,2.2,6.0,,247.0,
2024-12-08 09:00:00,2.4,2.4,7.6,,250.0,
2024-12-08 10:00:00,2.3,2.3,7.6,,251.0,
2024-12-08 11:00:00,2.2,2.3,7.8,,254.0,
2024-12-08 12:00:00,2.6,2.5,9.1,,259.0,
2024-12-08 13:00:00,2.5,2.4,9.0,,265.0,
2024-12-08 14:00:00,2.5,2.2,8.0,,268.0,
2024-12-08 15:00:00,1.8,1.9,7.0,,270.0,
2024-12-08 16:00:00,1.6,1.8,5.8,,261.0,
2024-12-08 17:00:00,1.8,1.8,4.6,,251.0,
2024-12-08 18:00:00,1.8,1.8,4.6,,241.0,
2024-12-08 19:00:00,1.9,1.9,4.3,,244.0,
2024-12-08 20:00:00,1.9,2.0,4.4,,245.0,
2024-12-08 21:00:00,2.1,2.1,4.9,,244.0,
2024-12-08 22:00:00,2.1,2.2,5.4,,245.0,
2024-12-08 23:00:00,2.2,2.2,5.4,,246.0,
2024-12-09 00:00:00,2.3,2.3,5.4,,245.0,
2024-12-09 01:00:00,2.3,2.3,5.4,,246.0,
2024-12-09 02:00:00,2.3,2.4,5.5,,248.0,
2024-12-09 03:00:00,2.5,2.4,5.9,,246.0,
2024-12-09 04:00:00,2.6,2.5,6.4,,246.0,
2024-12-09 05:00:00,2.8,2.6,6.6,,245.0,
2024-12-09 06:00:00,2.8,2.6,6.8,,246.0,
2024-12-09 07:00:00,2.6,2.6,6.5,,247.0,
2024-12-09 08:00:00,2.6,2.5,6.4,,247.0,
2024-12-09 09:00:00,2.4,2.4,6.6,,250.0,
2024-12-09 10:00:00,2.5,2.6,6.9,,249.0,
2024-12-09 11:00:00,2.3,2.5,6.9,,251.0,
2024-12-09 12:00:00,2.5,2.8,8.3,,256.0,
2024-12-09 13:00:00,2.6,2.8,8.5,,257.0,
2024-12-09 14:00:00,2.4,2.8,8.0,,256.0,
2024-12-09 15:00:00,2.2,2.6,7.3,,255.0,
2024-12-09 16:00:00,2.1,2.4,6.5,,251.0,
2024-12-09 17:00:00,2.0,2.2,5.4,,249.0,
2024-12-09 18:00:00,2.1,2.1,5.0,,251.0,
2024-12-09 19:00:00,2.2,2.1,5.0,,249.0,
2024-12-09 20:00:00,2.2,2.2,5.1,,251.0,
2024-12-09 21:00:00,2.2,2.3,5.4,,250.0,
2024-12-09 22:00:00,2.2,2.3,5.5,,250.0,
2024-12-09 23:00:00,2.3,2.4,5.5,,247.0,
2024-12-10 00:00:00,2.3,2.4,5.8,,245.0,
2024-12-10 01:00:00,2.4,2.4,5.8,,245.0,
2024-12-10 02:00:00,2.4,2.4,5.8,,247.0,
2024-12-10 03:00:00,2.3,2.4,5.5,,247.0,
2024-12-10 04:00:00,2.4,2.4,5.6,,247.0,
2024-12-10 05:00:00,2.4,2.3,5.8,,246.0,
2024-12-10 06:00:00,2.4,2.3,5.8,,248.0,
2024-12-10 07:00:00,2.5,2.3,5.9,,248.0,
2024-12-10 08:00:00,2.4,2.2,6.0,,247.0,
2024-12-10 09:00:00,2.1,2.3,5.9,,246.0,
2024-12-10 10:00:00,2.3,2.4,6.8,,249.0,
2024-12-10 11:00:00,2.0,2.3,6.1,,255.0,
2024-12-10 12:00:00,2.2,2.4,7.5,,261.0,
2024-12-10 13:00:00,2.4,2.4,8.3,,260.0,
2024-12-10 14:00:00,1.8,2.1,6.4,,258.0,
2024-12-10 15:00:00,1.6,1.8,5.6,,249.0,
2024-12-10 16:00:00,1.6,1.8,4.6,,245.0,
2024-12-10 17:00:00,1.8,2.0,4.1,,239.0,
2024-12-10 18:00:00,2.1,2.1,4.6,,242.0,
2024-12-10 19:00:00,2.1,2.2,4.6,,243.0,
2024-12-10 20:00:00,2.1,2.2,4.6,,246.0,
2024-12-10 21:00:00,2.1,2.2,5.0,,246.0,
2024-12-10 22:00:00,2.2,2.2,5.4,,246.0,
2024-12-10 23:00:00,2.3,2.1,5.5,,247.0,
2024-12-11 00:00:00,2.3,2.1,5.8,,247.0,
2024-12-11 01:00:00,2.2,2.0,5.5,,250.0,
2024-12-11 02:00:00,2.2,2.0,5.5,,249.0,
2024-12-11 03:00:00,2.1,1.9,5.4,,247.0,
2024-12-11 04:00:00,2.1,1.8,4.9,,249.0,
2024-12-11 05:00:00,1.9,1.7,4.3,,251.0,
2024-12-11 06:00:00,1.7,1.6,3.1,,256.0,
2024-12-11 07:00:00,1.4,1.4,2.5,,252.0,
2024-12-11 08:00:00,1.3,1.2,3.4,,251.0,
2024-12-11 09:00:00,1.0,1.2,2.8,,240.0,
2024-12-11 10:00:00,0.8,0.9,6.4,,292.0,
2024-12-11 11:00:00,2.8,0.7,9.1,,11.0,
2024-12-11 12:00:00,2.6,1.9,7.3,,20.0,
2024-12-11 13:00:00,1.8,1.9,5.5,,4.0,
2024-12-11 14:00:00,1.8,2.1,6.1,,350.0,
2024-12-11 15:00:00,1.4,2.6,5.8,,354.0,
2024-12-11 16:00:00,1.6,2.2,5.0,,0.0,
2024-12-11 17:00:00,1.6,1.6,4.5,,14.0,
2024-12-11 18:00:00,1.9,1.1,5.9,,18.0,
2024-12-11 19:00:00,1.5,0.7,4.3,,16.0,
2024-12-11 20:00:00,0.8,0.4,2.4,,22.0,
2024-12-11 21:00:00,0.3,0.3,1.0,,339.0,
2024-12-11 22:00:00,0.4,0.5,0.9,,247.0,
2024-12-11 23:00:00,0.8,0.9,1.8,,207.0,
2024-12-12 00:00:00,1.5,1.3,2.8,,238.0,
2024-12-12 01:00:00,1.7,1.5,2.8,,256.0,
2024-12-12 02:00:00,1.6,1.7,2.6,,258.0,
2024-12-12 03:00:00,2.0,1.8,4.4,,247.0,
2024-12-12 04:00:00,2.0,1.9,4.5,,248.0,
2024-12-12 05:00:00,2.1,1.9,4.8,,250.0,
2024-12-12 06:00:00,2.1,1.9,5.0,,248.0,
2024-12-12 07:00:00,2.1,1.9,5.0,,246.0,
2024-12-12 08:00:00,2.0,1.8,5.1,,247.0,
2024-12-12 09:00:00,1.9,1.9,5.3,,250.0,
2024-12-12 10:00:00,1.9,1.9,6.3,,254.0,
2024-12-12 11:00:00,1.9,1.8,6.4,,262.0,
2024-12-12 12:00:00,1.8,1.8,6.4,,266.0,
2024-12-12 13:00:00,1.6,1.5,5.9,,269.0,
2024-12-12 14:00:00,1.3,1.6,5.4,,278.0,
2024-12-12 15:00:00,1.3,1.3,5.0,,276.0,
2024-12-12 16:00:00,0.9,1.4,3.6,,260.0,
2024-12-12 17:00:00,1.8,1.5,4.5,,252.0,
2024-12-12 18:00:00,2.1,1.7,4.4,,244.0,
2024-12-12 19:00:00,2.0,1.8,4.4,,241.0,
2024-12-12 20:00:00,2.2,1.9,4.3,,245.0,
2024-12-12 21:00:00,2.3,2.0,4.8,,244.0,
2024-12-12 22:00:00,2.3,2.1,5.3,,245.0,
2024-12-12 23:00:00,2.3,2.2,5.6,,246.0,
2024-12-13 00:00:00,2.1,2.2,5.3,,249.0,
2024-12-13 01:00:00,2.1,2.2,5.4,,250.0,
2024-12-13 02:00:00,2.4,2.2,6.5,,247.0,
2024-12-13 03:00:00,2.3,2.2,7.0,,245.0,
2024-12-13 04:00:00,2.4,2.2,7.4,,242.0,
2024-12-13 05:00:00,2.1,2.2,6.1,,251.0,
2024-12-13 06:00:00,2.0,2.1,5.0,,253.0,
2024-12-13 07:00:00,1.9,1.8,4.3,,246.0,
2024-12-13 08:00:00,1.8,1.4,4.0,,247.0,
2024-12-13 09:00:00,1.6,1.7,4.1,,247.0,
2024-12-13 10:00:00,1.5,1.6,4.1,,248.0,
2024-12-13 11:00:00,1.2,1.5,3.9,,245.0,
2024-12-13 12:00:00,1.2,2.1,4.4,,241.0,
2024-12-13 13:00:00,1.7,2.8,6.8,,258.0,
2024-12-13 14:00:00,2.1,3.3,8.1,,268.0,
2024-12-13 15:00:00,2.0,3.1,7.5,,264.0,
2024-12-13 16:00:00,2.2,3.0,6.3,,271.0,
2024-12-13 17:00:00,2.5,2.8,7.4,,274.0,
2024-12-13 18:00:00,2.1,2.6,6.1,,255.0,
2024-12-13 19:00:00,2.3,2.7,7.4,,264.0,
2024-12-13 20:00:00,2.3,3.0,7.3,,264.0,
2024-12-13 21:00:00,1.7,3.0,5.5,,251.0,
2024-12-13 22:00:00,2.1,2.6,6.8,,259.0,
2024-12-13 23:00:00,2.1,2.0,6.3,,252.0,
2024-12-14 00:00:00,2.1,1.6,6.3,,253.0,
2024-12-14 01:00:00,2.1,1.6,6.3,,253.0,
2024-12-14 02:00:00,2.1,1.7,6.0,,252.0,
2024-12-14 03:00:00,2.1,1.9,5.6,,253.0,
2024-12-14 04:00:00,2.1,2.0,5.1,,252.0,
2024-12-14 05:00:00,2.0,2.0,5.0,,247.0,
2024-12-14 06:00:00,2.1,2.1,5.1,,247.0,
2024-12-14 07:00:00,2.1,2.2,5.8,,246.0,
2024-12-14 08:00:00,2.1,2.3,5.9,,246.0,
2024-12-14 09:00:00,2.6,2.3,8.4,,250.0,
2024-12-14 10:00:00,2.6,2.4,8.4,,253.0,
2024-12-14 11:00:00,3.0,2.9,10.1,,256.0,
2024-12-14 12:00:00,3.3,3.4,11.4,,260.0,
2024-12-14 13:00:00,3.5,3.5,12.1,,263.0,
2024-12-14 14:00:00,3.6,3.5,12.1,,266.0,
2024-12-14 15:00:00,3.8,3.6,12.8,,263.0,
2024-12-14 16:00:00,4.3,3.7,13.9,,263.0,
2024-12-14 17:00:00,4.1,3.8,12.9,,263.0,
2024-12-14 18:00:00,4.1,3.8,13.4,,261.0,
2024-12-14 19:00:00,4.1,3.7,13.3,,259.0,
2024-12-14 20:00:00,4.3,3.6,14.0,,257.0,
2024-12-14 21:00:00,4.4,3.6,14.6,,257.0,
2024-12-14 22:00:00,4.4,3.7,14.5,,255.0,
2024-12-14 23:00:00,4.3,3.9,13.9,,253.0,
2024-12-15 00:00:00,4.4,4.0,14.0,,252.0,
2024-12-15 01:00:00,4.4,4.0,14.4,,254.0,
2024-12-15 02:00:00,4.6,4.0,14.8,,251.0,
2024-12-15 03:00:00,4.9,4.1,15.9,,252.0,
2024-12-15 04:00:00,5.1,4.3,16.5,,255.0,
2024-12-15 05:00:00,5.2,4.5,16.8,,255.0,
2024-12-15 06:00:00,4.9,4.6,16.9,,257.0,
2024-12-15 07:00:00,4.6,4.4,15.5,,258.0,
2024-12-15 08:00:00,4.3,4.1,14.8,,265.0,
2024-12-15 09:00:00,,3.8,,,,266.0
2024-12-15 10:00:00,,3.8,,,,268.0
2024-12-15 11:00:00,,3.9,,,,270.0
2024-12-15 12:00:00,,4.3,,,,270.0
2024-12-15 13:00:00,,4.6,,,,272.0
2024-12-15 14:00:00,,4.4,,,,272.0
2024-12-15 15:00:00,,4.3,,,,273.0
2024-12-15 16:00:00,,4.7,,,,273.0
2024-12-15 17:00:00,,5.3,,,,274.0
2024-12-15 18:00:00,,5.4,,,,274.0
2024-12-15 19:00:00,,4.7,,,,269.0
2024-12-15 20:00:00,,3.6,,,,265.0
2024-12-15 21:00:00,,2.7,,,,260.0
2024-12-15 22:00:00,,2.3,,,,257.0
2024-12-15 23:00:00,,2.2,,,,253.0
2024-12-16 00:00:00,,2.1,,,,250.0
2024-12-16 01:00:00,,2.1,,,,251.0
2024-12-16 02:00:00,,2.1,,,,253.0
2024-12-16 03:00:00,,2.1,,,,254.0
2024-12-16 04:00:00,,2.1,,,,253.0
2024-12-16 05:00:00,,2.1,,,,253.0
2024-12-16 06:00:00,,2.1,,,,252.0
2024-12-16 07:00:00,,2.1,,,,251.0
2024-12-16 08:00:00,,2.2,,,,251.0
2024-12-16 09:00:00,,2.3,,,,257.0
2024-12-16 10:00:00,,2.4,,,,259.0
2024-12-16 11:00:00,,2.8,,,,262.0
2024-12-16 12:00:00,,3.0,,,,265.0
2024-12-16 13:00:00,,3.0,,,,264.0
2024-12-16 14:00:00,,2.9,,,,260.0
2024-12-16 15:00:00,,2.6,,,,258.0
2024-12-16 16:00:00,,2.4,,,,255.0
2024-12-16 17:00:00,,2.3,,,,253.0
2024-12-16 18:00:00,,2.1,,,,250.0
2024-12-16 19:00:00,,1.9,,,,244.0
2024-12-16 20:00:00,,1.8,,,,237.0
2024-12-16 21:00:00,,1.6,,,,231.0
2024-12-16 22:00:00,,1.4,,,,240.0
2024-12-16 23:00:00,,1.3,,,,249.0
2024-12-17 00:00:00,,1.3,,,,258.0
2024-12-17 01:00:00,,1.6,,,,262.0
2024-12-17 02:00:00,,2.1,,,,267.0
2024-12-17 03:00:00,,2.4,,,,271.0
2024-12-17 04:00:00,,2.5,,,,267.0
2024-12-17 05:00:00,,2.4,,,,263.0
2024-12-17 06:00:00,,2.3,,,,259.0
2024-12-17 07:00:00,,2.1,,,,256.0
2024-12-17 08:00:00,,2.0,,,,254.0
2024-12-17 09:00:00,,2.4,,,,253.0
2024-12-17 10:00:00,,2.5,,,,257.0
2024-12-17 11:00:00,,2.9,,,,258.0
2024-12-17 12:00:00,,3.4,,,,265.0
2024-12-17 13:00:00,,3.4,,,,267.0
2024-12-17 14:00:00,,3.1,,,,268.0
2024-12-17 15:00:00,,2.9,,,,266.0
2024-12-17 16:00:00,,2.9,,,,264.0
2024-12-17 17:00:00,,3.0,,,,263.0
2024-12-17 18:00:00,,3.0,,,,261.0
2024-12-17 19:00:00,,2.9,,,,258.0
2024-12-17 20:00:00,,2.8,,,,256.0
2024-12-17 21:00:00,,2.6,,,,253.0
2024-12-17 22:00:00,,2.4,,,,254.0
2024-12-17 23:00:00,,2.2,,,,256.0
2024-12-18 00:00:00,,2.0,,,,257.0
2024-12-18 01:00:00,,1.8,,,,258.0
2024-12-18 02:00:00,,1.6,,,,258.0
2024-12-18 03:00:00,,1.5,,,,259.0
2024-12-18 04:00:00,,1.5,,,,256.0
2024-12-18 05:00:00,,1.7,,,,254.0
2024-12-18 06:00:00,,1.8,,,,251.0
2024-12-18 07:00:00,,1.8,,,,251.0
2024-12-18 08:00:00,,1.9,,,,250.0
2024-12-18 09:00:00,,2.0,,,,248.0
2024-12-18 10:00:00,,2.2,,,,254.0
2024-12-18 11:00:00,,2.1,,,,262.0
2024-12-18 12:00:00,,2.3,,,,268.0
2024-12-18 13:00:00,,2.1,,,,282.0
2024-12-18 14:00:00,,2.3,,,,309.0
2024-12-18 15:00:00,,2.6,,,,342.0
2024-12-18 16:00:00,,2.4,,,,325.0
2024-12-18 17:00:00,,2.1,,,,308.0
2024-12-18 18:00:00,,1.8,,,,291.0
2024-12-18 19:00:00,,1.6,,,,286.0
2024-12-18 20:00:00,,1.3,,,,280.0
2024-12-18 21:00:00,,1.2,,,,275.0
2024-12-18 22:00:00,,1.2,,,,278.0
2024-12-18 23:00:00,,1.2,,,,281.0
2024-12-19 00:00:00,,1.2,,,,284.0
2024-12-19 01:00:00,,1.1,,,,281.0
2024-12-19 02:00:00,,0.9,,,,278.0
2024-12-19 03:00:00,,0.8,,,,275.0
2024-12-19 04:00:00,,0.9,,,,266.0
2024-12-19 05:00:00,,1.2,,,,258.0
2024-12-19 06:00:00,,1.4,,,,249.0
2024-12-19 07:00:00,,1.5,,,,248.0
2024-12-19 08:00:00,,1.4,,,,246.0
2024-12-19 09:00:00,,1.3,,,,246.0
2024-12-19 10:00:00,,0.8,,,,248.0
2024-12-19 11:00:00,,1.1,,,,316.0
2024-12-19 12:00:00,,1.1,,,,349.0
2024-12-19 13:00:00,,0.9,,,,321.0
2024-12-19 14:00:00,,1.4,,,,279.0
2024-12-19 15:00:00,,2.0,,,,266.0
2024-12-19 16:00:00,,2.0,,,,261.0
2024-12-19 17:00:00,,1.9,,,,257.0
2024-12-19 18:00:00,,1.8,,,,252.0
2024-12-19 19:00:00,,1.9,,,,251.0
2024-12-19 20:00:00,,2.1,,,,251.0
2024-12-19 21:00:00,,2.3,,,,250.0
2024-12-19 22:00:00,,2.4,,,,249.0
2024-12-19 23:00:00,,2.5,,,,249.0
2024-12-20 00:00:00,,2.6,,,,248.0
2024-12-20 01:00:00,,2.6,,,,248.0
2024-12-20 02:00:00,,2.6,,,,248.0
2024-12-20 03:00:00,,2.6,,,,248.0
2024-12-20 04:00:00,,2.5,,,,248.0
2024-12-20 05:00:00,,2.3,,,,247.0
2024-12-20 06:00:00,,2.2,,,,247.0
2024-12-20 07:00:00,,2.2,,,,246.0
2024-12-20 08:00:00,,2.2,,,,246.0
2024-12-20 09:00:00,,2.0,,,,247.0
2024-12-20 10:00:00,,2.1,,,,249.0
2024-12-20 11:00:00,,2.6,,,,252.0
2024-12-20 12:00:00,,2.5,,,,255.0
2024-12-20 13:00:00,,2.4,,,,263.0
2024-12-20 14:00:00,,1.8,,,,258.0
2024-12-20 15:00:00,,2.4,,,,262.0
2024-12-20 16:00:00,,2.1,,,,260.0
2024-12-20 17:00:00,,1.8,,,,259.0
2024-12-20 18:00:00,,1.6,,,,257.0
2024-12-20 19:00:00,,1.6,,,,255.0
2024-12-20 20:00:00,,1.8,,,,253.0
2024-12-20 21:00:00,,1.9,,,,251.0
2024-12-20 22:00:00,,1.9,,,,251.0
2024-12-20 23:00:00,,1.9,,,,252.0
2024-12-21 00:00:00,,1.9,,,,252.0
2024-12-21 01:00:00,,1.9,,,,248.0
2024-12-21 02:00:00,,1.9,,,,244.0
2024-12-21 03:00:00,,1.9,,,,240.0
2024-12-21 04:00:00,,1.9,,,,242.0
2024-12-21 05:00:00,,1.9,,,,243.0
2024-12-21 06:00:00,,1.9,,,,245.0
2024-12-21 07:00:00,,1.8,,,,248.0
2024-12-21 08:00:00,,1.7,,,,251.0
2024-12-21 09:00:00,,3.8,,,,258.0
2024-12-21 10:00:00,,4.6,,,,265.0
2024-12-21 11:00:00,,5.1,,,,279.0
2024-12-21 12:00:00,,5.4,,,,272.0
2024-12-21 13:00:00,,4.8,,,,270.0
2024-12-21 14:00:00,,4.1,,,,271.0
2024-12-21 15:00:00,,3.6,,,,268.0
2024-12-21 16:00:00,,3.3,,,,268.0
2024-12-21 17:00:00,,3.1,,,,269.0
2024-12-21 18:00:00,,2.9,,,,269.0
2024-12-21 19:00:00,,2.7,,,,265.0
2024-12-21 20:00:00,,2.5,,,,262.0
2024-12-21 21:00:00,,2.4,,,,258.0
2024-12-21 22:00:00,,2.4,,,,256.0
2024-12-21 23:00:00,,2.4,,,,255.0
2024-12-22 00:00:00,,2.4,,,,253.0
2024-12-22 01:00:00,,2.4,,,,253.0
2024-12-22 02:00:00,,2.3,,,,252.0
2024-12-22 03:00:00,,2.3,,,,252.0
2024-12-22 04:00:00,,2.3,,,,252.0
2024-12-22 05:00:00,,2.2,,,,252.0
2024-12-22 06:00:00,,2.2,,,,252.0
2024-12-22 07:00:00,,2.3,,,,253.0
2024-12-22 08:00:00,,2.4,,,,254.0
2024-12-22 09:00:00,,2.4,,,,251.0
2024-12-22 10:00:00,,2.6,,,,255.0
2024-12-22 11:00:00,,2.8,,,,260.0
2024-12-22 12:00:00,,2.6,,,,258.0
2024-12-22 13:00:00,,2.6,,,,260.0
2024-12-22 14:00:00,,2.4,,,,256.0
2024-12-22 15:00:00,,2.3,,,,253.0
2024-12-22 16:00:00,,2.2,,,,250.0
2024-12-22 17:00:00,,2.1,,,,248.0
2024-12-22 18:00:00,,2.1,,,,245.0
2024-12-22 19:00:00,,2.1,,,,246.0
2024-12-22 20:00:00,,2.2,,,,246.0
2024-12-22 21:00:00,,2.3,,,,247.0
2024-12-22 22:00:00,,2.4,,,,248.0
2024-12-22 23:00:00,,2.4,,,,248.0
2024-12-23 00:00:00,,2.5,,,,249.0
2024-12-23 01:00:00,,2.5,,,,248.0
2024-12-23 02:00:00,,2.6,,,,246.0
2024-12-23 03:00:00,,2.6,,,,245.0
2024-12-23 04:00:00,,2.6,,,,246.0
2024-12-23 05:00:00,,2.7,,,,246.0
2024-12-23 06:00:00,,2.7,,,,247.0
2024-12-23 07:00:00,,2.7,,,,246.0
2024-12-23 08:00:00,,2.7,,,,246.0
2024-12-23 09:00:00,,2.9,,,,247.0
2024-12-23 10:00:00,4.4,3.5,14.8,12.1,259.0,253.0
2024-12-23 11:00:00,4.8,4.1,16.1,13.4,262.0,260.0
2024-12-23 12:00:00,4.7,4.1,15.5,13.9,264.0,261.0
2024-12-23 13:00:00,4.6,4.1,15.4,14.0,268.0,265.0
2024-12-23 14:00:00,4.8,4.0,15.9,13.8,272.0,265.0
2024-12-23 15:00:00,4.3,3.8,14.3,12.8,273.0,262.0
2024-12-23 16:00:00,4.6,3.6,15.1,12.0,271.0,259.0
2024-12-23 17:00:00,3.8,3.3,12.5,10.9,268.0,256.0
2024-12-23 18:00:00,3.1,3.0,10.5,10.1,265.0,253.0
2024-12-23 19:00:00,2.1,2.8,7.5,9.6,258.0,252.0
2024-12-23 20:00:00,1.9,2.7,6.4,9.2,253.0,252.0
2024-12-23 21:00:00,1.8,2.6,5.5,8.9,248.0,251.0
2024-12-23 22:00:00,1.8,2.6,5.3,8.8,244.0,252.0
2024-12-23 23:00:00,1.6,2.6,4.6,8.8,244.0,253.0
2024-12-24 00:00:00,1.8,2.6,4.3,8.5,248.0,254.0
2024-12-24 01:00:00,1.9,2.5,3.9,7.4,248.0,254.0
2024-12-24 02:00:00,2.1,2.3,4.3,6.0,248.0,255.0
2024-12-24 03:00:00,2.4,2.2,5.8,5.0,247.0,255.0
2024-12-24 04:00:00,2.4,2.3,5.5,4.8,248.0,252.0
2024-12-24 05:00:00,2.3,2.4,5.3,5.1,248.0,249.0
2024-12-24 06:00:00,2.3,2.5,5.4,5.3,248.0,246.0
2024-12-24 07:00:00,2.3,2.5,5.1,5.3,248.0,246.0
2024-12-24 08:00:00,2.3,2.4,5.1,5.4,248.0,247.0
2024-12-24 09:00:00,1.9,2.1,5.3,6.0,247.0,247.0
2024-12-24 10:00:00,2.0,2.1,5.9,6.1,247.0,246.0
2024-12-24 11:00:00,1.5,1.6,5.1,5.5,252.0,249.0
2024-12-24 12:00:00,1.4,1.1,5.6,5.3,263.0,259.0
2024-12-24 13:00:00,1.2,1.4,5.3,6.3,278.0,264.0
2024-12-24 14:00:00,1.1,1.4,5.4,6.1,275.0,264.0
2024-12-24 15:00:00,1.4,1.3,5.4,4.8,270.0,263.0
2024-12-24 16:00:00,1.3,1.6,4.1,4.7,269.0,263.0
2024-12-24 17:00:00,1.6,1.9,4.0,4.5,267.0,263.0
2024-12-24 18:00:00,1.9,2.2,4.0,4.5,265.0,263.0
2024-12-24 19:00:00,1.9,2.2,4.3,4.6,259.0,259.0
2024-12-24 20:00:00,2.1,2.1,4.5,4.7,255.0,255.0
2024-12-24 21:00:00,2.3,2.1,5.0,4.9,249.0,251.0
2024-12-24 22:00:00,2.3,2.3,4.8,5.3,247.0,250.0
2024-12-24 23:00:00,2.3,2.5,5.4,5.7,246.0,250.0
2024-12-25 00:00:00,2.5,2.6,5.9,6.0,248.0,249.0
2024-12-25 01:00:00,2.6,2.5,6.0,6.0,248.0,249.0
2024-12-25 02:00:00,2.6,2.4,6.1,5.8,250.0,249.0
2024-12-25 03:00:00,2.6,2.3,6.1,5.8,249.0,249.0
2024-12-25 04:00:00,2.6,2.4,6.4,6.3,250.0,249.0
2024-12-25 05:00:00,2.6,2.6,6.5,7.1,249.0,248.0
2024-12-25 06:00:00,2.5,2.7,6.3,7.6,249.0,248.0
2024-12-25 07:00:00,2.6,2.7,7.1,7.6,248.0,249.0
2024-12-25 08:00:00,2.8,2.6,7.4,7.3,248.0,250.0
2024-12-25 09:00:00,2.6,2.4,7.5,7.1,247.0,246.0
2024-12-25 10:00:00,2.9,2.8,8.3,8.5,248.0,250.0
2024-12-25 11:00:00,2.8,2.9,8.5,9.4,248.0,250.0
2024-12-25 12:00:00,3.0,3.4,9.6,10.8,252.0,250.0
2024-12-25 13:00:00,3.3,3.4,11.0,11.0,253.0,254.0
2024-12-25 14:00:00,3.2,3.3,10.6,11.3,253.0,254.0
2024-12-25 15:00:00,2.9,3.0,9.9,10.8,254.0,258.0
2024-12-25 16:00:00,2.7,2.7,9.3,10.4,249.0,255.0
2024-12-25 17:00:00,2.7,2.5,9.5,9.8,252.0,253.0
2024-12-25 18:00:00,2.7,2.3,9.8,9.5,254.0,250.0
2024-12-25 19:00:00,2.8,2.4,10.6,9.9,249.0,251.0
2024-12-25 20:00:00,3.1,2.6,11.4,10.7,254.0,252.0
2024-12-25 21:00:00,3.1,2.7,11.8,11.1,255.0,253.0
2024-12-25 22:00:00,2.8,2.5,10.8,10.7,261.0,259.0
2024-12-25 23:00:00,2.6,2.1,10.0,9.9,261.0,265.0
2024-12-26 00:00:00,2.1,2.1,8.8,9.8,268.0,271.0
2024-12-26 01:00:00,1.9,2.6,7.9,10.9,272.0,269.0
2024-12-26 02:00:00,1.8,3.4,7.1,12.6,273.0,268.0
2024-12-26 03:00:00,3.5,4.1,13.0,14.0,260.0,266.0
2024-12-26 04:00:00,3.8,4.5,13.1,14.7,265.0,266.0
2024-12-26 05:00:00,3.4,4.7,12.6,15.2,277.0,265.0
2024-12-26 06:00:00,3.4,4.9,12.8,15.6,272.0,265.0
2024-12-26 07:00:00,3.4,5.0,12.8,16.0,272.0,266.0
2024-12-26 08:00:00,3.8,5.0,14.1,16.4,272.0,267.0
2024-12-26 09:00:00,5.8,3.8,18.8,13.0,267.0,273.0
2024-12-26 10:00:00,5.9,4.8,18.3,16.0,268.0,274.0
2024-12-26 11:00:00,5.1,5.5,17.0,18.3,267.0,270.0
2024-12-26 12:00:00,4.4,5.4,15.1,18.0,270.0,269.0
2024-12-26 13:00:00,4.0,5.1,13.9,16.9,270.0,267.0
2024-12-26 14:00:00,3.6,4.9,12.9,16.6,269.0,269.0
2024-12-26 15:00:00,3.3,4.8,12.3,16.1,266.0,269.0
2024-12-26 16:00:00,3.3,4.5,10.9,14.8,261.0,267.0
2024-12-26 17:00:00,3.3,4.1,10.9,13.3,255.0,264.0
2024-12-26 18:00:00,3.3,3.8,11.1,12.3,255.0,262.0
2024-12-26 19:00:00,3.2,3.7,10.5,12.3,251.0,259.0
2024-12-26 20:00:00,3.4,3.8,11.0,12.7,250.0,257.0
2024-12-26 21:00:00,3.6,3.8,12.5,13.0,254.0,254.0
2024-12-26 22:00:00,4.1,3.8,13.9,12.9,255.0,254.0
2024-12-26 23:00:00,4.0,3.7,13.3,12.6,254.0,254.0
2024-12-27 00:00:00,3.9,3.7,12.6,12.3,256.0,254.0
2024-12-27 01:00:00,3.8,3.7,12.3,12.2,255.0,254.0
2024-12-27 02:00:00,3.7,3.7,11.9,12.1,253.0,254.0
2024-12-27 03:00:00,3.8,3.6,12.4,11.9,254.0,254.0
2024-12-27 04:00:00,3.9,3.5,13.0,11.5,255.0,254.0
2024-12-27 05:00:00,3.9,3.3,13.6,11.1,255.0,253.0
2024-12-27 06:00:00,3.8,3.2,12.9,10.8,254.0,253.0
2024-12-27 07:00:00,3.4,3.1,11.8,10.6,253.0,253.0
2024-12-27 08:00:00,3.3,3.1,11.1,10.5,252.0,253.0
2024-12-27 09:00:00,3.1,3.8,10.6,12.9,251.0,251.0
2024-12-27 10:00:00,3.4,3.9,11.4,12.9,256.0,254.0
2024-12-27 11:00:00,3.5,3.8,11.5,12.8,258.0,257.0
2024-12-27 12:00:00,3.9,4.1,13.5,14.3,260.0,260.0
2024-12-27 13:00:00,4.3,4.1,14.6,14.4,264.0,263.0
2024-12-27 14:00:00,4.2,4.0,14.5,14.0,266.0,266.0
2024-12-27 15:00:00,4.1,3.9,14.0,13.4,266.0,264.0
2024-12-27 16:00:00,4.4,3.9,14.8,12.9,265.0,262.0
2024-12-27 17:00:00,4.5,3.9,14.1,12.4,266.0,260.0
2024-12-27 18:00:00,4.8,3.8,14.9,12.0,265.0,258.0
2024-12-27 19:00:00,5.1,3.7,16.4,11.6,261.0,257.0
2024-12-27 20:00:00,4.2,3.5,14.0,11.4,267.0,255.0
2024-12-27 21:00:00,4.5,3.4,14.6,11.4,262.0,254.0
2024-12-27 22:00:00,4.9,3.5,15.8,12.0,262.0,255.0
2024-12-27 23:00:00,5.1,3.8,16.1,12.8,264.0,257.0
2024-12-28 00:00:00,5.1,4.0,15.8,13.5,264.0,258.0
2024-12-28 01:00:00,4.4,4.1,14.5,13.8,262.0,259.0
2024-12-28 02:00:00,3.9,4.1,12.8,13.9,260.0,259.0
2024-12-28 03:00:00,5.1,4.1,16.1,13.8,268.0,260.0
2024-12-28 04:00:00,4.9,4.0,15.6,13.6,265.0,259.0
2024-12-28 05:00:00,4.9,3.9,16.0,13.3,263.0,259.0
2024-12-28 06:00:00,3.9,3.8,13.1,12.9,259.0,258.0
2024-12-28 07:00:00,3.4,3.6,11.9,12.2,257.0,257.0
2024-12-28 08:00:00,3.3,3.3,11.0,11.4,256.0,255.0
2024-12-28 09:00:00,3.0,2.9,10.6,9.9,255.0,252.0
2024-12-28 10:00:00,3.2,3.1,11.0,10.5,256.0,254.0
2024-12-28 11:00:00,3.6,3.1,12.5,11.0,258.0,256.0
2024-12-28 12:00:00,3.7,3.7,12.9,12.8,260.0,258.0
2024-12-28 13:00:00,3.6,3.7,13.0,13.0,263.0,262.0
2024-12-28 14:00:00,3.6,3.7,12.9,12.8,261.0,262.0
2024-12-28 15:00:00,3.6,3.6,12.6,12.6,262.0,260.0
2024-12-28 16:00:00,3.7,3.6,12.5,12.3,262.0,259.0
2024-12-28 17:00:00,4.6,3.6,15.9,11.9,265.0,257.0
2024-12-28 18:00:00,3.8,3.6,12.3,11.6,261.0,256.0
2024-12-28 19:00:00,3.7,3.5,11.9,11.3,256.0,254.0
2024-12-28 20:00:00,3.5,3.4,11.6,11.1,254.0,252.0
2024-12-28 21:00:00,3.4,3.3,11.6,11.0,255.0,250.0
2024-12-28 22:00:00,3.6,3.4,12.0,11.3,256.0,252.0
2024-12-28 23:00:00,3.6,3.5,12.3,11.8,255.0,253.0
2024-12-29 00:00:00,3.6,3.6,12.1,12.1,255.0,255.0
2024-12-29 01:00:00,3.6,3.5,11.9,11.9,254.0,254.0
2024-12-29 02:00:00,3.4,3.4,11.6,11.4,254.0,253.0
2024-12-29 03:00:00,3.4,3.3,11.9,10.9,256.0,252.0
2024-12-29 04:00:00,3.5,3.2,11.9,10.5,256.0,252.0
2024-12-29 05:00:00,3.4,3.1,11.9,10.1,256.0,252.0
2024-12-29 06:00:00,3.3,3.0,11.1,9.8,257.0,252.0
2024-12-29 07:00:00,2.9,2.8,9.9,9.5,256.0,252.0
2024-12-29 08:00:00,2.5,2.7,8.5,9.3,251.0,253.0
2024-12-29 09:00:00,2.3,2.3,8.1,8.5,254.0,248.0
2024-12-29 10:00:00,2.7,2.6,9.5,9.4,259.0,254.0
2024-12-29 11:00:00,2.8,2.6,10.5,9.5,262.0,258.0
2024-12-29 12:00:00,2.9,2.8,10.8,10.1,261.0,258.0
2024-12-29 13:00:00,3.1,2.9,11.5,10.6,261.0,259.0
2024-12-29 14:00:00,3.1,2.6,11.4,10.1,263.0,262.0
2024-12-29 15:00:00,2.7,2.3,10.1,8.8,263.0,261.0
2024-12-29 16:00:00,3.1,2.1,10.3,7.7,260.0,253.0
2024-12-29 17:00:00,2.5,1.9,9.0,6.4,259.0,245.0
2024-12-29 18:00:00,2.1,1.8,7.8,5.5,248.0,237.0
2024-12-29 19:00:00,1.8,1.9,7.1,5.3,245.0,240.0
2024-12-29 20:00:00,1.7,2.0,6.6,5.6,241.0,243.0
2024-12-29 21:00:00,1.9,2.2,6.9,5.8,228.0,246.0
2024-12-29 22:00:00,2.1,2.3,7.1,5.8,233.0,247.0
2024-12-29 23:00:00,1.6,2.4,6.9,5.7,235.0,248.0
2024-12-30 00:00:00,1.6,2.4,6.9,5.8,250.0,249.0
2024-12-30 01:00:00,1.8,2.4,7.5,6.2,248.0,246.0
2024-12-30 02:00:00,1.8,2.4,7.1,6.8,230.0,242.0
2024-12-30 03:00:00,2.1,2.4,7.0,7.1,243.0,239.0
2024-12-30 04:00:00,2.1,2.4,7.6,6.8,247.0,239.0
2024-12-30 05:00:00,2.2,2.4,8.5,6.3,252.0,240.0
2024-12-30 06:00:00,2.1,2.3,8.3,5.9,241.0,240.0
2024-12-30 07:00:00,2.2,2.1,9.0,5.7,239.0,241.0
2024-12-30 08:00:00,2.2,1.9,9.1,5.6,233.0,241.0
2024-12-30 09:00:00,1.8,2.1,7.9,6.0,237.0,249.0
2024-12-30 10:00:00,1.9,1.8,8.0,6.4,245.0,240.0
2024-12-30 11:00:00,2.5,2.1,10.1,9.3,254.0,242.0
2024-12-30 12:00:00,3.4,3.6,12.5,12.9,255.0,250.0
2024-12-30 13:00:00,4.1,3.6,14.8,12.1,252.0,252.0
2024-12-30 14:00:00,4.1,4.3,13.6,14.3,252.0,250.0
2024-12-30 15:00:00,3.8,4.1,13.5,13.4,249.0,249.0
2024-12-30 16:00:00,3.8,4.0,13.3,13.1,249.0,247.0
2024-12-30 17:00:00,3.8,3.8,13.0,12.6,248.0,244.0
2024-12-30 18:00:00,3.7,3.7,12.9,12.4,249.0,242.0
2024-12-30 19:00:00,3.7,3.8,13.0,12.5,251.0,244.0
2024-12-30 20:00:00,3.9,3.9,13.8,12.8,255.0,245.0
2024-12-30 21:00:00,4.0,4.1,14.0,13.3,260.0,247.0
2024-12-30 22:00:00,4.4,4.4,14.8,14.2,261.0,251.0
2024-12-30 23:00:00,4.4,4.7,15.0,15.3,263.0,255.0
2024-12-31 00:00:00,4.1,4.9,14.0,15.9,270.0,259.0
2024-12-31 01:00:00,4.0,4.7,13.6,15.4,275.0,263.0
2024-12-31 02:00:00,4.4,4.3,14.5,14.4,278.0,268.0
2024-12-31 03:00:00,4.4,4.0,14.4,13.5,277.0,272.0
2024-12-31 04:00:00,4.8,3.9,14.8,13.2,273.0,274.0
2024-12-31 05:00:00,4.5,3.9,14.3,13.1,269.0,276.0
2024-12-31 06:00:00,4.5,3.9,14.8,12.9,271.0,278.0
2024-12-31 07:00:00,4.5,3.7,14.9,12.4,272.0,273.0
2024-12-31 08:00:00,4.0,3.4,13.5,11.7,269.0,268.0
2024-12-31 09:00:00,3.5,3.7,12.3,12.8,267.0,267.0
2024-12-31 10:00:00,3.4,3.2,11.5,11.3,266.0,272.0
2024-12-31 11:00:00,,,11.9,,269.0,
2024-12-31 12:00:00,,,10.8,,272.0,
2024-12-31 13:00:00,,,10.1,,277.0,
2024-12-31 14:00:00,,,9.5,,275.0,
2024-12-31 15:00:00,,,9.0,,273.0,
2024-12-31 16:00:00,,,7.9,,265.0,
2024-12-31 17:00:00,,,7.0,,254.0,
2024-12-31 18:00:00,,,6.9,,246.0,
2024-12-31 19:00:00,,,6.1,,243.0,
2024-12-31 20:00:00,,,6.4,,244.0,
2024-12-31 21:00:00,,,6.5,,243.0,
2024-12-31 22:00:00,,,6.9,,243.0,
2024-12-31 23:00:00,,,7.3,,245.0,
2025-01-01 00:00:00,,,6.9,,245.0,
2025-01-01 01:00:00,,,5.9,,246.0,
2025-01-01 02:00:00,,,5.8,,246.0,
2025-01-01 03:00:00,,,5.9,,249.0,
2025-01-01 04:00:00,,,7.4,,247.0,
2025-01-01 05:00:00,,,7.9,,243.0,
2025-01-01 06:00:00,,,8.3,,243.0,
2025-01-01 07:00:00,,,8.4,,246.0,
2025-01-01 08:00:00,,,7.9,,250.0,
2025-01-01 09:00:00,,,8.1,,250.0,
2025-01-01 10:00:00,,,9.8,,251.0,
2025-01-01 11:00:00,,,10.9,,264.0,
2025-01-01 12:00:00,,,11.9,,268.0,
2025-01-01 13:00:00,,,11.9,,269.0,
2025-01-01 14:00:00,,,12.1,,269.0,
2025-01-01 15:00:00,,,11.4,,269.0,
2025-01-01 16:00:00,,,12.6,,268.0,
2025-01-01 17:00:00,,,11.1,,260.0,
2025-01-01 18:00:00,,,9.6,,251.0,
2025-01-01 19:00:00,,,8.4,,248.0,
2025-01-01 20:00:00,,,7.6,,246.0,
2025-01-01 21:00:00,,,7.3,,248.0,
2025-01-01 22:00:00,,,6.9,,251.0,
2025-01-01 23:00:00,,,6.9,,251.0,
2025-01-02 00:00:00,,,6.6,,250.0,
2025-01-02 01:00:00,,,6.4,,250.0,
2025-01-02 02:00:00,,,6.4,,250.0,
2025-01-02 03:00:00,,,5.8,,246.0,
2025-01-02 04:00:00,,,5.5,,245.0,
2025-01-02 05:00:00,,,5.1,,245.0,
2025-01-02 06:00:00,,,4.6,,246.0,
2025-01-02 07:00:00,,,4.4,,246.0,
2025-01-02 08:00:00,,,4.4,,247.0,
2025-01-02 09:00:00,,,4.5,,245.0,
2025-01-02 10:00:00,,,5.0,,247.0,
2025-01-02 11:00:00,,,5.4,,255.0,
2025-01-02 12:00:00,,,6.8,,278.0,
2025-01-02 13:00:00,,,7.6,,278.0,
2025-01-02 14:00:00,,,8.4,,273.0,
2025-01-02 15:00:00,,,8.0,,268.0,
2025-01-02 16:00:00,,,10.0,,269.0,
2025-01-02 17:00:00,,,9.6,,272.0,
2025-01-02 18:00:00,,,6.4,,268.0,
2025-01-02 19:00:00,,,6.8,,267.0,
2025-01-02 20:00:00,,,6.6,,265.0,
2025-01-02 21:00:00,,,6.6,,260.0,
2025-01-02 22:00:00,,,6.8,,258.0,
2025-01-02 23:00:00,,,7.4,,256.0,
2025-01-03 00:00:00,,,8.0,,256.0,
2025-01-03 01:00:00,,,8.8,,257.0,
2025-01-03 02:00:00,,,9.0,,258.0,
2025-01-03 03:00:00,,,7.0,,255.0,
2025-01-03 04:00:00,,,7.0,,258.0,
2025-01-03 05:00:00,,,7.3,,259.0,
2025-01-03 06:00:00,,,7.1,,257.0,
2025-01-03 07:00:00,,,7.3,,255.0,
2025-01-03 08:00:00,,,8.1,,255.0,
2025-01-03 09:00:00,,,9.0,,263.0,
2025-01-03 10:00:00,,,11.4,,282.0,
2025-01-03 11:00:00,,,13.5,,295.0,
2025-01-03 12:00:00,,,14.4,,295.0,
2025-01-03 13:00:00,,,13.3,,289.0,
2025-01-03 14:00:00,,,12.4,,283.0,
2025-01-03 15:00:00,,,12.0,,279.0,
2025-01-03 16:00:00,,,10.8,,268.0,
2025-01-03 17:00:00,,,11.9,,264.0,
2025-01-03 18:00:00,,,11.0,,259.0,
2025-01-03 19:00:00,,,8.0,,256.0,
2025-01-03 20:00:00,,,7.1,,259.0,
2025-01-03 21:00:00,,,7.0,,255.0,
2025-01-03 22:00:00,,,6.9,,267.0,
2025-01-03 23:00:00,,,11.9,,267.0,
2025-01-04 00:00:00,,,9.8,,263.0,
2025-01-04 01:00:00,,,6.8,,263.0,
2025-01-04 02:00:00,,,7.4,,254.0,
2025-01-04 03:00:00,,,7.0,,249.0,
2025-01-04 04:00:00,,,5.9,,248.0,
2025-01-04 05:00:00,,,5.8,,251.0,
2025-01-04 06:00:00,,,6.0,,248.0,
2025-01-04 07:00:00,,,4.9,,248.0,
2025-01-04 08:00:00,,,4.9,,247.0,
2025-01-04 09:00:00,,,6.3,,247.0,
2025-01-04 10:00:00,,,7.8,,253.0,
2025-01-04 11:00:00,,,8.5,,260.0,
2025-01-04 12:00:00,,,9.6,,267.0,
2025-01-04 13:00:00,,,9.8,,269.0,
2025-01-04 14:00:00,,,9.4,,269.0,
2025-01-04 15:00:00,,,8.0,,267.0,
2025-01-04 16:00:00,,,6.6,,253.0,
2025-01-04 17:00:00,,,6.3,,247.0,
2025-01-04 18:00:00,,,6.3,,241.0,
2025-01-04 19:00:00,,,6.3,,245.0,
2025-01-04 20:00:00,,,5.8,,241.0,
2025-01-04 21:00:00,,,5.4,,227.0,
2025-01-04 22:00:00,,,5.3,,234.0,
2025-01-04 23:00:00,,,6.1,,246.0,
2025-01-05 00:00:00,,,5.5,,241.0,
2025-01-05 01:00:00,,,5.5,,243.0,
2025-01-05 02:00:00,,,5.5,,245.0,
2025-01-05 03:00:00,,,4.8,,244.0,
2025-01-05 04:00:00,,,4.9,,244.0,
2025-01-05 05:00:00,,,5.1,,245.0,
2025-01-05 06:00:00,,,4.9,,240.0,
2025-01-05 07:00:00,,,4.3,,236.0,
2025-01-05 08:00:00,,,4.4,,229.0,
2025-01-05 09:00:00,,,4.5,,232.0,
2025-01-05 10:00:00,,,5.0,,231.0,
2025-01-05 11:00:00,,,8.0,,243.0,
2025-01-05 12:00:00,,,11.0,,250.0,
2025-01-05 13:00:00,,,11.6,,252.0,
2025-01-05 14:00:00,,,10.9,,250.0,
2025-01-05 15:00:00,,,9.5,,250.0,
2025-01-05 16:00:00,,,7.3,,246.0,
2025-01-05 17:00:00,,,5.5,,238.0,
2025-01-05 18:00:00,,,4.8,,224.0,
2025-01-05 19:00:00,,,4.6,,224.0,
2025-01-05 20:00:00,,,5.4,,249.0,
2025-01-05 21:00:00,,,4.4,,256.0,
2025-01-05 22:00:00,,,4.8,,257.0,
2025-01-05 23:00:00,,,4.5,,262.0,
2025-01-06 00:00:00,,,4.5,,256.0,
2025-01-06 01:00:00,,,4.0,,255.0,
2025-01-06 02:00:00,,,4.1,,259.0,
2025-01-06 03:00:00,,,2.9,,222.0,
2025-01-06 04:00:00,,,3.0,,197.0,
2025-01-06 05:00:00,,,3.0,,183.0,
2025-01-06 06:00:00,,,3.6,,191.0,
2025-01-06 07:00:00,,,4.9,,213.0,
2025-01-06 08:00:00,,,6.3,,246.0,
2025-01-06 09:00:00,,,7.4,,236.0,
2025-01-06 10:00:00,,,7.5,,259.0,
2025-01-06 11:00:00,,,10.1,,267.0,
2025-01-06 12:00:00,,,11.1,,275.0,
2025-01-06 13:00:00,,,11.0,,272.0,
2025-01-06 14:00:00,,,12.6,,277.0,
2025-01-06 15:00:00,,,7.5,,271.0,
2025-01-06 16:00:00,,,10.1,,259.0,
2025-01-06 17:00:00,,,10.0,,263.0,
2025-01-06 18:00:00,,,9.9,,259.0,
2025-01-06 19:00:00,,,10.3,,255.0,
2025-01-06 20:00:00,,,10.6,,256.0,
2025-01-06 21:00:00,,,11.5,,257.0,
2025-01-06 22:00:00,,,10.9,,255.0,
2025-01-06 23:00:00,,,11.9,,256.0,
2025-01-07 00:00:00,,,12.1,,254.0,
2025-01-07 01:00:00,,,12.6,,252.0,
2025-01-07 02:00:00,,,12.4,,252.0,
2025-01-07 03:00:00,,,14.3,,257.0,
2025-01-07 04:00:00,,,14.1,,256.0,
2025-01-07 05:00:00,,,14.4,,255.0,
2025-01-07 06:00:00,,,14.3,,256.0,
2025-01-07 07:00:00,,,14.3,,256.0,
2025-01-07 08:00:00,,,14.1,,257.0,
2025-01-07 09:00:00,,,15.9,,260.0,
2025-01-07 10:00:00,,,17.3,,263.0,
2025-01-07 11:00:00,,,18.6,,267.0,
2025-01-07 12:00:00,,,20.1,,270.0,
2025-01-07 13:00:00,,,20.8,,272.0,
2025-01-07 14:00:00,,,20.9,,271.0,
2025-01-07 15:00:00,,,20.8,,269.0,
2025-01-07 16:00:00,,,18.1,,270.0,
2025-01-07 17:00:00,,,18.0,,270.0,
2025-01-07 18:00:00,,,15.0,,270.0,
2025-01-07 19:00:00,,,13.5,,265.0,
2025-01-07 20:00:00,,,13.6,,266.0,
2025-01-07 21:00:00,,,14.4,,269.0,
2025-01-07 22:00:00,,,14.0,,266.0,
2025-01-07 23:00:00,,,14.3,,263.0,
2025-01-08 00:00:00,,,14.9,,262.0,
2025-01-08 01:00:00,,,14.9,,261.0,
2025-01-08 02:00:00,,,17.0,,261.0,
2025-01-08 03:00:00,,,18.1,,258.0,
2025-01-08 04:00:00,,,17.8,,255.0,
2025-01-08 05:00:00,,,18.1,,256.0,
2025-01-08 06:00:00,,,17.9,,259.0,
2025-01-08 07:00:00,,,17.3,,261.0,
2025-01-08 08:00:00,,,17.4,,261.0,
2025-01-08 09:00:00,,,18.1,,260.0,
2025-01-08 10:00:00,,,20.1,,263.0,
2025-01-08 11:00:00,,,21.4,,266.0,
2025-01-08 12:00:00,,8.1,22.0,,268.0,265.0
2025-01-08 13:00:00,,8.1,21.6,,267.0,266.0
2025-01-08 14:00:00,,7.9,21.1,,268.0,267.0
2025-01-08 15:00:00,,7.3,18.6,,267.0,267.0
2025-01-08 16:00:00,,7.0,20.0,,268.0,266.0
2025-01-08 17:00:00,,6.7,19.1,,266.0,264.0
2025-01-08 18:00:00,,6.3,18.6,,262.0,263.0
2025-01-08 19:00:00,,5.8,19.5,,262.0,264.0
2025-01-08 20:00:00,,5.4,20.3,,265.0,266.0
2025-01-08 21:00:00,,5.1,19.5,,270.0,267.0
2025-01-08 22:00:00,,5.2,17.3,,267.0,267.0
2025-01-08 23:00:00,,5.6,14.8,,270.0,268.0
2025-01-09 00:00:00,,5.9,15.3,,268.0,268.0
2025-01-09 01:00:00,,6.1,15.0,,270.0,268.0
2025-01-09 02:00:00,,6.3,18.6,,275.0,269.0
2025-01-09 03:00:00,,6.5,19.8,,273.0,269.0
2025-01-09 04:00:00,,6.7,21.3,,274.0,269.0
2025-01-09 05:00:00,,6.9,20.5,,274.0,270.0
2025-01-09 06:00:00,,7.1,18.9,,272.0,270.0
2025-01-09 07:00:00,,7.3,18.3,,269.0,271.0
2025-01-09 08:00:00,,7.5,17.3,,270.0,272.0
2025-01-09 09:00:00,,6.3,20.1,,271.0,269.0
2025-01-09 10:00:00,,7.1,20.4,,272.0,272.0
2025-01-09 11:00:00,,7.7,21.3,,275.0,276.0
2025-01-09 12:00:00,,7.9,21.0,,277.0,280.0
2025-01-09 13:00:00,,8.0,21.6,,277.0,282.0
2025-01-09 14:00:00,,7.7,20.1,,279.0,281.0
2025-01-09 15:00:00,,6.9,18.3,,285.0,287.0
2025-01-09 16:00:00,,6.3,17.0,,289.0,289.0
2025-01-09 17:00:00,,5.6,15.6,,292.0,292.0
2025-01-09 18:00:00,,4.8,13.1,,294.0,294.0
2025-01-09 19:00:00,,3.7,10.8,,292.0,286.0
2025-01-09 20:00:00,,2.4,6.5,,274.0,279.0
2025-01-09 21:00:00,,1.6,5.1,,257.0,271.0
2025-01-09 22:00:00,,1.5,6.0,,247.0,262.0
2025-01-09 23:00:00,,1.8,6.4,,247.0,254.0
2025-01-10 00:00:00,,2.1,7.1,,248.0,245.0
2025-01-10 01:00:00,,2.3,6.4,,252.0,247.0
2025-01-10 02:00:00,,2.5,6.0,,251.0,249.0
2025-01-10 03:00:00,,2.6,6.1,,249.0,251.0
2025-01-10 04:00:00,,2.5,6.0,,248.0,250.0
2025-01-10 05:00:00,,2.4,6.1,,248.0,248.0
2025-01-10 06:00:00,,2.3,6.4,,246.0,247.0
2025-01-10 07:00:00,,2.3,6.6,,248.0,247.0
2025-01-10 08:00:00,,2.4,6.8,,247.0,248.0
2025-01-10 09:00:00,,2.6,6.6,,250.0,247.0
2025-01-10 10:00:00,,2.3,6.1,,250.0,245.0
2025-01-10 11:00:00,,1.9,5.6,,253.0,253.0
2025-01-10 12:00:00,,2.1,6.3,,269.0,259.0
2025-01-10 13:00:00,,2.2,7.0,,271.0,260.0
2025-01-10 14:00:00,,2.2,8.0,,271.0,261.0
2025-01-10 15:00:00,,2.3,8.3,,270.0,262.0
2025-01-10 16:00:00,,2.1,7.5,,269.0,260.0
2025-01-10 17:00:00,,1.8,5.9,,262.0,257.0
2025-01-10 18:00:00,,1.6,5.1,,247.0,255.0
2025-01-10 19:00:00,,1.6,5.3,,248.0,252.0
2025-01-10 20:00:00,,1.8,5.9,,250.0,249.0
2025-01-10 21:00:00,,1.9,6.4,,249.0,246.0
2025-01-10 22:00:00,,2.0,6.9,,249.0,247.0
2025-01-10 23:00:00,,2.0,7.0,,251.0,247.0
2025-01-11 00:00:00,,2.1,6.9,,250.0,248.0
2025-01-11 01:00:00,,2.2,6.5,,250.0,249.0
2025-01-11 02:00:00,,2.2,6.4,,250.0,249.0
2025-01-11 03:00:00,,2.3,6.4,,253.0,250.0
2025-01-11 04:00:00,,2.3,6.4,,252.0,250.0
2025-01-11 05:00:00,,2.3,6.3,,251.0,250.0
2025-01-11 06:00:00,,2.3,6.4,,251.0,250.0
2025-01-11 07:00:00,,2.3,6.6,,251.0,250.0
2025-01-11 08:00:00,,2.3,6.6,,251.0,251.0
2025-01-11 09:00:00,,2.3,6.9,,250.0,252.0
2025-01-11 10:00:00,,2.1,6.1,,253.0,253.0
2025-01-11 11:00:00,,1.8,5.9,,259.0,261.0
2025-01-11 12:00:00,,2.2,7.5,,266.0,266.0
2025-01-11 13:00:00,,2.3,7.9,,274.0,271.0
2025-01-11 14:00:00,,2.3,8.0,,277.0,270.0
2025-01-11 15:00:00,,2.1,7.3,,282.0,269.0
2025-01-11 16:00:00,,2.0,9.0,,275.0,267.0
2025-01-11 17:00:00,,2.0,5.6,,274.0,265.0
2025-01-11 18:00:00,,1.9,5.0,,261.0,263.0
2025-01-11 19:00:00,,1.8,5.0,,247.0,259.0
2025-01-11 20:00:00,,1.8,5.4,,254.0,256.0
2025-01-11 21:00:00,,1.8,6.0,,252.0,252.0
2025-01-11 22:00:00,,1.9,6.5,,252.0,251.0
2025-01-11 23:00:00,,2.0,6.8,,251.0,251.0
2025-01-12 00:00:00,,2.1,6.8,,250.0,250.0
2025-01-12 01:00:00,,2.1,6.3,,249.0,251.0
2025-01-12 02:00:00,,2.1,6.6,,250.0,251.0
2025-01-12 03:00:00,,2.1,5.6,,250.0,252.0
2025-01-12 04:00:00,,2.1,5.9,,250.0,251.0
2025-01-12 05:00:00,,2.0,6.5,,252.0,250.0
2025-01-12 06:00:00,,2.0,6.0,,250.0,249.0
2025-01-12 07:00:00,,2.1,5.9,,249.0,250.0
2025-01-12 08:00:00,,2.2,5.8,,247.0,250.0
2025-01-12 09:00:00,,2.0,7.4,,251.0,246.0
2025-01-12 10:00:00,,2.1,7.9,,254.0,258.0
2025-01-12 11:00:00,,2.4,8.8,,264.0,269.0
2025-01-12 12:00:00,,2.8,10.0,,272.0,274.0
2025-01-12 13:00:00,,3.1,10.8,,278.0,277.0
2025-01-12 14:00:00,,3.7,11.1,,279.0,279.0
2025-01-12 15:00:00,,4.1,11.0,,285.0,278.0
2025-01-12 16:00:00,,3.9,9.4,,286.0,276.0
2025-01-12 17:00:00,,3.5,10.5,,282.0,273.0
2025-01-12 18:00:00,,3.1,6.1,,263.0,271.0
2025-01-12 19:00:00,,2.7,5.0,,249.0,265.0
2025-01-12 20:00:00,,2.3,4.5,,244.0,260.0
2025-01-12 21:00:00,,2.1,3.9,,247.0,254.0
2025-01-12 22:00:00,,2.2,4.1,,248.0,255.0
2025-01-12 23:00:00,,2.4,4.5,,249.0,255.0
2025-01-13 00:00:00,,2.6,4.8,,249.0,256.0
2025-01-13 01:00:00,,2.7,5.3,,250.0,254.0
2025-01-13 02:00:00,,2.8,5.5,,249.0,253.0
2025-01-13 03:00:00,,2.8,6.3,,247.0,251.0
2025-01-13 04:00:00,,2.8,6.6,,246.0,250.0
2025-01-13 05:00:00,,2.7,7.1,,247.0,248.0
2025-01-13 06:00:00,,2.6,7.6,,246.0,247.0
2025-01-13 07:00:00,,2.6,8.0,,247.0,247.0
2025-01-13 08:00:00,,2.6,8.0,,246.0,247.0
2025-01-13 09:00:00,,2.4,9.0,,248.0,245.0
2025-01-13 10:00:00,,2.6,9.3,,251.0,247.0
2025-01-13 11:00:00,,3.2,10.3,,257.0,256.0
2025-01-13 12:00:00,,3.6,12.0,,260.0,259.0
2025-01-13 13:00:00,,3.8,12.6,,262.0,262.0
2025-01-13 14:00:00,,3.4,12.6,,261.0,260.0
2025-01-13 15:00:00,,3.1,11.4,,257.0,253.0
2025-01-13 16:00:00,,3.1,10.4,,265.0,257.0
2025-01-13 17:00:00,,3.2,14.6,,265.0,260.0
2025-01-13 18:00:00,,3.1,8.4,,249.0,264.0
2025-01-13 19:00:00,,2.8,6.8,,230.0,256.0
2025-01-13 20:00:00,,2.3,6.6,,228.0,247.0
2025-01-13 21:00:00,,2.0,6.9,,228.0,239.0
2025-01-13 22:00:00,,2.0,7.4,,235.0,241.0
2025-01-13 23:00:00,,2.1,7.3,,241.0,242.0
2025-01-14 00:00:00,,2.1,7.4,,237.0,244.0
2025-01-14 01:00:00,,2.0,7.8,,239.0,243.0
2025-01-14 02:00:00,,1.9,9.5,,238.0,242.0
2025-01-14 03:00:00,,1.8,9.5,,250.0,241.0
2025-01-14 04:00:00,,1.9,10.4,,248.0,239.0
2025-01-14 05:00:00,,2.1,10.4,,253.0,237.0
2025-01-14 06:00:00,,2.2,11.3,,253.0,235.0
2025-01-14 07:00:00,,2.1,11.8,,258.0,239.0
2025-01-14 08:00:00,,1.9,11.6,,261.0,244.0
2025-01-14 09:00:00,,2.6,10.5,,258.0,255.0
2025-01-14 10:00:00,,3.2,12.0,,259.0,264.0
2025-01-14 11:00:00,,4.6,16.5,,262.0,264.0
2025-01-14 12:00:00,,4.7,19.9,,263.0,269.0
2025-01-14 13:00:00,,4.9,17.6,,266.0,270.0
2025-01-14 14:00:00,,4.4,16.0,,264.0,270.0
2025-01-14 15:00:00,,4.0,14.3,,269.0,271.0
2025-01-14 16:00:00,,3.4,12.5,,266.0,270.0
2025-01-14 17:00:00,,2.7,11.6,,269.0,270.0
2025-01-14 18:00:00,,2.2,9.0,,268.0,269.0
2025-01-14 19:00:00,,2.2,7.8,,259.0,265.0
2025-01-14 20:00:00,,2.5,7.6,,253.0,261.0
2025-01-14 21:00:00,,2.8,8.1,,252.0,257.0
2025-01-14 22:00:00,,3.0,9.0,,260.0,263.0
2025-01-14 23:00:00,,3.2,9.8,,268.0,269.0
2025-01-15 00:00:00,,3.3,11.3,,274.0,275.0
2025-01-15 01:00:00,,3.1,10.6,,269.0,275.0
2025-01-15 02:00:00,,2.9,10.8,,273.0,274.0
2025-01-15 03:00:00,,2.7,10.4,,281.0,274.0
2025-01-15 04:00:00,,2.8,10.0,,281.0,274.0
2025-01-15 05:00:00,,2.9,9.4,,282.0,274.0
2025-01-15 06:00:00,,3.0,9.5,,273.0,274.0
2025-01-15 07:00:00,,2.9,10.4,,268.0,270.0
2025-01-15 08:00:00,,2.7,10.3,,265.0,265.0
2025-01-15 09:00:00,,2.9,10.3,,264.0,265.0
2025-01-15 10:00:00,,3.2,10.8,,268.0,267.0
2025-01-15 11:00:00,,3.1,10.8,,272.0,268.0
2025-01-15 12:00:00,,3.0,10.5,,273.0,270.0
2025-01-15 13:00:00,,3.0,10.6,,273.0,269.0
2025-01-15 14:00:00,,2.9,10.1,,273.0,273.0
2025-01-15 15:00:00,,2.7,9.5,,271.0,273.0
2025-01-15 16:00:00,,2.5,8.6,,268.0,265.0
2025-01-15 17:00:00,,2.3,11.4,,270.0,257.0
2025-01-15 18:00:00,,2.1,7.9,,259.0,249.0
2025-01-15 19:00:00,,2.0,7.0,,245.0,248.0
2025-01-15 20:00:00,,2.1,6.5,,245.0,247.0
2025-01-15 21:00:00,,2.1,6.5,,243.0,246.0
2025-01-15 22:00:00,,2.2,6.5,,245.0,246.0
2025-01-15 23:00:00,,2.3,7.0,,245.0,246.0
2025-01-16 00:00:00,,2.4,7.5,,246.0,246.0
2025-01-16 01:00:00,,2.5,7.9,,246.0,246.0
2025-01-16 02:00:00,,2.6,8.0,,246.0,247.0
2025-01-16 03:00:00,,2.7,7.9,,247.0,247.0
2025-01-16 04:00:00,,2.8,8.3,,246.0,245.0
2025-01-16 05:00:00,,2.8,8.6,,245.0,244.0
2025-01-16 06:00:00,,2.9,8.4,,245.0,242.0
2025-01-16 07:00:00,,3.0,9.4,,247.0,244.0
2025-01-16 08:00:00,,3.1,9.9,,248.0,246.0
2025-01-16 09:00:00,,3.4,11.0,,250.0,249.0
2025-01-16 10:00:00,,3.9,12.8,,254.0,254.0
2025-01-16 11:00:00,,4.4,14.0,,256.0,254.0
2025-01-16 12:00:00,,4.7,15.0,,260.0,257.0
2025-01-16 13:00:00,,,,15.1,264.0,262.0
2025-01-16 14:00:00,,,,15.5,265.0,265.0
2025-01-16 15:00:00,,,,15.4,263.0,265.0
2025-01-16 16:00:00,,,,14.4,265.0,263.0
2025-01-16 17:00:00,,,,13.0,268.0,262.0
2025-01-16 18:00:00,,,,11.4,262.0,260.0
2025-01-16 19:00:00,,,,9.6,259.0,257.0
2025-01-16 20:00:00,,,,7.6,258.0,254.0
2025-01-16 21:00:00,,,,6.0,249.0,251.0
2025-01-16 22:00:00,,,,5.0,240.0,249.0
2025-01-16 23:00:00,,,,4.3,241.0,247.0
2025-01-17 00:00:00,,,,3.9,247.0,245.0
2025-01-17 01:00:00,,,,3.7,252.0,244.0
2025-01-17 02:00:00,,,,3.8,248.0,242.0
2025-01-17 03:00:00,,,,3.9,246.0,241.0
2025-01-17 04:00:00,,,,3.9,242.0,242.0
2025-01-17 05:00:00,,,,3.8,239.0,244.0
2025-01-17 06:00:00,,,,3.8,242.0,245.0
2025-01-17 07:00:00,,,,3.8,240.0,244.0
2025-01-17 08:00:00,,,,3.9,244.0,244.0
2025-01-17 09:00:00,,,,3.4,242.0,247.0
2025-01-17 10:00:00,,,,3.0,245.0,240.0
2025-01-17 11:00:00,,,,3.8,238.0,202.0
2025-01-17 12:00:00,,,,5.6,238.0,178.0
2025-01-17 13:00:00,,,,6.6,261.0,204.0
2025-01-17 14:00:00,,,,6.8,270.0,229.0
2025-01-17 15:00:00,,,,7.4,273.0,248.0
2025-01-17 16:00:00,,,,6.5,271.0,257.0
2025-01-17 17:00:00,,,,5.0,268.0,267.0
2025-01-17 18:00:00,,,,3.9,263.0,276.0
2025-01-17 19:00:00,,,,3.8,250.0,267.0
2025-01-17 20:00:00,,,,4.2,248.0,257.0
2025-01-17 21:00:00,,,,4.6,244.0,248.0
2025-01-17 22:00:00,,,,5.0,245.0,248.0
2025-01-17 23:00:00,,,,5.4,247.0,247.0
2025-01-18 00:00:00,,,,5.8,247.0,247.0
2025-01-18 01:00:00,,,,6.0,247.0,247.0
2025-01-18 02:00:00,,,,6.1,248.0,248.0
2025-01-18 03:00:00,,,,6.1,248.0,248.0
2025-01-18 04:00:00,,,,6.1,248.0,248.0
2025-01-18 05:00:00,,,,6.1,247.0,247.0
2025-01-18 06:00:00,,,,6.1,246.0,247.0
2025-01-18 07:00:00,,,,6.2,246.0,247.0
2025-01-18 08:00:00,,,,6.3,244.0,248.0
2025-01-18 09:00:00,,,,6.5,246.0,246.0
2025-01-18 10:00:00,,,,6.5,248.0,249.0
2025-01-18 11:00:00,,,,6.6,253.0,252.0
2025-01-18 12:00:00,,,,6.5,258.0,255.0
2025-01-18 13:00:00,,,,7.0,261.0,259.0
2025-01-18 14:00:00,,,,7.5,262.0,257.0
2025-01-18 15:00:00,,,,7.5,260.0,253.0
2025-01-18 16:00:00,,,,6.8,260.0,251.0
2025-01-18 17:00:00,,,,5.7,251.0,249.0
2025-01-18 18:00:00,,,,4.9,249.0,247.0
2025-01-18 19:00:00,,,,4.6,250.0,247.0
2025-01-18 20:00:00,,,,4.7,248.0,248.0
2025-01-18 21:00:00,,,,4.8,248.0,248.0
2025-01-18 22:00:00,,,,5.1,247.0,248.0
2025-01-18 23:00:00,,,,5.5,245.0,248.0
2025-01-19 00:00:00,,,,5.8,247.0,248.0
2025-01-19 01:00:00,,,,5.8,249.0,248.0
2025-01-19 02:00:00,,,,5.7,245.0,247.0
2025-01-19 03:00:00,,,,5.6,249.0,247.0
2025-01-19 04:00:00,,,,5.4,247.0,246.0
2025-01-19 05:00:00,,,,5.1,249.0,246.0
2025-01-19 06:00:00,,,,4.9,250.0,245.0
2025-01-19 07:00:00,,,,4.7,251.0,245.0
2025-01-19 08:00:00,,,,4.5,250.0,246.0
2025-01-19 09:00:00,,,,5.4,250.0,245.0
2025-01-19 10:00:00,,,,6.3,255.0,249.0
2025-01-19 11:00:00,,,,6.8,258.0,252.0
2025-01-19 12:00:00,,,,7.1,254.0,253.0
2025-01-19 13:00:00,,,,7.9,254.0,256.0
2025-01-19 14:00:00,,,,7.0,252.0,260.0
2025-01-19 15:00:00,,,,5.5,253.0,258.0
2025-01-19 16:00:00,,,,5.4,254.0,248.0
2025-01-19 17:00:00,,,,5.6,252.0,239.0
2025-01-19 18:00:00,,,,5.4,243.0,229.0
2025-01-19 19:00:00,,,,4.6,245.0,230.0
2025-01-19 20:00:00,,,,3.6,239.0,232.0
2025-01-19 21:00:00,,,,2.8,245.0,233.0
2025-01-19 22:00:00,,,,2.6,243.0,234.0
2025-01-19 23:00:00,,,,2.6,242.0,234.0
2025-01-20 00:00:00,,,,2.8,246.0,235.0
2025-01-20 01:00:00,,,,3.1,248.0,237.0
2025-01-20 02:00:00,,,,3.5,249.0,238.0
2025-01-20 03:00:00,,,,3.8,240.0,240.0
2025-01-20 04:00:00,,,,3.8,238.0,241.0
2025-01-20 05:00:00,,,,3.5,240.0,242.0
2025-01-20 06:00:00,,,,3.3,240.0,243.0
2025-01-20 07:00:00,,,,2.9,238.0,239.0
2025-01-20 08:00:00,,,,2.4,241.0,234.0
2025-01-20 09:00:00,,,,4.0,240.0,235.0
2025-01-20 10:00:00,,,,3.3,252.0,235.0
2025-01-20 11:00:00,,,,4.9,280.0,254.0
2025-01-20 12:00:00,,,,6.8,288.0,271.0
2025-01-20 13:00:00,,,,7.8,287.0,275.0
2025-01-20 14:00:00,,,,8.0,282.0,275.0
2025-01-20 15:00:00,,,,7.4,271.0,277.0
2025-01-20 16:00:00,,,,6.5,274.0,263.0
2025-01-20 17:00:00,,,,5.1,0.0,249.0
2025-01-20 18:00:00,,,,3.9,36.0,235.0
2025-01-20 19:00:00,,,,3.2,357.0,242.0
2025-01-20 20:00:00,,,,2.7,270.0,249.0
2025-01-20 21:00:00,,,,2.5,227.0,256.0
2025-01-20 22:00:00,,,,2.8,241.0,252.0
2025-01-20 23:00:00,,,,3.4,248.0,248.0
2025-01-21 00:00:00,,,,3.9,244.0,244.0
2025-01-21 01:00:00,,,,4.0,242.0,246.0
2025-01-21 02:00:00,,,,4.0,248.0,248.0
2025-01-21 03:00:00,,,,4.0,249.0,250.0
2025-01-21 04:00:00,,,,4.2,246.0,249.0
2025-01-21 05:00:00,,,,4.4,245.0,249.0
2025-01-21 06:00:00,,,,4.5,247.0,248.0
2025-01-21 07:00:00,,,,4.5,250.0,248.0
2025-01-21 08:00:00,,,,4.4,246.0,247.0
2025-01-21 09:00:00,,,,4.1,245.0,246.0
2025-01-21 10:00:00,,,,4.6,252.0,253.0
2025-01-21 11:00:00,,,,5.3,266.0,263.0
2025-01-21 12:00:00,,,,6.5,269.0,266.0
2025-01-21 13:00:00,,,,6.5,279.0,270.0
2025-01-21 14:00:00,,,,6.8,279.0,266.0
2025-01-21 15:00:00,,,,7.3,265.0,262.0
2025-01-21 16:00:00,,,,6.1,264.0,266.0
2025-01-21 17:00:00,,,,4.3,270.0,270.0
2025-01-21 18:00:00,,,,3.1,257.0,274.0
2025-01-21 19:00:00,,,,3.0,250.0,264.0
2025-01-21 20:00:00,,,,3.4,243.0,254.0
2025-01-21 21:00:00,,,,3.8,242.0,244.0
2025-01-21 22:00:00,,,,4.0,243.0,244.0
2025-01-21 23:00:00,,,,4.1,244.0,245.0
2025-01-22 00:00:00,,,,4.3,244.0,245.0
2025-01-22 01:00:00,,,,4.5,243.0,245.0
2025-01-22 02:00:00,,,,4.7,243.0,246.0
2025-01-22 03:00:00,,,,4.8,248.0,246.0
2025-01-22 04:00:00,,,,4.7,245.0,245.0
2025-01-22 05:00:00,,,,4.5,240.0,244.0
2025-01-22 06:00:00,,,,4.3,236.0,243.0
2025-01-22 07:00:00,,,,4.2,236.0,240.0
2025-01-22 08:00:00,,,,4.1,239.0,236.0
2025-01-22 09:00:00,,,,4.5,242.0,235.0
2025-01-22 10:00:00,,,,6.3,250.0,242.0
2025-01-22 11:00:00,,,,9.0,262.0,261.0
2025-01-22 12:00:00,,,,9.0,265.0,262.0
2025-01-22 13:00:00,,,,9.1,261.0,261.0
2025-01-22 14:00:00,,,,8.9,262.0,266.0
2025-01-22 15:00:00,,,,8.3,259.0,265.0
2025-01-22 16:00:00,,,,7.3,256.0,259.0
2025-01-22 17:00:00,,,,5.9,264.0,252.0
2025-01-22 18:00:00,,,,4.8,256.0,246.0
2025-01-22 19:00:00,,,,4.2,246.0,247.0
2025-01-22 20:00:00,,,,3.8,236.0,248.0
2025-01-22 21:00:00,,,,3.6,241.0,249.0
2025-01-22 22:00:00,,,,3.6,245.0,249.0
2025-01-22 23:00:00,,,,3.8,252.0,250.0
2025-01-23 00:00:00,,,,4.0,250.0,250.0
2025-01-23 01:00:00,,,,4.1,247.0,249.0
2025-01-23 02:00:00,,,,4.3,247.0,247.0
2025-01-23 03:00:00,,,,4.4,250.0,246.0
2025-01-23 04:00:00,,,,4.5,248.0,246.0
2025-01-23 05:00:00,,,,4.7,247.0,246.0
2025-01-23 06:00:00,,,,4.8,247.0,246.0
2025-01-23 07:00:00,,,,4.8,247.0,246.0
2025-01-23 08:00:00,,,,4.7,246.0,246.0
2025-01-23 09:00:00,,,,4.8,247.0,244.0
2025-01-23 10:00:00,,,,4.9,249.0,244.0
2025-01-23 11:00:00,,,,5.3,257.0,254.0
2025-01-23 12:00:00,,,,5.1,272.0,270.0
2025-01-23 13:00:00,,,,5.8,277.0,274.0
2025-01-23 14:00:00,,,,6.3,276.0,274.0
2025-01-23 15:00:00,,,,5.9,274.0,274.0
2025-01-23 16:00:00,,,,5.2,275.0,253.0
2025-01-23 17:00:00,,,,4.1,297.0,233.0
2025-01-23 18:00:00,,,,3.1,265.0,212.0
2025-01-23 19:00:00,,,,2.4,233.0,215.0
2025-01-23 20:00:00,,,,1.8,184.0,217.0
2025-01-23 21:00:00,,,,1.5,183.0,220.0
2025-01-23 22:00:00,,,,1.5,225.0,227.0
2025-01-23 23:00:00,,,,1.7,250.0,233.0
2025-01-24 00:00:00,,,,2.1,260.0,240.0
2025-01-24 01:00:00,,,,2.7,260.0,241.0
2025-01-24 02:00:00,,,,3.4,254.0,242.0
2025-01-24 03:00:00,,,,3.9,244.0,243.0
2025-01-24 04:00:00,,,,3.9,245.0,243.0
2025-01-24 05:00:00,,,,3.7,250.0,244.0
2025-01-24 06:00:00,,,,3.4,250.0,244.0
2025-01-24 07:00:00,,,,3.0,248.0,247.0
2025-01-24 08:00:00,,,,2.5,254.0,249.0
2025-01-24 09:00:00,,,,2.3,257.0,256.0
2025-01-24 10:00:00,,,,1.9,336.0,328.0
2025-01-24 11:00:00,,,,4.1,13.0,35.0
2025-01-24 12:00:00,,,,5.3,20.0,43.0
2025-01-24 13:00:00,,,,6.8,22.0,37.0
2025-01-24 14:00:00,3.1,2.6,,8.1,24.0,33.0
2025-01-24 15:00:00,3.3,3.0,,8.9,26.0,31.0
2025-01-24 16:00:00,3.2,2.6,,7.6,26.0,34.0
2025-01-24 17:00:00,2.6,1.7,,5.2,21.0,37.0
2025-01-24 18:00:00,1.9,1.1,,3.5,14.0,40.0
2025-01-24 19:00:00,1.4,1.0,,3.1,7.0,27.0
2025-01-24 20:00:00,1.3,1.1,,3.2,356.0,15.0
2025-01-24 21:00:00,1.6,1.1,,3.3,0.0,2.0
2025-01-24 22:00:00,1.5,0.8,,3.0,348.0,9.0
2025-01-24 23:00:00,1.8,0.5,,2.5,353.0,17.0
2025-01-25 00:00:00,1.3,0.3,,2.4,359.0,24.0
2025-01-25 01:00:00,1.1,0.4,,2.8,13.0,18.0
2025-01-25 02:00:00,1.3,0.7,,3.5,19.0,12.0
2025-01-25 03:00:00,1.4,0.9,,4.0,27.0,6.0
2025-01-25 04:00:00,1.7,1.1,,4.3,32.0,11.0
2025-01-25 05:00:00,2.1,1.2,,4.4,34.0,16.0
2025-01-25 06:00:00,2.0,1.3,,4.5,32.0,21.0
2025-01-25 07:00:00,1.9,1.3,,4.6,27.0,30.0
2025-01-25 08:00:00,1.8,1.3,,4.7,16.0,40.0
2025-01-25 09:00:00,1.9,1.6,,5.5,22.0,29.0
2025-01-25 10:00:00,2.4,1.8,,6.4,31.0,37.0
2025-01-25 11:00:00,2.7,1.9,,6.4,33.0,32.0
2025-01-25 12:00:00,2.9,2.4,,7.5,28.0,27.0
2025-01-25 13:00:00,2.9,2.4,,7.4,24.0,27.0
2025-01-25 14:00:00,3.0,2.3,,7.3,26.0,29.0
2025-01-25 15:00:00,3.4,2.3,,7.3,23.0,31.0
2025-01-25 16:00:00,3.1,2.2,,6.9,21.0,31.0
2025-01-25 17:00:00,2.7,2.0,,6.3,18.0,30.0
2025-01-25 18:00:00,2.6,1.9,,5.9,18.0,30.0
2025-01-25 19:00:00,2.6,1.8,,5.7,23.0,31.0
2025-01-25 20:00:00,2.4,1.7,,5.5,30.0,31.0
2025-01-25 21:00:00,2.1,1.7,,5.5,33.0,32.0
2025-01-25 22:00:00,2.1,1.7,,5.6,21.0,32.0
2025-01-25 23:00:00,2.1,1.7,,5.7,17.0,32.0
2025-01-26 00:00:00,2.1,1.8,,5.8,17.0,32.0
2025-01-26 01:00:00,2.1,1.8,,5.8,17.0,30.0
2025-01-26 02:00:00,2.3,1.9,,5.8,29.0,27.0
2025-01-26 03:00:00,2.1,2.0,,6.0,6.0,25.0
2025-01-26 04:00:00,2.0,2.2,,6.6,347.0,27.0
2025-01-26 05:00:00,1.8,2.5,,7.5,348.0,30.0
2025-01-26 06:00:00,1.8,2.6,,7.9,346.0,32.0
2025-01-26 07:00:00,1.4,2.4,,7.5,337.0,34.0
2025-01-26 08:00:00,1.4,2.0,,6.7,329.0,35.0
2025-01-26 09:00:00,1.4,1.4,,4.9,3.0,42.0
2025-01-26 10:00:00,1.6,2.0,,6.9,36.0,50.0
2025-01-26 11:00:00,1.4,2.3,,7.3,52.0,54.0
2025-01-26 12:00:00,1.4,1.6,,5.8,55.0,54.0
2025-01-26 13:00:00,1.1,1.2,,5.3,62.0,63.0
2025-01-26 14:00:00,0.9,1.3,,6.8,65.0,79.0
2025-01-26 15:00:00,0.6,1.0,,5.5,54.0,85.0
2025-01-26 16:00:00,0.4,0.8,,4.5,66.0,85.0
2025-01-26 17:00:00,0.6,0.6,,3.1,103.0,86.0
2025-01-26 18:00:00,0.6,0.5,,2.0,131.0,86.0
2025-01-26 19:00:00,0.9,0.4,,1.4,161.0,90.0
2025-01-26 20:00:00,0.6,0.3,,1.0,155.0,95.0
2025-01-26 21:00:00,0.3,0.4,,1.0,131.0,99.0
2025-01-26 22:00:00,0.3,0.8,,1.5,180.0,138.0
2025-01-26 23:00:00,0.5,1.3,,2.4,195.0,178.0
2025-01-27 00:00:00,1.0,1.6,,3.0,232.0,217.0
2025-01-27 01:00:00,1.1,1.6,,2.9,243.0,227.0
2025-01-27 02:00:00,0.9,1.3,,2.5,243.0,238.0
2025-01-27 03:00:00,0.6,1.1,,2.3,236.0,248.0
2025-01-27 04:00:00,0.5,1.0,,2.6,237.0,238.0
2025-01-27 05:00:00,0.2,0.8,,3.0,261.0,227.0
2025-01-27 06:00:00,0.1,0.7,,3.3,243.0,217.0
2025-01-27 07:00:00,0.2,0.5,,3.0,189.0,214.0
2025-01-27 08:00:00,0.3,0.3,,2.4,180.0,212.0
2025-01-27 09:00:00,0.5,1.5,,3.5,169.0,229.0
2025-01-27 10:00:00,0.8,1.2,,3.8,171.0,223.0
2025-01-27 11:00:00,1.6,1.9,,6.0,181.0,218.0
2025-01-27 12:00:00,2.6,2.7,,8.9,206.0,223.0
2025-01-27 13:00:00,2.5,3.0,,9.5,231.0,229.0
2025-01-27 14:00:00,4.3,4.0,,13.4,258.0,252.0
2025-01-27 15:00:00,4.9,3.4,,12.0,257.0,256.0
2025-01-27 16:00:00,4.9,3.4,,12.0,257.0,254.0
2025-01-27 17:00:00,5.1,3.3,,11.6,252.0,252.0
2025-01-27 18:00:00,4.9,3.3,,11.5,252.0,250.0
2025-01-27 19:00:00,4.6,3.5,,11.9,261.0,253.0
2025-01-27 20:00:00,4.8,3.8,,12.7,260.0,256.0
2025-01-27 21:00:00,5.4,4.1,,13.5,260.0,259.0
2025-01-27 22:00:00,5.3,4.5,,14.4,262.0,259.0
2025-01-27 23:00:00,5.4,4.9,,15.5,263.0,259.0
2025-01-28 00:00:00,5.8,5.4,,16.6,260.0,259.0
2025-01-28 01:00:00,6.3,5.8,,17.7,258.0,259.0
2025-01-28 02:00:00,6.4,6.2,,18.8,259.0,260.0
2025-01-28 03:00:00,6.6,6.7,,20.0,257.0,260.0
2025-01-28 04:00:00,6.3,7.3,,21.6,257.0,262.0
2025-01-28 05:00:00,6.8,8.0,,23.3,259.0,263.0
2025-01-28 06:00:00,6.7,8.5,,24.4,258.0,265.0
2025-01-28 07:00:00,6.9,8.5,,24.5,260.0,263.0
2025-01-28 08:00:00,8.1,8.2,,24.1,256.0,262.0
2025-01-28 09:00:00,9.4,9.3,,26.5,255.0,254.0
2025-01-28 10:00:00,9.8,9.4,,26.4,255.0,256.0
2025-01-28 11:00:00,10.1,9.8,,27.5,255.0,257.0
2025-01-28 12:00:00,10.1,9.8,,27.4,256.0,262.0
2025-01-28 13:00:00,9.9,9.8,,27.9,257.0,262.0
2025-01-28 14:00:00,9.8,9.9,,28.4,258.0,261.0
2025-01-28 15:00:00,10.0,8.9,,25.8,261.0,266.0
2025-01-28 16:00:00,9.5,7.8,,23.3,262.0,265.0
2025-01-28 17:00:00,9.2,6.5,,20.0,263.0,263.0
2025-01-28 18:00:00,8.6,5.4,,17.3,263.0,262.0
2025-01-28 19:00:00,8.3,4.8,,15.7,261.0,260.0
2025-01-28 20:00:00,8.0,4.5,,14.6,260.0,257.0
2025-01-28 21:00:00,7.9,4.3,,14.0,259.0,255.0
2025-01-28 22:00:00,7.4,4.3,,13.8,259.0,254.0
2025-01-28 23:00:00,7.2,4.4,,14.1,260.0,254.0
2025-01-29 00:00:00,6.9,4.5,,14.5,260.0,253.0
2025-01-29 01:00:00,6.8,4.7,,15.0,260.0,254.0
2025-01-29 02:00:00,6.5,4.9,,15.7,261.0,255.0
2025-01-29 03:00:00,5.6,5.1,,16.3,258.0,256.0
2025-01-29 04:00:00,5.7,5.2,,16.8,257.0,256.0
2025-01-29 05:00:00,5.6,5.3,,17.1,257.0,257.0
2025-01-29 06:00:00,5.6,5.3,,17.3,258.0,257.0
2025-01-29 07:00:00,5.6,5.2,,17.0,259.0,257.0
2025-01-29 08:00:00,5.6,5.1,,16.5,258.0,256.0
2025-01-29 09:00:00,5.1,4.9,,15.9,258.0,257.0
2025-01-29 10:00:00,5.4,5.4,,16.9,258.0,258.0
2025-01-29 11:00:00,5.8,5.8,,18.1,259.0,259.0
2025-01-29 12:00:00,6.0,6.1,,19.3,259.0,259.0
2025-01-29 13:00:00,6.6,6.4,,20.1,262.0,261.0
2025-01-29 14:00:00,6.8,6.4,,20.3,264.0,262.0
2025-01-29 15:00:00,6.5,6.3,,19.8,263.0,262.0
2025-01-29 16:00:00,6.6,6.2,,19.5,264.0,262.0
2025-01-29 17:00:00,6.4,6.0,,18.9,263.0,262.0
2025-01-29 18:00:00,6.0,5.9,,18.4,262.0,262.0
2025-01-29 19:00:00,5.6,5.8,,18.0,262.0,263.0
2025-01-29 20:00:00,5.5,5.6,,17.6,263.0,263.0
2025-01-29 21:00:00,5.6,5.6,,17.6,264.0,264.0
2025-01-29 22:00:00,5.8,5.8,,18.2,266.0,266.0
2025-01-29 23:00:00,6.1,6.1,,19.2,268.0,268.0
2025-01-30 00:00:00,6.0,6.3,,19.9,269.0,270.0
2025-01-30 01:00:00,5.8,6.3,,20.0,268.0,270.0
2025-01-30 02:00:00,5.9,6.1,,19.7,267.0,270.0
2025-01-30 03:00:00,6.2,5.9,,19.3,269.0,270.0
2025-01-30 04:00:00,6.3,5.7,,18.7,270.0,269.0
2025-01-30 05:00:00,6.1,5.5,,17.9,271.0,267.0
2025-01-30 06:00:00,5.4,5.3,,17.1,272.0,266.0
2025-01-30 07:00:00,4.9,5.0,,16.4,272.0,264.0
2025-01-30 08:00:00,4.4,4.7,,15.6,269.0,263.0
2025-01-30 09:00:00,3.8,3.6,,12.3,262.0,259.0
2025-01-30 10:00:00,4.4,3.9,,12.5,266.0,262.0
2025-01-30 11:00:00,4.6,3.9,,12.9,270.0,264.0
2025-01-30 12:00:00,4.6,4.1,,13.3,273.0,267.0
2025-01-30 13:00:00,4.6,4.2,,14.1,274.0,268.0
2025-01-30 14:00:00,4.4,4.0,,13.5,274.0,268.0
2025-01-30 15:00:00,3.9,3.6,,12.3,274.0,267.0
2025-01-30 16:00:00,3.3,3.2,,11.2,272.0,262.0
2025-01-30 17:00:00,2.9,2.8,,9.8,268.0,257.0
2025-01-30 18:00:00,2.4,2.5,,8.6,256.0,252.0
2025-01-30 19:00:00,2.3,2.4,,7.7,246.0,250.0
2025-01-30 20:00:00,2.3,2.5,,6.9,246.0,249.0
2025-01-30 21:00:00,2.4,2.6,,6.4,248.0,247.0
2025-01-30 22:00:00,2.4,2.6,,6.1,248.0,249.0
2025-01-30 23:00:00,2.4,2.6,,6.1,250.0,250.0
2025-01-31 00:00:00,2.4,2.6,,6.1,253.0,252.0
2025-01-31 01:00:00,2.3,2.6,,6.1,252.0,249.0
2025-01-31 02:00:00,2.4,2.5,,6.1,250.0,247.0
2025-01-31 03:00:00,2.3,2.5,,6.1,246.0,244.0
2025-01-31 04:00:00,2.5,2.5,,6.0,242.0,246.0
2025-01-31 05:00:00,2.4,2.4,,5.8,246.0,249.0
2025-01-31 06:00:00,2.5,2.4,,5.6,245.0,251.0
2025-01-31 07:00:00,2.4,2.3,,5.5,248.0,250.0
2025-01-31 08:00:00,2.4,2.2,,5.4,248.0,250.0
2025-01-31 09:00:00,1.8,2.2,,5.3,245.0,248.0
2025-01-31 10:00:00,1.4,1.9,,5.4,245.0,244.0
2025-01-31 11:00:00,1.6,1.8,,7.1,259.0,250.0
2025-01-31 12:00:00,1.8,1.9,,7.8,268.0,263.0
2025-01-31 13:00:00,1.8,2.1,,8.4,270.0,266.0
2025-01-31 14:00:00,1.4,1.9,,7.9,270.0,265.0
2025-01-31 15:00:00,1.2,1.4,,7.0,248.0,261.0
2025-01-31 16:00:00,1.2,1.3,,6.0,250.0,248.0
2025-01-31 17:00:00,1.0,1.1,,4.7,257.0,234.0
2025-01-31 18:00:00,1.1,1.1,,3.8,248.0,221.0
2025-01-31 19:00:00,1.2,1.2,,3.6,244.0,224.0
2025-01-31 20:00:00,1.2,1.4,,3.7,249.0,228.0
2025-01-31 21:00:00,1.3,1.6,,3.8,239.0,231.0
2025-01-31 22:00:00,1.6,1.7,,3.6,247.0,236.0
2025-01-31 23:00:00,1.7,1.7,,3.2,250.0,241.0
2025-02-01 00:00:00,1.8,1.8,,3.0,252.0,246.0
2025-02-01 01:00:00,1.9,1.9,,3.0,250.0,243.0
2025-02-01 02:00:00,2.0,2.0,,3.1,248.0,239.0
2025-02-01 03:00:00,1.6,2.0,,3.1,246.0,236.0
2025-02-01 04:00:00,1.6,1.7,,2.7,244.0,231.0
2025-02-01 05:00:00,1.4,1.3,,2.2,244.0,226.0
2025-02-01 06:00:00,0.7,0.9,,1.8,236.0,221.0
2025-02-01 07:00:00,0.2,0.7,,1.6,22.0,191.0
2025-02-01 08:00:00,0.2,0.5,,1.4,45.0,162.0
2025-02-01 09:00:00,0.3,0.1,,0.8,13.0,315.0
2025-02-01 10:00:00,0.4,0.1,,1.0,58.0,117.0
2025-02-01 11:00:00,1.1,0.4,,2.3,49.0,62.0
2025-02-01 12:00:00,1.6,0.9,,2.8,53.0,57.0
2025-02-01 13:00:00,2.3,1.2,,4.1,59.0,70.0
2025-02-01 14:00:00,2.6,1.8,,5.0,50.0,67.0
2025-02-01 15:00:00,,,6.1,5.4,42.0,
2025-02-01 16:00:00,,,6.4,5.0,32.0,
2025-02-01 17:00:00,,,5.9,3.9,26.0,
2025-02-01 18:00:00,,,4.4,3.0,18.0,
2025-02-01 19:00:00,,,3.5,2.2,0.0,
2025-02-01 20:00:00,,,2.0,1.5,355.0,
2025-02-01 21:00:00,,,1.1,1.1,321.0,
2025-02-01 22:00:00,,,0.9,1.4,287.0,
2025-02-01 23:00:00,,,1.3,2.0,254.0,
2025-02-02 00:00:00,,,1.5,2.5,250.0,
2025-02-02 01:00:00,,,2.9,2.6,255.0,
2025-02-02 02:00:00,,,3.3,2.5,250.0,
2025-02-02 03:00:00,,,3.4,2.5,255.0,
2025-02-02 04:00:00,,,3.3,2.6,242.0,
2025-02-02 05:00:00,,,3.0,2.8,250.0,
2025-02-02 06:00:00,,,3.3,2.9,253.0,
2025-02-02 07:00:00,,,3.5,2.8,246.0,
2025-02-02 08:00:00,,,3.8,2.6,247.0,
2025-02-02 09:00:00,,,3.4,3.5,256.0,
2025-02-02 10:00:00,,,2.4,2.3,247.0,
2025-02-02 11:00:00,,,3.4,2.4,315.0,
2025-02-02 12:00:00,,,3.8,3.6,4.0,
2025-02-02 13:00:00,,,3.6,4.0,18.0,
2025-02-02 14:00:00,,,4.6,4.1,53.0,
2025-02-02 15:00:00,,,3.0,3.6,284.0,
2025-02-02 16:00:00,,,2.9,3.6,256.0,
2025-02-02 17:00:00,,,3.8,3.5,222.0,
2025-02-02 18:00:00,,,2.6,3.5,288.0,
2025-02-02 19:00:00,,,2.0,3.5,298.0,
2025-02-02 20:00:00,,,1.8,3.6,266.0,
2025-02-02 21:00:00,,,2.5,3.6,250.0,
2025-02-02 22:00:00,,,4.3,3.7,249.0,
2025-02-02 23:00:00,,,4.5,3.7,257.0,
2025-02-03 00:00:00,,,4.3,3.8,255.0,
2025-02-03 01:00:00,,,4.8,3.9,251.0,
2025-02-03 02:00:00,,,5.8,4.0,249.0,
2025-02-03 03:00:00,,,8.1,4.1,253.0,
2025-02-03 04:00:00,,,9.9,4.1,256.0,
2025-02-03 05:00:00,,,11.1,4.2,261.0,
2025-02-03 06:00:00,,,11.3,4.6,267.0,
2025-02-03 07:00:00,,,10.6,5.4,270.0,
2025-02-03 08:00:00,,,11.8,6.4,271.0,
2025-02-03 09:00:00,,,11.6,10.9,267.0,
2025-02-03 10:00:00,,,14.9,13.3,271.0,
2025-02-03 11:00:00,,,17.5,16.4,272.0,
2025-02-03 12:00:00,,,17.9,16.8,272.0,
2025-02-03 13:00:00,,,17.4,16.3,275.0,
2025-02-03 14:00:00,,,17.1,15.3,275.0,
2025-02-03 15:00:00,,,15.9,14.4,275.0,
2025-02-03 16:00:00,,,15.3,13.5,274.0,
2025-02-03 17:00:00,,,17.4,12.5,272.0,
2025-02-03 18:00:00,,,16.9,11.9,269.0,
2025-02-03 19:00:00,,,13.8,11.9,263.0,
2025-02-03 20:00:00,,,13.3,12.3,261.0,
2025-02-03 21:00:00,,,12.8,12.5,260.0,
2025-02-03 22:00:00,,,12.9,12.4,259.0,
2025-02-03 23:00:00,,,13.1,12.2,258.0,
2025-02-04 00:00:00,,,13.0,12.0,256.0,
2025-02-04 01:00:00,,,13.3,11.9,256.0,
2025-02-04 02:00:00,,,13.0,11.7,256.0,
2025-02-04 03:00:00,,,12.6,11.5,257.0,
2025-02-04 04:00:00,,,12.1,11.1,256.0,
2025-02-04 05:00:00,,,11.8,10.7,256.0,
2025-02-04 06:00:00,,,11.5,10.4,255.0,
2025-02-04 07:00:00,,,11.5,10.2,255.0,
2025-02-04 08:00:00,,,11.6,10.1,255.0,
2025-02-04 09:00:00,,,11.9,11.4,255.0,
2025-02-04 10:00:00,,,12.3,11.6,257.0,
2025-02-04 11:00:00,,,13.9,13.1,258.0,
2025-02-04 12:00:00,,,14.5,13.8,260.0,
2025-02-04 13:00:00,,,14.9,14.4,265.0,
2025-02-04 14:00:00,,,15.1,15.0,268.0,
2025-02-04 15:00:00,,,15.5,15.1,270.0,
2025-02-04 16:00:00,,,14.6,14.8,269.0,
2025-02-04 17:00:00,,,14.1,14.2,267.0,
2025-02-04 18:00:00,,,12.4,13.5,264.0,
2025-02-04 19:00:00,,,10.9,12.6,259.0,
2025-02-04 20:00:00,,,10.1,11.5,255.0,
2025-02-04 21:00:00,,,9.8,10.6,253.0,
2025-02-04 22:00:00,,,10.0,10.0,252.0,
2025-02-04 23:00:00,,,10.9,9.7,251.0,
2025-02-05 00:00:00,,,12.1,9.8,253.0,
2025-02-05 01:00:00,,,13.4,10.5,256.0,
2025-02-05 02:00:00,,,13.3,11.7,257.0,
2025-02-05 03:00:00,,,13.5,12.6,261.0,
2025-02-05 04:00:00,,,13.0,12.9,260.0,
2025-02-05 05:00:00,,,12.4,12.9,255.0,
2025-02-05 06:00:00,,,12.5,13.5,256.0,
2025-02-05 07:00:00,,,12.9,15.1,258.0,
2025-02-05 08:00:00,,,15.5,17.3,258.0,
2025-02-05 09:00:00,,,15.3,18.5,256.0,
2025-02-05 10:00:00,,,15.6,21.0,261.0,
2025-02-05 11:00:00,,,16.9,22.4,269.0,
2025-02-05 12:00:00,,,18.0,21.8,273.0,
2025-02-05 13:00:00,,,19.9,22.5,273.0,
2025-02-05 14:00:00,,,20.0,21.3,272.0,
2025-02-05 15:00:00,,,19.1,20.4,277.0,
2025-02-05 16:00:00,,,17.9,20.2,279.0,
2025-02-05 17:00:00,,,16.5,19.9,278.0,
2025-02-05 18:00:00,,,13.9,19.3,275.0,
2025-02-05 19:00:00,,,12.8,17.9,268.0,
2025-02-05 20:00:00,,,12.6,16.0,263.0,
2025-02-05 21:00:00,,,13.5,14.4,263.0,
2025-02-05 22:00:00,,,13.4,13.4,263.0,
2025-02-05 23:00:00,,,12.3,12.6,261.0,
2025-02-06 00:00:00,,,11.0,11.9,258.0,
2025-02-06 01:00:00,,,10.1,11.3,255.0,
2025-02-06 02:00:00,,,9.8,10.8,254.0,
2025-02-06 03:00:00,,,10.4,10.3,253.0,
2025-02-06 04:00:00,,,10.4,9.7,252.0,
2025-02-06 05:00:00,,,10.3,9.1,252.0,
2025-02-06 06:00:00,,,9.8,8.8,251.0,
2025-02-06 07:00:00,,,9.1,8.9,250.0,
2025-02-06 08:00:00,,,8.3,9.3,248.0,
2025-02-06 09:00:00,,,9.3,11.1,251.0,
2025-02-06 10:00:00,,,10.6,12.6,255.0,
2025-02-06 11:00:00,,,11.4,12.4,261.0,
2025-02-06 12:00:00,,,12.0,12.9,264.0,
2025-02-06 13:00:00,,,12.9,12.3,269.0,
2025-02-06 14:00:00,,,14.1,11.9,270.0,
2025-02-06 15:00:00,,,14.0,14.0,272.0,
2025-02-06 16:00:00,,,13.8,14.5,257.0,
2025-02-06 17:00:00,,,12.6,15.0,254.0,
2025-02-06 18:00:00,,,12.6,15.4,254.0,
2025-02-06 19:00:00,,,10.5,15.7,260.0,
2025-02-06 20:00:00,,,12.0,15.9,259.0,
2025-02-06 21:00:00,,,12.8,15.9,254.0,
2025-02-06 22:00:00,,,12.0,15.4,259.0,
2025-02-06 23:00:00,,,9.3,14.7,264.0,
2025-02-07 00:00:00,,,10.5,14.1,274.0,
2025-02-07 01:00:00,,,10.3,13.9,269.0,
2025-02-07 02:00:00,,,6.9,13.9,259.0,
2025-02-07 03:00:00,,,5.1,13.6,240.0,
2025-02-07 04:00:00,,,5.0,12.5,232.0,
2025-02-07 05:00:00,,,4.8,11.1,232.0,
2025-02-07 06:00:00,,,5.4,10.6,250.0,
2025-02-07 07:00:00,,,5.6,11.5,230.0,
2025-02-07 08:00:00,,,7.6,13.2,266.0,
2025-02-07 09:00:00,,,5.3,12.8,262.0,
2025-02-07 10:00:00,,,11.5,15.8,280.0,
2025-02-07 11:00:00,,,14.3,17.8,278.0,
2025-02-07 12:00:00,,,19.1,20.0,279.0,
2025-02-07 13:00:00,,,22.6,20.8,286.0,
2025-02-07 14:00:00,,,22.1,22.5,284.0,
2025-02-07 15:00:00,,,23.1,22.4,282.0,
2025-02-07 16:00:00,,,22.1,20.2,288.0,
2025-02-07 17:00:00,,,19.1,16.8,290.0,
2025-02-07 18:00:00,,,14.9,13.9,287.0,
2025-02-07 19:00:00,,,11.6,12.3,279.0,
2025-02-07 20:00:00,,,10.5,11.3,272.0,
2025-02-07 21:00:00,,,9.0,10.5,261.0,
2025-02-07 22:00:00,,,8.1,9.8,252.0,
2025-02-07 23:00:00,,,7.8,9.3,250.0,
2025-02-08 00:00:00,,,7.6,8.8,250.0,
2025-02-08 01:00:00,,,7.6,8.3,253.0,
2025-02-08 02:00:00,,,7.5,7.9,252.0,
2025-02-08 03:00:00,,,7.5,7.6,253.0,
2025-02-08 04:00:00,,,7.4,7.4,252.0,
2025-02-08 05:00:00,,,7.1,7.3,252.0,
2025-02-08 06:00:00,,,7.3,7.4,251.0,
2025-02-08 07:00:00,,,7.3,7.6,252.0,
2025-02-08 08:00:00,,,6.9,8.0,250.0,
2025-02-08 09:00:00,,,8.0,7.9,251.0,
2025-02-08 10:00:00,,,8.5,8.3,256.0,
2025-02-08 11:00:00,,,8.9,8.9,261.0,
2025-02-08 12:00:00,,,9.0,9.6,263.0,
2025-02-08 13:00:00,,,8.6,9.1,267.0,
2025-02-08 14:00:00,,,8.5,9.1,273.0,
2025-02-08 15:00:00,,,8.4,8.3,270.0,
2025-02-08 16:00:00,,,7.4,7.4,268.0,
2025-02-08 17:00:00,,,6.3,6.3,260.0,
2025-02-08 18:00:00,,,5.3,5.6,251.0,
2025-02-08 19:00:00,,,5.0,5.4,244.0,
2025-02-08 20:00:00,,,5.0,5.6,246.0,
2025-02-08 21:00:00,,,5.4,5.8,248.0,
2025-02-08 22:00:00,,,5.6,6.0,247.0,
2025-02-08 23:00:00,,,5.9,6.2,246.0,
2025-02-09 00:00:00,,,6.0,6.4,247.0,
2025-02-09 01:00:00,,,6.1,6.5,247.0,
2025-02-09 02:00:00,,,6.3,6.6,248.0,
2025-02-09 03:00:00,,,6.3,6.8,248.0,
2025-02-09 04:00:00,,,6.1,7.3,247.0,
2025-02-09 05:00:00,,,6.3,8.0,248.0,
2025-02-09 06:00:00,,,6.5,8.5,247.0,
2025-02-09 07:00:00,,,6.5,8.7,248.0,
2025-02-09 08:00:00,,,6.6,8.8,248.0,
2025-02-09 09:00:00,,,7.4,8.9,250.0,
2025-02-09 10:00:00,,,8.8,9.1,251.0,
2025-02-09 11:00:00,,,8.9,9.0,254.0,
2025-02-09 12:00:00,,,9.4,9.6,257.0,
2025-02-09 13:00:00,,,9.8,10.1,258.0,
2025-02-09 14:00:00,,,10.4,10.1,263.0,
2025-02-09 15:00:00,,,9.9,9.6,269.0,
2025-02-09 16:00:00,,2.7,9.4,9.0,267.0,268.0
2025-02-09 17:00:00,,2.4,10.3,8.2,267.0,267.0
2025-02-09 18:00:00,,2.3,7.5,7.4,264.0,267.0
2025-02-09 19:00:00,,2.3,7.9,6.6,252.0,260.0
2025-02-09 20:00:00,,2.3,6.8,5.9,246.0,254.0
2025-02-09 21:00:00,,2.3,6.6,5.4,245.0,247.0
2025-02-09 22:00:00,,2.4,5.6,5.5,245.0,247.0
2025-02-09 23:00:00,,2.4,5.9,5.8,247.0,246.0
2025-02-10 00:00:00,,2.5,6.1,6.1,246.0,246.0
2025-02-10 01:00:00,,2.6,6.3,6.2,244.0,246.0
2025-02-10 02:00:00,,2.6,6.4,6.1,245.0,247.0
2025-02-10 03:00:00,,2.6,6.3,6.1,245.0,247.0
2025-02-10 04:00:00,,2.6,6.1,6.0,247.0,247.0
2025-02-10 05:00:00,,2.5,6.1,5.9,246.0,246.0
2025-02-10 06:00:00,,2.4,6.1,5.8,247.0,246.0
2025-02-10 07:00:00,,2.3,6.1,5.8,244.0,245.0
2025-02-10 08:00:00,,2.3,6.3,5.9,244.0,245.0
2025-02-10 09:00:00,,2.6,7.8,8.9,245.0,246.0
2025-02-10 10:00:00,,3.1,10.0,10.6,255.0,259.0
2025-02-10 11:00:00,,3.6,12.5,12.4,262.0,264.0
2025-02-10 12:00:00,,3.7,13.3,12.6,267.0,267.0
2025-02-10 13:00:00,,3.6,14.0,12.4,269.0,267.0
2025-02-10 14:00:00,,3.5,14.4,12.0,271.0,269.0
2025-02-10 15:00:00,,3.2,12.5,11.3,276.0,272.0
2025-02-10 16:00:00,,2.9,15.6,10.4,273.0,271.0
2025-02-10 17:00:00,,2.6,7.8,9.3,274.0,271.0
2025-02-10 18:00:00,,2.3,7.9,8.3,273.0,270.0
2025-02-10 19:00:00,,2.1,6.1,7.4,253.0,261.0
2025-02-10 20:00:00,,2.0,5.6,6.6,245.0,253.0
2025-02-10 21:00:00,,2.0,4.0,5.9,239.0,244.0
2025-02-10 22:00:00,,2.0,3.9,5.2,246.0,246.0
2025-02-10 23:00:00,,2.0,4.3,4.5,244.0,247.0
2025-02-11 00:00:00,,2.1,4.4,4.1,242.0,249.0
2025-02-11 01:00:00,,2.2,4.6,4.3,244.0,247.0
2025-02-11 02:00:00,,2.4,4.8,4.7,244.0,246.0
2025-02-11 03:00:00,,2.5,5.1,5.1,245.0,244.0
2025-02-11 04:00:00,,2.6,5.1,5.2,244.0,243.0
2025-02-11 05:00:00,,2.6,5.4,5.1,243.0,243.0
2025-02-11 06:00:00,,2.6,5.4,5.1,244.0,242.0
2025-02-11 07:00:00,,2.6,5.5,5.3,245.0,243.0
2025-02-11 08:00:00,,2.5,5.4,5.5,245.0,243.0
2025-02-11 09:00:00,,2.3,5.5,5.5,247.0,242.0
2025-02-11 10:00:00,,2.0,5.6,5.5,245.0,244.0
2025-02-11 11:00:00,,1.7,6.3,6.0,251.0,252.0
2025-02-11 12:00:00,,1.5,6.5,6.3,256.0,255.0
2025-02-11 13:00:00,,1.2,6.6,5.8,253.0,256.0
2025-02-11 14:00:00,,1.1,6.4,5.5,248.0,240.0
2025-02-11 15:00:00,,1.1,5.6,5.1,247.0,239.0
2025-02-11 16:00:00,,1.1,4.9,4.3,249.0,241.0
2025-02-11 17:00:00,,1.2,4.1,3.3,252.0,243.0
2025-02-11 18:00:00,,1.3,3.1,2.6,254.0,245.0
2025-02-11 19:00:00,,1.4,3.6,2.3,256.0,253.0
2025-02-11 20:00:00,,1.5,4.3,2.3,257.0,260.0
2025-02-11 21:00:00,,1.7,5.1,2.6,253.0,268.0
2025-02-11 22:00:00,,1.9,5.1,3.4,250.0,261.0
2025-02-11 23:00:00,,2.2,4.9,4.6,246.0,253.0
2025-02-12 00:00:00,,2.4,4.8,5.4,246.0,246.0
2025-02-12 01:00:00,,2.5,5.6,5.7,249.0,247.0
2025-02-12 02:00:00,,2.4,6.0,5.7,251.0,248.0
2025-02-12 03:00:00,,2.4,6.5,5.6,248.0,249.0
2025-02-12 04:00:00,,2.3,6.4,5.5,245.0,247.0
2025-02-12 05:00:00,,2.3,5.9,5.3,243.0,245.0
2025-02-12 06:00:00,,2.1,5.6,5.0,235.0,243.0
2025-02-12 07:00:00,,1.8,4.5,4.2,230.0,240.0
2025-02-12 08:00:00,,1.4,3.3,3.3,224.0,237.0
2025-02-12 09:00:00,,1.4,2.6,4.0,283.0,248.0
2025-02-12 10:00:00,,1.0,3.3,3.4,248.0,252.0
2025-02-12 11:00:00,,1.1,5.8,5.8,272.0,260.0
2025-02-12 12:00:00,,1.4,7.5,7.3,252.0,261.0
2025-02-12 13:00:00,,1.3,10.1,6.8,263.0,263.0
2025-02-12 14:00:00,,1.2,11.9,6.4,268.0,269.0
2025-02-12 15:00:00,,1.5,11.5,7.0,267.0,252.0
2025-02-12 16:00:00,,1.7,12.1,7.4,269.0,255.0
2025-02-12 17:00:00,,2.0,13.5,8.1,271.0,259.0
2025-02-12 18:00:00,,2.5,14.3,9.3,276.0,262.0
2025-02-12 19:00:00,,3.5,16.4,11.6,277.0,270.0
2025-02-12 20:00:00,,4.7,16.0,14.4,281.0,277.0
2025-02-12 21:00:00,,5.4,17.1,16.0,282.0,285.0
2025-02-12 22:00:00,,5.2,17.0,15.7,280.0,284.0
2025-02-12 23:00:00,,4.6,15.6,14.4,278.0,282.0
2025-02-13 00:00:00,,3.9,14.1,12.5,278.0,281.0
2025-02-13 01:00:00,,3.2,12.3,10.0,280.0,270.0
2025-02-13 02:00:00,,2.4,9.6,6.9,271.0,260.0
2025-02-13 03:00:00,,1.9,9.3,4.8,264.0,249.0
2025-02-13 04:00:00,,1.9,8.4,4.2,251.0,248.0
2025-02-13 05:00:00,,2.1,7.6,4.4,240.0,248.0
2025-02-13 06:00:00,,2.3,7.6,4.9,242.0,247.0
2025-02-13 07:00:00,,2.4,6.5,5.5,248.0,245.0
2025-02-13 08:00:00,,2.4,6.9,6.3,247.0,243.0
2025-02-13 09:00:00,,2.6,9.4,8.1,246.0,242.0
2025-02-13 10:00:00,,2.6,11.0,9.1,254.0,249.0
2025-02-13 11:00:00,,2.6,11.5,9.6,259.0,255.0
2025-02-13 12:00:00,,3.0,12.3,11.0,261.0,256.0
2025-02-13 13:00:00,,2.7,13.0,10.3,262.0,257.0
2025-02-13 14:00:00,,2.8,12.0,10.6,265.0,257.0
2025-02-13 15:00:00,,2.6,11.6,10.1,266.0,258.0
2025-02-13 16:00:00,,2.6,12.3,10.1,262.0,257.0
2025-02-13 17:00:00,,2.8,17.1,10.3,265.0,255.0
2025-02-13 18:00:00,,2.9,12.9,10.6,262.0,254.0
2025-02-13 19:00:00,,3.1,12.3,11.2,258.0,254.0
2025-02-13 20:00:00,,3.3,12.5,11.9,256.0,254.0
2025-02-13 21:00:00,,3.4,12.5,12.3,257.0,254.0
2025-02-13 22:00:00,,3.4,12.4,12.1,257.0,253.0
2025-02-13 23:00:00,,3.3,11.5,11.6,260.0,253.0
2025-02-14 00:00:00,,3.2,11.1,11.1,257.0,252.0
2025-02-14 01:00:00,,3.1,11.0,10.6,257.0,252.0
2025-02-14 02:00:00,,2.9,10.0,10.2,257.0,253.0
2025-02-14 03:00:00,,2.8,8.1,9.5,256.0,253.0
2025-02-14 04:00:00,,2.8,8.0,8.5,257.0,253.0
2025-02-14 05:00:00,,2.8,6.5,7.3,256.0,253.0
2025-02-14 06:00:00,,2.8,6.6,6.5,253.0,253.0
2025-02-14 07:00:00,,2.7,6.5,6.3,248.0,250.0
2025-02-14 08:00:00,,2.5,6.4,6.4,246.0,248.0
2025-02-14 09:00:00,,2.4,6.4,6.5,243.0,244.0
2025-02-14 10:00:00,,2.6,7.5,8.5,248.0,247.0
2025-02-14 11:00:00,,2.6,8.1,8.8,252.0,255.0
2025-02-14 12:00:00,,2.9,9.6,10.0,256.0,256.0
2025-02-14 13:00:00,,3.1,10.1,10.1,256.0,253.0
2025-02-14 14:00:00,,3.1,10.3,10.4,255.0,253.0
2025-02-14 15:00:00,,3.1,9.5,10.1,251.0,250.0
2025-02-14 16:00:00,,2.8,8.9,8.9,248.0,245.0
2025-02-14 17:00:00,,2.4,8.3,7.3,246.0,241.0
2025-02-14 18:00:00,,2.2,6.6,6.1,247.0,236.0
2025-02-14 19:00:00,,2.3,6.5,5.9,246.0,239.0
2025-02-14 20:00:00,,2.5,6.0,6.2,244.0,243.0
2025-02-14 21:00:00,,2.7,6.3,6.4,242.0,246.0
2025-02-14 22:00:00,,2.8,6.3,6.5,245.0,246.0
2025-02-14 23:00:00,,2.8,6.4,6.5,246.0,245.0
2025-02-15 00:00:00,,2.8,6.3,6.5,245.0,245.0
2025-02-15 01:00:00,,2.8,6.3,6.4,243.0,246.0
2025-02-15 02:00:00,,2.8,6.1,6.2,243.0,246.0
2025-02-15 03:00:00,,2.8,5.9,6.0,246.0,247.0
2025-02-15 04:00:00,,2.8,5.6,5.9,244.0,246.0
2025-02-15 05:00:00,,2.7,5.4,5.7,243.0,246.0
2025-02-15 06:00:00,,2.6,5.4,5.6,243.0,245.0
2025-02-15 07:00:00,,2.5,5.5,5.5,245.0,246.0
2025-02-15 08:00:00,,2.4,5.4,5.4,248.0,248.0
2025-02-15 09:00:00,,2.3,5.4,5.5,247.0,252.0
2025-02-15 10:00:00,,1.8,5.3,4.8,249.0,243.0
2025-02-15 11:00:00,,1.7,6.4,4.8,250.0,250.0
2025-02-15 12:00:00,,1.8,8.0,6.9,254.0,249.0
2025-02-15 13:00:00,,2.1,9.0,7.6,251.0,251.0
2025-02-15 14:00:00,,2.3,8.6,8.8,253.0,247.0
2025-02-15 15:00:00,,2.2,7.3,8.3,239.0,249.0
2025-02-15 16:00:00,,2.2,12.1,7.8,257.0,248.0
2025-02-15 17:00:00,,2.1,11.4,6.8,254.0,247.0
2025-02-15 18:00:00,,2.0,7.9,6.0,249.0,246.0
2025-02-15 19:00:00,,2.1,8.1,5.5,250.0,245.0
2025-02-15 20:00:00,,2.2,6.4,5.2,249.0,245.0
2025-02-15 21:00:00,,2.3,5.5,5.0,253.0,244.0
2025-02-15 22:00:00,,2.3,5.8,5.1,249.0,245.0
2025-02-15 23:00:00,,2.3,6.3,5.5,248.0,247.0
2025-02-16 00:00:00,,2.3,6.4,5.8,248.0,248.0
2025-02-16 01:00:00,,2.4,6.6,6.0,246.0,248.0
2025-02-16 02:00:00,,2.5,6.6,6.1,250.0,249.0
2025-02-16 03:00:00,,2.6,7.0,6.3,245.0,249.0
2025-02-16 04:00:00,,2.7,6.9,6.5,243.0,247.0
2025-02-16 05:00:00,,2.8,6.9,6.7,244.0,244.0
2025-02-16 06:00:00,,2.8,7.0,6.8,247.0,242.0
2025-02-16 07:00:00,,2.7,7.3,6.6,248.0,243.0
2025-02-16 08:00:00,,2.5,7.4,6.3,247.0,245.0
2025-02-16 09:00:00,,2.3,7.4,5.9,250.0,250.0
2025-02-16 10:00:00,,2.3,8.0,6.1,249.0,248.0
2025-02-16 11:00:00,,2.1,7.1,6.0,249.0,250.0
2025-02-16 12:00:00,,1.7,7.4,5.9,247.0,255.0
2025-02-16 13:00:00,,1.8,8.4,6.8,251.0,255.0
2025-02-16 14:00:00,,2.1,9.6,8.0,253.0,252.0
2025-02-16 15:00:00,,1.9,10.1,7.6,250.0,256.0
2025-02-16 16:00:00,,2.0,10.6,7.8,248.0,256.0
2025-02-16 17:00:00,,2.2,9.9,7.9,250.0,257.0
2025-02-16 18:00:00,,2.3,9.8,7.9,252.0,257.0
2025-02-16 19:00:00,,2.2,10.4,7.6,248.0,259.0
2025-02-16 20:00:00,,2.0,11.5,7.1,251.0,261.0
2025-02-16 21:00:00,,1.9,12.0,7.1,263.0,263.0
2025-02-16 22:00:00,,2.2,11.8,8.0,270.0,269.0
2025-02-16 23:00:00,,2.7,12.1,9.2,271.0,274.0
2025-02-17 00:00:00,,3.0,12.0,10.1,278.0,280.0
2025-02-17 01:00:00,,3.0,15.4,10.3,276.0,273.0
2025-02-17 02:00:00,,2.9,12.4,10.1,273.0,267.0
2025-02-17 03:00:00,,2.7,11.5,9.4,277.0,260.0
2025-02-17 04:00:00,,2.4,11.1,7.8,276.0,257.0
2025-02-17 05:00:00,,2.1,9.4,5.8,269.0,255.0
2025-02-17 06:00:00,,1.9,9.4,4.8,264.0,252.0
2025-02-17 07:00:00,,1.9,10.0,5.5,261.0,256.0
2025-02-17 08:00:00,,2.1,11.4,7.1,262.0,260.0
2025-02-17 09:00:00,,2.8,12.8,10.0,263.0,262.0
2025-02-17 10:00:00,,3.4,15.4,11.9,272.0,275.0
2025-02-17 11:00:00,,3.9,15.0,13.4,280.0,281.0
2025-02-17 12:00:00,,4.1,13.8,13.6,286.0,282.0
2025-02-17 13:00:00,,4.5,12.6,14.1,289.0,287.0
2025-02-17 14:00:00,,4.5,12.5,13.8,292.0,292.0
2025-02-17 15:00:00,,5.1,15.1,15.1,294.0,297.0
2025-02-17 16:00:00,,4.3,13.6,12.5,297.0,320.0
2025-02-17 17:00:00,,3.0,,8.7,308.0,342.0
2025-02-17 18:00:00,,2.0,,5.6,321.0,5.0
2025-02-17 19:00:00,,1.5,,3.9,309.0,318.0
2025-02-17 20:00:00,,1.4,,3.0,276.0,271.0
2025-02-17 21:00:00,,1.3,,2.5,262.0,224.0
2025-02-17 22:00:00,,1.4,,2.7,260.0,231.0
2025-02-17 23:00:00,,1.5,,3.3,252.0,239.0
2025-02-18 00:00:00,,1.7,,3.8,253.0,246.0
2025-02-18 01:00:00,,1.8,,3.8,252.0,246.0
2025-02-18 02:00:00,,1.9,,3.6,250.0,245.0
2025-02-18 03:00:00,,1.9,,3.4,249.0,245.0
2025-02-18 04:00:00,,1.9,,3.3,250.0,245.0
2025-02-18 05:00:00,,1.8,,3.3,248.0,246.0
2025-02-18 06:00:00,,1.8,,3.5,248.0,246.0
2025-02-18 07:00:00,,1.8,,3.8,250.0,247.0
2025-02-18 08:00:00,,1.8,,4.4,252.0,248.0
2025-02-18 09:00:00,,2.1,,8.5,259.0,254.0
2025-02-18 10:00:00,,2.9,,10.8,270.0,266.0
2025-02-18 11:00:00,,3.4,,12.1,277.0,273.0
2025-02-18 12:00:00,,3.6,,12.8,277.0,278.0
2025-02-18 13:00:00,,3.7,,13.0,277.0,280.0
2025-02-18 14:00:00,,3.8,,12.8,280.0,281.0
2025-02-18 15:00:00,,3.7,,12.6,280.0,281.0
2025-02-18 16:00:00,,3.6,,12.1,279.0,280.0
2025-02-18 17:00:00,,3.4,,11.3,281.0,280.0
2025-02-18 18:00:00,,3.1,,10.3,278.0,279.0
2025-02-18 19:00:00,,2.6,,8.7,272.0,268.0
2025-02-18 20:00:00,,2.1,,6.8,269.0,258.0
2025-02-18 21:00:00,,1.7,,5.4,259.0,247.0
2025-02-18 22:00:00,,1.7,,4.9,251.0,247.0
2025-02-18 23:00:00,,1.8,,4.9,245.0,246.0
2025-02-19 00:00:00,,1.9,,4.9,248.0,246.0
2025-02-19 01:00:00,,1.9,,4.9,249.0,247.0
2025-02-19 02:00:00,,2.0,,4.9,251.0,247.0
2025-02-19 03:00:00,,2.0,,5.0,249.0,248.0
2025-02-19 04:00:00,,2.0,,5.0,250.0,248.0
2025-02-19 05:00:00,,2.1,,5.1,251.0,248.0
2025-02-19 06:00:00,,2.1,,5.4,252.0,248.0
2025-02-19 07:00:00,,2.1,,5.9,252.0,249.0
2025-02-19 08:00:00,,2.2,,6.7,252.0,250.0
2025-02-19 09:00:00,,2.2,,7.0,253.0,253.0
2025-02-19 10:00:00,,2.3,,8.1,261.0,259.0
2025-02-19 11:00:00,,2.7,,9.6,269.0,267.0
2025-02-19 12:00:00,,2.8,,10.0,274.0,273.0
2025-02-19 13:00:00,,2.8,,10.1,278.0,275.0
2025-02-19 14:00:00,,2.9,,10.3,278.0,276.0
2025-02-19 15:00:00,,3.0,,10.3,277.0,275.0
2025-02-19 16:00:00,,2.7,,9.2,275.0,273.0
2025-02-19 17:00:00,,2.2,,7.7,275.0,272.0
2025-02-19 18:00:00,,1.8,,6.4,275.0,270.0
2025-02-19 19:00:00,,1.6,,5.5,262.0,261.0
2025-02-19 20:00:00,,1.5,,4.8,261.0,252.0
2025-02-19 21:00:00,,1.5,,4.3,263.0,243.0
2025-02-19 22:00:00,,1.6,,4.1,258.0,242.0
2025-02-19 23:00:00,,1.7,,4.0,249.0,241.0
2025-02-20 00:00:00,,1.8,,4.0,243.0,240.0
2025-02-20 01:00:00,,1.8,,4.0,245.0,243.0
2025-02-20 02:00:00,,1.9,,4.0,247.0,246.0
2025-02-20 03:00:00,,1.9,,4.1,249.0,249.0
2025-02-20 04:00:00,,2.0,,4.3,248.0,249.0
2025-02-20 05:00:00,,2.1,,4.5,247.0,248.0
2025-02-20 06:00:00,,2.2,,4.9,250.0,248.0
2025-02-20 07:00:00,,2.3,,5.6,249.0,248.0
2025-02-20 08:00:00,,2.3,,6.4,250.0,249.0
2025-02-20 09:00:00,,2.3,,7.3,249.0,253.0
2025-02-20 10:00:00,,2.3,,8.1,255.0,257.0
2025-02-20 11:00:00,,2.6,,9.5,264.0,263.0
2025-02-20 12:00:00,,2.7,,10.0,269.0,269.0
2025-02-20 13:00:00,,2.9,,10.8,276.0,273.0
2025-02-20 14:00:00,,2.9,,10.4,277.0,277.0
2025-02-20 15:00:00,,2.8,,9.8,279.0,279.0
2025-02-20 16:00:00,,2.8,,9.7,281.0,279.0
2025-02-20 17:00:00,,2.7,,9.5,286.0,278.0
2025-02-20 18:00:00,,2.6,,8.9,287.0,278.0
2025-02-20 19:00:00,,2.3,,7.4,268.0,272.0
2025-02-20 20:00:00,,1.9,,5.5,272.0,266.0
2025-02-20 21:00:00,,1.6,,4.1,270.0,260.0
2025-02-20 22:00:00,,1.6,,3.7,265.0,256.0
2025-02-20 23:00:00,,1.7,,3.9,251.0,253.0
2025-02-21 00:00:00,,1.8,,4.1,247.0,249.0
2025-02-21 01:00:00,,1.8,,4.0,249.0,249.0
2025-02-21 02:00:00,,1.9,,4.0,245.0,249.0
2025-02-21 03:00:00,,1.9,,4.0,248.0,249.0
2025-02-21 04:00:00,,2.0,,4.1,250.0,249.0
2025-02-21 05:00:00,,2.0,,4.2,251.0,250.0
2025-02-21 06:00:00,,2.1,,4.6,250.0,250.0
2025-02-21 07:00:00,,2.2,,5.2,249.0,250.0
2025-02-21 08:00:00,,2.3,,6.1,249.0,251.0
2025-02-21 09:00:00,,2.4,,7.5,252.0,250.0
2025-02-21 10:00:00,,2.3,,7.6,257.0,255.0
2025-02-21 11:00:00,,2.4,,8.5,263.0,263.0
2025-02-21 12:00:00,,2.5,,9.5,269.0,268.0
2025-02-21 13:00:00,,2.8,,10.4,274.0,274.0
2025-02-21 14:00:00,,3.9,,13.3,279.0,280.0
2025-02-21 15:00:00,,4.3,,13.6,281.0,281.0
2025-02-21 16:00:00,,4.4,,13.3,280.0,279.0
2025-02-21 17:00:00,,4.2,,12.2,278.0,278.0
2025-02-21 18:00:00,,3.9,,11.0,276.0,276.0
2025-02-21 19:00:00,,3.3,,9.6,264.0,269.0
2025-02-21 20:00:00,,2.6,,8.0,262.0,261.0
2025-02-21 21:00:00,,2.0,,6.8,261.0,254.0
2025-02-21 22:00:00,,1.8,,6.4,260.0,256.0
2025-02-21 23:00:00,,1.8,,6.5,260.0,259.0
2025-02-22 00:00:00,,1.9,,6.6,271.0,261.0
2025-02-22 01:00:00,,2.0,,6.6,276.0,257.0
2025-02-22 02:00:00,,2.1,,6.6,275.0,252.0
2025-02-22 03:00:00,,2.2,,6.5,262.0,248.0
2025-02-22 04:00:00,,2.2,,6.2,248.0,248.0
2025-02-22 05:00:00,,2.2,,5.9,247.0,249.0
2025-02-22 06:00:00,,2.2,,5.8,247.0,249.0
2025-02-22 07:00:00,,2.3,,6.0,249.0,249.0
2025-02-22 08:00:00,,2.3,,6.5,251.0,250.0
2025-02-22 09:00:00,,1.9,,6.1,249.0,248.0
2025-02-22 10:00:00,,1.8,,6.6,259.0,262.0
2025-02-22 11:00:00,,1.8,,7.0,262.0,264.0
2025-02-22 12:00:00,,2.3,,9.0,262.0,262.0
2025-02-22 13:00:00,,2.9,,10.5,265.0,264.0
2025-02-22 14:00:00,,3.3,,11.3,274.0,271.0
2025-02-22 15:00:00,,3.1,,10.4,278.0,276.0
2025-02-22 16:00:00,,3.5,,10.8,276.0,275.0
2025-02-22 17:00:00,,4.0,,11.2,276.0,274.0
2025-02-22 18:00:00,,4.1,,10.9,271.0,273.0
2025-02-22 19:00:00,,3.6,,9.5,256.0,264.0
2025-02-22 20:00:00,,2.7,,7.4,251.0,256.0
2025-02-22 21:00:00,,2.1,,6.0,247.0,247.0
2025-02-22 22:00:00,,1.9,,5.6,244.0,251.0
2025-02-22 23:00:00,,2.0,,5.9,247.0,254.0
2025-02-23 00:00:00,,2.1,,6.3,252.0,258.0
2025-02-23 01:00:00,,2.2,,7.0,253.0,257.0
2025-02-23 02:00:00,,2.4,,7.8,255.0,257.0
2025-02-23 03:00:00,,2.5,,8.5,255.0,256.0
2025-02-23 04:00:00,,2.6,,8.8,256.0,255.0
2025-02-23 05:00:00,,2.7,,9.0,255.0,255.0
2025-02-23 06:00:00,,2.7,,9.1,255.0,254.0
2025-02-23 07:00:00,,2.7,,9.2,254.0,254.0
2025-02-23 08:00:00,,2.7,,9.3,255.0,254.0
2025-02-23 09:00:00,,2.6,,9.3,260.0,255.0
2025-02-23 10:00:00,,3.1,,11.1,266.0,262.0
2025-02-23 11:00:00,,3.4,,11.9,271.0,269.0
2025-02-23 12:00:00,,3.4,,11.9,275.0,274.0
2025-02-23 13:00:00,,3.7,,12.3,279.0,279.0
2025-02-23 14:00:00,,4.9,,14.4,284.0,284.0
2025-02-23 15:00:00,,4.6,,13.5,287.0,288.0
2025-02-23 16:00:00,,4.3,,12.5,289.0,286.0
2025-02-23 17:00:00,,3.8,,10.8,291.0,285.0
2025-02-23 18:00:00,,3.2,,9.1,288.0,283.0
2025-02-23 19:00:00,,2.6,,7.6,278.0,271.0
2025-02-23 20:00:00,,2.1,,6.1,265.0,259.0
2025-02-23 21:00:00,,1.7,,5.1,258.0,247.0
2025-02-23 22:00:00,,1.6,,4.8,252.0,246.0
2025-02-23 23:00:00,,1.8,,5.0,246.0,244.0
2025-02-24 00:00:00,,1.9,,5.1,244.0,243.0
2025-02-24 01:00:00,,2.0,,5.0,248.0,245.0
2025-02-24 02:00:00,,2.0,,4.8,249.0,247.0
2025-02-24 03:00:00,,2.1,,4.8,248.0,249.0
2025-02-24 04:00:00,,2.2,,4.9,250.0,249.0
2025-02-24 05:00:00,,2.2,,5.1,250.0,248.0
2025-02-24 06:00:00,,2.3,,5.5,249.0,248.0
2025-02-24 07:00:00,,2.4,,6.1,250.0,248.0
2025-02-24 08:00:00,,2.5,,6.9,249.0,249.0
2025-02-24 09:00:00,,2.6,,7.5,252.0,250.0
2025-02-24 10:00:00,,2.5,,8.3,252.0,252.0
2025-02-24 11:00:00,,2.8,,9.6,258.0,256.0
2025-02-24 12:00:00,,2.8,,9.5,258.0,256.0
2025-02-24 13:00:00,,2.6,,9.6,259.0,260.0
2025-02-24 14:00:00,,2.8,,9.6,267.0,266.0
2025-02-24 15:00:00,,2.6,,9.4,275.0,273.0
2025-02-24 16:00:00,,2.5,,8.8,276.0,270.0
2025-02-24 17:00:00,,2.4,,7.9,274.0,268.0
2025-02-24 18:00:00,,2.3,,7.1,269.0,265.0
2025-02-24 19:00:00,,2.3,,6.5,247.0,258.0
2025-02-24 20:00:00,,2.3,,6.1,245.0,252.0
2025-02-24 21:00:00,,2.4,,6.0,245.0,245.0
2025-02-24 22:00:00,,2.5,,6.5,244.0,246.0
2025-02-24 23:00:00,,2.7,,7.4,246.0,246.0
2025-02-25 00:00:00,,2.8,,8.1,246.0,247.0
2025-02-25 01:00:00,,2.9,,8.5,246.0,248.0
2025-02-25 02:00:00,,2.9,,8.9,246.0,248.0
2025-02-25 03:00:00,,2.9,,9.0,247.0,249.0
2025-02-25 04:00:00,,2.9,,8.8,248.0,248.0
2025-02-25 05:00:00,,3.0,,8.5,248.0,247.0
2025-02-25 06:00:00,,3.0,,8.4,246.0,246.0
2025-02-25 07:00:00,,3.1,,8.8,247.0,246.0
2025-02-25 08:00:00,,3.2,,9.4,245.0,247.0
2025-02-25 09:00:00,,2.9,,9.4,248.0,246.0
2025-02-25 10:00:00,,3.4,,11.0,252.0,249.0
2025-02-25 11:00:00,,3.3,,10.6,254.0,250.0
2025-02-25 12:00:00,,3.5,,12.0,251.0,248.0
2025-02-25 13:00:00,,3.7,,12.9,247.0,250.0
2025-02-25 14:00:00,,4.5,,14.1,253.0,253.0
2025-02-25 15:00:00,,4.8,,16.0,249.0,253.0
2025-02-25 16:00:00,,5.6,,17.8,254.0,254.0
2025-02-25 17:00:00,,6.6,,19.6,254.0,254.0
2025-02-25 18:00:00,6.9,7.1,,20.5,254.0,255.0
2025-02-25 19:00:00,5.9,6.8,,19.8,254.0,255.0
2025-02-25 20:00:00,5.8,6.0,,18.1,258.0,255.0
2025-02-25 21:00:00,6.1,5.4,,17.0,256.0,255.0
2025-02-25 22:00:00,5.7,5.3,,17.1,258.0,258.0
2025-02-25 23:00:00,6.2,5.4,,17.8,260.0,262.0
2025-02-26 00:00:00,5.6,5.3,,17.8,261.0,265.0
2025-02-26 01:00:00,5.1,4.8,,16.7,265.0,267.0
2025-02-26 02:00:00,4.6,4.1,,15.0,267.0,270.0
2025-02-26 03:00:00,4.0,3.4,,13.3,271.0,272.0
2025-02-26 04:00:00,3.6,2.9,,11.6,272.0,269.0
2025-02-26 05:00:00,2.8,2.4,,9.8,274.0,267.0
2025-02-26 06:00:00,2.3,2.0,,8.4,268.0,264.0
2025-02-26 07:00:00,1.9,1.8,,7.4,255.0,260.0
2025-02-26 08:00:00,2.1,1.8,,6.9,252.0,257.0
2025-02-26 09:00:00,2.6,1.9,,7.4,259.0,254.0
2025-02-26 10:00:00,3.2,2.2,,8.4,264.0,258.0
2025-02-26 11:00:00,3.8,2.5,,9.5,269.0,260.0
2025-02-26 12:00:00,4.1,2.8,,10.1,273.0,263.0
2025-02-26 13:00:00,4.3,3.1,,11.0,277.0,270.0
2025-02-26 14:00:00,4.3,3.2,,11.0,277.0,275.0
2025-02-26 15:00:00,4.4,3.0,,10.3,275.0,275.0
2025-02-26 16:00:00,5.3,3.5,,11.1,275.0,273.0
2025-02-26 17:00:00,5.3,4.1,,12.2,271.0,270.0
2025-02-26 18:00:00,3.4,4.4,,12.6,262.0,268.0
2025-02-26 19:00:00,3.1,3.9,,11.7,253.0,262.0
2025-02-26 20:00:00,3.0,3.0,,10.1,250.0,255.0
2025-02-26 21:00:00,2.9,2.4,,9.0,254.0,249.0
2025-02-26 22:00:00,2.9,2.3,,8.9,257.0,249.0
2025-02-26 23:00:00,2.8,2.5,,9.1,258.0,250.0
2025-02-27 00:00:00,2.7,2.7,,9.3,260.0,250.0
2025-02-27 01:00:00,2.4,2.7,,9.0,258.0,250.0
2025-02-27 02:00:00,2.5,2.6,,8.6,255.0,251.0
2025-02-27 03:00:00,2.5,2.6,,8.4,252.0,251.0
2025-02-27 04:00:00,2.4,2.7,,8.6,252.0,252.0
2025-02-27 05:00:00,2.6,2.8,,8.9,249.0,252.0
2025-02-27 06:00:00,2.7,2.9,,9.1,242.0,253.0
2025-02-27 07:00:00,2.6,2.8,,8.8,245.0,252.0
2025-02-27 08:00:00,2.3,2.7,,8.3,245.0,250.0
2025-02-27 09:00:00,2.1,2.1,,6.4,246.0,249.0
2025-02-27 10:00:00,2.7,2.4,,8.5,246.0,250.0
2025-02-27 11:00:00,2.9,2.8,,9.8,245.0,250.0
2025-02-27 12:00:00,2.8,2.9,,10.3,242.0,245.0
2025-02-27 13:00:00,3.0,2.9,,10.3,239.0,243.0
2025-02-27 14:00:00,2.6,2.9,,10.4,237.0,239.0
2025-02-27 15:00:00,2.8,2.6,,9.4,248.0,239.0
2025-02-27 16:00:00,2.5,2.3,,8.1,246.0,234.0
2025-02-27 17:00:00,1.8,1.9,,6.5,242.0,230.0
2025-02-27 18:00:00,1.6,1.7,,5.3,238.0,225.0
2025-02-27 19:00:00,1.9,1.8,,5.0,240.0,227.0
2025-02-27 20:00:00,2.1,2.1,,5.1,236.0,229.0
2025-02-27 21:00:00,2.0,2.3,,5.3,241.0,231.0
2025-02-27 22:00:00,1.8,2.4,,5.6,247.0,235.0
2025-02-27 23:00:00,2.1,2.4,,6.0,246.0,239.0
2025-02-28 00:00:00,2.4,2.4,,6.3,246.0,243.0
2025-02-28 01:00:00,2.5,2.5,,6.4,243.0,244.0
2025-02-28 02:00:00,2.3,2.5,,6.3,243.0,246.0
2025-02-28 03:00:00,2.5,2.5,,6.1,241.0,247.0
2025-02-28 04:00:00,2.2,2.4,,5.5,240.0,248.0
2025-02-28 05:00:00,2.3,2.2,,4.8,240.0,248.0
2025-02-28 06:00:00,2.2,2.1,,4.4,243.0,249.0
2025-02-28 07:00:00,2.3,2.0,,4.5,244.0,248.0
2025-02-28 08:00:00,2.1,1.8,,4.9,244.0,246.0
2025-02-28 09:00:00,1.8,1.6,,5.1,243.0,239.0
2025-02-28 10:00:00,2.1,1.8,,7.3,257.0,246.0
2025-02-28 11:00:00,2.7,2.5,,9.9,261.0,253.0
2025-02-28 12:00:00,3.4,3.4,,12.4,264.0,258.0
2025-02-28 13:00:00,2.9,3.4,,12.5,265.0,260.0
2025-02-28 14:00:00,2.9,3.3,,10.6,261.0,259.0
2025-02-28 15:00:00,2.9,3.3,,10.1,257.0,259.0
2025-02-28 16:00:00,2.6,2.8,,8.3,262.0,253.0
2025-02-28 17:00:00,2.1,2.0,,6.1,262.0,248.0
2025-02-28 18:00:00,2.1,1.6,,4.5,254.0,242.0
2025-02-28 19:00:00,1.9,1.7,,4.1,253.0,241.0
2025-02-28 20:00:00,2.2,2.0,,4.3,249.0,239.0
2025-02-28 21:00:00,2.4,2.4,,5.5,246.0,245.0
2025-02-28 22:00:00,2.6,2.6,,6.1,247.0,245.0
2025-02-28 23:00:00,2.7,2.8,,6.4,248.0,247.0
2025-03-01 00:00:00,2.8,2.8,,6.5,247.0,248.0
2025-03-01 01:00:00,2.9,2.8,,6.4,248.0,248.0
2025-03-01 02:00:00,3.1,2.7,,6.4,245.0,246.0
2025-03-01 03:00:00,2.7,2.7,,6.4,245.0,246.0
2025-03-01 04:00:00,2.8,2.7,,6.3,245.0,247.0
2025-03-01 05:00:00,3.0,2.7,,6.1,244.0,247.0
2025-03-01 06:00:00,2.8,2.6,,5.9,244.0,248.0
2025-03-01 07:00:00,2.8,2.5,,5.7,244.0,248.0
2025-03-01 08:00:00,2.4,2.3,,5.4,246.0,249.0
2025-03-01 09:00:00,1.8,2.1,,5.0,242.0,248.0
2025-03-01 10:00:00,0.9,1.5,,4.1,244.0,249.0
2025-03-01 11:00:00,0.4,1.3,,4.9,245.0,257.0
2025-03-01 12:00:00,0.8,1.5,,6.5,248.0,270.0
2025-03-01 13:00:00,1.3,2.1,,8.3,247.0,267.0
2025-03-01 14:00:00,1.0,2.5,,9.6,268.0,262.0
2025-03-01 15:00:00,1.1,2.3,,9.0,243.0,259.0
2025-03-01 16:00:00,1.6,2.1,,7.4,260.0,255.0
2025-03-01 17:00:00,2.3,1.6,,4.9,261.0,251.0
2025-03-01 18:00:00,1.6,1.3,,3.0,227.0,247.0
2025-03-01 19:00:00,1.4,1.3,,2.6,231.0,248.0
2025-03-01 20:00:00,1.3,1.4,,2.8,236.0,249.0
2025-03-01 21:00:00,1.8,1.3,,4.4,241.0,232.0
2025-03-01 22:00:00,1.8,1.6,,4.0,233.0,242.0
2025-03-01 23:00:00,1.6,1.6,,3.5,250.0,248.0
2025-03-02 00:00:00,1.7,1.6,,3.1,235.0,257.0
2025-03-02 01:00:00,2.0,1.7,,3.3,250.0,231.0
2025-03-02 02:00:00,1.6,2.1,,3.8,258.0,238.0
2025-03-02 03:00:00,2.1,2.2,,3.8,245.0,239.0
2025-03-02 04:00:00,2.1,2.1,,3.6,248.0,243.0
2025-03-02 05:00:00,1.8,1.8,,3.1,252.0,247.0
2025-03-02 06:00:00,1.6,1.5,,2.9,253.0,251.0
2025-03-02 07:00:00,1.1,1.2,,2.8,264.0,304.0
2025-03-02 08:00:00,0.6,0.9,,2.8,326.0,356.0
2025-03-02 09:00:00,0.9,0.9,,3.3,28.0,64.0
2025-03-02 10:00:00,2.1,2.2,,6.4,30.0,39.0
2025-03-02 11:00:00,3.0,2.8,,7.8,25.0,33.0
2025-03-02 12:00:00,3.9,3.4,,9.5,23.0,31.0
2025-03-02 13:00:00,3.8,2.8,,7.6,31.0,31.0
2025-03-02 14:00:00,3.4,3.0,,9.3,35.0,39.0
2025-03-02 15:00:00,2.9,2.7,,8.5,46.0,45.0
2025-03-02 16:00:00,2.8,2.6,,8.5,41.0,46.0
2025-03-02 17:00:00,3.3,2.7,,8.7,39.0,48.0
2025-03-02 18:00:00,3.4,2.7,,8.9,41.0,49.0
2025-03-02 19:00:00,2.8,2.7,,9.1,43.0,48.0
2025-03-02 20:00:00,3.1,2.8,,9.2,45.0,48.0
2025-03-02 21:00:00,3.1,3.6,,11.6,45.0,50.0
2025-03-02 22:00:00,3.3,3.3,,11.1,42.0,52.0
2025-03-02 23:00:00,3.6,3.1,,10.8,42.0,56.0
2025-03-03 00:00:00,3.7,2.9,,9.9,44.0,51.0
2025-03-03 01:00:00,3.6,2.8,,9.9,40.0,53.0
2025-03-03 02:00:00,3.6,3.1,,10.6,44.0,51.0
2025-03-03 03:00:00,3.3,3.5,,11.3,47.0,48.0
2025-03-03 04:00:00,3.1,3.5,,11.5,50.0,50.0
2025-03-03 05:00:00,3.6,3.4,,11.7,44.0,53.0
2025-03-03 06:00:00,4.5,3.4,,12.0,42.0,55.0
2025-03-03 07:00:00,4.4,3.7,,12.8,44.0,54.0
2025-03-03 08:00:00,4.3,4.1,,13.8,46.0,53.0
2025-03-03 09:00:00,3.9,4.9,,16.0,46.0,50.0
2025-03-03 10:00:00,4.5,4.8,,15.0,45.0,46.0
2025-03-03 11:00:00,5.5,4.6,,14.4,45.0,46.0
2025-03-03 12:00:00,6.1,4.3,,13.6,45.0,47.0
2025-03-03 13:00:00,5.6,3.6,,11.8,46.0,47.0
2025-03-03 14:00:00,6.1,3.6,,11.5,48.0,45.0
2025-03-03 15:00:00,5.5,3.7,,12.0,48.0,44.0
2025-03-03 16:00:00,4.6,3.6,,11.8,50.0,45.0
2025-03-03 17:00:00,3.9,3.4,,11.6,46.0,47.0
2025-03-03 18:00:00,3.5,3.3,,11.3,48.0,48.0
2025-03-03 19:00:00,2.9,3.1,,10.6,52.0,48.0
2025-03-03 20:00:00,2.6,2.8,,9.6,53.0,48.0
2025-03-03 21:00:00,2.8,2.6,,8.9,51.0,51.0
2025-03-03 22:00:00,2.8,2.4,,8.8,49.0,53.0
2025-03-03 23:00:00,2.6,2.4,,8.6,51.0,55.0
2025-03-04 00:00:00,2.4,2.3,,8.5,54.0,52.0
2025-03-04 01:00:00,2.6,2.3,,8.6,55.0,52.0
2025-03-04 02:00:00,2.8,2.6,,9.0,53.0,51.0
2025-03-04 03:00:00,2.6,2.4,,8.8,56.0,56.0
2025-03-04 04:00:00,2.8,2.4,,9.2,57.0,56.0
2025-03-04 05:00:00,2.8,2.5,,9.7,57.0,56.0
2025-03-04 06:00:00,2.9,2.6,,10.3,58.0,56.0
2025-03-04 07:00:00,3.2,2.8,,11.0,62.0,60.0
2025-03-04 08:00:00,3.3,2.9,,11.8,63.0,64.0
2025-03-04 09:00:00,3.4,2.8,,10.8,62.0,62.0
2025-03-04 10:00:00,3.1,3.1,,10.9,63.0,56.0
2025-03-04 11:00:00,3.6,3.3,,11.6,64.0,62.0
2025-03-04 12:00:00,3.1,3.0,,11.0,61.0,60.0
2025-03-04 13:00:00,3.0,2.8,,10.0,59.0,61.0
2025-03-04 14:00:00,2.8,2.9,,10.5,57.0,61.0
2025-03-04 15:00:00,2.4,2.8,,10.0,53.0,62.0
2025-03-04 16:00:00,2.4,2.7,,9.7,46.0,60.0
2025-03-04 17:00:00,2.6,2.6,,9.5,46.0,58.0
2025-03-04 18:00:00,2.2,2.6,,9.4,43.0,56.0
2025-03-04 19:00:00,2.1,2.7,,9.7,47.0,56.0
2025-03-04 20:00:00,1.8,2.8,,10.2,46.0,56.0
2025-03-04 21:00:00,1.9,3.3,,10.9,42.0,49.0
2025-03-04 22:00:00,1.7,3.3,,11.1,41.0,52.0
2025-03-04 23:00:00,1.9,2.3,,8.5,39.0,55.0
2025-03-05 00:00:00,2.0,2.0,,7.4,39.0,54.0
2025-03-05 01:00:00,2.3,2.3,,7.8,40.0,43.0
2025-03-05 02:00:00,2.6,1.9,,6.6,37.0,46.0
2025-03-05 03:00:00,1.8,1.9,,6.9,30.0,46.0
2025-03-05 04:00:00,2.1,1.8,,6.5,26.0,43.0
2025-03-05 05:00:00,1.8,1.8,,6.1,26.0,40.0
2025-03-05 06:00:00,1.9,1.8,,6.0,33.0,37.0
2025-03-05 07:00:00,2.2,2.0,,6.5,34.0,39.0
2025-03-05 08:00:00,1.9,2.2,,7.3,32.0,40.0
2025-03-05 09:00:00,2.4,2.4,,8.0,30.0,42.0
2025-03-05 10:00:00,2.6,2.6,,8.3,28.0,39.0
2025-03-05 11:00:00,2.6,2.8,,8.4,22.0,37.0
2025-03-05 12:00:00,2.6,2.9,,8.5,17.0,34.0
2025-03-05 13:00:00,2.8,3.0,,8.7,15.0,27.0
2025-03-05 14:00:00,2.9,3.0,,8.8,10.0,20.0
2025-03-05 15:00:00,3.2,2.9,,8.9,7.0,13.0
2025-03-05 16:00:00,2.9,2.8,,8.8,3.0,11.0
2025-03-05 17:00:00,2.3,2.6,,8.6,1.0,8.0
2025-03-05 18:00:00,1.9,2.4,,8.4,357.0,6.0
2025-03-05 19:00:00,,2.4,5.5,8.3,,8.0
2025-03-05 20:00:00,,2.4,4.9,8.2,,10.0
2025-03-05 21:00:00,,1.1,2.6,4.5,,321.0
2025-03-05 22:00:00,,0.7,1.4,2.8,,278.0
2025-03-05 23:00:00,,0.7,1.0,2.3,,251.0
2025-03-06 00:00:00,,0.6,1.0,2.6,,277.0
2025-03-06 01:00:00,,0.8,1.1,3.0,,291.0
2025-03-06 02:00:00,,0.8,1.1,3.6,,275.0
2025-03-06 03:00:00,,0.8,2.0,3.5,,261.0
2025-03-06 04:00:00,,0.9,3.4,3.2,,266.0
2025-03-06 05:00:00,,1.0,4.9,2.7,,272.0
2025-03-06 06:00:00,,1.1,5.3,2.3,,277.0
2025-03-06 07:00:00,,1.1,4.9,2.1,,272.0
2025-03-06 08:00:00,,1.0,4.8,2.1,,268.0
2025-03-06 09:00:00,,1.2,4.0,2.5,,250.0
2025-03-06 10:00:00,,1.0,2.9,3.9,,315.0
2025-03-06 11:00:00,,1.7,5.0,6.0,,1.0
2025-03-06 12:00:00,,2.1,7.3,6.9,,15.0
2025-03-06 13:00:00,,2.3,9.1,7.8,,18.0
2025-03-06 14:00:00,,2.6,9.5,8.3,,29.0
2025-03-06 15:00:00,,2.4,9.1,8.3,,29.0
2025-03-06 16:00:00,,2.3,8.4,7.7,,28.0
2025-03-06 17:00:00,,2.0,5.5,6.6,,27.0
2025-03-06 18:00:00,,1.7,3.6,5.4,,26.0
2025-03-06 19:00:00,,1.3,1.5,3.8,,331.0
2025-03-06 20:00:00,,0.9,1.6,2.1,,275.0
2025-03-06 21:00:00,,1.0,1.4,1.5,,222.0
2025-03-06 22:00:00,,1.2,2.3,1.8,,239.0
2025-03-06 23:00:00,,1.4,3.8,2.3,,236.0
2025-03-07 00:00:00,,1.8,3.5,2.9,,235.0
2025-03-07 01:00:00,,2.1,3.4,3.4,,243.0
2025-03-07 02:00:00,,2.1,3.5,3.3,,246.0
2025-03-07 03:00:00,,2.3,2.8,3.6,,236.0
2025-03-07 04:00:00,,2.5,3.1,4.1,,236.0
2025-03-07 05:00:00,,2.7,3.4,4.7,,236.0
2025-03-07 06:00:00,,2.7,3.5,5.0,,236.0
2025-03-07 07:00:00,,2.4,3.8,4.8,,232.0
2025-03-07 08:00:00,,1.9,4.6,4.2,,229.0
2025-03-07 09:00:00,,1.2,4.0,3.6,,228.0
2025-03-07 10:00:00,,0.9,4.9,4.1,,184.0
2025-03-07 11:00:00,,0.8,4.0,4.1,,151.0
2025-03-07 12:00:00,,0.5,5.0,4.6,,120.0
2025-03-07 13:00:00,,0.4,6.0,5.0,,152.0
2025-03-07 14:00:00,,0.9,6.1,5.6,,122.0
2025-03-07 15:00:00,,1.3,7.0,6.8,,109.0
2025-03-07 16:00:00,,1.6,7.5,6.6,,110.0
2025-03-07 17:00:00,,2.0,5.9,6.0,,111.0
2025-03-07 18:00:00,,2.1,4.1,5.3,,112.0
2025-03-07 19:00:00,,1.9,3.6,4.3,,127.0
2025-03-07 20:00:00,,1.5,4.1,3.3,,141.0
2025-03-07 21:00:00,,1.8,2.5,3.3,,171.0
2025-03-07 22:00:00,,2.1,4.0,4.6,,205.0
2025-03-07 23:00:00,,2.2,5.8,5.0,,211.0
2025-03-08 00:00:00,,2.4,5.8,6.3,,208.0
2025-03-08 01:00:00,,2.1,5.8,5.6,,218.0
2025-03-08 02:00:00,,2.1,6.1,5.6,,223.0
2025-03-08 03:00:00,,1.9,6.8,5.4,,220.0
2025-03-08 04:00:00,,1.6,5.6,4.7,,221.0
2025-03-08 05:00:00,,1.3,4.5,4.0,,222.0
2025-03-08 06:00:00,,1.1,4.3,3.5,,223.0
2025-03-08 07:00:00,,0.9,4.3,3.3,,223.0
2025-03-08 08:00:00,,0.9,3.4,3.4,,224.0
2025-03-08 09:00:00,,1.0,3.3,3.5,,230.0
2025-03-08 10:00:00,,2.2,8.1,7.9,,234.0
2025-03-08 11:00:00,,3.3,10.0,10.8,,245.0
2025-03-08 12:00:00,,3.7,9.6,11.4,,254.0
2025-03-08 13:00:00,,4.4,7.6,12.4,,254.0
2025-03-08 14:00:00,,4.4,10.1,12.1,,256.0
2025-03-08 15:00:00,,4.4,6.3,11.8,,261.0
2025-03-08 16:00:00,,4.1,7.0,10.8,,260.0
2025-03-08 17:00:00,,3.5,7.0,9.4,,258.0
2025-03-08 18:00:00,,2.9,5.4,8.0,,257.0
2025-03-08 19:00:00,,2.3,4.1,6.6,,254.0
2025-03-08 20:00:00,,1.8,3.5,5.3,,251.0
2025-03-08 21:00:00,,1.7,3.4,3.8,,243.0
2025-03-08 22:00:00,,1.8,3.6,3.8,,245.0
2025-03-08 23:00:00,,2.0,4.5,3.8,,247.0
2025-03-09 00:00:00,,2.1,4.4,3.8,,249.0
2025-03-09 01:00:00,,2.1,4.3,4.0,,245.0
2025-03-09 02:00:00,,2.3,4.4,4.4,,243.0
2025-03-09 03:00:00,,2.4,4.6,4.8,,244.0
2025-03-09 04:00:00,,2.6,5.3,5.1,,244.0
2025-03-09 05:00:00,,2.8,5.9,5.4,,245.0
2025-03-09 06:00:00,,2.8,6.1,5.5,,245.0
2025-03-09 07:00:00,,2.6,6.1,5.4,,245.0
2025-03-09 08:00:00,,2.3,5.8,5.3,,246.0
2025-03-09 09:00:00,,2.1,5.4,5.3,,245.0
2025-03-09 10:00:00,,1.4,5.4,4.9,,251.0
2025-03-09 11:00:00,,0.8,4.4,4.3,,294.0
2025-03-09 12:00:00,,1.0,4.5,4.9,,326.0
2025-03-09 13:00:00,,1.3,4.8,5.5,,343.0
2025-03-09 14:00:00,,1.1,4.8,5.4,,13.0
2025-03-09 15:00:00,,1.3,4.3,5.4,,42.0
2025-03-09 16:00:00,,1.3,3.3,4.6,,64.0
2025-03-09 17:00:00,,1.3,3.4,3.4,,86.0
2025-03-09 18:00:00,,1.3,2.6,2.6,,108.0
2025-03-09 19:00:00,,1.4,1.4,2.6,,150.0
2025-03-09 20:00:00,,1.6,2.1,2.9,,193.0
2025-03-09 21:00:00,,1.9,4.0,3.3,,225.0
2025-03-09 22:00:00,,2.6,4.3,4.5,,230.0
2025-03-09 23:00:00,,2.8,3.9,5.0,,236.0
2025-03-10 00:00:00,,2.6,4.5,4.9,,241.0
2025-03-10 01:00:00,,2.6,4.8,5.0,,241.0
2025-03-10 02:00:00,,2.6,4.8,5.1,,240.0
2025-03-10 03:00:00,,2.5,4.8,5.0,,242.0
2025-03-10 04:00:00,,2.5,4.8,5.0,,243.0
2025-03-10 05:00:00,,2.5,4.9,5.1,,243.0
2025-03-10 06:00:00,,2.5,5.0,5.0,,244.0
2025-03-10 07:00:00,,2.3,5.1,4.7,,241.0
2025-03-10 08:00:00,,2.0,4.9,4.3,,237.0
2025-03-10 09:00:00,,1.9,4.4,4.4,,233.0
2025-03-10 10:00:00,,1.1,3.4,4.1,,231.0
2025-03-10 11:00:00,,1.8,6.5,6.4,,228.0
2025-03-10 12:00:00,,2.1,7.0,7.4,,232.0
2025-03-10 13:00:00,,2.9,10.3,9.4,,240.0
2025-03-10 14:00:00,,3.3,10.8,10.3,,242.0
2025-03-10 15:00:00,,3.5,10.1,10.5,,244.0
2025-03-10 16:00:00,,3.1,9.1,8.9,,235.0
2025-03-10 17:00:00,,2.3,6.5,6.4,,225.0
2025-03-10 18:00:00,,1.7,5.0,4.4,,216.0
2025-03-10 19:00:00,,1.6,3.9,3.8,,221.0
2025-03-10 20:00:00,,1.7,6.0,3.7,,226.0
2025-03-10 21:00:00,,2.1,4.0,5.5,,236.0
2025-03-10 22:00:00,,2.1,3.8,4.3,,234.0
2025-03-10 23:00:00,,2.0,3.6,4.3,,242.0
2025-03-11 00:00:00,,2.1,4.0,4.5,,243.0
2025-03-11 01:00:00,,2.1,4.1,4.9,,242.0
2025-03-11 02:00:00,,2.4,4.0,5.3,,243.0
2025-03-11 03:00:00,,2.6,4.3,5.5,,247.0
2025-03-11 04:00:00,,2.6,4.8,5.4,,247.0
2025-03-11 05:00:00,,2.6,4.6,5.1,,246.0
2025-03-11 06:00:00,,2.5,4.6,4.8,,246.0
2025-03-11 07:00:00,,2.3,4.6,4.6,,244.0
2025-03-11 08:00:00,,2.1,4.9,4.3,,243.0
2025-03-11 09:00:00,,2.1,5.3,5.4,,245.0
2025-03-11 10:00:00,,2.0,5.9,6.0,,248.0
2025-03-11 11:00:00,,1.9,6.0,6.1,,254.0
2025-03-11 12:00:00,,1.6,5.5,5.9,,260.0
2025-03-11 13:00:00,,1.1,5.3,5.0,,259.0
2025-03-11 14:00:00,,1.2,4.0,4.6,,239.0
2025-03-11 15:00:00,,1.3,2.9,4.3,,242.0
2025-03-11 16:00:00,,1.2,1.9,3.6,,238.0
2025-03-11 17:00:00,,1.0,0.6,2.8,,235.0
2025-03-11 18:00:00,,1.0,2.6,2.3,,231.0
2025-03-11 19:00:00,,1.2,3.4,2.3,,237.0
2025-03-11 20:00:00,,1.5,3.3,2.5,,242.0
2025-03-11 21:00:00,,2.2,4.0,4.1,,245.0
2025-03-11 22:00:00,,2.1,4.3,3.8,,233.0
2025-03-11 23:00:00,,2.2,4.9,3.9,,241.0
2025-03-12 00:00:00,,2.3,5.1,3.9,,243.0
2025-03-12 01:00:00,,2.3,5.4,4.1,,245.0
2025-03-12 02:00:00,,2.4,5.9,4.8,,246.0
2025-03-12 03:00:00,,2.4,5.4,5.3,,248.0
2025-03-12 04:00:00,,2.5,5.5,6.0,,246.0
2025-03-12 05:00:00,,2.7,6.1,6.7,,245.0
2025-03-12 06:00:00,,2.7,6.1,7.0,,243.0
2025-03-12 07:00:00,,2.4,6.4,6.4,,243.0
2025-03-12 08:00:00,,1.9,6.8,5.4,,242.0
2025-03-12 09:00:00,,1.9,6.6,6.3,,241.0
2025-03-12 10:00:00,,2.1,8.9,8.6,,250.0
2025-03-12 11:00:00,,2.4,10.9,9.1,,246.0
2025-03-12 12:00:00,,2.5,11.5,9.9,,254.0
2025-03-12 13:00:00,,3.0,12.8,11.9,,260.0
2025-03-12 14:00:00,,3.4,13.0,11.8,,258.0
2025-03-12 15:00:00,,3.9,14.4,12.0,,260.0
2025-03-12 16:00:00,,3.9,13.0,12.7,,260.0
2025-03-12 17:00:00,,3.8,13.8,13.2,,260.0
2025-03-12 18:00:00,,3.5,13.4,13.1,,260.0
2025-03-12 19:00:00,,3.1,12.5,11.7,,262.0
2025-03-12 20:00:00,,2.5,9.0,9.7,,265.0
2025-03-12 21:00:00,,1.8,7.3,5.9,,255.0
2025-03-12 22:00:00,,1.4,6.3,5.0,,248.0
2025-03-12 23:00:00,,1.9,6.9,4.9,,228.0
2025-03-13 00:00:00,,2.1,5.3,4.3,,234.0
2025-03-13 01:00:00,,2.2,5.4,4.3,,241.0
2025-03-13 02:00:00,,2.1,5.6,4.4,,245.0
2025-03-13 03:00:00,,2.3,5.6,4.6,,248.0
2025-03-13 04:00:00,,2.4,5.5,4.8,,246.0
2025-03-13 05:00:00,,2.4,5.4,4.9,,243.0
2025-03-13 06:00:00,,2.4,5.0,5.0,,241.0
2025-03-13 07:00:00,,2.3,4.8,4.9,,243.0
2025-03-13 08:00:00,,2.1,4.5,4.6,,246.0
2025-03-13 09:00:00,,1.8,4.1,5.0,,246.0
2025-03-13 10:00:00,,1.6,5.4,6.5,,252.0
2025-03-13 11:00:00,,1.6,6.3,6.6,,269.0
2025-03-13 12:00:00,,1.5,6.3,6.4,,283.0
2025-03-13 13:00:00,,1.4,5.8,5.9,,285.0
2025-03-13 14:00:00,,1.4,5.0,5.3,,290.0
2025-03-13 15:00:00,,1.1,4.6,5.1,,287.0
2025-03-13 16:00:00,,0.9,3.3,4.0,,269.0
2025-03-13 17:00:00,,0.6,2.0,2.7,,251.0
2025-03-13 18:00:00,,0.6,2.6,1.9,,233.0
2025-03-13 19:00:00,,0.9,3.1,2.1,,238.0
2025-03-13 20:00:00,2.0,1.5,3.8,2.8,240.0,243.0
2025-03-13 21:00:00,2.3,2.2,3.6,4.4,244.0,246.0
2025-03-13 22:00:00,2.3,2.3,4.0,4.5,245.0,246.0
2025-03-13 23:00:00,2.4,2.2,4.4,4.4,247.0,247.0
2025-03-14 00:00:00,2.4,2.3,4.8,4.5,246.0,244.0
2025-03-14 01:00:00,2.5,2.4,4.9,4.4,245.0,245.0
2025-03-14 02:00:00,2.4,2.3,4.9,4.3,247.0,248.0
2025-03-14 03:00:00,2.4,2.3,4.6,4.3,249.0,246.0
2025-03-14 04:00:00,2.3,1.6,4.3,3.4,247.0,254.0
2025-03-14 05:00:00,2.2,0.7,3.9,2.3,247.0,262.0
2025-03-14 06:00:00,1.5,0.1,2.1,1.5,241.0,270.0
2025-03-14 07:00:00,0.3,0.0,2.0,1.3,37.0,317.0
2025-03-14 08:00:00,0.1,0.1,1.6,1.4,45.0,4.0
2025-03-14 09:00:00,0.4,0.4,3.1,2.0,0.0,85.0
2025-03-14 10:00:00,1.7,0.9,6.0,4.4,40.0,59.0
2025-03-14 11:00:00,2.2,1.4,8.3,5.8,54.0,60.0
2025-03-14 12:00:00,2.6,1.8,9.1,6.9,62.0,59.0
2025-03-14 13:00:00,2.5,1.8,8.8,7.1,70.0,68.0
2025-03-14 14:00:00,2.6,1.9,9.1,7.4,70.0,76.0
2025-03-14 15:00:00,2.3,2.0,8.1,7.3,82.0,79.0
2025-03-14 16:00:00,2.0,1.8,6.9,6.2,85.0,80.0
2025-03-14 17:00:00,1.9,1.6,6.1,4.7,91.0,81.0
2025-03-14 18:00:00,1.2,1.4,3.0,3.5,96.0,82.0
2025-03-14 19:00:00,1.1,1.3,2.4,2.8,87.0,105.0
2025-03-14 20:00:00,0.9,1.2,2.3,2.4,104.0,128.0
2025-03-14 21:00:00,1.3,0.8,3.0,1.4,140.0,162.0
2025-03-14 22:00:00,1.2,1.6,3.1,3.5,162.0,186.0
2025-03-14 23:00:00,1.3,1.6,2.6,3.8,173.0,213.0
2025-03-15 00:00:00,1.3,1.8,3.0,4.4,172.0,202.0
2025-03-15 01:00:00,1.4,1.8,2.6,4.3,170.0,205.0
2025-03-15 02:00:00,1.4,1.7,2.9,4.4,180.0,202.0
2025-03-15 03:00:00,1.4,1.5,2.8,3.9,175.0,203.0
2025-03-15 04:00:00,1.1,1.4,2.6,3.3,175.0,202.0
2025-03-15 05:00:00,1.3,1.3,2.6,2.6,167.0,200.0
2025-03-15 06:00:00,0.8,1.1,2.3,2.1,158.0,199.0
2025-03-15 07:00:00,0.7,0.8,2.8,1.8,101.0,164.0
2025-03-15 08:00:00,0.9,0.4,3.8,1.8,102.0,129.0
2025-03-15 09:00:00,1.1,0.9,5.5,4.5,92.0,118.0
2025-03-15 10:00:00,1.9,2.0,7.6,6.9,103.0,121.0
2025-03-15 11:00:00,2.3,3.1,8.1,10.1,107.0,119.0
2025-03-15 12:00:00,3.7,4.1,12.0,12.0,114.0,122.0
2025-03-15 13:00:00,4.6,4.0,13.6,11.9,112.0,120.0
2025-03-15 14:00:00,4.5,4.1,13.5,11.8,103.0,122.0
2025-03-15 15:00:00,1.6,2.3,6.1,6.5,91.0,116.0
2025-03-15 16:00:00,1.4,1.8,5.6,5.2,91.0,115.0
2025-03-15 17:00:00,1.4,1.4,5.6,4.1,84.0,114.0
2025-03-15 18:00:00,1.3,1.1,5.1,3.3,76.0,113.0
2025-03-15 19:00:00,1.1,0.8,5.0,2.6,65.0,114.0
2025-03-15 20:00:00,1.0,0.5,4.5,2.2,75.0,114.0
2025-03-15 21:00:00,0.8,0.5,4.1,3.4,70.0,53.0
2025-03-15 22:00:00,0.4,0.8,3.8,3.3,63.0,72.0
2025-03-15 23:00:00,0.3,0.6,3.8,3.0,17.0,74.0
2025-03-16 00:00:00,0.5,0.7,3.6,3.3,0.0,75.0
2025-03-16 01:00:00,0.8,0.6,4.0,3.0,40.0,78.0
2025-03-16 02:00:00,0.8,0.8,4.0,3.9,36.0,67.0
2025-03-16 03:00:00,1.1,0.9,4.5,3.5,60.0,60.0
2025-03-16 04:00:00,0.9,0.9,4.1,3.4,56.0,56.0
2025-03-16 05:00:00,0.9,0.9,4.3,3.3,56.0,52.0
2025-03-16 06:00:00,0.9,0.9,3.9,3.1,64.0,48.0
2025-03-16 07:00:00,0.8,0.8,3.0,2.8,71.0,51.0
2025-03-16 08:00:00,0.5,0.6,2.6,2.4,107.0,54.0
2025-03-16 09:00:00,0.6,0.6,2.8,3.0,106.0,87.0
2025-03-16 10:00:00,0.9,0.6,3.5,2.9,116.0,99.0
2025-03-16 11:00:00,1.0,0.8,4.3,2.9,129.0,121.0
2025-03-16 12:00:00,0.9,0.8,3.8,3.4,124.0,130.0
2025-03-16 13:00:00,0.6,0.7,3.6,3.5,137.0,137.0
2025-03-16 14:00:00,0.5,0.5,2.1,3.1,212.0,180.0
2025-03-16 15:00:00,1.1,0.8,4.8,4.3,233.0,211.0
2025-03-16 16:00:00,1.4,1.1,6.1,5.4,251.0,227.0
2025-03-16 17:00:00,1.9,1.6,7.5,6.8,276.0,244.0
2025-03-16 18:00:00,2.4,2.0,8.5,7.8,271.0,260.0
2025-03-16 19:00:00,2.1,2.2,7.4,8.3,279.0,263.0
2025-03-16 20:00:00,2.2,2.2,7.8,8.5,278.0,265.0
2025-03-16 21:00:00,2.8,2.1,9.6,7.4,259.0,268.0
2025-03-16 22:00:00,2.9,1.8,10.4,6.3,262.0,276.0
2025-03-16 23:00:00,2.3,1.3,8.1,5.3,256.0,287.0
2025-03-17 00:00:00,2.3,1.3,8.4,5.6,254.0,319.0
2025-03-17 01:00:00,2.5,2.8,8.8,10.1,275.0,5.0
2025-03-17 02:00:00,2.6,3.8,8.9,12.0,284.0,22.0
2025-03-17 03:00:00,4.9,3.8,16.1,11.5,345.0,21.0
2025-03-17 04:00:00,4.4,3.7,14.1,11.2,358.0,17.0
2025-03-17 05:00:00,3.8,3.1,11.8,9.9,358.0,13.0
2025-03-17 06:00:00,3.6,2.6,10.8,8.5,359.0,9.0
2025-03-17 07:00:00,3.3,2.2,10.6,7.0,358.0,357.0
2025-03-17 08:00:00,1.9,1.8,6.9,5.4,345.0,344.0
2025-03-17 09:00:00,1.4,1.6,5.3,5.4,330.0,341.0
2025-03-17 10:00:00,0.9,0.8,4.0,3.0,301.0,318.0
2025-03-17 11:00:00,1.1,0.5,5.6,3.4,275.0,266.0
2025-03-17 12:00:00,2.2,1.1,8.3,5.9,264.0,268.0
2025-03-17 13:00:00,3.4,2.2,10.5,9.3,258.0,258.0
2025-03-17 14:00:00,4.7,2.4,12.4,7.8,259.0,266.0
2025-03-17 15:00:00,4.7,3.8,12.9,9.9,270.0,265.0
2025-03-17 16:00:00,2.5,3.5,8.9,9.0,279.0,272.0
2025-03-17 17:00:00,2.9,2.6,7.9,7.1,277.0,279.0
2025-03-17 18:00:00,1.2,1.9,4.4,5.6,259.0,286.0
2025-03-17 19:00:00,1.6,1.6,4.8,5.0,256.0,273.0
2025-03-17 20:00:00,1.6,1.4,4.9,4.7,238.0,261.0
2025-03-17 21:00:00,1.4,1.9,3.5,4.6,228.0,237.0
2025-03-17 22:00:00,1.8,1.7,3.1,4.1,232.0,232.0
2025-03-17 23:00:00,1.9,1.9,3.4,3.4,237.0,237.0
2025-03-18 00:00:00,1.8,1.8,3.3,3.4,236.0,247.0
2025-03-18 01:00:00,2.1,2.0,3.3,3.3,234.0,241.0
2025-03-18 02:00:00,2.2,2.1,3.3,3.0,240.0,244.0
2025-03-18 03:00:00,1.4,1.8,2.1,2.4,239.0,243.0
2025-03-18 04:00:00,1.8,1.6,2.9,2.3,231.0,245.0
2025-03-18 05:00:00,1.5,1.3,2.1,2.3,252.0,246.0
2025-03-18 06:00:00,1.4,1.1,2.9,2.5,259.0,248.0
2025-03-18 07:00:00,0.3,0.9,0.6,2.6,229.0,278.0
2025-03-18 08:00:00,0.6,0.9,1.1,2.8,279.0,307.0
2025-03-18 09:00:00,0.6,0.2,2.4,1.0,348.0,329.0
2025-03-18 10:00:00,1.3,1.1,5.5,5.1,350.0,358.0
2025-03-18 11:00:00,2.1,2.1,7.9,8.6,357.0,334.0
2025-03-18 12:00:00,3.4,2.9,10.9,9.1,4.0,358.0
2025-03-18 13:00:00,3.6,3.5,11.8,10.5,345.0,349.0
2025-03-18 14:00:00,3.4,2.5,10.9,8.5,344.0,326.0
2025-03-18 15:00:00,5.1,4.0,15.1,12.9,7.0,347.0
2025-03-18 16:00:00,5.7,4.7,16.6,14.9,16.0,350.0
2025-03-18 17:00:00,5.7,5.5,17.5,17.1,9.0,354.0
2025-03-18 18:00:00,5.3,6.0,16.4,18.4,5.0,357.0
2025-03-18 19:00:00,4.9,5.9,15.3,18.2,4.0,359.0
2025-03-18 20:00:00,4.6,5.5,14.4,17.1,4.0,1.0
2025-03-18 21:00:00,2.1,3.4,7.3,11.4,337.0,9.0
2025-03-18 22:00:00,2.1,2.6,7.0,8.5,324.0,1.0
2025-03-18 23:00:00,1.4,1.6,6.0,6.9,297.0,342.0
2025-03-19 00:00:00,0.9,0.9,4.0,5.0,262.0,302.0
2025-03-19 01:00:00,1.0,0.9,3.8,2.3,257.0,262.0
2025-03-19 02:00:00,1.4,0.9,2.5,1.9,260.0,278.0
2025-03-19 03:00:00,1.2,0.9,3.5,2.0,265.0,272.0
2025-03-19 04:00:00,1.6,1.4,2.5,2.4,257.0,264.0
2025-03-19 05:00:00,2.3,2.0,3.4,3.3,253.0,256.0
2025-03-19 06:00:00,2.6,2.4,4.4,4.0,249.0,248.0
2025-03-19 07:00:00,2.8,2.2,5.0,4.0,241.0,247.0
2025-03-19 08:00:00,2.3,1.8,4.9,3.9,239.0,246.0
2025-03-19 09:00:00,1.8,1.8,4.9,4.6,247.0,247.0
2025-03-19 10:00:00,1.8,1.5,5.5,5.5,248.0,248.0
2025-03-19 11:00:00,1.9,2.3,7.3,8.5,255.0,253.0
2025-03-19 12:00:00,3.2,4.1,10.9,12.4,256.0,260.0
2025-03-19 13:00:00,4.0,4.4,11.4,12.5,253.0,257.0
2025-03-19 14:00:00,4.1,4.3,11.4,11.8,247.0,255.0
2025-03-19 15:00:00,3.9,4.3,11.1,12.3,261.0,258.0
2025-03-19 16:00:00,4.1,3.7,11.8,10.7,260.0,259.0
2025-03-19 17:00:00,3.9,2.7,10.8,8.6,267.0,261.0
2025-03-19 18:00:00,2.4,2.1,7.3,6.9,261.0,262.0
2025-03-19 19:00:00,1.8,2.0,5.6,6.2,252.0,257.0
2025-03-19 20:00:00,1.9,2.1,5.8,5.9,249.0,251.0
2025-03-19 21:00:00,2.4,2.2,6.3,6.3,245.0,250.0
2025-03-19 22:00:00,2.6,2.4,5.6,6.5,249.0,249.0
2025-03-19 23:00:00,2.8,2.6,6.1,6.8,246.0,247.0
2025-03-20 00:00:00,2.8,2.8,6.4,6.1,243.0,244.0
2025-03-20 01:00:00,2.8,2.7,6.4,6.3,245.0,245.0
2025-03-20 02:00:00,2.8,2.7,6.5,6.4,245.0,246.0
2025-03-20 03:00:00,2.8,2.8,6.5,6.4,244.0,246.0
2025-03-20 04:00:00,2.8,2.7,6.5,6.4,247.0,246.0
2025-03-20 05:00:00,2.9,2.6,6.8,6.5,248.0,247.0
2025-03-20 06:00:00,2.9,2.6,7.0,6.8,247.0,247.0
2025-03-20 07:00:00,2.9,2.6,7.0,7.5,246.0,249.0
2025-03-20 08:00:00,2.7,2.7,7.1,8.5,246.0,250.0
2025-03-20 09:00:00,2.9,2.8,9.5,10.5,247.0,248.0
2025-03-20 10:00:00,3.3,3.3,10.8,11.3,252.0,251.0
2025-03-20 11:00:00,3.7,3.6,11.6,12.0,252.0,253.0
2025-03-20 12:00:00,4.1,4.2,12.5,13.5,250.0,252.0
2025-03-20 13:00:00,5.1,4.4,15.5,14.0,250.0,249.0
2025-03-20 14:00:00,5.7,5.2,17.4,15.9,251.0,251.0
2025-03-20 15:00:00,6.1,5.6,18.3,16.9,253.0,252.0
2025-03-20 16:00:00,6.3,5.6,18.4,16.9,252.0,251.0
2025-03-20 17:00:00,6.3,5.5,18.4,16.4,250.0,250.0
2025-03-20 18:00:00,6.3,5.4,18.3,16.1,248.0,249.0
2025-03-20 19:00:00,6.1,5.4,18.1,16.3,246.0,248.0
2025-03-20 20:00:00,5.9,5.4,17.9,16.7,244.0,247.0
2025-03-20 21:00:00,5.8,5.8,17.9,18.1,243.0,243.0
2025-03-20 22:00:00,6.1,5.2,18.5,16.0,248.0,236.0
2025-03-20 23:00:00,6.0,5.1,18.4,15.9,251.0,242.0
2025-03-21 00:00:00,5.8,5.3,17.6,16.9,247.0,251.0
2025-03-21 01:00:00,5.4,5.5,16.6,17.4,245.0,253.0
2025-03-21 02:00:00,4.9,5.3,15.0,16.4,248.0,250.0
2025-03-21 03:00:00,4.5,4.8,14.3,15.4,250.0,249.0
2025-03-21 04:00:00,4.1,4.5,12.9,14.4,248.0,248.0
2025-03-21 05:00:00,3.9,4.3,12.4,13.2,246.0,246.0
2025-03-21 06:00:00,3.6,4.1,11.0,12.6,247.0,245.0
2025-03-21 07:00:00,3.1,4.1,9.6,12.9,246.0,245.0
2025-03-21 08:00:00,3.1,4.2,9.5,13.8,246.0,246.0
2025-03-21 09:00:00,3.9,4.6,13.0,14.8,251.0,248.0
2025-03-21 10:00:00,4.4,4.6,14.3,15.8,250.0,252.0
2025-03-21 11:00:00,4.5,4.6,14.9,15.5,255.0,259.0
2025-03-21 12:00:00,4.3,4.5,14.8,15.4,259.0,261.0
2025-03-21 13:00:00,3.9,4.9,13.5,15.9,264.0,263.0
2025-03-21 14:00:00,4.1,5.3,14.1,16.8,264.0,266.0
2025-03-21 15:00:00,4.8,5.4,15.5,17.0,265.0,267.0
2025-03-21 16:00:00,5.0,5.2,15.8,16.3,258.0,265.0
2025-03-21 17:00:00,4.6,4.8,14.9,15.2,255.0,264.0
2025-03-21 18:00:00,4.4,4.3,14.6,13.9,255.0,262.0
2025-03-21 19:00:00,3.9,3.7,13.8,12.5,258.0,259.0
2025-03-21 20:00:00,3.7,3.0,13.4,11.1,260.0,257.0
2025-03-21 21:00:00,,,,10.9,256.0,
2025-03-21 22:00:00,,,,11.4,253.0,
2025-03-21 23:00:00,,,,10.5,249.0,
2025-03-22 00:00:00,,,,10.0,248.0,
2025-03-22 01:00:00,,,,10.1,251.0,
2025-03-22 02:00:00,,,,10.3,253.0,
2025-03-22 03:00:00,,,,10.0,252.0,
2025-03-22 04:00:00,,,,9.9,248.0,
2025-03-22 05:00:00,,,,9.9,244.0,
2025-03-22 06:00:00,,,,10.0,241.0,
2025-03-22 07:00:00,,,,10.2,243.0,
2025-03-22 08:00:00,,,,10.6,244.0,
2025-03-22 09:00:00,,,,10.8,244.0,
2025-03-22 10:00:00,,,,12.4,255.0,
2025-03-22 11:00:00,,,,13.8,257.0,
2025-03-22 12:00:00,,,,14.5,253.0,
2025-03-22 13:00:00,,,,16.0,258.0,
2025-03-22 14:00:00,,,,16.8,258.0,
2025-03-22 15:00:00,,,,17.3,255.0,
2025-03-22 16:00:00,,,,17.1,255.0,
2025-03-22 17:00:00,,,,16.5,256.0,
2025-03-22 18:00:00,,,,15.5,256.0,
2025-03-22 19:00:00,,,,14.2,252.0,
2025-03-22 20:00:00,,,,12.6,246.0,
2025-03-22 21:00:00,,,,11.3,256.0,
2025-03-22 22:00:00,,,,10.0,254.0,
2025-03-22 23:00:00,,,,9.4,250.0,
2025-03-23 00:00:00,,,,8.3,249.0,
2025-03-23 01:00:00,,,,7.6,245.0,
2025-03-23 02:00:00,,,,7.4,245.0,
2025-03-23 03:00:00,,,,7.4,244.0,
2025-03-23 04:00:00,,,,7.4,246.0,
2025-03-23 05:00:00,,,,7.5,249.0,
2025-03-23 06:00:00,,,,7.4,252.0,
2025-03-23 07:00:00,,,,6.8,247.0,
2025-03-23 08:00:00,,,,5.9,249.0,
2025-03-23 09:00:00,,,,4.8,247.0,
2025-03-23 10:00:00,,,,4.8,246.0,
2025-03-23 11:00:00,,,,4.5,171.0,
2025-03-23 12:00:00,,,,4.6,172.0,
2025-03-23 13:00:00,,,,5.5,250.0,
2025-03-23 14:00:00,,,,5.8,257.0,
2025-03-23 15:00:00,,,,7.8,247.0,
2025-03-23 16:00:00,,,,7.6,249.0,
2025-03-23 17:00:00,,,,6.9,243.0,
2025-03-23 18:00:00,,,,6.3,240.0,
2025-03-23 19:00:00,,,,6.0,242.0,
2025-03-23 20:00:00,,,,5.7,241.0,
2025-03-23 21:00:00,,,,7.4,248.0,
2025-03-23 22:00:00,,,,5.0,249.0,
2025-03-23 23:00:00,,,,4.5,252.0,
2025-03-24 00:00:00,,,,4.3,250.0,
2025-03-24 01:00:00,,,,4.3,249.0,
2025-03-24 02:00:00,,,,4.4,253.0,
2025-03-24 03:00:00,,,,4.8,247.0,
2025-03-24 04:00:00,,,,5.1,249.0,
2025-03-24 05:00:00,,,,5.4,244.0,
2025-03-24 06:00:00,,,,5.6,249.0,
2025-03-24 07:00:00,,,,5.2,242.0,
2025-03-24 08:00:00,,,,4.7,250.0,
2025-03-24 09:00:00,,,,7.4,233.0,
2025-03-24 10:00:00,,,,13.6,251.0,
2025-03-24 11:00:00,,,,18.3,247.0,
2025-03-24 12:00:00,,,,17.8,251.0,
2025-03-24 13:00:00,,,,16.5,251.0,
2025-03-24 14:00:00,,,,19.3,251.0,
2025-03-24 15:00:00,,,,24.4,246.0,
2025-03-24 16:00:00,,,,23.9,243.0,
2025-03-24 17:00:00,,,,22.3,244.0,
2025-03-24 18:00:00,,,,20.6,239.0,
2025-03-24 19:00:00,,,,19.1,244.0,
2025-03-24 20:00:00,,,,17.5,245.0,
2025-03-24 21:00:00,,,,14.3,246.0,
2025-03-24 22:00:00,,,,13.6,249.0,
2025-03-24 23:00:00,,,,13.0,249.0,
2025-03-25 00:00:00,,,,11.5,248.0,
2025-03-25 01:00:00,,,,8.9,246.0,
2025-03-25 02:00:00,,,,8.8,245.0,
2025-03-25 03:00:00,,,,7.5,249.0,
2025-03-25 04:00:00,,,,6.7,252.0,
2025-03-25 05:00:00,,,,6.1,248.0,
2025-03-25 06:00:00,,,,5.5,249.0,
2025-03-25 07:00:00,,,,4.6,246.0,
2025-03-25 08:00:00,,,,3.8,245.0,
2025-03-25 09:00:00,,,,6.4,251.0,
2025-03-25 10:00:00,,,,7.9,253.0,
2025-03-25 11:00:00,,,,8.8,250.0,
2025-03-25 12:00:00,,,,12.5,253.0,
2025-03-25 13:00:00,,,,19.6,245.0,
2025-03-25 14:00:00,,,,19.9,240.0,
2025-03-25 15:00:00,,,,21.4,233.0,
2025-03-25 16:00:00,,,,22.6,231.0,
2025-03-25 17:00:00,,,,23.1,239.0,
2025-03-25 18:00:00,,,,23.5,249.0,
2025-03-25 19:00:00,,,,24.5,251.0,
2025-03-25 20:00:00,,,,25.4,255.0,
2025-03-25 21:00:00,,,,27.5,251.0,
2025-03-25 22:00:00,,,,25.5,255.0,
2025-03-25 23:00:00,,,,19.1,259.0,
2025-03-26 00:00:00,,,,13.5,261.0,
2025-03-26 01:00:00,,,,10.1,262.0,
2025-03-26 02:00:00,,,,7.6,258.0,
2025-03-26 03:00:00,,,,4.9,257.0,
2025-03-26 04:00:00,,,,4.2,256.0,
2025-03-26 05:00:00,,,,4.3,255.0,
2025-03-26 06:00:00,,,,4.4,245.0,
2025-03-26 07:00:00,,,,3.8,238.0,
2025-03-26 08:00:00,,,,3.1,235.0,
2025-03-26 09:00:00,,,,3.9,214.0,
2025-03-26 10:00:00,,,,5.4,154.0,
2025-03-26 11:00:00,,,,6.1,121.0,
2025-03-26 12:00:00,,,,7.0,120.0,
2025-03-26 13:00:00,,,,7.6,128.0,
2025-03-26 14:00:00,,,,7.0,82.0,
2025-03-26 15:00:00,,,,6.8,207.0,
2025-03-26 16:00:00,,,,5.5,210.0,
2025-03-26 17:00:00,,,,3.8,213.0,
2025-03-26 18:00:00,,,,2.9,221.0,
2025-03-26 19:00:00,,,,3.5,235.0,
2025-03-26 20:00:00,,,,4.9,241.0,
2025-03-26 21:00:00,,,,5.3,146.0,
2025-03-26 22:00:00,,,,6.1,178.0,
2025-03-26 23:00:00,,,,6.3,213.0,
2025-03-27 00:00:00,,,,4.8,238.0,
2025-03-27 01:00:00,,,,7.3,245.0,
2025-03-27 02:00:00,,,,9.1,250.0,
2025-03-27 03:00:00,,,,10.0,255.0,
2025-03-27 04:00:00,,,,10.3,268.0,
2025-03-27 05:00:00,,,,9.9,282.0,
2025-03-27 06:00:00,,,,9.5,263.0,
2025-03-27 07:00:00,,,,9.2,266.0,
2025-03-27 08:00:00,,,,8.9,271.0,
2025-03-27 09:00:00,,,,8.0,261.0,
2025-03-27 10:00:00,,,,6.8,263.0,
2025-03-27 11:00:00,,,,7.1,255.0,
2025-03-27 12:00:00,,,,7.9,271.0,
2025-03-27 13:00:00,,,,5.6,273.0,
2025-03-27 14:00:00,,,,6.8,265.0,
2025-03-27 15:00:00,,,,6.1,264.0,
2025-03-27 16:00:00,,,,5.3,282.0,
2025-03-27 17:00:00,,,,4.5,260.0,
2025-03-27 18:00:00,,,,3.9,270.0,
2025-03-27 19:00:00,,,,3.5,355.0,
2025-03-27 20:00:00,,,,3.3,66.0,
2025-03-27 21:00:00,,,,4.8,278.0,
2025-03-27 22:00:00,,,,4.3,219.0,
2025-03-27 23:00:00,,,,4.5,270.0,
2025-03-28 00:00:00,,,,4.6,357.0,
2025-03-28 01:00:00,,,,4.8,7.0,
2025-03-28 02:00:00,,,,9.3,17.0,
2025-03-28 03:00:00,,,,5.3,22.0,
2025-03-28 04:00:00,,,,5.3,3.0,
2025-03-28 05:00:00,,,,5.3,25.0,
2025-03-28 06:00:00,,,,5.6,43.0,
2025-03-28 07:00:00,,,,6.3,39.0,
2025-03-28 08:00:00,,,,7.3,38.0,
2025-03-28 09:00:00,,,,6.1,19.0,
2025-03-28 10:00:00,,,,6.6,22.0,
2025-03-28 11:00:00,,,,6.3,26.0,
2025-03-28 12:00:00,,,,7.5,26.0,
2025-03-28 13:00:00,,,,9.9,26.0,
2025-03-28 14:00:00,,,,10.8,24.0,
2025-03-28 15:00:00,,,,10.4,32.0,
2025-03-28 16:00:00,,,,9.7,16.0,
2025-03-28 17:00:00,,,,8.4,34.0,
2025-03-28 18:00:00,,,,7.6,38.0,
2025-03-28 19:00:00,,,,7.8,53.0,
2025-03-28 20:00:00,,,,8.4,223.0,
2025-03-28 21:00:00,,,,5.8,247.0,
2025-03-28 22:00:00,,,,7.0,250.0,
2025-03-28 23:00:00,,,,6.1,248.0,
2025-03-29 00:00:00,,,,5.6,245.0,
2025-03-29 01:00:00,,,,3.9,240.0,
2025-03-29 02:00:00,,,,3.9,235.0,
2025-03-29 03:00:00,,,,3.1,243.0,
2025-03-29 04:00:00,,,,2.7,255.0,
2025-03-29 05:00:00,,,,2.6,230.0,
2025-03-29 06:00:00,,,,2.9,235.0,
2025-03-29 07:00:00,,,,3.5,242.0,
2025-03-29 08:00:00,,,,4.6,237.0,
2025-03-29 09:00:00,,,,7.1,245.0,
2025-03-29 10:00:00,,,,12.1,255.0,
2025-03-29 11:00:00,,,,14.8,253.0,
2025-03-29 12:00:00,,,,16.6,258.0,
2025-03-29 13:00:00,,,,18.8,263.0,
2025-03-29 14:00:00,,,,19.3,269.0,
2025-03-29 15:00:00,,,,18.9,265.0,
2025-03-29 16:00:00,,,,18.1,263.0,
2025-03-29 17:00:00,,,,16.7,266.0,
2025-03-29 18:00:00,,,,15.5,271.0,
2025-03-29 19:00:00,,,,15.0,276.0,
2025-03-29 20:00:00,,,,14.8,277.0,
2025-03-29 21:00:00,,,,6.1,293.0,
2025-03-29 22:00:00,,2.1,,6.5,292.0,
2025-03-29 23:00:00,,1.9,,6.4,290.0,
2025-03-30 00:00:00,,1.5,,5.4,289.0,
2025-03-30 01:00:00,,1.4,,4.8,294.0,
2025-03-30 02:00:00,,1.3,,4.8,291.0,
2025-03-30 03:00:00,,1.9,,6.1,291.0,
2025-03-30 04:00:00,,2.0,,6.5,290.0,
2025-03-30 05:00:00,,2.2,,7.0,295.0,
2025-03-30 06:00:00,,2.5,,7.8,296.0,
2025-03-30 07:00:00,,3.0,,9.1,296.0,
2025-03-30 08:00:00,,3.6,,10.7,298.0,
2025-03-30 09:00:00,,4.1,,12.3,293.0,
2025-03-30 10:00:00,,4.2,,12.9,289.0,
2025-03-30 11:00:00,,4.3,,13.4,285.0,
2025-03-30 12:00:00,,4.4,,13.6,280.0,
2025-03-30 13:00:00,,4.5,,13.6,277.0,
2025-03-30 14:00:00,,4.4,,13.3,273.0,
2025-03-30 15:00:00,,4.4,,13.3,273.0,
2025-03-30 16:00:00,,4.2,,12.4,272.0,
2025-03-30 17:00:00,,3.8,,11.2,269.0,
2025-03-30 18:00:00,,3.4,,9.8,267.0,
2025-03-30 19:00:00,,2.9,,8.3,255.0,
2025-03-30 20:00:00,,2.3,,6.6,258.0,
2025-03-30 21:00:00,,2.7,,8.3,252.0,
2025-03-30 22:00:00,,2.7,,7.1,231.0,
2025-03-30 23:00:00,,2.8,,7.5,248.0,
2025-03-31 00:00:00,,1.6,,4.8,243.0,
2025-03-31 01:00:00,,1.4,,3.9,250.0,
2025-03-31 02:00:00,,1.4,,3.0,241.0,
2025-03-31 03:00:00,,1.4,,3.4,245.0,
2025-03-31 04:00:00,,1.5,,3.2,249.0,
2025-03-31 05:00:00,,1.6,,3.2,254.0,
2025-03-31 06:00:00,,1.6,,3.4,248.0,
2025-03-31 07:00:00,,1.4,,3.8,243.0,
2025-03-31 08:00:00,,1.1,,4.5,254.0,
2025-03-31 09:00:00,,1.3,,5.5,252.0,
2025-03-31 10:00:00,,1.3,,6.0,276.0,
2025-03-31 11:00:00,,1.1,,6.3,268.0,
2025-03-31 12:00:00,,1.6,,7.9,271.0,
2025-03-31 13:00:00,,1.4,,8.1,271.0,
2025-03-31 14:00:00,,0.9,,7.1,269.0,
2025-03-31 15:00:00,,0.9,,6.3,279.0,
2025-03-31 16:00:00,,1.2,,6.7,281.0,
2025-03-31 17:00:00,,1.6,,7.3,277.0,
2025-03-31 18:00:00,,2.0,,7.5,264.0,
2025-03-31 19:00:00,,2.1,,6.6,236.0,
2025-03-31 20:00:00,,2.2,,5.2,235.0,
2025-03-31 21:00:00,,2.6,,4.0,232.0,
2025-03-31 22:00:00,,2.4,,4.4,242.0,
2025-03-31 23:00:00,,2.3,,4.5,240.0,
2025-04-01 00:00:00,,2.4,,5.1,242.0,
2025-04-01 01:00:00,,2.4,,5.4,242.0,
2025-04-01 02:00:00,,2.4,,5.1,243.0,
2025-04-01 03:00:00,,2.4,,5.4,244.0,
2025-04-01 04:00:00,,2.4,,5.4,247.0,
2025-04-01 05:00:00,,2.3,,5.4,247.0,
2025-04-01 06:00:00,,2.3,,5.5,245.0,
2025-04-01 07:00:00,,2.3,,5.8,243.0,
2025-04-01 08:00:00,,2.3,,6.3,244.0,
2025-04-01 09:00:00,,1.9,,5.9,242.0,
2025-04-01 10:00:00,,1.6,,5.8,249.0,
2025-04-01 11:00:00,,1.9,,8.3,263.0,
2025-04-01 12:00:00,,2.1,,9.0,291.0,
2025-04-01 13:00:00,,1.6,,8.5,80.0,
2025-04-01 14:00:00,,0.4,,6.0,96.0,
2025-04-01 15:00:00,,1.1,,4.8,98.0,
2025-04-01 16:00:00,,1.2,,4.2,109.0,
2025-04-01 17:00:00,,1.5,,4.0,126.0,
2025-04-01 18:00:00,,1.7,,4.0,142.0,
2025-04-01 19:00:00,,1.9,,4.3,169.0,
2025-04-01 20:00:00,,2.0,,4.9,187.0,
2025-04-01 21:00:00,,1.9,,5.0,210.0,
2025-04-01 22:00:00,,1.6,,4.5,218.0,
2025-04-01 23:00:00,,1.4,,3.9,215.0,
2025-04-02 00:00:00,,1.6,,4.0,217.0,
2025-04-02 01:00:00,,1.4,,3.4,212.0,
2025-04-02 02:00:00,,1.6,,3.5,222.0,
2025-04-02 03:00:00,,1.7,,3.3,233.0,
2025-04-02 04:00:00,,1.9,,3.4,242.0,
2025-04-02 05:00:00,,2.3,,3.6,250.0,
2025-04-02 06:00:00,,2.3,,3.6,244.0,
2025-04-02 07:00:00,,1.8,,2.9,246.0,
2025-04-02 08:00:00,,1.0,,2.1,249.0,
2025-04-02 09:00:00,,0.6,,1.9,212.0,
2025-04-02 10:00:00,,1.1,,5.8,54.0,
2025-04-02 11:00:00,,2.2,,8.8,51.0,
2025-04-02 12:00:00,,2.7,,9.9,69.0,
2025-04-02 13:00:00,,3.4,,10.8,75.0,
2025-04-02 14:00:00,,3.4,,10.6,75.0,
2025-04-02 15:00:00,,3.4,,10.6,77.0,
2025-04-02 16:00:00,,2.8,,8.4,82.0,
2025-04-02 17:00:00,,1.9,,5.4,78.0,
2025-04-02 18:00:00,,1.2,,3.1,71.0,
2025-04-02 19:00:00,,1.0,,2.5,44.0,
2025-04-02 20:00:00,,0.9,,2.8,42.0,
2025-04-02 21:00:00,,0.6,,2.9,20.0,
2025-04-02 22:00:00,,0.7,,2.6,4.0,
2025-04-02 23:00:00,,1.3,,4.6,34.0,
2025-04-03 00:00:00,,1.8,,4.8,28.0,
2025-04-03 01:00:00,,1.6,,4.6,9.0,
2025-04-03 02:00:00,,1.3,,2.9,22.0,
2025-04-03 03:00:00,,1.7,,3.4,6.0,
2025-04-03 04:00:00,,1.5,,3.1,4.0,
2025-04-03 05:00:00,,1.2,,2.8,4.0,
2025-04-03 06:00:00,,0.9,,2.6,0.0,
2025-04-03 07:00:00,,0.7,,2.4,358.0,
2025-04-03 08:00:00,,0.5,,2.2,0.0,
2025-04-03 09:00:00,,1.4,,4.8,14.0,
2025-04-03 10:00:00,,1.5,,5.4,22.0,
2025-04-03 11:00:00,,1.5,,5.1,26.0,
2025-04-03 12:00:00,,1.0,,3.9,42.0,
2025-04-03 13:00:00,,0.9,,4.6,46.0,
2025-04-03 14:00:00,,1.3,,7.0,55.0,
2025-04-03 15:00:00,,1.9,,8.3,61.0,
2025-04-03 16:00:00,,1.8,,7.4,61.0,
2025-04-03 17:00:00,,1.6,,5.5,67.0,
2025-04-03 18:00:00,,1.3,,3.9,80.0,
2025-04-03 19:00:00,,0.9,,2.9,106.0,
2025-04-03 20:00:00,,0.4,,2.2,75.0,
2025-04-03 21:00:00,,0.7,,2.3,187.0,
2025-04-03 22:00:00,,1.5,,3.8,219.0,
2025-04-03 23:00:00,,1.6,,3.5,233.0,
2025-04-04 00:00:00,,1.9,,3.8,242.0,
2025-04-04 01:00:00,,2.1,,4.3,249.0,
2025-04-04 02:00:00,,2.1,,4.5,250.0,
2025-04-04 03:00:00,,2.1,,4.4,251.0,
2025-04-04 04:00:00,,2.1,,4.5,248.0,
2025-04-04 05:00:00,,2.2,,4.5,248.0,
2025-04-04 06:00:00,,2.1,,4.6,250.0,
2025-04-04 07:00:00,,1.8,,4.8,249.0,
2025-04-04 08:00:00,,1.5,,5.0,250.0,
2025-04-04 09:00:00,,1.4,,5.3,263.0,
2025-04-04 10:00:00,,2.1,,9.1,273.0,
2025-04-04 11:00:00,,2.8,,10.8,266.0,
2025-04-04 12:00:00,,2.8,,10.1,264.0,
2025-04-04 13:00:00,,2.7,,9.3,268.0,
2025-04-04 14:00:00,,2.0,,9.1,262.0,
2025-04-04 15:00:00,,1.6,,8.3,272.0,
2025-04-04 16:00:00,,1.5,,7.3,292.0,
2025-04-04 17:00:00,,1.4,,6.1,272.0,
2025-04-04 18:00:00,,1.4,,5.0,267.0,
2025-04-04 19:00:00,,1.3,,4.1,252.0,
2025-04-04 20:00:00,,1.2,,3.2,241.0,
2025-04-04 21:00:00,,1.5,,2.8,236.0,
2025-04-04 22:00:00,,1.7,,3.4,222.0,
2025-04-04 23:00:00,,1.4,,2.8,221.0,
2025-04-05 00:00:00,,2.1,,3.8,226.0,
2025-04-05 01:00:00,,2.4,,4.9,236.0,
2025-04-05 02:00:00,,1.9,,3.8,232.0,
2025-04-05 03:00:00,,1.6,,3.4,237.0,
2025-04-05 04:00:00,,1.5,,3.0,242.0,
2025-04-05 05:00:00,,1.3,,2.5,238.0,
2025-04-05 06:00:00,,1.2,,2.3,238.0,
2025-04-05 07:00:00,,1.0,,2.4,236.0,
2025-04-05 08:00:00,,0.8,,2.8,239.0,
2025-04-05 09:00:00,,0.6,,3.9,234.0,
2025-04-05 10:00:00,,1.6,,6.8,268.0,
2025-04-05 11:00:00,,2.8,,10.8,245.0,
2025-04-05 12:00:00,,4.1,,12.9,204.0,
2025-04-05 13:00:00,,4.4,,13.8,181.0,
2025-04-05 14:00:00,,3.8,,11.3,191.0,
2025-04-05 15:00:00,,2.6,,7.6,234.0,
2025-04-05 16:00:00,,2.0,,6.2,265.0,
2025-04-05 17:00:00,,1.5,,5.0,272.0,
2025-04-05 18:00:00,,1.2,,4.3,248.0,
2025-04-05 19:00:00,,1.3,,4.6,228.0,
2025-04-05 20:00:00,,1.6,,5.4,242.0,
2025-04-05 21:00:00,,1.8,,3.8,238.0,
2025-04-05 22:00:00,,1.9,,4.4,236.0,
2025-04-05 23:00:00,,1.9,,4.4,234.0,
2025-04-06 00:00:00,,1.6,,4.0,233.0,
2025-04-06 01:00:00,,1.4,,3.5,240.0,
2025-04-06 02:00:00,,1.5,,3.8,251.0,
2025-04-06 03:00:00,,1.9,,5.0,253.0,
2025-04-06 04:00:00,,2.1,,5.4,262.0,
2025-04-06 05:00:00,,2.2,,5.9,257.0,
2025-04-06 06:00:00,,2.4,,6.6,254.0,
2025-04-06 07:00:00,,2.4,,7.4,241.0,
2025-04-06 08:00:00,,2.3,,8.3,252.0,
2025-04-06 09:00:00,,2.8,,10.0,270.0,
2025-04-06 10:00:00,,3.6,,12.5,277.0,
2025-04-06 11:00:00,,4.0,,13.5,285.0,
2025-04-06 12:00:00,,4.5,,13.8,290.0,
2025-04-06 13:00:00,,5.8,,17.4,286.0,
2025-04-06 14:00:00,,5.7,,16.3,278.0,
2025-04-06 15:00:00,,4.9,,14.9,272.0,
2025-04-06 16:00:00,,4.5,,13.6,272.0,
2025-04-06 17:00:00,,3.9,,11.5,274.0,
2025-04-06 18:00:00,,3.4,,9.8,276.0,
2025-04-06 19:00:00,,3.0,,8.9,274.0,
2025-04-06 20:00:00,,2.6,,8.2,265.0,
2025-04-06 21:00:00,,2.3,,7.4,251.0,
2025-04-06 22:00:00,,2.3,,6.9,250.0,
2025-04-06 23:00:00,,2.3,7.6,5.4,249.0,247.0
2025-04-07 00:00:00,,2.2,7.6,5.4,250.0,251.0
2025-04-07 01:00:00,,2.3,6.4,5.8,249.0,251.0
2025-04-07 02:00:00,,2.4,6.4,5.9,250.0,252.0
2025-04-07 03:00:00,,2.4,5.5,5.8,250.0,252.0
2025-04-07 04:00:00,,2.5,5.4,5.8,251.0,251.0
2025-04-07 05:00:00,,2.5,5.4,5.8,249.0,250.0
2025-04-07 06:00:00,,2.5,5.5,5.9,251.0,249.0
2025-04-07 07:00:00,,2.4,5.3,6.3,251.0,251.0
2025-04-07 08:00:00,,2.2,4.9,6.8,252.0,254.0
2025-04-07 09:00:00,,2.3,6.6,7.8,250.0,248.0
2025-04-07 10:00:00,,2.6,7.5,9.4,259.0,258.0
2025-04-07 11:00:00,,2.6,8.9,10.1,262.0,259.0
2025-04-07 12:00:00,,2.8,10.0,10.4,263.0,257.0
2025-04-07 13:00:00,,3.3,10.0,11.6,261.0,257.0
2025-04-07 14:00:00,,3.6,10.3,12.4,258.0,259.0
2025-04-07 15:00:00,,3.6,9.8,12.5,256.0,260.0
2025-04-07 16:00:00,,3.4,9.8,11.6,254.0,255.0
2025-04-07 17:00:00,,3.1,10.5,10.1,253.0,251.0
2025-04-07 18:00:00,,2.8,8.6,9.0,242.0,246.0
2025-04-07 19:00:00,,2.7,9.6,8.6,235.0,246.0
2025-04-07 20:00:00,,2.7,11.9,8.7,245.0,247.0
2025-04-07 21:00:00,,3.8,10.3,12.9,245.0,243.0
2025-04-07 22:00:00,,4.0,12.0,14.5,242.0,243.0
2025-04-07 23:00:00,,5.4,16.0,17.8,242.0,243.0
2025-04-08 00:00:00,,7.5,20.4,23.1,244.0,252.0
2025-04-08 01:00:00,,8.9,22.5,25.8,252.0,252.0
2025-04-08 02:00:00,,8.4,25.0,25.4,257.0,257.0
2025-04-08 03:00:00,,7.7,26.3,23.5,255.0,260.0
2025-04-08 04:00:00,,6.5,24.8,20.3,258.0,262.0
2025-04-08 05:00:00,,4.8,20.1,15.9,259.0,264.0
2025-04-08 06:00:00,,3.5,16.8,12.5,263.0,266.0
2025-04-08 07:00:00,,3.1,15.6,11.3,270.0,265.0
2025-04-08 08:00:00,,3.1,13.6,11.1,266.0,265.0
2025-04-08 09:00:00,,4.6,9.5,14.6,263.0,263.0
2025-04-08 10:00:00,,4.8,11.3,15.1,274.0,269.0
2025-04-08 11:00:00,,4.7,13.9,15.1,280.0,277.0
2025-04-08 12:00:00,,4.3,15.5,14.0,279.0,285.0
2025-04-08 13:00:00,,3.8,14.6,12.3,283.0,294.0
2025-04-08 14:00:00,,3.0,14.6,10.8,284.0,306.0
2025-04-08 15:00:00,,2.2,14.4,9.6,298.0,343.0
2025-04-08 16:00:00,,2.1,8.8,8.5,339.0,7.0
2025-04-08 17:00:00,,2.3,8.6,7.5,17.0,31.0
2025-04-08 18:00:00,,2.3,7.5,6.4,46.0,55.0
2025-04-08 19:00:00,,1.7,3.8,4.7,57.0,78.0
2025-04-08 20:00:00,,0.8,1.8,2.8,90.0,101.0
2025-04-08 21:00:00,,1.0,0.6,2.1,153.0,215.0
2025-04-08 22:00:00,,1.1,0.4,2.3,114.0,223.0
2025-04-08 23:00:00,,1.2,0.8,2.4,168.0,214.0
2025-04-09 00:00:00,,0.6,2.4,1.4,207.0,245.0
2025-04-09 01:00:00,,1.1,3.6,1.4,230.0,236.0
2025-04-09 02:00:00,,2.1,3.8,3.0,233.0,234.0
2025-04-09 03:00:00,,2.3,3.6,3.9,235.0,238.0
2025-04-09 04:00:00,,2.4,3.4,4.0,230.0,240.0
2025-04-09 05:00:00,,2.3,4.3,3.9,238.0,241.0
2025-04-09 06:00:00,,2.1,4.1,3.9,240.0,243.0
2025-04-09 07:00:00,,1.6,4.0,4.0,239.0,229.0
2025-04-09 08:00:00,,1.0,3.4,4.3,228.0,214.0
2025-04-09 09:00:00,,0.8,5.6,4.1,213.0,185.0
2025-04-09 10:00:00,,1.9,8.3,8.0,188.0,162.0
2025-04-09 11:00:00,,2.8,10.0,9.6,211.0,178.0
2025-04-09 12:00:00,,2.9,11.0,10.0,222.0,212.0
2025-04-09 13:00:00,,3.5,10.5,10.9,228.0,234.0
2025-04-09 14:00:00,,3.3,8.8,10.4,242.0,242.0
2025-04-09 15:00:00,,1.9,8.4,8.0,246.0,227.0
2025-04-09 16:00:00,,1.8,6.6,7.5,230.0,234.0
2025-04-09 17:00:00,,1.8,5.3,7.0,225.0,241.0
2025-04-09 18:00:00,,1.8,4.4,6.6,229.0,248.0
2025-04-09 19:00:00,,1.7,2.1,6.2,190.0,248.0
2025-04-09 20:00:00,,1.5,1.8,5.8,304.0,249.0
2025-04-09 21:00:00,,1.6,1.8,3.0,288.0,227.0
2025-04-09 22:00:00,,0.8,3.0,1.9,275.0,296.0
2025-04-09 23:00:00,,1.3,3.4,2.3,275.0,306.0
2025-04-10 00:00:00,,0.8,3.3,1.9,273.0,198.0
2025-04-10 01:00:00,,0.5,3.3,1.3,259.0,240.0
2025-04-10 02:00:00,,0.8,4.8,2.3,256.0,251.0
2025-04-10 03:00:00,,0.6,2.3,1.5,243.0,248.0
2025-04-10 04:00:00,,0.8,2.9,1.9,246.0,235.0
2025-04-10 05:00:00,,1.0,2.8,2.6,251.0,221.0
2025-04-10 06:00:00,,1.1,2.4,2.9,245.0,208.0
2025-04-10 07:00:00,,0.8,2.3,2.6,249.0,247.0
2025-04-10 08:00:00,,0.4,2.3,2.0,255.0,287.0
2025-04-10 09:00:00,,1.3,4.6,5.4,292.0,288.0
2025-04-10 10:00:00,,1.4,6.6,6.3,293.0,303.0
2025-04-10 11:00:00,,1.7,7.9,7.4,297.0,316.0
2025-04-10 12:00:00,,2.2,7.3,8.4,306.0,340.0
2025-04-10 13:00:00,,2.5,6.5,8.6,333.0,11.0
2025-04-10 14:00:00,,3.0,7.9,9.6,357.0,26.0
2025-04-10 15:00:00,,3.0,7.4,10.0,25.0,33.0
2025-04-10 16:00:00,,2.6,6.5,8.3,38.0,42.0
2025-04-10 17:00:00,,1.9,4.8,5.9,51.0,50.0
2025-04-10 18:00:00,,1.4,2.4,4.0,61.0,59.0
2025-04-10 19:00:00,,1.5,1.8,3.5,101.0,116.0
2025-04-10 20:00:00,,1.8,1.8,3.6,145.0,172.0
2025-04-10 21:00:00,,1.4,2.9,2.3,247.0,230.0
2025-04-10 22:00:00,,1.2,3.3,1.6,255.0,243.0
2025-04-10 23:00:00,,1.5,4.0,2.1,255.0,257.0
2025-04-11 00:00:00,,2.1,4.6,3.0,247.0,249.0
2025-04-11 01:00:00,,2.3,5.3,3.8,243.0,252.0
2025-04-11 02:00:00,,2.3,5.6,4.1,247.0,247.0
2025-04-11 03:00:00,,2.3,5.4,4.1,246.0,250.0
2025-04-11 04:00:00,,2.4,5.6,4.2,244.0,250.0
2025-04-11 05:00:00,,2.4,5.8,4.2,245.0,249.0
2025-04-11 06:00:00,,2.3,5.9,4.1,246.0,249.0
2025-04-11 07:00:00,,1.7,5.6,3.5,247.0,245.0
2025-04-11 08:00:00,,1.0,5.4,2.8,250.0,240.0
2025-04-11 09:00:00,,0.8,4.8,3.0,245.0,241.0
2025-04-11 10:00:00,,0.6,4.5,5.0,265.0,131.0
2025-04-11 11:00:00,,1.8,5.6,7.5,358.0,97.0
2025-04-11 12:00:00,,2.9,7.1,10.0,50.0,91.0
2025-04-11 13:00:00,,3.3,8.8,10.8,70.0,93.0
2025-04-11 14:00:00,,3.3,9.5,10.8,84.0,95.0
2025-04-11 15:00:00,,3.3,9.1,10.5,93.0,98.0
2025-04-11 16:00:00,,2.6,8.6,8.4,101.0,97.0
2025-04-11 17:00:00,,1.7,5.1,5.5,107.0,96.0
2025-04-11 18:00:00,,1.0,3.6,3.4,122.0,95.0
2025-04-11 19:00:00,,0.9,4.9,3.1,145.0,134.0
2025-04-11 20:00:00,,1.2,7.0,3.6,177.0,172.0
2025-04-11 21:00:00,,2.3,5.3,4.6,210.0,225.0
2025-04-11 22:00:00,,1.7,5.3,3.5,209.0,226.0
2025-04-11 23:00:00,,1.7,5.3,3.9,201.0,220.0
2025-04-12 00:00:00,,2.3,4.9,5.3,226.0,222.0
2025-04-12 01:00:00,,1.9,4.1,5.0,221.0,222.0
2025-04-12 02:00:00,,1.5,5.0,4.0,223.0,238.0
2025-04-12 03:00:00,,1.3,4.4,3.6,226.0,234.0
2025-04-12 04:00:00,,1.3,4.4,4.3,232.0,228.0
2025-04-12 05:00:00,,1.5,5.1,5.4,229.0,221.0
2025-04-12 06:00:00,,1.7,6.3,6.6,225.0,215.0
2025-04-12 07:00:00,,1.7,6.9,7.5,218.0,201.0
2025-04-12 08:00:00,,1.6,7.5,8.4,215.0,187.0
2025-04-12 09:00:00,,1.8,8.3,8.0,189.0,192.0
2025-04-12 10:00:00,,1.9,8.8,8.6,151.0,173.0
2025-04-12 11:00:00,,3.3,9.5,11.1,147.0,154.0
2025-04-12 12:00:00,,3.7,11.3,12.0,146.0,165.0
2025-04-12 13:00:00,,3.4,10.9,10.6,147.0,161.0
2025-04-12 14:00:00,,4.6,11.6,13.8,149.0,168.0
2025-04-12 15:00:00,,4.1,13.8,11.9,161.0,163.0
2025-04-12 16:00:00,,3.6,12.4,10.7,163.0,155.0
2025-04-12 17:00:00,,3.0,11.8,9.0,176.0,148.0
2025-04-12 18:00:00,,2.6,13.1,8.3,173.0,140.0
2025-04-12 19:00:00,,2.8,10.1,9.4,160.0,146.0
2025-04-12 20:00:00,,3.3,13.6,11.4,159.0,152.0
2025-04-12 21:00:00,,5.4,12.5,16.9,157.0,152.0
2025-04-12 22:00:00,,5.8,12.8,18.4,139.0,140.0
2025-04-12 23:00:00,,5.3,14.6,16.4,145.0,143.0
2025-04-13 00:00:00,,6.1,15.8,18.1,146.0,151.0
2025-04-13 01:00:00,,5.5,16.4,16.3,148.0,157.0
2025-04-13 02:00:00,,3.6,12.3,11.4,170.0,202.0
2025-04-13 03:00:00,,4.9,12.4,16.1,258.0,254.0
2025-04-13 04:00:00,,5.2,16.3,16.9,256.0,253.0
2025-04-13 05:00:00,,5.7,20.0,18.4,260.0,252.0
2025-04-13 06:00:00,,6.5,22.4,20.4,259.0,251.0
2025-04-13 07:00:00,,7.7,23.3,23.4,258.0,251.0
2025-04-13 08:00:00,,9.2,27.9,26.8,258.0,250.0
2025-04-13 09:00:00,,9.1,29.0,25.8,255.0,249.0
2025-04-13 10:00:00,,10.3,29.8,29.5,256.0,245.0
2025-04-13 11:00:00,,9.6,26.8,27.6,249.0,242.0
2025-04-13 12:00:00,,8.4,26.3,24.5,246.0,241.0
2025-04-13 13:00:00,,8.5,25.0,24.3,244.0,243.0
2025-04-13 14:00:00,,8.8,22.8,24.8,243.0,244.0
2025-04-13 15:00:00,,8.7,23.8,24.5,246.0,242.0
2025-04-13 16:00:00,,8.3,23.5,23.4,246.0,242.0
2025-04-13 17:00:00,,7.6,20.5,21.7,246.0,241.0
2025-04-13 18:00:00,,6.8,19.8,19.6,250.0,241.0
2025-04-13 19:00:00,,5.6,18.0,16.7,247.0,241.0
2025-04-13 20:00:00,,4.2,16.8,13.2,243.0,241.0
2025-04-13 21:00:00,,3.7,13.3,12.5,244.0,247.0
2025-04-13 22:00:00,,3.2,9.3,10.9,225.0,242.0
2025-04-13 23:00:00,,2.5,9.4,8.3,225.0,225.0
2025-04-14 00:00:00,,2.3,9.0,7.9,229.0,224.0
2025-04-14 01:00:00,,2.5,10.1,8.3,230.0,223.0
2025-04-14 02:00:00,,3.0,12.3,9.4,231.0,222.0
2025-04-14 03:00:00,,4.1,10.6,12.8,230.0,240.0
2025-04-14 04:00:00,,3.7,7.5,12.0,222.0,233.0
2025-04-14 05:00:00,,2.8,7.3,10.3,222.0,227.0
2025-04-14 06:00:00,,2.4,6.9,9.3,218.0,220.0
2025-04-14 07:00:00,,2.9,5.1,10.1,218.0,224.0
2025-04-14 08:00:00,,3.7,4.9,11.8,226.0,227.0
2025-04-14 09:00:00,,2.1,6.8,8.3,188.0,208.0
2025-04-14 10:00:00,,1.7,7.9,8.5,189.0,218.0
2025-04-14 11:00:00,,1.8,7.1,9.3,140.0,207.0
2025-04-14 12:00:00,,1.3,8.5,5.4,141.0,262.0
2025-04-14 13:00:00,,0.7,6.3,7.0,140.0,60.0
2025-04-14 14:00:00,,1.6,8.8,8.8,75.0,102.0
2025-04-14 15:00:00,,1.3,6.6,7.9,107.0,97.0
2025-04-14 16:00:00,,1.0,3.3,6.4,109.0,72.0
2025-04-14 17:00:00,,0.5,2.6,4.1,39.0,47.0
2025-04-14 18:00:00,,0.3,3.5,2.5,7.0,22.0
2025-04-14 19:00:00,,0.5,4.9,2.5,6.0,10.0
2025-04-14 20:00:00,,1.0,7.3,3.2,9.0,357.0
2025-04-14 21:00:00,,1.5,6.3,6.3,348.0,2.0
2025-04-14 22:00:00,,2.1,8.1,8.8,345.0,6.0
2025-04-14 23:00:00,,1.8,10.4,6.4,356.0,348.0
2025-04-15 00:00:00,,,,3.0,,
2025-04-15 01:00:00,,,,7.3,,
2025-04-15 02:00:00,,,,6.5,,
2025-04-15 03:00:00,,,,4.9,,
2025-04-15 04:00:00,,,,4.7,,
2025-04-15 05:00:00,,,,4.3,,
2025-04-15 06:00:00,,,,4.5,,
2025-04-15 07:00:00,,,,5.7,,
2025-04-15 08:00:00,,,,7.5,,
2025-04-15 09:00:00,,,,9.3,,
2025-04-15 10:00:00,,,,11.3,,
2025-04-15 11:00:00,,,,13.3,,
2025-04-15 12:00:00,,,,14.4,,
2025-04-15 13:00:00,,,,14.2,,
2025-04-15 14:00:00,,,,13.2,,
2025-04-15 15:00:00,,,,11.9,,
2025-04-15 16:00:00,,,,10.1,,
2025-04-15 17:00:00,,,,8.1,,
2025-04-15 18:00:00,,,,6.6,,
2025-04-15 19:00:00,,,,6.3,,
2025-04-15 20:00:00,,,,6.6,,
2025-04-15 21:00:00,,,,7.0,,
2025-04-15 22:00:00,,,,8.5,,
2025-04-15 23:00:00,,,,7.8,,
2025-04-16 00:00:00,,,,7.4,,
2025-04-16 01:00:00,,,,6.3,,
2025-04-16 02:00:00,,,,6.4,,
2025-04-16 03:00:00,,,,6.5,,
2025-04-16 04:00:00,,,,6.4,,
2025-04-16 05:00:00,,,,6.5,,
2025-04-16 06:00:00,,,,6.8,,
2025-04-16 07:00:00,,,,7.7,,
2025-04-16 08:00:00,,,,8.9,,
2025-04-16 09:00:00,,,,8.8,,
2025-04-16 10:00:00,,,,8.6,,
2025-04-16 11:00:00,,,,7.9,,
2025-04-16 12:00:00,,,,7.5,,
2025-04-16 13:00:00,,,,7.5,,
2025-04-16 14:00:00,,,,6.1,,
2025-04-16 15:00:00,,,,6.0,,
2025-04-16 16:00:00,,,,5.4,,
2025-04-16 17:00:00,,,,4.9,,
2025-04-16 18:00:00,,,,4.8,,
2025-04-16 19:00:00,,,,5.6,,
2025-04-16 20:00:00,,,,6.9,,
2025-04-16 21:00:00,,,,12.1,,
2025-04-16 22:00:00,,,,9.9,,
2025-04-16 23:00:00,,,,8.8,,
2025-04-17 00:00:00,,,,8.8,,
2025-04-17 01:00:00,,,,9.5,,
2025-04-17 02:00:00,,,,7.5,,
2025-04-17 03:00:00,,,,6.4,,
2025-04-17 04:00:00,,,,5.8,,
2025-04-17 05:00:00,,,,5.4,,
2025-04-17 06:00:00,,,,5.1,,
2025-04-17 07:00:00,,,,5.0,,
2025-04-17 08:00:00,,,,5.0,,
2025-04-17 09:00:00,,,,9.1,,
2025-04-17 10:00:00,,,,10.0,,
2025-04-17 11:00:00,,,,11.6,,
2025-04-17 12:00:00,,,,11.1,,
2025-04-17 13:00:00,,,,9.6,,
2025-04-17 14:00:00,,,,8.8,,
2025-04-17 15:00:00,,,,8.3,,
2025-04-17 16:00:00,,,,7.9,,
2025-04-17 17:00:00,,,,7.7,,
2025-04-17 18:00:00,,,,7.5,,
2025-04-17 19:00:00,,,,7.0,,
2025-04-17 20:00:00,,,,6.4,,
2025-04-17 21:00:00,,,,6.9,,
2025-04-17 22:00:00,,,,6.1,,
2025-04-17 23:00:00,,,,5.3,,
2025-04-18 00:00:00,,,,5.6,,
2025-04-18 01:00:00,,,,6.3,,
2025-04-18 02:00:00,,,,7.1,,
2025-04-18 03:00:00,,,,10.0,,
2025-04-18 04:00:00,,,,8.7,,
2025-04-18 05:00:00,,,,6.5,,
2025-04-18 06:00:00,,,,5.5,,
2025-04-18 07:00:00,,,,7.1,,
2025-04-18 08:00:00,,,,9.9,,
2025-04-18 09:00:00,,,,12.1,,
2025-04-18 10:00:00,,,,13.0,,
2025-04-18 11:00:00,,,,13.8,,
2025-04-18 12:00:00,,,,16.8,,
2025-04-18 13:00:00,,,,19.1,,
2025-04-18 14:00:00,,,,19.1,,
2025-04-18 15:00:00,,,,18.6,,
2025-04-18 16:00:00,,,,18.1,,
2025-04-18 17:00:00,,,,17.0,,
2025-04-18 18:00:00,,,,15.3,,
2025-04-18 19:00:00,,,,12.3,,
2025-04-18 20:00:00,,,,8.6,,
2025-04-18 21:00:00,,,,7.0,,
2025-04-18 22:00:00,,,,6.9,,
2025-04-18 23:00:00,,,,6.5,,
2025-04-19 00:00:00,,,,5.5,,
2025-04-19 01:00:00,,,,5.8,,
2025-04-19 02:00:00,,,,5.1,,
2025-04-19 03:00:00,,,,4.8,,
2025-04-19 04:00:00,,,,4.3,,
2025-04-19 05:00:00,,,,3.7,,
2025-04-19 06:00:00,,,,3.3,,
2025-04-19 07:00:00,,,,3.1,,
2025-04-19 08:00:00,,,,3.2,,
2025-04-19 09:00:00,,,,5.1,,
2025-04-19 10:00:00,,,,7.4,,
2025-04-19 11:00:00,,,,8.0,,
2025-04-19 12:00:00,,,,8.6,,
2025-04-19 13:00:00,,,,13.3,,
2025-04-19 14:00:00,,,,16.3,,
2025-04-19 15:00:00,,,,15.3,,
2025-04-19 16:00:00,,,,15.0,,
2025-04-19 17:00:00,,,,13.7,,
2025-04-19 18:00:00,,,,12.4,,
2025-04-19 19:00:00,,,,11.6,,
2025-04-19 20:00:00,,,,10.9,,
2025-04-19 21:00:00,,,,12.4,,
2025-04-19 22:00:00,,,,7.5,,
2025-04-19 23:00:00,,,,4.5,,
2025-04-20 00:00:00,,,,4.4,,
2025-04-20 01:00:00,,,,3.3,,
2025-04-20 02:00:00,,,,2.5,,
2025-04-20 03:00:00,,,,1.8,,
2025-04-20 04:00:00,,,,1.8,,
2025-04-20 05:00:00,,,,2.2,,
2025-04-20 06:00:00,,,,2.8,,
2025-04-20 07:00:00,,,,3.4,,
2025-04-20 08:00:00,,,,4.1,,
2025-04-20 09:00:00,,,,4.1,,
2025-04-20 10:00:00,,,,5.9,,
2025-04-20 11:00:00,,,,7.5,,
2025-04-20 12:00:00,,,,8.6,,
2025-04-20 13:00:00,,,,9.8,,
2025-04-20 14:00:00,,,,9.6,,
2025-04-20 15:00:00,,,,9.3,,
2025-04-20 16:00:00,,,,8.4,,
2025-04-20 17:00:00,,,,6.9,,
2025-04-20 18:00:00,,,,5.5,,
2025-04-20 19:00:00,,,,4.0,,
2025-04-20 20:00:00,,,,2.5,,
2025-04-20 21:00:00,,,,2.3,,
2025-04-20 22:00:00,,,,3.3,,
2025-04-20 23:00:00,,,,4.6,,
2025-04-21 00:00:00,,,,4.5,,
2025-04-21 01:00:00,,,,4.4,,
2025-04-21 02:00:00,,,,4.9,,
2025-04-21 03:00:00,,,,5.0,,
2025-04-21 04:00:00,,,,4.8,,
2025-04-21 05:00:00,,,,4.5,,
2025-04-21 06:00:00,,,,4.5,,
2025-04-21 07:00:00,,,,5.0,,
2025-04-21 08:00:00,,,,5.9,,
2025-04-21 09:00:00,,,,5.4,,
2025-04-21 10:00:00,,,,9.6,,
2025-04-21 11:00:00,,,,11.1,,
2025-04-21 12:00:00,,,,12.8,,
2025-04-21 13:00:00,,,,12.8,,
2025-04-21 14:00:00,,,,12.5,,
2025-04-21 15:00:00,,,,12.0,,
2025-04-21 16:00:00,,,,11.0,,
2025-04-21 17:00:00,,,,9.8,,
2025-04-21 18:00:00,,,,8.6,,
2025-04-21 19:00:00,,,,7.6,,
2025-04-21 20:00:00,,,,6.7,,
2025-04-21 21:00:00,,,,4.5,,
2025-04-21 22:00:00,,,,3.9,,
2025-04-21 23:00:00,,,,4.3,,
2025-04-22 00:00:00,,,,2.9,,
2025-04-22 01:00:00,,,,3.3,,
2025-04-22 02:00:00,,,,4.3,,
2025-04-22 03:00:00,,,,4.8,,
2025-04-22 04:00:00,,,,5.0,,
2025-04-22 05:00:00,,,,5.0,,
2025-04-22 06:00:00,,,,4.9,,
2025-04-22 07:00:00,,,,4.6,,
2025-04-22 08:00:00,,,,4.1,,
2025-04-22 09:00:00,,,,4.6,,
2025-04-22 10:00:00,,,,7.3,,
2025-04-22 11:00:00,,,,9.0,,
2025-04-22 12:00:00,,,,11.1,,
2025-04-22 13:00:00,,,,8.5,,
2025-04-22 14:00:00,,,,6.3,,
2025-04-22 15:00:00,,,,3.1,,
2025-04-22 16:00:00,,,,2.6,,
2025-04-22 17:00:00,,,,3.0,,
2025-04-22 18:00:00,,,,3.3,,
2025-04-22 19:00:00,,,,3.1,,
2025-04-22 20:00:00,,,,2.8,,
2025-04-22 21:00:00,,,,1.9,,
2025-04-22 22:00:00,,,,3.1,,
2025-04-22 23:00:00,,,,5.4,,
2025-04-23 00:00:00,,,,7.5,,
2025-04-23 01:00:00,2.9,2.3,,8.1,3.0,6.0
2025-04-23 02:00:00,3.1,2.7,,9.6,4.0,2.0
2025-04-23 03:00:00,2.7,3.3,,11.5,3.0,3.0
2025-04-23 04:00:00,2.6,3.3,,11.5,3.0,4.0
2025-04-23 05:00:00,2.4,3.0,,11.0,4.0,5.0
2025-04-23 06:00:00,2.3,2.8,,10.4,3.0,6.0
2025-04-23 07:00:00,2.3,2.6,,9.7,4.0,6.0
2025-04-23 08:00:00,2.4,2.4,,9.0,5.0,5.0
2025-04-23 09:00:00,2.6,2.7,,9.3,9.0,10.0
2025-04-23 10:00:00,2.4,2.8,,9.4,14.0,9.0
2025-04-23 11:00:00,2.3,3.2,,9.9,26.0,16.0
2025-04-23 12:00:00,2.3,3.3,,10.0,33.0,16.0
2025-04-23 13:00:00,2.4,3.3,,9.9,48.0,20.0
2025-04-23 14:00:00,2.4,3.1,,9.4,60.0,24.0
2025-04-23 15:00:00,2.7,2.8,,8.3,50.0,26.0
2025-04-23 16:00:00,2.0,2.4,,6.8,62.0,35.0
2025-04-23 17:00:00,1.4,1.8,,5.0,70.0,45.0
2025-04-23 18:00:00,0.9,1.3,,3.4,96.0,54.0
2025-04-23 19:00:00,0.5,0.8,,2.1,83.0,46.0
2025-04-23 20:00:00,0.3,0.4,,1.1,127.0,37.0
2025-04-23 21:00:00,0.6,0.7,,1.3,247.0,229.0
2025-04-23 22:00:00,0.7,1.4,,2.4,236.0,218.0
2025-04-23 23:00:00,1.0,1.7,,2.6,249.0,236.0
2025-04-24 00:00:00,1.5,2.4,,5.5,239.0,247.0
2025-04-24 01:00:00,2.1,2.1,,4.1,246.0,254.0
2025-04-24 02:00:00,2.3,2.3,,4.6,260.0,258.0
2025-04-24 03:00:00,2.4,2.6,,4.8,258.0,256.0
2025-04-24 04:00:00,2.6,2.6,,4.9,251.0,253.0
2025-04-24 05:00:00,2.4,2.5,,5.1,247.0,251.0
2025-04-24 06:00:00,2.4,2.4,,5.3,247.0,248.0
2025-04-24 07:00:00,2.3,2.1,,5.2,247.0,249.0
2025-04-24 08:00:00,1.8,1.7,,5.1,248.0,251.0
2025-04-24 09:00:00,1.8,1.9,,6.8,255.0,252.0
2025-04-24 10:00:00,2.1,2.4,,8.3,250.0,253.0
2025-04-24 11:00:00,2.9,3.2,,11.1,248.0,248.0
2025-04-24 12:00:00,3.8,5.1,,15.3,250.0,249.0
2025-04-24 13:00:00,5.3,6.4,,18.6,256.0,253.0
2025-04-24 14:00:00,6.8,6.9,,19.9,261.0,255.0
2025-04-24 15:00:00,7.3,7.3,,20.6,253.0,257.0
2025-04-24 16:00:00,7.4,7.5,,20.9,255.0,258.0
2025-04-24 17:00:00,7.4,7.3,,20.4,255.0,259.0
2025-04-24 18:00:00,7.2,6.8,,19.0,255.0,260.0
2025-04-24 19:00:00,6.2,5.7,,16.2,257.0,265.0
2025-04-24 20:00:00,4.9,4.2,,12.5,262.0,271.0
2025-04-24 21:00:00,3.9,3.3,,10.5,267.0,280.0
2025-04-24 22:00:00,3.6,3.2,,10.1,274.0,287.0
2025-04-24 23:00:00,2.7,2.3,,7.8,288.0,286.0
2025-04-25 00:00:00,2.2,2.3,,7.9,283.0,282.0
2025-04-25 01:00:00,2.1,2.1,,7.4,278.0,283.0
2025-04-25 02:00:00,2.0,2.3,,7.9,268.0,282.0
2025-04-25 03:00:00,2.1,2.4,,8.5,267.0,281.0
2025-04-25 04:00:00,2.1,2.3,,7.9,264.0,271.0
2025-04-25 05:00:00,2.0,2.1,,6.9,254.0,262.0
2025-04-25 06:00:00,2.1,2.0,,6.5,247.0,252.0
2025-04-25 07:00:00,1.7,2.0,,6.9,244.0,260.0
2025-04-25 08:00:00,1.7,2.0,,7.8,251.0,267.0
2025-04-25 09:00:00,2.4,2.6,,9.5,269.0,278.0
2025-04-25 10:00:00,3.1,3.5,,12.0,280.0,283.0
2025-04-25 11:00:00,3.5,4.8,,15.1,286.0,279.0
2025-04-25 12:00:00,5.1,5.4,,15.8,285.0,279.0
2025-04-25 13:00:00,5.6,5.7,,16.4,284.0,278.0
2025-04-25 14:00:00,5.8,5.6,,16.3,282.0,274.0
2025-04-25 15:00:00,5.9,5.3,,15.6,284.0,271.0
2025-04-25 16:00:00,5.4,5.0,,14.6,283.0,273.0
2025-04-25 17:00:00,5.3,4.7,,13.3,282.0,275.0
2025-04-25 18:00:00,5.0,4.2,,11.8,282.0,277.0
2025-04-25 19:00:00,3.8,3.5,,10.2,280.0,272.0
2025-04-25 20:00:00,2.1,2.6,,8.5,275.0,266.0
2025-04-25 21:00:00,1.9,2.4,,8.3,264.0,259.0
2025-04-25 22:00:00,1.8,2.0,,7.0,255.0,252.0
2025-04-25 23:00:00,2.0,1.9,,6.0,247.0,237.0
2025-04-26 00:00:00,2.2,2.1,,6.5,243.0,246.0
2025-04-26 01:00:00,2.2,2.1,,5.1,243.0,244.0
2025-04-26 02:00:00,2.3,2.2,,5.1,245.0,247.0
2025-04-26 03:00:00,2.4,2.3,,5.3,250.0,241.0
2025-04-26 04:00:00,2.6,2.3,,5.1,248.0,244.0
2025-04-26 05:00:00,2.5,2.4,,5.1,246.0,246.0
2025-04-26 06:00:00,2.5,2.4,,5.4,242.0,249.0
2025-04-26 07:00:00,2.3,2.3,,6.1,246.0,252.0
2025-04-26 08:00:00,2.3,2.2,,7.2,248.0,254.0
2025-04-26 09:00:00,4.5,2.5,,9.1,263.0,254.0
2025-04-26 10:00:00,4.8,2.8,,9.9,266.0,260.0
2025-04-26 11:00:00,4.8,3.3,,11.6,263.0,263.0
2025-04-26 12:00:00,4.6,3.4,,12.3,263.0,263.0
2025-04-26 13:00:00,4.8,3.4,,12.1,263.0,265.0
2025-04-26 14:00:00,4.6,3.4,,12.3,260.0,264.0
2025-04-26 15:00:00,4.8,3.5,,11.9,262.0,260.0
2025-04-26 16:00:00,5.4,3.9,,12.7,259.0,257.0
2025-04-26 17:00:00,5.6,4.5,,13.9,259.0,254.0
2025-04-26 18:00:00,5.4,4.9,,14.9,257.0,251.0
2025-04-26 19:00:00,5.0,5.0,,15.4,254.0,251.0
2025-04-26 20:00:00,5.1,5.1,,15.8,255.0,252.0
2025-04-26 21:00:00,4.5,5.3,,16.3,253.0,251.0
2025-04-26 22:00:00,4.1,5.3,,16.8,254.0,249.0
2025-04-26 23:00:00,4.1,5.7,,17.6,253.0,252.0
2025-04-27 00:00:00,4.1,5.6,,17.1,255.0,251.0
2025-04-27 01:00:00,4.1,5.3,,17.0,252.0,249.0
2025-04-27 02:00:00,4.4,5.7,,17.5,252.0,248.0
2025-04-27 03:00:00,5.1,6.2,,19.0,251.0,247.0
2025-04-27 04:00:00,5.3,6.2,,18.9,254.0,247.0
2025-04-27 05:00:00,5.1,6.0,,18.6,256.0,247.0
2025-04-27 06:00:00,4.9,5.9,,18.1,258.0,247.0
2025-04-27 07:00:00,5.0,5.7,,17.5,254.0,246.0
2025-04-27 08:00:00,5.0,5.5,,16.8,253.0,244.0
2025-04-27 09:00:00,5.1,6.1,,18.6,251.0,245.0
2025-04-27 10:00:00,5.8,6.3,,18.6,249.0,244.0
2025-04-27 11:00:00,6.5,6.4,,18.8,250.0,252.0
2025-04-27 12:00:00,6.8,6.9,,19.6,257.0,257.0
2025-04-27 13:00:00,7.1,7.1,,20.3,258.0,259.0
2025-04-27 14:00:00,7.3,7.4,,21.1,258.0,258.0
2025-04-27 15:00:00,6.9,7.5,,21.3,253.0,253.0
2025-04-27 16:00:00,6.4,7.0,,20.1,252.0,251.0
2025-04-27 17:00:00,5.8,6.3,,18.2,249.0,248.0
2025-04-27 18:00:00,4.9,5.6,,16.5,250.0,246.0
2025-04-27 19:00:00,4.2,5.1,,15.3,239.0,247.0
2025-04-27 20:00:00,3.6,4.5,,14.3,235.0,249.0
2025-04-27 21:00:00,2.8,5.3,,16.3,238.0,251.0
2025-04-27 22:00:00,2.9,5.6,,17.9,243.0,256.0
2025-04-27 23:00:00,3.2,4.3,,14.9,239.0,261.0
2025-04-28 00:00:00,3.7,4.3,,14.4,243.0,260.0
2025-04-28 01:00:00,4.1,3.1,,11.1,246.0,267.0
2025-04-28 02:00:00,3.8,3.3,,10.5,246.0,251.0
2025-04-28 03:00:00,3.8,3.1,,10.3,239.0,256.0
2025-04-28 04:00:00,3.3,2.7,,8.3,254.0,253.0
2025-04-28 05:00:00,2.8,2.3,,6.2,258.0,249.0
2025-04-28 06:00:00,2.2,2.1,,5.1,249.0,246.0
2025-04-28 07:00:00,2.1,2.1,,5.8,245.0,264.0
2025-04-28 08:00:00,1.9,2.3,,7.5,251.0,283.0
2025-04-28 09:00:00,1.6,1.8,,7.3,272.0,280.0
2025-04-28 10:00:00,1.9,2.6,,9.6,280.0,286.0
2025-04-28 11:00:00,3.1,4.0,,13.5,277.0,274.0
2025-04-28 12:00:00,4.8,5.1,,16.6,276.0,277.0
2025-04-28 13:00:00,6.3,6.1,,17.6,274.0,277.0
2025-04-28 14:00:00,6.6,6.6,,18.1,276.0,277.0
2025-04-28 15:00:00,6.3,6.4,,17.6,275.0,284.0
2025-04-28 16:00:00,5.6,5.6,,15.4,291.0,323.0
2025-04-28 17:00:00,3.4,4.2,,12.2,352.0,1.0
2025-04-28 18:00:00,3.3,3.1,,9.5,31.0,40.0
2025-04-28 19:00:00,3.2,2.6,,7.8,17.0,40.0
2025-04-28 20:00:00,3.0,2.3,,6.6,349.0,39.0
2025-04-28 21:00:00,3.4,0.9,,2.8,346.0,51.0
2025-04-28 22:00:00,3.1,0.8,,3.3,347.0,27.0
2025-04-28 23:00:00,2.3,0.9,,3.0,336.0,236.0
2025-04-29 00:00:00,1.1,1.3,,2.6,279.0,238.0
2025-04-29 01:00:00,1.3,1.3,,2.3,303.0,241.0
2025-04-29 02:00:00,1.4,1.4,,2.5,323.0,247.0
2025-04-29 03:00:00,1.1,1.6,,2.8,246.0,246.0
2025-04-29 04:00:00,1.8,1.9,,3.4,244.0,244.0
2025-04-29 05:00:00,1.9,2.3,,4.2,246.0,241.0
2025-04-29 06:00:00,2.0,2.5,,5.0,243.0,239.0
2025-04-29 07:00:00,1.8,2.1,,5.4,243.0,244.0
2025-04-29 08:00:00,1.2,1.4,,5.8,242.0,249.0
2025-04-29 09:00:00,1.9,1.9,,8.3,262.0,279.0
2025-04-29 10:00:00,2.5,2.7,,9.8,274.0,297.0
2025-04-29 11:00:00,3.8,3.6,,12.0,277.0,305.0
2025-04-29 12:00:00,3.8,2.5,,10.3,285.0,333.0
2025-04-29 13:00:00,2.7,1.6,,9.5,297.0,12.0
2025-04-29 14:00:00,1.5,1.0,,8.4,314.0,27.0
2025-04-29 15:00:00,1.6,1.1,,8.0,295.0,28.0
2025-04-29 16:00:00,2.3,1.0,,7.4,286.0,355.0
2025-04-29 17:00:00,2.3,1.0,,6.9,281.0,322.0
2025-04-29 18:00:00,2.3,1.1,,6.3,274.0,289.0
2025-04-29 19:00:00,2.3,1.3,,5.3,268.0,268.0
2025-04-29 20:00:00,2.2,1.5,,4.2,245.0,246.0
2025-04-29 21:00:00,1.8,1.6,,3.9,237.0,231.0
2025-04-29 22:00:00,1.9,1.6,,4.5,237.0,242.0
2025-04-29 23:00:00,2.1,1.7,,4.1,249.0,238.0
2025-04-30 00:00:00,2.3,2.1,,5.0,249.0,242.0
2025-04-30 01:00:00,2.4,2.2,,5.9,246.0,250.0
2025-04-30 02:00:00,2.4,2.2,,6.1,248.0,253.0
2025-04-30 03:00:00,2.4,2.4,,6.8,250.0,251.0
2025-04-30 04:00:00,2.5,2.5,,7.1,247.0,251.0
2025-04-30 05:00:00,2.6,2.7,,7.4,243.0,250.0
2025-04-30 06:00:00,2.6,3.1,,8.5,243.0,250.0
2025-04-30 07:00:00,2.3,3.8,,11.0,242.0,252.0
2025-04-30 08:00:00,2.2,4.6,,14.4,238.0,254.0
2025-04-30 09:00:00,2.7,4.1,,14.3,246.0,256.0
2025-04-30 10:00:00,4.1,5.0,,16.1,253.0,259.0
2025-04-30 11:00:00,5.2,5.6,,17.6,256.0,260.0
2025-04-30 12:00:00,5.6,5.9,,18.1,257.0,258.0
2025-04-30 13:00:00,5.4,5.9,,17.9,256.0,254.0
2025-04-30 14:00:00,5.0,5.6,,17.1,252.0,250.0
2025-04-30 15:00:00,5.4,5.2,,15.6,245.0,246.0
2025-04-30 16:00:00,4.2,4.5,,13.3,243.0,243.0
2025-04-30 17:00:00,2.7,3.5,,10.5,239.0,241.0
2025-04-30 18:00:00,1.3,2.8,,8.1,226.0,238.0
2025-04-30 19:00:00,1.1,2.5,,6.5,208.0,227.0
2025-04-30 20:00:00,1.9,2.3,,5.3,195.0,217.0
2025-04-30 21:00:00,2.6,2.3,,4.9,206.0,206.0
2025-04-30 22:00:00,2.3,2.4,,5.6,214.0,211.0
2025-04-30 23:00:00,2.5,2.6,,7.1,220.0,217.0
2025-05-01 00:00:00,2.6,2.8,,8.6,225.0,222.0
2025-05-01 01:00:00,3.1,3.1,,9.8,220.0,222.0
2025-05-01 02:00:00,,,10.0,11.0,,223.0
2025-05-01 03:00:00,,,10.6,11.9,,223.0
2025-05-01 04:00:00,,,10.9,12.3,,222.0
2025-05-01 05:00:00,,,10.6,12.4,,220.0
2025-05-01 06:00:00,,,11.5,12.9,,219.0
2025-05-01 07:00:00,,,12.8,14.3,,217.0
2025-05-01 08:00:00,,,14.9,16.1,,216.0
2025-05-01 09:00:00,,,15.0,17.6,,214.0
2025-05-01 10:00:00,,,15.6,18.9,,215.0
2025-05-01 11:00:00,,,17.8,19.8,,216.0
2025-05-01 12:00:00,,,18.6,19.4,,217.0
2025-05-01 13:00:00,,,19.5,16.4,,226.0
2025-05-01 14:00:00,,,17.3,12.1,,234.0
2025-05-01 15:00:00,,,14.8,8.9,,243.0
2025-05-01 16:00:00,,,13.8,8.1,,235.0
2025-05-01 17:00:00,,,10.9,8.4,,228.0
2025-05-01 18:00:00,,,5.1,8.5,,220.0
2025-05-01 19:00:00,,,8.5,7.8,,229.0
2025-05-01 20:00:00,,,7.9,6.9,,239.0
2025-05-01 21:00:00,,,6.0,9.5,,249.0
2025-05-01 22:00:00,,,8.9,9.3,,251.0
2025-05-01 23:00:00,,,11.5,10.0,,248.0
2025-05-02 00:00:00,,,12.8,9.1,,245.0
2025-05-02 01:00:00,,,12.4,11.4,,248.0
2025-05-02 02:00:00,,,11.0,14.6,,253.0
2025-05-02 03:00:00,,,12.6,15.3,,247.0
2025-05-02 04:00:00,,,14.3,14.9,,253.0
2025-05-02 05:00:00,,,15.1,13.5,,258.0
2025-05-02 06:00:00,,,13.8,12.4,,264.0
2025-05-02 07:00:00,,,12.9,12.2,,264.0
2025-05-02 08:00:00,,,13.8,12.4,,264.0
2025-05-02 09:00:00,,,10.4,11.8,,260.0
2025-05-02 10:00:00,,,9.6,11.5,,270.0
2025-05-02 11:00:00,,,10.0,11.6,,274.0
2025-05-02 12:00:00,,,13.0,9.4,,299.0
2025-05-02 13:00:00,,,11.8,9.6,,335.0
2025-05-02 14:00:00,,,10.8,8.9,,347.0
2025-05-02 15:00:00,,,10.4,6.9,,313.0
2025-05-02 16:00:00,,,9.1,8.0,,301.0
2025-05-02 17:00:00,,,6.9,9.9,,288.0
2025-05-02 18:00:00,,,4.4,10.6,,276.0
2025-05-02 19:00:00,,,2.8,9.0,,265.0
2025-05-02 20:00:00,,,3.5,6.3,,253.0
2025-05-02 21:00:00,,,4.5,5.6,,243.0
2025-05-02 22:00:00,,,4.5,5.3,,229.0
2025-05-02 23:00:00,,,3.3,4.6,,228.0
2025-05-03 00:00:00,,,3.4,4.4,,239.0
2025-05-03 01:00:00,,,3.1,6.0,,246.0
2025-05-03 02:00:00,,,3.3,5.3,,240.0
2025-05-03 03:00:00,,,4.8,5.9,,238.0
2025-05-03 04:00:00,,,5.4,5.4,,238.0
2025-05-03 05:00:00,,,4.6,4.4,,239.0
2025-05-03 06:00:00,,,4.0,3.8,,239.0
2025-05-03 07:00:00,,,4.3,3.7,,229.0
2025-05-03 08:00:00,,,4.6,4.0,,220.0
2025-05-03 09:00:00,,,3.1,3.1,,240.0
2025-05-03 10:00:00,,,3.1,3.9,,249.0
2025-05-03 11:00:00,,,3.4,6.1,,254.0
2025-05-03 12:00:00,,,3.8,4.8,,251.0
2025-05-03 13:00:00,,,4.8,5.9,,257.0
2025-05-03 14:00:00,,,7.8,6.3,,262.0
2025-05-03 15:00:00,,,6.4,7.8,,273.0
2025-05-03 16:00:00,,,8.1,7.8,,267.0
2025-05-03 17:00:00,,,8.0,7.4,,260.0
2025-05-03 18:00:00,,,9.6,7.1,,254.0
2025-05-03 19:00:00,,,9.1,6.9,,251.0
2025-05-03 20:00:00,,,8.8,6.7,,247.0
2025-05-03 21:00:00,,,8.9,7.6,,252.0
2025-05-03 22:00:00,,,9.4,8.3,,258.0
2025-05-03 23:00:00,,,9.4,8.3,,260.0
2025-05-04 00:00:00,,,9.3,8.5,,257.0
2025-05-04 01:00:00,,,9.6,8.4,,253.0
2025-05-04 02:00:00,,,12.3,9.1,,257.0
2025-05-04 03:00:00,,,11.0,10.4,,254.0
2025-05-04 04:00:00,,,11.6,11.4,,256.0
2025-05-04 05:00:00,,,13.0,12.5,,259.0
2025-05-04 06:00:00,,,13.9,13.6,,261.0
2025-05-04 07:00:00,,,15.1,14.8,,267.0
2025-05-04 08:00:00,,,16.3,16.1,,273.0
2025-05-04 09:00:00,,,18.0,19.5,,280.0
2025-05-04 10:00:00,,,19.0,19.6,,291.0
2025-05-04 11:00:00,,,21.1,18.4,,294.0
2025-05-04 12:00:00,,,20.6,18.8,,292.0
2025-05-04 13:00:00,,,20.5,19.3,,285.0
2025-05-04 14:00:00,,,21.3,18.8,,281.0
2025-05-04 15:00:00,,,23.4,18.6,,273.0
2025-05-04 16:00:00,,,23.8,17.9,,271.0
2025-05-04 17:00:00,,,22.0,17.0,,269.0
2025-05-04 18:00:00,,,20.4,16.0,,267.0
2025-05-04 19:00:00,,,17.6,15.2,,265.0
2025-05-04 20:00:00,,,15.1,14.4,,263.0
2025-05-04 21:00:00,,,12.8,13.4,,267.0
2025-05-04 22:00:00,,,8.9,11.3,,270.0
2025-05-04 23:00:00,,,6.0,8.0,,261.0
2025-05-05 00:00:00,,,3.6,5.8,,245.0
2025-05-05 01:00:00,,,3.5,3.5,,244.0
2025-05-05 02:00:00,,,4.3,3.5,,243.0
2025-05-05 03:00:00,,,4.3,3.9,,246.0
2025-05-05 04:00:00,,,4.6,4.0,,247.0
2025-05-05 05:00:00,,,5.1,4.3,,248.0
2025-05-05 06:00:00,,,5.0,4.4,,249.0
2025-05-05 07:00:00,,,4.3,3.8,,256.0
2025-05-05 08:00:00,,,3.5,3.1,,263.0
2025-05-05 09:00:00,,,4.3,4.4,,234.0
2025-05-05 10:00:00,,,5.4,4.6,,326.0
2025-05-05 11:00:00,,,5.3,6.5,,58.0
2025-05-05 12:00:00,,,5.9,8.6,,74.0
2025-05-05 13:00:00,,,7.9,9.1,,73.0
2025-05-05 14:00:00,,,8.3,9.1,,79.0
2025-05-05 15:00:00,,,6.8,5.0,,45.0
2025-05-05 16:00:00,,,5.1,3.8,,52.0
2025-05-05 17:00:00,,,2.1,2.7,,58.0
2025-05-05 18:00:00,,,4.5,1.8,,65.0
2025-05-05 19:00:00,,,3.6,1.3,,56.0
2025-05-05 20:00:00,,,3.9,1.0,,46.0
2025-05-05 21:00:00,,,1.6,1.9,,272.0
2025-05-05 22:00:00,,,2.5,2.4,,25.0
2025-05-05 23:00:00,,,3.1,3.8,,164.0
2025-05-06 00:00:00,,,2.6,2.1,,79.0
2025-05-06 01:00:00,,,2.4,2.0,,153.0
2025-05-06 02:00:00,,,0.8,2.5,,151.0
2025-05-06 03:00:00,,,1.3,1.8,,180.0
2025-05-06 04:00:00,,,1.1,2.3,,181.0
2025-05-06 05:00:00,,,1.8,3.1,,182.0
2025-05-06 06:00:00,,,1.4,4.0,,183.0
2025-05-06 07:00:00,,,1.0,4.9,,153.0
2025-05-06 08:00:00,,,2.1,5.8,,123.0
2025-05-06 09:00:00,,,4.5,2.3,,72.0
2025-05-06 10:00:00,,,4.5,3.6,,83.0
2025-05-06 11:00:00,,,8.3,5.4,,91.0
2025-05-06 12:00:00,,,6.9,5.1,,93.0
2025-05-06 13:00:00,,,4.5,6.1,,92.0
2025-05-06 14:00:00,,,4.9,4.8,,80.0
2025-05-06 15:00:00,,,5.4,5.8,,70.0
2025-05-06 16:00:00,,,4.1,5.2,,62.0
2025-05-06 17:00:00,,,4.1,4.4,,53.0
2025-05-06 18:00:00,,,3.3,3.6,,45.0
2025-05-06 19:00:00,,,2.0,3.1,,47.0
2025-05-06 20:00:00,,,1.9,2.7,,49.0
2025-05-06 21:00:00,,,1.5,0.4,,329.0
2025-05-06 22:00:00,,,0.5,0.9,,274.0
2025-05-06 23:00:00,,,0.4,1.1,,244.0
2025-05-07 00:00:00,,,0.5,1.5,,234.0
2025-05-07 01:00:00,,,0.8,2.4,,235.0
2025-05-07 02:00:00,,,1.0,2.8,,242.0
2025-05-07 03:00:00,,,1.3,2.9,,243.0
2025-05-07 04:00:00,,,2.0,3.4,,240.0
2025-05-07 05:00:00,,,2.8,3.8,,238.0
2025-05-07 06:00:00,,,3.0,4.0,,235.0
2025-05-07 07:00:00,,,3.1,3.6,,247.0
2025-05-07 08:00:00,,,1.8,3.0,,258.0
2025-05-07 09:00:00,,,4.1,2.8,,270.0
2025-05-07 10:00:00,,,6.9,3.6,,229.0
2025-05-07 11:00:00,,,5.5,4.9,,187.0
2025-05-07 12:00:00,,,6.3,5.8,,146.0
2025-05-07 13:00:00,,,5.3,6.1,,119.0
2025-05-07 14:00:00,,,4.6,6.1,,93.0
2025-05-07 15:00:00,,,5.8,5.9,,66.0
2025-05-07 16:00:00,,,4.4,5.2,,90.0
2025-05-07 17:00:00,,,4.3,4.3,,113.0
2025-05-07 18:00:00,,,4.0,3.9,,137.0
2025-05-07 19:00:00,,,3.0,4.4,,157.0
2025-05-07 20:00:00,,,3.1,5.3,,177.0
2025-05-07 21:00:00,,,4.1,5.4,,208.0
2025-05-07 22:00:00,,,4.6,5.6,,226.0
2025-05-07 23:00:00,,,5.0,5.1,,233.0
2025-05-08 00:00:00,,,4.5,4.5,,239.0
2025-05-08 01:00:00,,,4.1,4.4,,241.0
2025-05-08 02:00:00,,,4.3,4.3,,246.0
2025-05-08 03:00:00,,,4.6,4.4,,246.0
2025-05-08 04:00:00,,,4.1,4.5,,245.0
2025-05-08 05:00:00,,,4.6,4.7,,245.0
2025-05-08 06:00:00,,,4.4,4.8,,244.0
2025-05-08 07:00:00,,,4.3,4.6,,243.0
2025-05-08 08:00:00,,,3.5,4.4,,243.0
2025-05-08 09:00:00,,,3.6,4.5,,242.0
2025-05-08 10:00:00,,,5.4,5.1,,232.0
2025-05-08 11:00:00,,,6.1,6.0,,221.0
2025-05-08 12:00:00,,,6.4,7.1,,211.0
2025-05-08 13:00:00,,,6.9,8.5,,225.0
2025-05-08 14:00:00,,,9.8,10.1,,238.0
2025-05-08 15:00:00,,,9.4,10.8,,252.0
2025-05-08 16:00:00,,,10.0,10.1,,248.0
2025-05-08 17:00:00,,,9.8,8.5,,245.0
2025-05-08 18:00:00,,,9.0,6.9,,241.0
2025-05-08 19:00:00,,,5.6,5.5,,240.0
2025-05-08 20:00:00,,,4.9,4.0,,240.0
2025-05-08 21:00:00,,,5.4,2.5,,220.0
2025-05-08 22:00:00,,,5.8,4.5,,208.0
2025-05-08 23:00:00,,,4.4,5.4,,213.0
2025-05-09 00:00:00,,,4.0,3.9,,227.0
2025-05-09 01:00:00,,,3.9,3.0,,248.0
2025-05-09 02:00:00,,,4.1,3.3,,230.0
2025-05-09 03:00:00,1.6,1.3,5.3,4.1,207.0,218.0
2025-05-09 04:00:00,1.1,1.0,4.5,3.7,209.0,216.0
2025-05-09 05:00:00,0.6,0.6,3.4,3.2,225.0,213.0
2025-05-09 06:00:00,0.4,0.4,3.1,3.0,222.0,211.0
2025-05-09 07:00:00,0.6,0.5,3.8,3.3,210.0,214.0
2025-05-09 08:00:00,1.1,0.8,6.1,3.9,207.0,217.0
2025-05-09 09:00:00,0.5,1.1,2.5,4.6,270.0,220.0
2025-05-09 10:00:00,0.6,1.3,2.5,5.4,353.0,170.0
2025-05-09 11:00:00,0.9,1.4,3.3,6.3,65.0,120.0
2025-05-09 12:00:00,1.1,1.6,5.0,7.4,60.0,70.0
2025-05-09 13:00:00,1.3,2.1,6.8,9.0,41.0,83.0
2025-05-09 14:00:00,1.5,2.6,7.8,10.6,70.0,95.0
2025-05-09 15:00:00,1.6,2.9,8.3,11.5,86.0,108.0
2025-05-09 16:00:00,1.3,2.6,6.1,10.7,76.0,99.0
2025-05-09 17:00:00,1.8,2.1,7.8,9.1,97.0,89.0
2025-05-09 18:00:00,1.4,1.8,6.5,8.0,94.0,80.0
2025-05-09 19:00:00,1.1,2.1,5.1,8.4,61.0,55.0
2025-05-09 20:00:00,0.8,2.7,2.8,9.2,40.0,31.0
2025-05-09 21:00:00,1.1,0.7,3.1,1.9,358.0,5.0
2025-05-09 22:00:00,1.0,0.6,2.9,1.5,320.0,261.0
2025-05-09 23:00:00,0.6,1.0,1.5,2.5,292.0,256.0
2025-05-10 00:00:00,0.8,1.6,1.8,5.3,220.0,246.0
2025-05-10 01:00:00,0.8,2.8,2.0,7.3,239.0,249.0
2025-05-10 02:00:00,1.0,3.5,2.1,11.1,235.0,245.0
2025-05-10 03:00:00,1.1,5.6,3.3,18.5,237.0,246.0
2025-05-10 04:00:00,0.9,6.7,3.8,21.1,254.0,246.0
2025-05-10 05:00:00,0.9,7.5,3.8,22.9,242.0,245.0
2025-05-10 06:00:00,1.5,8.2,5.3,24.1,234.0,245.0
2025-05-10 07:00:00,1.7,8.4,6.5,24.4,235.0,245.0
2025-05-10 08:00:00,3.5,8.4,12.6,24.2,243.0,245.0
2025-05-10 09:00:00,7.8,3.8,22.9,12.8,248.0,256.0
2025-05-10 10:00:00,8.7,5.1,26.1,17.3,250.0,255.0
2025-05-10 11:00:00,9.3,5.7,27.3,17.9,255.0,258.0
2025-05-10 12:00:00,7.9,6.4,23.4,19.6,258.0,258.0
2025-05-10 13:00:00,6.6,6.0,20.0,17.9,262.0,260.0
2025-05-10 14:00:00,5.4,5.6,17.4,17.8,266.0,260.0
2025-05-10 15:00:00,5.4,5.7,17.0,18.0,267.0,261.0
2025-05-10 16:00:00,2.8,4.6,10.0,14.7,278.0,265.0
2025-05-10 17:00:00,1.2,3.1,5.4,10.4,285.0,268.0
2025-05-10 18:00:00,1.1,1.9,5.4,6.9,214.0,272.0
2025-05-10 19:00:00,1.1,1.4,5.1,5.0,223.0,257.0
2025-05-10 20:00:00,1.1,1.2,5.0,3.9,230.0,242.0
2025-05-10 21:00:00,1.9,2.3,6.5,8.6,241.0,249.0
2025-05-10 22:00:00,2.0,2.1,6.5,7.9,245.0,242.0
2025-05-10 23:00:00,2.0,2.4,6.4,8.5,251.0,249.0
2025-05-11 00:00:00,2.2,2.8,6.5,9.5,245.0,251.0
2025-05-11 01:00:00,2.0,2.6,5.3,8.8,251.0,253.0
2025-05-11 02:00:00,2.0,2.5,5.0,8.3,247.0,247.0
2025-05-11 03:00:00,1.3,2.2,3.9,7.5,256.0,255.0
2025-05-11 04:00:00,1.4,2.0,3.8,6.4,242.0,252.0
2025-05-11 05:00:00,1.4,1.9,3.3,5.2,241.0,250.0
2025-05-11 06:00:00,1.6,1.8,3.9,4.6,238.0,247.0
2025-05-11 07:00:00,1.7,1.8,4.6,5.0,243.0,251.0
2025-05-11 08:00:00,1.8,1.9,5.3,6.0,243.0,255.0
2025-05-11 09:00:00,1.6,1.1,5.5,5.3,243.0,224.0
2025-05-11 10:00:00,1.1,0.9,5.8,6.4,254.0,200.0
2025-05-11 11:00:00,0.8,0.7,7.0,5.8,205.0,218.0
2025-05-11 12:00:00,0.6,0.4,3.9,4.0,156.0,56.0
2025-05-11 13:00:00,0.3,0.1,3.8,5.4,98.0,297.0
2025-05-11 14:00:00,0.6,0.4,4.3,3.1,219.0,222.0
2025-05-11 15:00:00,1.1,0.8,5.3,4.4,264.0,263.0
2025-05-11 16:00:00,0.9,0.7,4.3,3.7,287.0,280.0
2025-05-11 17:00:00,0.9,0.6,4.5,2.8,268.0,298.0
2025-05-11 18:00:00,0.8,0.5,3.9,2.0,257.0,315.0
2025-05-11 19:00:00,0.9,0.6,3.3,1.6,264.0,277.0
2025-05-11 20:00:00,1.1,0.9,3.0,1.5,263.0,239.0
2025-05-11 21:00:00,1.1,1.9,2.8,4.6,236.0,243.0
2025-05-11 22:00:00,1.8,2.0,3.8,4.5,241.0,247.0
2025-05-11 23:00:00,2.0,2.1,4.3,4.5,241.0,243.0
2025-05-12 00:00:00,2.1,2.1,4.4,4.8,244.0,240.0
2025-05-12 01:00:00,2.2,2.4,4.9,5.6,245.0,240.0
2025-05-12 02:00:00,2.3,2.4,5.6,6.0,245.0,242.0
2025-05-12 03:00:00,2.3,2.5,5.4,6.3,246.0,242.0
2025-05-12 04:00:00,2.3,2.5,5.8,6.2,244.0,242.0
2025-05-12 05:00:00,2.4,2.4,6.3,5.8,243.0,241.0
2025-05-12 06:00:00,2.4,2.4,6.4,6.0,244.0,241.0
2025-05-12 07:00:00,2.3,2.5,6.4,7.1,244.0,244.0
2025-05-12 08:00:00,2.5,2.8,8.4,8.6,243.0,247.0
2025-05-12 09:00:00,3.3,2.4,10.8,8.3,253.0,258.0
2025-05-12 10:00:00,3.6,2.7,11.8,9.3,256.0,263.0
2025-05-12 11:00:00,4.0,3.3,13.1,10.4,261.0,269.0
2025-05-12 12:00:00,5.2,4.2,14.9,12.3,265.0,271.0
2025-05-12 13:00:00,4.9,4.2,14.0,12.4,265.0,268.0
2025-05-12 14:00:00,4.7,3.9,13.5,11.8,264.0,264.0
2025-05-12 15:00:00,4.1,3.8,11.9,11.0,262.0,261.0
2025-05-12 16:00:00,3.9,3.6,11.1,10.4,260.0,256.0
2025-05-12 17:00:00,3.8,3.4,10.5,9.7,263.0,252.0
2025-05-12 18:00:00,3.4,3.1,8.6,8.8,259.0,247.0
2025-05-12 19:00:00,1.8,2.8,6.3,7.3,244.0,245.0
2025-05-12 20:00:00,2.3,2.5,6.8,5.7,246.0,242.0
2025-05-12 21:00:00,2.4,2.3,6.5,6.0,245.0,238.0
2025-05-12 22:00:00,2.6,2.4,5.8,5.9,244.0,241.0
2025-05-12 23:00:00,2.4,2.4,5.8,5.3,243.0,244.0
2025-05-13 00:00:00,2.5,2.4,5.9,5.4,245.0,245.0
2025-05-13 01:00:00,2.7,2.6,6.3,5.6,246.0,247.0
2025-05-13 02:00:00,2.7,2.6,6.3,5.9,248.0,248.0
2025-05-13 03:00:00,2.7,2.8,6.3,6.3,247.0,247.0
2025-05-13 04:00:00,2.8,2.8,6.4,6.4,245.0,246.0
2025-05-13 05:00:00,2.8,2.8,6.6,6.5,246.0,245.0
2025-05-13 06:00:00,2.8,2.9,6.9,7.3,244.0,244.0
2025-05-13 07:00:00,2.5,3.4,6.9,9.5,242.0,249.0
2025-05-13 08:00:00,2.2,4.0,8.1,12.3,245.0,253.0
2025-05-13 09:00:00,2.9,4.4,10.1,14.3,249.0,256.0
2025-05-13 10:00:00,3.5,4.9,11.9,15.4,255.0,259.0
2025-05-13 11:00:00,3.9,5.1,12.9,16.1,254.0,257.0
2025-05-13 12:00:00,4.3,5.3,13.5,16.5,255.0,253.0
2025-05-13 13:00:00,4.6,5.2,14.4,16.0,256.0,253.0
2025-05-13 14:00:00,4.8,4.9,15.1,15.4,255.0,258.0
2025-05-13 15:00:00,4.6,4.8,14.8,14.8,254.0,261.0
2025-05-13 16:00:00,4.2,4.6,13.5,14.0,255.0,258.0
2025-05-13 17:00:00,5.8,4.3,16.5,13.0,257.0,254.0
2025-05-13 18:00:00,3.8,4.0,12.3,12.1,254.0,251.0
2025-05-13 19:00:00,3.6,3.7,11.3,11.1,253.0,247.0
2025-05-13 20:00:00,3.2,3.5,9.8,10.2,251.0,243.0
2025-05-13 21:00:00,2.9,2.8,8.8,8.9,246.0,243.0
2025-05-13 22:00:00,2.9,2.8,7.3,8.5,244.0,245.0
2025-05-13 23:00:00,2.8,2.9,7.1,7.3,241.0,244.0
2025-05-14 00:00:00,2.6,2.8,6.9,7.0,244.0,246.0
2025-05-14 01:00:00,2.6,2.8,6.8,7.0,243.0,246.0
2025-05-14 02:00:00,2.8,2.7,6.9,7.1,243.0,245.0
2025-05-14 03:00:00,2.8,2.8,7.0,7.5,245.0,243.0
2025-05-14 04:00:00,2.8,2.8,7.0,7.3,245.0,244.0
2025-05-14 05:00:00,2.7,2.8,6.5,6.9,246.0,244.0
2025-05-14 06:00:00,2.6,2.7,6.4,6.8,244.0,245.0
2025-05-14 07:00:00,2.2,2.6,5.8,7.2,243.0,246.0
2025-05-14 08:00:00,2.0,2.5,7.0,7.9,243.0,246.0
2025-05-14 09:00:00,2.4,2.6,8.6,9.9,243.0,254.0
2025-05-14 10:00:00,2.5,2.8,9.1,10.0,241.0,251.0
2025-05-14 11:00:00,2.5,2.8,9.1,10.1,244.0,250.0
2025-05-14 12:00:00,2.6,2.7,9.8,9.8,247.0,246.0
2025-05-14 13:00:00,3.5,2.7,11.6,9.5,251.0,244.0
2025-05-14 14:00:00,3.9,3.7,12.6,12.3,251.0,245.0
2025-05-14 15:00:00,3.5,3.8,11.5,11.8,249.0,241.0
2025-05-14 16:00:00,3.3,3.3,10.6,10.2,243.0,234.0
2025-05-14 17:00:00,3.4,2.5,9.9,7.6,237.0,228.0
2025-05-14 18:00:00,2.5,2.0,7.1,5.8,225.0,221.0
2025-05-14 19:00:00,1.8,2.0,5.0,5.5,222.0,220.0
2025-05-14 20:00:00,1.5,2.3,4.3,5.8,225.0,220.0
2025-05-14 21:00:00,1.7,1.4,4.6,3.5,236.0,214.0
2025-05-14 22:00:00,1.8,2.0,5.1,4.5,227.0,216.0
2025-05-14 23:00:00,1.6,1.9,4.5,4.5,228.0,229.0
2025-05-15 00:00:00,1.7,2.0,3.8,4.1,244.0,233.0
2025-05-15 01:00:00,1.5,1.9,3.6,4.3,242.0,242.0
2025-05-15 02:00:00,1.8,2.0,4.6,4.9,243.0,240.0
2025-05-15 03:00:00,1.8,2.3,4.9,5.8,243.0,241.0
2025-05-15 04:00:00,1.8,2.3,4.9,5.8,239.0,239.0
2025-05-15 05:00:00,2.1,2.2,5.5,5.7,237.0,237.0
2025-05-15 06:00:00,1.9,2.2,5.3,5.9,237.0,235.0
2025-05-15 07:00:00,1.7,2.3,4.9,6.7,247.0,234.0
2025-05-15 08:00:00,1.6,2.6,6.1,7.9,226.0,233.0
2025-05-15 09:00:00,2.3,3.9,7.5,13.0,223.0,222.0
2025-05-15 10:00:00,3.6,3.9,11.4,13.0,231.0,235.0
2025-05-15 11:00:00,4.6,4.1,14.3,14.4,241.0,244.0
2025-05-15 12:00:00,4.9,4.3,15.4,14.6,238.0,251.0
2025-05-15 13:00:00,5.3,4.8,16.4,16.5,239.0,253.0
2025-05-15 14:00:00,5.4,4.6,17.5,15.9,244.0,255.0
2025-05-15 15:00:00,2.9,3.6,11.0,13.0,254.0,256.0
2025-05-15 16:00:00,2.7,3.2,10.1,11.8,253.0,256.0
2025-05-15 17:00:00,2.6,2.7,10.0,10.3,250.0,257.0
2025-05-15 18:00:00,2.2,2.3,8.3,9.0,244.0,257.0
2025-05-15 19:00:00,1.9,2.1,8.1,8.0,246.0,254.0
2025-05-15 20:00:00,1.8,2.1,7.5,7.3,243.0,251.0
2025-05-15 21:00:00,1.6,1.8,6.4,6.8,242.0,234.0
2025-05-15 22:00:00,1.8,1.4,6.9,6.1,248.0,234.0
2025-05-15 23:00:00,1.9,1.6,6.5,6.0,247.0,240.0
2025-05-16 00:00:00,1.8,1.8,6.8,6.3,252.0,243.0
2025-05-16 01:00:00,1.8,1.6,6.5,5.0,244.0,248.0
2025-05-16 02:00:00,1.9,1.8,6.8,5.1,251.0,247.0
2025-05-16 03:00:00,1.9,1.8,7.1,4.9,249.0,246.0
2025-05-16 04:00:00,1.9,1.7,7.1,4.6,249.0,244.0
2025-05-16 05:00:00,1.9,1.7,5.9,4.4,248.0,241.0
2025-05-16 06:00:00,1.7,1.6,5.5,4.3,252.0,239.0
2025-05-16 07:00:00,1.4,1.5,5.0,4.3,247.0,241.0
2025-05-16 08:00:00,1.4,1.4,4.8,4.5,242.0,243.0
2025-05-16 09:00:00,1.6,1.5,6.1,5.3,239.0,241.0
2025-05-16 10:00:00,2.1,1.7,7.9,6.5,245.0,246.0
2025-05-16 11:00:00,2.1,1.8,7.3,6.8,243.0,243.0
2025-05-16 12:00:00,2.4,2.4,8.3,9.0,236.0,240.0
2025-05-16 13:00:00,2.3,2.5,7.6,8.9,239.0,235.0
2025-05-16 14:00:00,2.1,2.6,6.6,8.1,225.0,223.0
2025-05-16 15:00:00,2.6,2.6,7.9,7.5,224.0,223.0
2025-05-16 16:00:00,2.3,2.3,7.5,6.5,217.0,219.0
2025-05-16 17:00:00,1.7,1.9,5.5,5.4,214.0,216.0
2025-05-16 18:00:00,1.6,1.6,5.5,4.5,198.0,212.0
2025-05-16 19:00:00,1.6,1.4,5.6,4.2,201.0,209.0
2025-05-16 20:00:00,0.6,1.3,3.8,4.3,183.0,207.0
2025-05-16 21:00:00,0.4,0.9,2.3,4.0,27.0,188.0
2025-05-16 22:00:00,0.3,1.3,1.5,5.4,120.0,179.0
2025-05-16 23:00:00,0.1,1.4,0.6,5.4,315.0,183.0
2025-05-17 00:00:00,0.1,1.5,0.6,7.3,243.0,190.0
2025-05-17 01:00:00,1.1,1.3,2.6,6.6,329.0,205.0
2025-05-17 02:00:00,0.9,0.8,2.6,4.0,13.0,247.0
2025-05-17 03:00:00,1.3,0.5,4.1,1.4,45.0,330.0
2025-05-17 04:00:00,1.5,,,1.4,13.0,300.0
2025-05-17 05:00:00,1.5,,,2.2,342.0,270.0
2025-05-17 06:00:00,1.0,,,3.1,340.0,240.0
2025-05-17 07:00:00,0.9,,,3.6,322.0,250.0
2025-05-17 08:00:00,1.0,,,4.1,313.0,260.0
2025-05-17 09:00:00,0.8,,,4.9,288.0,270.0
2025-05-17 10:00:00,0.9,,,6.1,288.0,264.0
2025-05-17 11:00:00,1.1,,,7.6,264.0,257.0
2025-05-17 12:00:00,1.8,,,8.9,249.0,251.0
2025-05-17 13:00:00,2.4,,,9.9,242.0,253.0
2025-05-17 14:00:00,2.8,,,10.7,240.0,255.0
2025-05-17 15:00:00,3.6,,,11.6,248.0,257.0
2025-05-17 16:00:00,4.2,,,12.6,252.0,257.0
2025-05-17 17:00:00,6.2,,,13.6,251.0,256.0
2025-05-17 18:00:00,6.5,,,14.4,244.0,256.0
2025-05-17 19:00:00,7.5,,,15.2,245.0,257.0
2025-05-17 20:00:00,8.3,,,15.8,255.0,257.0
2025-05-17 21:00:00,7.5,,,15.6,257.0,258.0
2025-05-17 22:00:00,6.6,,,14.0,258.0,262.0
2025-05-17 23:00:00,5.6,,,11.6,264.0,265.0
2025-05-18 00:00:00,4.8,,,9.5,263.0,269.0
2025-05-18 01:00:00,3.7,,,8.3,271.0,261.0
2025-05-18 02:00:00,3.2,,,7.6,271.0,252.0
2025-05-18 03:00:00,2.6,,,6.6,275.0,244.0
2025-05-18 04:00:00,1.7,,,4.9,273.0,281.0
2025-05-18 05:00:00,2.1,,,3.1,243.0,317.0
2025-05-18 06:00:00,1.6,,,2.3,250.0,354.0
2025-05-18 07:00:00,1.4,,,3.4,253.0,3.0
2025-05-18 08:00:00,1.1,,,5.4,262.0,13.0
2025-05-18 09:00:00,1.3,,,7.0,326.0,297.0
2025-05-18 10:00:00,1.5,,,7.9,328.0,300.0
2025-05-18 11:00:00,1.2,,,10.8,336.0,280.0
2025-05-18 12:00:00,1.1,,,13.0,321.0,272.0
2025-05-18 13:00:00,1.6,,,14.9,279.0,272.0
2025-05-18 14:00:00,2.7,,,15.8,285.0,267.0
2025-05-18 15:00:00,3.6,,,16.6,280.0,263.0
2025-05-18 16:00:00,4.4,,,16.2,277.0,263.0
2025-05-18 17:00:00,4.1,,,15.2,277.0,262.0
2025-05-18 18:00:00,3.4,,,13.9,267.0,262.0
2025-05-18 19:00:00,2.1,,,12.3,261.0,259.0
2025-05-18 20:00:00,2.1,,,10.5,250.0,255.0
2025-05-18 21:00:00,1.6,,,9.0,262.0,252.0
2025-05-18 22:00:00,1.7,,,8.0,258.0,252.0
2025-05-18 23:00:00,1.8,,,7.3,256.0,253.0
2025-05-19 00:00:00,2.1,,,6.6,245.0,253.0
2025-05-19 01:00:00,2.1,,,5.9,241.0,250.0
2025-05-19 02:00:00,2.3,,,5.3,244.0,247.0
2025-05-19 03:00:00,2.2,,,4.8,239.0,244.0
2025-05-19 04:00:00,2.2,,,4.0,235.0,243.0
2025-05-19 05:00:00,2.1,,,3.2,242.0,241.0
2025-05-19 06:00:00,2.1,,,3.4,243.0,240.0
2025-05-19 07:00:00,1.6,,,5.3,238.0,233.0
2025-05-19 08:00:00,1.1,,,8.2,225.0,226.0
2025-05-19 09:00:00,2.9,,,10.9,215.0,204.0
2025-05-19 10:00:00,3.9,,,13.6,223.0,213.0
2025-05-19 11:00:00,4.8,,,16.9,230.0,221.0
2025-05-19 12:00:00,5.8,,,19.8,235.0,224.0
2025-05-19 13:00:00,6.6,,,20.1,237.0,233.0
2025-05-19 14:00:00,7.1,,,21.1,238.0,236.0
2025-05-19 15:00:00,6.6,,,21.8,240.0,243.0
2025-05-19 16:00:00,7.2,,,22.5,241.0,246.0
2025-05-19 17:00:00,8.4,,,23.2,247.0,250.0
2025-05-19 18:00:00,8.0,,,23.1,251.0,253.0
2025-05-19 19:00:00,7.2,,,21.9,256.0,256.0
2025-05-19 20:00:00,6.2,,,19.9,261.0,258.0
2025-05-19 21:00:00,4.9,,,20.0,258.0,265.0
2025-05-19 22:00:00,4.3,,,17.4,261.0,264.0
2025-05-19 23:00:00,4.1,,,13.9,254.0,269.0
2025-05-20 00:00:00,3.7,,,10.4,251.0,267.0
2025-05-20 01:00:00,3.5,,,7.6,253.0,253.0
2025-05-20 02:00:00,3.1,,,5.8,256.0,252.0
2025-05-20 03:00:00,2.9,,,4.8,253.0,256.0
2025-05-20 04:00:00,3.1,,,4.1,253.0,252.0
2025-05-20 05:00:00,3.0,,,3.9,256.0,248.0
2025-05-20 06:00:00,2.6,,,3.9,260.0,244.0
2025-05-20 07:00:00,2.3,,,3.8,261.0,238.0
2025-05-20 08:00:00,2.3,,,3.8,259.0,233.0
2025-05-20 09:00:00,2.3,,,4.3,253.0,257.0
2025-05-20 10:00:00,2.3,,,5.0,255.0,236.0
2025-05-20 11:00:00,2.0,,,6.0,256.0,240.0
2025-05-20 12:00:00,2.3,,,6.5,252.0,258.0
2025-05-20 13:00:00,2.1,,,7.0,256.0,263.0
2025-05-20 14:00:00,2.1,,,8.0,256.0,258.0
2025-05-20 15:00:00,3.5,,,7.9,261.0,260.0
2025-05-20 16:00:00,3.3,,,8.7,260.0,257.0
2025-05-20 17:00:00,3.4,,,9.7,255.0,253.0
2025-05-20 18:00:00,3.3,,,10.1,256.0,250.0
2025-05-20 19:00:00,2.3,,,9.7,253.0,251.0
2025-05-20 20:00:00,1.9,,,8.7,246.0,251.0
2025-05-20 21:00:00,2.4,,,6.0,250.0,264.0
2025-05-20 22:00:00,2.6,,,6.3,246.0,249.0
2025-05-20 23:00:00,2.6,,,6.5,243.0,249.0
2025-05-21 00:00:00,2.7,,,6.1,243.0,247.0
2025-05-21 01:00:00,2.7,,,5.4,244.0,247.0
2025-05-21 02:00:00,2.3,,,5.1,250.0,248.0
2025-05-21 03:00:00,2.2,,,5.1,249.0,244.0
2025-05-21 04:00:00,2.0,,,4.8,250.0,247.0
2025-05-21 05:00:00,1.9,,,4.5,250.0,249.0
2025-05-21 06:00:00,1.6,,,4.0,251.0,252.0
2025-05-21 07:00:00,0.9,,,3.1,266.0,288.0
2025-05-21 08:00:00,0.6,,,1.9,347.0,324.0
2025-05-21 09:00:00,0.5,,,1.4,45.0,0.0
2025-05-21 10:00:00,0.7,,,1.9,74.0,17.0
2025-05-21 11:00:00,0.8,,,2.9,88.0,33.0
2025-05-21 12:00:00,1.3,,,3.9,66.0,50.0
2025-05-21 13:00:00,1.9,,,4.8,88.0,50.0
2025-05-21 14:00:00,2.4,,,5.6,71.0,51.0
2025-05-21 15:00:00,2.3,,,6.1,52.0,51.0
2025-05-21 16:00:00,2.4,,,6.2,67.0,52.0
2025-05-21 17:00:00,2.4,,,6.0,65.0,53.0
2025-05-21 18:00:00,2.8,,,5.6,53.0,54.0
2025-05-21 19:00:00,2.3,,,4.6,50.0,48.0
2025-05-21 20:00:00,1.8,,,3.4,43.0,43.0
2025-05-21 21:00:00,1.5,,,4.5,34.0,32.0
2025-05-21 22:00:00,1.8,,,4.1,29.0,23.0
2025-05-21 23:00:00,1.9,,,4.1,22.0,19.0
2025-05-22 00:00:00,2.0,,,4.8,11.0,16.0
2025-05-22 01:00:00,2.3,,,4.8,5.0,19.0
2025-05-22 02:00:00,1.9,,,5.9,10.0,18.0
2025-05-22 03:00:00,2.0,,,6.0,18.0,15.0
2025-05-22 04:00:00,1.8,,,6.2,21.0,23.0
2025-05-22 05:00:00,2.1,,,6.3,14.0,31.0
2025-05-22 06:00:00,2.0,,,6.3,15.0,39.0
2025-05-22 07:00:00,2.3,,,6.2,35.0,42.0
2025-05-22 08:00:00,1.9,,,6.0,46.0,46.0
2025-05-22 09:00:00,1.9,,,7.3,31.0,38.0
2025-05-22 10:00:00,1.8,,,8.8,33.0,36.0
2025-05-22 11:00:00,2.0,,,7.9,31.0,38.0
2025-05-22 12:00:00,2.3,,,9.1,32.0,37.0
2025-05-22 13:00:00,2.3,,,8.5,37.0,40.0
2025-05-22 14:00:00,2.2,,,7.4,51.0,53.0
2025-05-22 15:00:00,2.5,,,7.8,68.0,65.0
2025-05-22 16:00:00,2.2,,,7.2,67.0,62.0
2025-05-22 17:00:00,1.9,,,6.5,62.0,60.0
2025-05-22 18:00:00,1.4,,,5.6,62.0,57.0
2025-05-22 19:00:00,1.2,,,4.4,61.0,58.0
2025-05-22 20:00:00,0.4,,,3.0,86.0,59.0
2025-05-22 21:00:00,0.2,,,1.1,189.0,161.0
2025-05-22 22:00:00,0.5,,,1.9,228.0,193.0
2025-05-22 23:00:00,0.7,,,2.3,229.0,225.0
2025-05-23 00:00:00,0.9,,,2.4,204.0,227.0
2025-05-23 01:00:00,0.5,,,2.5,242.0,215.0
2025-05-23 02:00:00,0.4,,,3.3,15.0,212.0
2025-05-23 03:00:00,0.5,,,3.0,345.0,240.0
2025-05-23 04:00:00,1.1,,,2.3,15.0,205.0
2025-05-23 05:00:00,0.6,,,1.3,348.0,170.0
2025-05-23 06:00:00,0.2,,,1.0,225.0,135.0
2025-05-23 07:00:00,0.3,,,1.7,324.0,114.0
2025-05-23 08:00:00,1.1,,,3.0,57.0,93.0
2025-05-23 09:00:00,1.4,,,6.6,54.0,72.0
2025-05-23 10:00:00,1.8,,,9.6,59.0,74.0
2025-05-23 11:00:00,1.7,,,11.3,67.0,81.0
2025-05-23 12:00:00,2.1,,,7.0,66.0,79.0
2025-05-23 13:00:00,1.8,,,10.4,70.0,78.0
2025-05-23 14:00:00,1.3,,,6.5,76.0,82.0
2025-05-23 15:00:00,2.1,,,6.4,71.0,84.0
2025-05-23 16:00:00,1.9,,,6.1,75.0,78.0
2025-05-23 17:00:00,2.0,,,5.8,68.0,72.0
2025-05-23 18:00:00,1.9,,,5.3,65.0,66.0
2025-05-23 19:00:00,1.4,,,4.5,62.0,62.0
2025-05-23 20:00:00,1.2,,,3.6,63.0,58.0
2025-05-23 21:00:00,1.3,,,4.6,50.0,48.0
2025-05-23 22:00:00,1.4,,,4.9,51.0,40.0
2025-05-23 23:00:00,1.3,,,4.0,45.0,51.0
2025-05-24 00:00:00,0.9,,,3.6,52.0,50.0
2025-05-24 01:00:00,1.2,,,3.3,54.0,35.0
2025-05-24 02:00:00,1.1,,,2.9,39.0,37.0
2025-05-24 03:00:00,1.1,,,4.8,46.0,20.0
2025-05-24 04:00:00,1.1,,,4.7,52.0,25.0
2025-05-24 05:00:00,1.8,,,4.5,51.0,31.0
2025-05-24 06:00:00,1.4,,,4.6,45.0,36.0
2025-05-24 07:00:00,1.6,,,5.3,66.0,43.0
2025-05-24 08:00:00,1.8,,,6.2,74.0,51.0
2025-05-24 09:00:00,2.1,,,7.9,71.0,60.0
2025-05-24 10:00:00,2.3,,,6.1,63.0,91.0
2025-05-24 11:00:00,2.4,,,5.5,59.0,76.0
2025-05-24 12:00:00,2.3,,,6.4,78.0,54.0
2025-05-24 13:00:00,2.3,,,6.9,70.0,58.0
2025-05-24 14:00:00,2.3,,,8.3,54.0,62.0
2025-05-24 15:00:00,2.3,,,8.9,44.0,57.0
2025-05-24 16:00:00,2.4,,,8.2,43.0,52.0
2025-05-24 17:00:00,2.7,,,6.9,39.0,48.0
2025-05-24 18:00:00,2.8,,,6.4,37.0,43.0
2025-05-24 19:00:00,3.1,,,7.6,37.0,41.0
2025-05-24 20:00:00,2.9,,,9.6,43.0,40.0
2025-05-24 21:00:00,2.7,,,8.1,36.0,27.0
2025-05-24 22:00:00,2.9,,,8.6,27.0,19.0
2025-05-24 23:00:00,2.9,,,9.0,23.0,18.0
2025-05-25 00:00:00,2.9,,,9.4,22.0,14.0
2025-05-25 01:00:00,2.4,,,8.5,18.0,7.0
2025-05-25 02:00:00,2.4,,,7.3,2.0,1.0
2025-05-25 03:00:00,2.3,,,5.8,352.0,345.0
2025-05-25 04:00:00,2.0,,,4.0,347.0,316.0
2025-05-25 05:00:00,2.0,0.7,,2.0,343.0,
2025-05-25 06:00:00,1.3,0.6,,1.1,330.0,
2025-05-25 07:00:00,1.2,0.7,,1.9,331.0,
2025-05-25 08:00:00,1.2,0.9,,3.6,324.0,
2025-05-25 09:00:00,0.8,1.2,,5.3,297.0,
2025-05-25 10:00:00,0.8,1.7,,6.8,335.0,
2025-05-25 11:00:00,1.1,2.3,,8.2,349.0,
2025-05-25 12:00:00,0.8,2.6,,9.0,33.0,
2025-05-25 13:00:00,1.2,2.6,,9.0,30.0,
2025-05-25 14:00:00,1.3,2.3,,8.5,36.0,
2025-05-25 15:00:00,1.5,2.0,,7.6,41.0,
2025-05-25 16:00:00,1.7,1.7,,6.2,66.0,
2025-05-25 17:00:00,1.7,1.4,,4.4,84.0,
2025-05-25 18:00:00,1.1,1.2,,3.1,85.0,
2025-05-25 19:00:00,0.7,1.1,,2.7,93.0,
2025-05-25 20:00:00,0.8,1.0,,2.9,227.0,
2025-05-25 21:00:00,2.2,1.1,,1.9,240.0,
2025-05-25 22:00:00,2.0,1.6,,2.4,249.0,
2025-05-25 23:00:00,1.9,2.3,,4.9,252.0,
2025-05-26 00:00:00,2.3,2.1,,3.8,248.0,
2025-05-26 01:00:00,2.4,2.3,,4.1,244.0,
2025-05-26 02:00:00,2.4,2.3,,4.4,242.0,
2025-05-26 03:00:00,2.3,2.4,,4.6,245.0,
2025-05-26 04:00:00,2.4,2.4,,4.9,245.0,
2025-05-26 05:00:00,2.3,2.4,,5.3,247.0,
2025-05-26 06:00:00,2.1,2.3,,5.4,244.0,
2025-05-26 07:00:00,1.9,1.9,,5.1,245.0,
2025-05-26 08:00:00,1.2,1.5,,4.6,241.0,
2025-05-26 09:00:00,0.2,0.1,,4.3,202.0,
2025-05-26 10:00:00,0.8,0.7,,5.4,149.0,
2025-05-26 11:00:00,1.0,1.1,,6.6,140.0,
2025-05-26 12:00:00,0.9,1.4,,7.9,82.0,
2025-05-26 13:00:00,1.5,1.9,,6.4,82.0,
2025-05-26 14:00:00,1.4,2.3,,6.0,79.0,
2025-05-26 15:00:00,0.4,2.0,,7.1,45.0,
2025-05-26 16:00:00,0.3,1.9,,6.3,221.0,
2025-05-26 17:00:00,1.4,1.8,,5.3,234.0,
2025-05-26 18:00:00,2.2,1.5,,4.3,230.0,
2025-05-26 19:00:00,1.5,1.0,,3.0,221.0,
2025-05-26 20:00:00,1.3,0.4,,1.7,233.0,
2025-05-26 21:00:00,1.5,1.0,,2.4,228.0,
2025-05-26 22:00:00,1.4,1.4,,3.4,235.0,
2025-05-26 23:00:00,1.6,1.6,,3.4,231.0,
2025-05-27 00:00:00,2.1,2.1,,4.1,228.0,
2025-05-27 01:00:00,2.3,1.9,,4.1,225.0,
2025-05-27 02:00:00,1.9,2.0,,4.0,232.0,
2025-05-27 03:00:00,2.1,2.0,,4.0,231.0,
2025-05-27 04:00:00,2.1,2.1,,4.2,233.0,
2025-05-27 05:00:00,2.1,2.2,,4.4,238.0,
2025-05-27 06:00:00,2.1,2.1,,4.6,240.0,
2025-05-27 07:00:00,1.6,1.6,,4.5,239.0,
2025-05-27 08:00:00,1.0,0.9,,4.4,239.0,
2025-05-27 09:00:00,0.6,0.6,,4.4,253.0,
2025-05-27 10:00:00,0.8,0.9,,4.8,211.0,
2025-05-27 11:00:00,0.8,1.6,,5.4,125.0,
2025-05-27 12:00:00,1.6,2.1,,6.0,83.0,
2025-05-27 13:00:00,2.1,2.1,,6.8,65.0,
2025-05-27 14:00:00,2.2,1.9,,7.5,63.0,
2025-05-27 15:00:00,2.3,1.7,,7.5,76.0,
2025-05-27 16:00:00,1.5,1.4,,5.9,79.0,
2025-05-27 17:00:00,1.3,1.1,,3.6,85.0,
2025-05-27 18:00:00,1.1,0.9,,1.9,84.0,
2025-05-27 19:00:00,0.8,0.9,,1.5,65.0,
2025-05-27 20:00:00,0.7,1.0,,1.7,32.0,
2025-05-27 21:00:00,0.2,0.4,,0.9,252.0,
2025-05-27 22:00:00,0.8,0.3,,0.5,241.0,
2025-05-27 23:00:00,1.4,0.8,,1.5,243.0,
2025-05-28 00:00:00,1.4,1.1,,1.9,244.0,
2025-05-28 01:00:00,1.3,1.5,,2.3,255.0,
2025-05-28 02:00:00,1.7,1.9,,3.0,254.0,
2025-05-28 03:00:00,2.2,2.0,,3.4,255.0,
2025-05-28 04:00:00,2.4,2.1,,3.6,249.0,
2025-05-28 05:00:00,2.4,2.1,,3.7,244.0,
2025-05-28 06:00:00,2.2,1.9,,3.6,245.0,
2025-05-28 07:00:00,1.4,1.5,,3.0,249.0,
2025-05-28 08:00:00,0.3,1.0,,2.3,333.0,
2025-05-28 09:00:00,0.8,1.4,,5.3,64.0,
2025-05-28 10:00:00,1.7,1.9,,7.3,66.0,
2025-05-28 11:00:00,1.8,2.1,,7.5,63.0,
2025-05-28 12:00:00,1.6,2.4,,9.0,71.0,
2025-05-28 13:00:00,1.4,2.2,,7.0,63.0,
2025-05-28 14:00:00,1.2,2.4,,8.4,52.0,
2025-05-28 15:00:00,0.4,2.0,,6.4,119.0,
2025-05-28 16:00:00,0.4,1.8,,5.6,135.0,
2025-05-28 17:00:00,0.7,1.6,,4.8,93.0,
2025-05-28 18:00:00,1.0,1.4,,4.0,92.0,
2025-05-28 19:00:00,1.1,1.1,,3.0,92.0,
2025-05-28 20:00:00,0.6,0.7,,2.0,65.0,
2025-05-28 21:00:00,0.4,0.6,,1.9,10.0,
2025-05-28 22:00:00,0.9,0.3,,1.4,260.0,
2025-05-28 23:00:00,1.1,0.1,,1.1,280.0,
2025-05-29 00:00:00,0.8,0.4,,1.9,265.0,
2025-05-29 01:00:00,0.7,0.8,,2.4,239.0,
2025-05-29 02:00:00,1.0,0.6,,1.8,237.0,
2025-05-29 03:00:00,1.9,0.6,,1.4,240.0,
2025-05-29 04:00:00,1.9,0.5,,1.1,242.0,
2025-05-29 05:00:00,1.7,0.3,,0.7,248.0,
2025-05-29 06:00:00,1.3,0.3,,0.8,242.0,
2025-05-29 07:00:00,0.4,0.5,,1.6,258.0,
2025-05-29 08:00:00,1.0,0.8,,2.8,27.0,
2025-05-29 09:00:00,1.3,1.1,,4.6,46.0,
2025-05-29 10:00:00,1.8,1.9,,7.1,48.0,
2025-05-29 11:00:00,2.4,2.5,,8.1,52.0,
2025-05-29 12:00:00,2.7,2.6,,8.4,57.0,
2025-05-29 13:00:00,2.8,2.6,,8.3,60.0,
2025-05-29 14:00:00,2.8,2.4,,8.4,62.0,
2025-05-29 15:00:00,1.8,1.9,,6.3,68.0,
2025-05-29 16:00:00,1.9,1.8,,5.9,70.0,
2025-05-29 17:00:00,1.8,1.7,,5.5,61.0,
2025-05-29 18:00:00,1.7,1.6,,4.9,60.0,
2025-05-29 19:00:00,1.3,1.3,,3.7,62.0,
2025-05-29 20:00:00,1.2,0.9,,2.3,59.0,
2025-05-29 21:00:00,0.8,0.8,,1.3,59.0,
2025-05-29 22:00:00,0.7,0.3,,0.9,37.0,
2025-05-29 23:00:00,0.6,0.5,,1.1,315.0,
2025-05-30 00:00:00,0.4,0.5,,2.0,282.0,
2025-05-30 01:00:00,0.6,0.6,,2.4,292.0,
2025-05-30 02:00:00,0.5,0.7,,2.1,285.0,
2025-05-30 03:00:00,0.5,0.7,,1.9,322.0,
2025-05-30 04:00:00,0.6,0.7,,1.7,336.0,
2025-05-30 05:00:00,0.6,0.7,,1.4,279.0,
2025-05-30 06:00:00,0.5,0.8,,1.6,274.0,
2025-05-30 07:00:00,0.6,1.0,,2.6,348.0,
2025-05-30 08:00:00,1.4,1.3,,4.1,22.0,
2025-05-30 09:00:00,1.8,2.3,,7.4,44.0,
2025-05-30 10:00:00,2.2,2.7,,8.3,54.0,
2025-05-30 11:00:00,2.6,2.9,,8.8,51.0,
2025-05-30 12:00:00,2.8,3.0,,9.6,48.0,
2025-05-30 13:00:00,3.0,2.9,,9.4,47.0,
2025-05-30 14:00:00,2.9,2.8,,8.8,45.0,
2025-05-30 15:00:00,3.1,2.8,,8.5,57.0,
2025-05-30 16:00:00,2.8,2.5,,7.5,57.0,
2025-05-30 17:00:00,2.3,2.2,,6.3,61.0,
2025-05-30 18:00:00,1.7,1.8,,5.0,60.0,
2025-05-30 19:00:00,0.8,1.3,,3.4,51.0,
2025-05-30 20:00:00,0.5,0.8,,1.8,11.0,
2025-05-30 21:00:00,0.3,0.4,,0.8,270.0,
2025-05-30 22:00:00,0.7,1.5,,2.4,262.0,
2025-05-30 23:00:00,0.9,2.1,,3.4,258.0,
2025-05-31 00:00:00,1.7,2.0,,3.5,257.0,
2025-05-31 01:00:00,2.2,1.8,,3.1,254.0,
2025-05-31 02:00:00,2.0,2.1,,3.6,247.0,
2025-05-31 03:00:00,1.8,2.2,,3.8,239.0,
2025-05-31 04:00:00,1.9,2.2,,3.7,247.0,
2025-05-31 05:00:00,2.4,2.1,,3.6,251.0,
2025-05-31 06:00:00,2.4,1.9,,3.5,247.0,
2025-05-31 07:00:00,1.9,1.4,,3.4,244.0,
2025-05-31 08:00:00,1.4,0.9,,3.4,250.0,
2025-05-31 09:00:00,0.8,0.8,,4.1,288.0,
2025-05-31 10:00:00,1.1,1.5,,6.3,320.0,
2025-05-31 11:00:00,1.4,2.7,,9.3,10.0,
2025-05-31 12:00:00,2.2,3.6,,11.5,38.0,
2025-05-31 13:00:00,2.8,3.9,,12.3,40.0,
2025-05-31 14:00:00,3.2,4.0,,12.2,43.0,
2025-05-31 15:00:00,3.1,3.8,,11.5,39.0,
2025-05-31 16:00:00,2.8,3.3,,9.8,28.0,
2025-05-31 17:00:00,2.3,2.5,,7.4,18.0,
2025-05-31 18:00:00,1.4,1.8,,5.3,20.0,
2025-05-31 19:00:00,0.8,1.3,,3.7,33.0,
2025-05-31 20:00:00,0.1,1.0,,2.3,90.0,
2025-05-31 21:00:00,0.4,0.4,,2.8,249.0,
2025-05-31 22:00:00,1.2,0.8,,1.8,249.0,
2025-05-31 23:00:00,1.2,1.3,,1.9,245.0,
2025-06-01 00:00:00,1.8,1.6,,2.4,247.0,
2025-06-01 01:00:00,1.8,2.1,,2.9,254.0,
2025-06-01 02:00:00,1.7,1.6,,2.5,253.0,
2025-06-01 03:00:00,1.9,1.6,,2.9,252.0,
2025-06-01 04:00:00,2.4,1.7,,2.8,257.0,
2025-06-01 05:00:00,2.4,1.9,,2.7,248.0,
2025-06-01 06:00:00,2.4,1.9,,2.6,242.0,
2025-06-01 07:00:00,1.9,1.4,,2.6,245.0,
2025-06-01 08:00:00,1.1,0.7,,2.6,252.0,
2025-06-01 09:00:00,0.5,0.5,,2.9,256.0,
2025-06-01 10:00:00,0.4,0.7,,4.3,330.0,
2025-06-01 11:00:00,1.1,1.3,,6.4,3.0,
2025-06-01 12:00:00,1.2,1.6,,7.6,21.0,
2025-06-01 13:00:00,1.3,1.5,,6.9,46.0,
2025-06-01 14:00:00,1.6,1.8,,6.0,51.0,
2025-06-01 15:00:00,2.1,1.9,,6.6,67.0,
2025-06-01 16:00:00,1.5,1.7,,5.4,75.0,
2025-06-01 17:00:00,1.0,1.5,,4.0,96.0,
2025-06-01 18:00:00,0.8,1.3,,3.1,85.0,
2025-06-01 19:00:00,0.6,1.2,,3.3,103.0,
2025-06-01 20:00:00,0.2,1.2,,4.1,11.0,
2025-06-01 21:00:00,1.1,1.6,,3.9,234.0,
2025-06-01 22:00:00,1.5,1.8,,4.8,247.0,
2025-06-01 23:00:00,2.1,1.1,,2.9,249.0,
2025-06-02 00:00:00,2.3,2.1,,3.9,251.0,
2025-06-02 01:00:00,2.1,1.9,,3.6,247.0,
2025-06-02 02:00:00,2.0,2.1,,4.0,254.0,
2025-06-02 03:00:00,2.3,2.1,,4.0,245.0,
2025-06-02 04:00:00,2.3,2.1,,4.1,240.0,
2025-06-02 05:00:00,2.3,2.0,,4.1,238.0,
2025-06-02 06:00:00,,,4.1,4.0,239.0,244.0
2025-06-02 07:00:00,,,4.1,3.5,237.0,244.0
2025-06-02 08:00:00,,,3.8,2.9,248.0,245.0
2025-06-02 09:00:00,,,2.9,2.5,250.0,245.0
2025-06-02 10:00:00,,,1.9,2.5,262.0,293.0
2025-06-02 11:00:00,,,2.1,2.7,256.0,341.0
2025-06-02 12:00:00,,,1.8,2.8,234.0,29.0
2025-06-02 13:00:00,,,1.4,2.8,343.0,349.0
2025-06-02 14:00:00,,,2.1,2.8,18.0,310.0
2025-06-02 15:00:00,,,9.6,2.8,250.0,270.0
2025-06-02 16:00:00,,,6.5,3.0,260.0,221.0
2025-06-02 17:00:00,,,5.8,3.2,249.0,173.0
2025-06-02 18:00:00,,,3.8,3.3,267.0,124.0
2025-06-02 19:00:00,,,2.0,3.2,278.0,125.0
2025-06-02 20:00:00,,,1.1,3.1,302.0,126.0
2025-06-02 21:00:00,,,2.3,2.8,5.0,127.0
2025-06-02 22:00:00,,,2.1,2.3,2.0,94.0
2025-06-02 23:00:00,,,1.5,1.7,90.0,62.0
2025-06-03 00:00:00,,,0.8,1.3,119.0,29.0
2025-06-03 01:00:00,,,1.5,1.4,9.0,21.0
2025-06-03 02:00:00,,,2.0,1.8,11.0,13.0
2025-06-03 03:00:00,,,0.9,2.0,51.0,5.0
2025-06-03 04:00:00,,,1.1,1.7,297.0,323.0
2025-06-03 05:00:00,,,1.5,1.3,317.0,281.0
2025-06-03 06:00:00,,,1.0,1.3,270.0,239.0
2025-06-03 07:00:00,,,1.5,2.3,308.0,257.0
2025-06-03 08:00:00,,,1.8,3.8,279.0,276.0
2025-06-03 09:00:00,,,5.0,4.9,297.0,294.0
2025-06-03 10:00:00,,,4.8,5.0,293.0,302.0
2025-06-03 11:00:00,,,4.8,4.7,260.0,310.0
2025-06-03 12:00:00,,,8.4,5.1,281.0,318.0
2025-06-03 13:00:00,,,9.3,7.0,286.0,311.0
2025-06-03 14:00:00,,,10.3,9.5,289.0,303.0
2025-06-03 15:00:00,,,14.3,11.4,276.0,296.0
2025-06-03 16:00:00,,,15.0,12.1,274.0,291.0
2025-06-03 17:00:00,,,15.4,12.2,266.0,285.0
2025-06-03 18:00:00,,,13.9,11.9,265.0,280.0
2025-06-03 19:00:00,,,10.4,11.1,270.0,271.0
2025-06-03 20:00:00,,,9.8,10.0,272.0,261.0
2025-06-03 21:00:00,,,9.6,10.5,252.0,265.0
2025-06-03 22:00:00,,,10.1,10.8,258.0,265.0
2025-06-03 23:00:00,,,10.4,9.9,262.0,264.0
2025-06-04 00:00:00,,,10.5,9.3,262.0,258.0
2025-06-04 01:00:00,,,10.4,8.4,258.0,247.0
2025-06-04 02:00:00,,,10.8,7.8,257.0,246.0
2025-06-04 03:00:00,,,9.5,7.3,261.0,243.0
2025-06-04 04:00:00,,,7.8,6.8,250.0,244.0
2025-06-04 05:00:00,,,8.1,6.6,241.0,244.0
2025-06-04 06:00:00,,,9.4,7.6,238.0,245.0
2025-06-04 07:00:00,,,15.0,10.9,248.0,246.0
2025-06-04 08:00:00,,,17.8,15.5,262.0,248.0
2025-06-04 09:00:00,,,14.8,19.0,249.0,257.0
2025-06-04 10:00:00,,,15.9,18.5,253.0,259.0
2025-06-04 11:00:00,,,19.0,21.3,264.0,265.0
2025-06-04 12:00:00,,,22.5,24.3,269.0,267.0
2025-06-04 13:00:00,,,23.6,21.3,270.0,275.0
2025-06-04 14:00:00,,,22.8,18.4,269.0,281.0
2025-06-04 15:00:00,,,21.6,15.8,266.0,279.0
2025-06-04 16:00:00,,,19.9,15.2,268.0,276.0
2025-06-04 17:00:00,,,16.8,15.5,269.0,274.0
2025-06-04 18:00:00,,,15.9,15.4,271.0,271.0
2025-06-04 19:00:00,,,11.5,14.3,269.0,267.0
2025-06-04 20:00:00,,,9.8,12.9,270.0,262.0
2025-06-04 21:00:00,,,7.0,10.0,270.0,273.0
2025-06-04 22:00:00,,,7.1,9.5,260.0,265.0
2025-06-04 23:00:00,,,6.3,8.1,249.0,253.0
2025-06-05 00:00:00,,,4.5,6.8,246.0,245.0
2025-06-05 01:00:00,,,4.4,6.9,241.0,249.0
2025-06-05 02:00:00,,,4.9,6.5,247.0,246.0
2025-06-05 03:00:00,,,5.1,5.0,241.0,245.0
2025-06-05 04:00:00,,,5.3,4.9,243.0,245.0
2025-06-05 05:00:00,,,5.3,5.1,243.0,245.0
2025-06-05 06:00:00,,,5.4,5.5,243.0,245.0
2025-06-05 07:00:00,,,5.6,6.3,244.0,249.0
2025-06-05 08:00:00,,,7.6,7.3,249.0,253.0
2025-06-05 09:00:00,,,8.9,9.5,255.0,256.0
2025-06-05 10:00:00,,,10.1,10.3,261.0,262.0
2025-06-05 11:00:00,,,10.3,9.9,267.0,267.0
2025-06-05 12:00:00,,,9.9,10.5,270.0,269.0
2025-06-05 13:00:00,,,12.8,13.0,273.0,278.0
2025-06-05 14:00:00,,,12.4,12.8,274.0,280.0
2025-06-05 15:00:00,,,11.4,12.6,272.0,276.0
2025-06-05 16:00:00,,,11.6,12.3,268.0,268.0
2025-06-05 17:00:00,,,11.3,11.6,261.0,261.0
2025-06-05 18:00:00,,,8.3,10.6,251.0,253.0
2025-06-05 19:00:00,,,6.6,9.4,242.0,249.0
2025-06-05 20:00:00,,,6.4,7.9,244.0,246.0
2025-06-05 21:00:00,,,6.9,5.9,244.0,246.0
2025-06-05 22:00:00,,,5.8,6.3,245.0,243.0
2025-06-05 23:00:00,,,6.0,6.5,243.0,243.0
2025-06-06 00:00:00,,,5.9,6.6,243.0,247.0
2025-06-06 01:00:00,,,6.4,6.8,244.0,245.0
2025-06-06 02:00:00,,,6.5,6.6,244.0,245.0
2025-06-06 03:00:00,,,6.6,6.5,246.0,245.0
2025-06-06 04:00:00,,,7.3,6.4,247.0,245.0
2025-06-06 05:00:00,,,7.3,6.2,246.0,244.0
2025-06-06 06:00:00,,,7.4,6.4,245.0,244.0
2025-06-06 07:00:00,,,8.5,7.1,245.0,246.0
2025-06-06 08:00:00,,,11.0,8.2,250.0,249.0
2025-06-06 09:00:00,,,12.6,13.5,250.0,253.0
2025-06-06 10:00:00,,,13.5,13.8,252.0,253.0
2025-06-06 11:00:00,,,13.9,13.5,254.0,255.0
2025-06-06 12:00:00,,,14.5,13.9,258.0,258.0
2025-06-06 13:00:00,,,15.4,14.4,260.0,260.0
2025-06-06 14:00:00,,,15.8,14.3,256.0,260.0
2025-06-06 15:00:00,,,16.1,14.0,255.0,257.0
2025-06-06 16:00:00,,,15.5,13.0,253.0,258.0
2025-06-06 17:00:00,,,16.4,11.7,254.0,258.0
2025-06-06 18:00:00,,,15.0,10.6,255.0,259.0
2025-06-06 19:00:00,,,13.6,10.2,254.0,256.0
2025-06-06 20:00:00,,,13.0,10.0,253.0,252.0
2025-06-06 21:00:00,,,12.4,11.8,252.0,255.0
2025-06-06 22:00:00,,,11.4,12.0,253.0,255.0
2025-06-06 23:00:00,,,10.8,12.3,249.0,252.0
2025-06-07 00:00:00,,,10.8,12.3,247.0,253.0
2025-06-07 01:00:00,,,10.5,12.9,249.0,252.0
2025-06-07 02:00:00,,,10.9,13.4,248.0,256.0
2025-06-07 03:00:00,,,9.3,13.1,251.0,256.0
2025-06-07 04:00:00,,,8.8,11.9,251.0,257.0
2025-06-07 05:00:00,,,8.5,10.2,252.0,259.0
2025-06-07 06:00:00,,,7.1,8.9,251.0,260.0
2025-06-07 07:00:00,,,7.8,8.4,250.0,259.0
2025-06-07 08:00:00,,,8.6,8.4,254.0,258.0
2025-06-07 09:00:00,,,10.3,7.5,254.0,252.0
2025-06-07 10:00:00,,,10.3,7.6,255.0,260.0
2025-06-07 11:00:00,,,10.1,8.1,259.0,261.0
2025-06-07 12:00:00,,,9.4,8.9,263.0,255.0
2025-06-07 13:00:00,,,9.8,10.6,256.0,256.0
2025-06-07 14:00:00,,,9.9,10.6,256.0,249.0
2025-06-07 15:00:00,,,9.0,10.8,258.0,253.0
2025-06-07 16:00:00,,,9.0,11.7,264.0,254.0
2025-06-07 17:00:00,,,9.4,12.6,271.0,255.0
2025-06-07 18:00:00,,,9.9,12.5,261.0,256.0
2025-06-07 19:00:00,,,5.3,10.7,241.0,252.0
2025-06-07 20:00:00,,,5.1,7.9,241.0,249.0
2025-06-07 21:00:00,,,4.3,4.5,248.0,259.0
2025-06-07 22:00:00,,,4.4,4.0,248.0,251.0
2025-06-07 23:00:00,,,3.8,3.4,249.0,240.0
2025-06-08 00:00:00,,,3.6,3.9,250.0,241.0
2025-06-08 01:00:00,,,4.1,3.6,249.0,246.0
2025-06-08 02:00:00,,,4.0,3.6,249.0,247.0
2025-06-08 03:00:00,,,3.9,3.4,244.0,245.0
2025-06-08 04:00:00,,,3.4,3.4,237.0,245.0
2025-06-08 05:00:00,,,3.1,3.4,237.0,244.0
2025-06-08 06:00:00,,,3.1,3.5,237.0,244.0
2025-06-08 07:00:00,,,3.1,4.0,233.0,245.0
2025-06-08 08:00:00,,,2.9,4.6,242.0,245.0
2025-06-08 09:00:00,,,4.5,5.3,243.0,258.0
2025-06-08 10:00:00,,,5.6,5.4,219.0,257.0
2025-06-08 11:00:00,,,5.6,5.3,210.0,270.0
2025-06-08 12:00:00,,,3.4,4.9,110.0,54.0
2025-06-08 13:00:00,,,7.5,5.6,80.0,63.0
2025-06-08 14:00:00,,,6.9,4.3,70.0,85.0
2025-06-08 15:00:00,,,6.8,6.1,79.0,65.0
2025-06-08 16:00:00,,,7.3,5.7,76.0,70.0
2025-06-08 17:00:00,,,7.4,4.9,83.0,76.0
2025-06-08 18:00:00,,,6.1,4.1,89.0,81.0
2025-06-08 19:00:00,,,5.0,3.1,68.0,51.0
2025-06-08 20:00:00,,,2.4,2.0,55.0,21.0
2025-06-08 21:00:00,,,1.6,1.6,13.0,65.0
2025-06-08 22:00:00,,,1.0,1.5,294.0,104.0
2025-06-08 23:00:00,,,2.6,1.9,246.0,208.0
2025-06-09 00:00:00,,,3.3,2.0,251.0,254.0
2025-06-09 01:00:00,,,3.8,2.1,249.0,252.0
2025-06-09 02:00:00,,,4.4,3.1,247.0,241.0
2025-06-09 03:00:00,,,4.4,3.6,248.0,242.0
2025-06-09 04:00:00,,,4.5,3.8,248.0,242.0
2025-06-09 05:00:00,,,4.6,3.8,249.0,243.0
2025-06-09 06:00:00,,,4.8,3.9,248.0,243.0
2025-06-09 07:00:00,,,4.4,4.0,253.0,249.0
2025-06-09 08:00:00,,,3.1,4.2,268.0,256.0
2025-06-09 09:00:00,,,4.6,4.5,97.0,247.0
2025-06-09 10:00:00,,,6.3,6.3,106.0,227.0
2025-06-09 11:00:00,,,8.1,7.4,109.0,231.0
2025-06-09 12:00:00,,,4.5,6.6,94.0,236.0
2025-06-09 13:00:00,,,5.5,5.4,91.0,219.0
2025-06-09 14:00:00,,,6.0,6.6,90.0,352.0
2025-06-09 15:00:00,,,4.3,6.5,107.0,340.0
2025-06-09 16:00:00,,,4.0,6.7,119.0,317.0
2025-06-09 17:00:00,,,2.9,7.0,130.0,294.0
2025-06-09 18:00:00,,,4.3,6.8,3.0,271.0
2025-06-09 19:00:00,,,3.8,5.8,293.0,259.0
2025-06-09 20:00:00,,,3.9,4.4,266.0,246.0
2025-06-09 21:00:00,,,3.6,6.0,245.0,211.0
2025-06-09 22:00:00,,,3.0,4.0,235.0,224.0
2025-06-09 23:00:00,,,3.3,3.9,229.0,235.0
2025-06-10 00:00:00,,,3.6,3.6,236.0,241.0
2025-06-10 01:00:00,,,4.0,3.0,246.0,243.0
2025-06-10 02:00:00,,,4.8,3.9,244.0,234.0
2025-06-10 03:00:00,,,5.4,4.3,240.0,240.0
2025-06-10 04:00:00,,,6.0,4.7,242.0,242.0
2025-06-10 05:00:00,,,6.4,5.1,246.0,245.0
2025-06-10 06:00:00,,,5.6,5.3,245.0,247.0
2025-06-10 07:00:00,1.6,1.7,4.6,4.9,,238.0
2025-06-10 08:00:00,1.8,1.4,5.3,4.2,,229.0
2025-06-10 09:00:00,1.6,1.3,6.3,4.3,,220.0
2025-06-10 10:00:00,1.9,1.6,7.5,5.8,,230.0
2025-06-10 11:00:00,3.2,2.2,11.0,8.1,,241.0
2025-06-10 12:00:00,3.1,2.7,11.0,9.9,,251.0
2025-06-10 13:00:00,3.6,2.9,12.4,10.5,,250.0
2025-06-10 14:00:00,3.9,3.0,12.5,10.7,,248.0
2025-06-10 15:00:00,4.0,3.3,12.4,11.1,,247.0
2025-06-10 16:00:00,3.7,3.9,12.4,12.2,,247.0
2025-06-10 17:00:00,3.4,4.7,11.5,13.6,,246.0
2025-06-10 18:00:00,4.5,5.1,13.6,14.5,,246.0
2025-06-10 19:00:00,4.9,4.9,13.5,14.4,,247.0
2025-06-10 20:00:00,3.3,4.4,10.6,13.8,,247.0
2025-06-10 21:00:00,3.5,3.3,11.4,10.8,,254.0
2025-06-10 22:00:00,3.3,2.9,10.8,9.6,,256.0
2025-06-10 23:00:00,2.8,2.8,9.3,8.6,,258.0
2025-06-11 00:00:00,2.5,2.8,7.8,8.4,,257.0
2025-06-11 01:00:00,2.1,2.7,6.4,7.6,,253.0
2025-06-11 02:00:00,2.1,2.6,5.8,7.1,,253.0
2025-06-11 03:00:00,2.1,2.6,4.8,6.1,,251.0
2025-06-11 04:00:00,1.9,2.4,4.6,5.8,,250.0
2025-06-11 05:00:00,2.1,2.3,4.9,5.7,,248.0
2025-06-11 06:00:00,1.9,2.2,4.9,6.0,,247.0
2025-06-11 07:00:00,1.9,2.3,5.5,7.0,,252.0
2025-06-11 08:00:00,1.8,2.6,6.3,8.5,,257.0
2025-06-11 09:00:00,2.1,2.6,8.3,9.4,,262.0
2025-06-11 10:00:00,2.3,3.0,9.0,11.0,,265.0
2025-06-11 11:00:00,2.6,3.0,10.1,11.0,,268.0
2025-06-11 12:00:00,2.9,3.0,10.6,11.1,,271.0
2025-06-11 13:00:00,3.3,3.0,11.3,10.9,,273.0
2025-06-11 14:00:00,4.8,3.1,14.0,10.4,,283.0
2025-06-11 15:00:00,4.9,4.5,13.5,12.5,,287.0
2025-06-11 16:00:00,4.8,3.6,12.8,10.6,,301.0
2025-06-11 17:00:00,4.3,2.2,11.3,7.8,,315.0
2025-06-11 18:00:00,1.6,1.1,5.4,5.4,,329.0
2025-06-11 19:00:00,0.9,0.8,5.1,3.6,,23.0
2025-06-11 20:00:00,0.7,0.9,6.0,2.3,,76.0
2025-06-11 21:00:00,0.6,0.9,1.6,3.3,,242.0
2025-06-11 22:00:00,1.1,1.5,2.4,3.5,,251.0
2025-06-11 23:00:00,1.4,1.9,2.4,4.0,,248.0
2025-06-12 00:00:00,1.8,2.0,2.9,3.4,,247.0
2025-06-12 01:00:00,1.9,2.1,3.3,3.6,,245.0
2025-06-12 02:00:00,2.0,2.1,3.8,3.9,,247.0
2025-06-12 03:00:00,2.1,2.3,4.0,4.3,,245.0
2025-06-12 04:00:00,2.0,2.3,3.9,4.5,,243.0
2025-06-12 05:00:00,2.1,2.3,4.1,4.7,,242.0
2025-06-12 06:00:00,2.1,2.2,4.3,4.8,,240.0
2025-06-12 07:00:00,1.8,1.7,4.4,4.6,,198.0
2025-06-12 08:00:00,1.3,1.1,3.6,4.3,,156.0
2025-06-12 09:00:00,0.7,0.3,2.6,2.4,,90.0
2025-06-12 10:00:00,0.3,1.0,2.8,5.1,,90.0
2025-06-12 11:00:00,0.8,1.8,2.9,7.0,,86.0
2025-06-12 12:00:00,0.8,2.4,2.9,8.4,,80.0
2025-06-12 13:00:00,1.3,2.3,4.3,6.9,,82.0
2025-06-12 14:00:00,1.8,2.0,6.5,6.0,,91.0
2025-06-12 15:00:00,2.3,1.9,7.3,5.6,,83.0
2025-06-12 16:00:00,2.1,1.7,7.1,4.9,,80.0
2025-06-12 17:00:00,2.0,1.4,5.8,4.2,,78.0
2025-06-12 18:00:00,1.6,1.2,3.9,3.6,,75.0
2025-06-12 19:00:00,0.9,0.9,1.9,2.8,,124.0
2025-06-12 20:00:00,0.3,0.5,0.9,2.0,,173.0
2025-06-12 21:00:00,0.4,0.3,1.1,1.1,,106.0
2025-06-12 22:00:00,1.4,0.5,3.3,2.8,,220.0
2025-06-12 23:00:00,1.8,1.0,4.5,3.4,,228.0
2025-06-13 00:00:00,2.1,1.3,4.8,3.5,,240.0
2025-06-13 01:00:00,2.3,1.8,4.8,3.8,,247.0
2025-06-13 02:00:00,2.4,2.1,4.8,3.9,,253.0
2025-06-13 03:00:00,2.2,2.2,4.3,4.1,,246.0
2025-06-13 04:00:00,2.3,2.3,4.5,4.2,,245.0
2025-06-13 05:00:00,2.3,2.3,4.5,4.2,,245.0
2025-06-13 06:00:00,2.2,2.1,4.6,4.1,,244.0
2025-06-13 07:00:00,1.8,1.8,4.3,3.8,,247.0
2025-06-13 08:00:00,1.1,1.3,3.4,3.5,,251.0
2025-06-13 09:00:00,0.7,0.9,3.0,3.5,,254.0
2025-06-13 10:00:00,0.3,0.7,3.8,4.3,,251.0
2025-06-13 11:00:00,1.0,0.6,5.6,5.4,,248.0
2025-06-13 12:00:00,1.0,0.5,5.9,6.0,,245.0
2025-06-13 13:00:00,1.1,0.5,6.6,5.6,,213.0
2025-06-13 14:00:00,1.0,0.6,6.3,4.7,,181.0
2025-06-13 15:00:00,1.4,0.8,4.5,4.1,,149.0
2025-06-13 16:00:00,1.9,1.1,5.8,4.4,,182.0
2025-06-13 17:00:00,1.7,1.5,5.0,5.0,,214.0
2025-06-13 18:00:00,1.2,1.7,3.3,5.3,,247.0
2025-06-13 19:00:00,1.2,1.6,3.0,4.8,,240.0
2025-06-13 20:00:00,1.4,1.4,3.5,3.8,,234.0
2025-06-13 21:00:00,1.5,1.6,3.3,3.0,,238.0
2025-06-13 22:00:00,1.2,1.3,3.1,2.3,,251.0
2025-06-13 23:00:00,0.9,1.6,3.4,2.5,,248.0
2025-06-14 00:00:00,0.6,1.6,2.5,2.8,,246.0
2025-06-14 01:00:00,0.6,1.8,2.1,3.0,,237.0
2025-06-14 02:00:00,0.6,1.6,1.6,3.1,,244.0
2025-06-14 03:00:00,1.1,1.8,3.0,3.5,,247.0
2025-06-14 04:00:00,1.0,1.8,2.1,3.7,,247.0
2025-06-14 05:00:00,1.0,1.8,1.9,3.8,,246.0
2025-06-14 06:00:00,1.0,1.8,1.8,3.8,,246.0
2025-06-14 07:00:00,0.9,1.7,1.9,3.8,,246.0
2025-06-14 08:00:00,0.6,1.5,1.1,3.7,,245.0
2025-06-14 09:00:00,0.6,1.2,2.0,3.8,,40.0
2025-06-14 10:00:00,0.9,1.5,2.9,5.5,,51.0
2025-06-14 11:00:00,0.4,1.6,1.5,6.5,,57.0
2025-06-14 12:00:00,1.7,2.0,7.0,7.3,,56.0
2025-06-14 13:00:00,2.2,2.2,7.5,7.6,,50.0
2025-06-14 14:00:00,2.6,2.7,8.4,8.9,,45.0
2025-06-14 15:00:00,2.4,2.7,7.5,8.5,,46.0
2025-06-14 16:00:00,2.4,2.5,7.1,7.6,,50.0
2025-06-14 17:00:00,2.5,2.0,7.4,6.2,,54.0
2025-06-14 18:00:00,2.0,1.6,6.1,4.8,,58.0
2025-06-14 19:00:00,1.1,1.1,3.0,3.3,,66.0
2025-06-14 20:00:00,0.7,0.6,1.3,1.7,,73.0
2025-06-14 21:00:00,0.6,0.9,1.3,2.4,,189.0
2025-06-14 22:00:00,1.1,1.3,1.8,3.0,,213.0
2025-06-14 23:00:00,1.4,1.4,2.1,3.0,,230.0
2025-06-15 00:00:00,1.5,1.6,2.3,3.5,,243.0
2025-06-15 01:00:00,1.8,1.4,3.3,3.4,,248.0
2025-06-15 02:00:00,1.5,1.6,2.6,3.1,,247.0
2025-06-15 03:00:00,1.3,1.6,2.5,3.0,,244.0
2025-06-15 04:00:00,1.5,1.6,2.6,2.9,,245.0
2025-06-15 05:00:00,1.7,1.5,3.4,2.8,,246.0
2025-06-15 06:00:00,1.5,1.4,3.1,2.9,,247.0
2025-06-15 07:00:00,0.9,1.1,2.6,3.2,,244.0
2025-06-15 08:00:00,0.2,0.7,1.8,3.7,,241.0
2025-06-15 09:00:00,0.5,0.3,4.0,4.4,,291.0
2025-06-15 10:00:00,0.6,0.6,4.4,5.1,,177.0
2025-06-15 11:00:00,1.0,0.4,4.9,4.8,,208.0
2025-06-15 12:00:00,0.9,0.1,5.0,3.4,,56.0
2025-06-15 13:00:00,1.1,0.7,6.6,5.1,,214.0
2025-06-15 14:00:00,0.9,2.0,4.3,9.3,,204.0
2025-06-15 15:00:00,1.8,2.8,7.3,11.9,,219.0
2025-06-15 16:00:00,1.9,2.9,8.3,12.0,,217.0
2025-06-15 17:00:00,2.4,2.7,9.0,10.9,,216.0
2025-06-15 18:00:00,2.4,2.6,8.9,9.9,,214.0
2025-06-15 19:00:00,2.9,2.7,9.3,9.5,,214.0
2025-06-15 20:00:00,2.9,2.9,8.8,9.2,,215.0
2025-06-15 21:00:00,1.5,2.3,4.4,8.3,,207.0
2025-06-15 22:00:00,1.5,2.4,4.3,7.9,,214.0
2025-06-15 23:00:00,1.6,3.1,3.6,10.3,,234.0
2025-06-16 00:00:00,1.6,3.2,3.5,11.3,,249.0
2025-06-16 01:00:00,1.5,3.6,3.4,12.5,,250.0
2025-06-16 02:00:00,1.4,3.6,3.1,12.5,,255.0
2025-06-16 03:00:00,1.7,3.3,4.3,11.3,,262.0
2025-06-16 04:00:00,1.6,2.7,3.8,9.2,,262.0
2025-06-16 05:00:00,1.3,1.8,3.1,6.2,,261.0
2025-06-16 06:00:00,1.0,1.2,2.8,4.1,,261.0
2025-06-16 07:00:00,0.4,1.0,2.1,3.6,,254.0
2025-06-16 08:00:00,0.1,1.0,2.4,3.8,,247.0
2025-06-16 09:00:00,0.4,1.0,3.4,4.0,,240.0
2025-06-16 10:00:00,0.6,1.0,3.8,3.6,,226.0
2025-06-16 11:00:00,0.9,1.0,4.0,3.2,,213.0
2025-06-16 12:00:00,1.7,1.1,6.8,3.1,,199.0
2025-06-16 13:00:00,2.1,1.3,7.1,3.8,,205.0
2025-06-16 14:00:00,2.0,1.6,7.5,5.0,,210.0
2025-06-16 15:00:00,2.4,1.8,8.6,5.8,,216.0
2025-06-16 16:00:00,2.3,1.9,8.8,6.1,,218.0
2025-06-16 17:00:00,1.8,1.9,6.5,6.0,,221.0
2025-06-16 18:00:00,1.6,1.9,6.3,5.9,,223.0
2025-06-16 19:00:00,1.8,1.8,6.6,5.6,,228.0
2025-06-16 20:00:00,2.3,1.7,7.9,5.2,,233.0
2025-06-16 21:00:00,2.5,2.3,8.5,7.8,,237.0
2025-06-16 22:00:00,2.6,3.1,8.9,10.0,,239.0
2025-06-16 23:00:00,3.3,3.6,10.6,11.4,,237.0
2025-06-17 00:00:00,3.8,4.0,12.0,12.5,,242.0
2025-06-17 01:00:00,4.3,4.1,13.0,13.5,,250.0
2025-06-17 02:00:00,4.4,3.3,13.8,12.0,,253.0
2025-06-17 03:00:00,4.4,2.7,14.1,10.0,,247.0
2025-06-17 04:00:00,3.9,2.3,13.3,8.9,,250.0
2025-06-17 05:00:00,2.9,1.9,10.6,7.7,,254.0
2025-06-17 06:00:00,2.3,1.7,8.4,7.0,,257.0
2025-06-17 07:00:00,1.4,1.7,6.6,6.8,,255.0
2025-06-17 08:00:00,1.4,1.8,6.6,7.1,,252.0
2025-06-17 09:00:00,1.9,1.4,8.5,6.6,,234.0
2025-06-17 10:00:00,2.8,2.3,10.9,9.0,,249.0
2025-06-17 11:00:00,3.2,3.7,11.5,12.5,,250.0
2025-06-17 12:00:00,3.1,4.8,10.3,14.6,,251.0
2025-06-17 13:00:00,3.4,4.9,10.9,14.8,,245.0
2025-06-17 14:00:00,3.8,4.3,11.4,12.9,,246.0
2025-06-17 15:00:00,3.6,4.4,11.1,13.5,,248.0
2025-06-17 16:00:00,3.3,4.1,10.6,12.5,,248.0
2025-06-17 17:00:00,2.6,3.8,8.9,11.3,,247.0
2025-06-17 18:00:00,2.9,3.4,8.5,10.0,,247.0
2025-06-17 19:00:00,1.9,2.8,6.3,8.4,,245.0
2025-06-17 20:00:00,1.6,2.1,5.3,6.7,,242.0
2025-06-17 21:00:00,0.8,1.0,2.4,2.1,,206.0
2025-06-17 22:00:00,0.9,1.4,2.5,3.0,,218.0
2025-06-17 23:00:00,1.1,2.2,2.4,5.4,,239.0
2025-06-18 00:00:00,1.2,1.6,2.6,5.0,,255.0
2025-06-18 01:00:00,1.6,1.7,3.6,4.9,,252.0
2025-06-18 02:00:00,1.7,1.8,3.8,4.9,,243.0
2025-06-18 03:00:00,1.6,1.8,3.8,4.9,,239.0
2025-06-18 04:00:00,1.7,1.8,3.9,4.8,,243.0
2025-06-18 05:00:00,1.8,1.8,4.3,4.7,,247.0
2025-06-18 06:00:00,1.8,1.8,4.5,5.0,,251.0
2025-06-18 07:00:00,1.6,1.9,5.0,5.8,,253.0
2025-06-18 08:00:00,,2.0,,7.0,254.0,
2025-06-18 09:00:00,,2.1,,8.0,260.0,
2025-06-18 10:00:00,,2.1,,8.5,262.0,
2025-06-18 11:00:00,,2.2,,8.8,268.0,
2025-06-18 12:00:00,,2.4,,9.3,276.0,
2025-06-18 13:00:00,,3.1,,10.5,280.0,
2025-06-18 14:00:00,,3.9,,11.8,284.0,
2025-06-18 15:00:00,,4.4,,12.4,281.0,
2025-06-18 16:00:00,,4.1,,11.6,277.0,
2025-06-18 17:00:00,,3.5,,10.1,274.0,
2025-06-18 18:00:00,,2.8,,8.5,268.0,
2025-06-18 19:00:00,,2.2,,6.9,262.0,
2025-06-18 20:00:00,,1.6,,5.3,247.0,
2025-06-18 21:00:00,,1.2,,4.0,230.0,
2025-06-18 22:00:00,,1.3,,2.8,239.0,
2025-06-18 23:00:00,,1.5,,3.3,243.0,
2025-06-19 00:00:00,,1.8,,3.8,245.0,
2025-06-19 01:00:00,,2.1,,4.6,245.0,
2025-06-19 02:00:00,,2.3,,5.1,244.0,
2025-06-19 03:00:00,,2.3,,5.3,244.0,
2025-06-19 04:00:00,,2.3,,5.3,244.0,
2025-06-19 05:00:00,,2.3,,5.1,245.0,
2025-06-19 06:00:00,,2.2,,5.0,245.0,
2025-06-19 07:00:00,,2.0,,4.9,243.0,
2025-06-19 08:00:00,,1.7,,4.9,235.0,
2025-06-19 09:00:00,,1.8,,5.8,245.0,
2025-06-19 10:00:00,,1.5,,5.3,251.0,
2025-06-19 11:00:00,,1.3,,6.1,273.0,
2025-06-19 12:00:00,,1.7,,7.9,268.0,
2025-06-19 13:00:00,,2.2,,7.9,244.0,
2025-06-19 14:00:00,,1.8,,7.1,165.0,
2025-06-19 15:00:00,,1.0,,6.0,183.0,
2025-06-19 16:00:00,,0.9,,4.7,199.0,
2025-06-19 17:00:00,,1.0,,3.1,222.0,
2025-06-19 18:00:00,,1.0,,2.0,280.0,
2025-06-19 19:00:00,,1.0,,1.7,287.0,
2025-06-19 20:00:00,,1.0,,1.9,233.0,
2025-06-19 21:00:00,,1.4,,2.4,218.0,
2025-06-19 22:00:00,,1.6,,2.4,233.0,
2025-06-19 23:00:00,,2.0,,3.1,240.0,
2025-06-20 00:00:00,,2.1,,4.6,248.0,
2025-06-20 01:00:00,,1.9,,4.1,246.0,
2025-06-20 02:00:00,,2.1,,3.8,247.0,
2025-06-20 03:00:00,,2.5,,4.9,241.0,
2025-06-20 04:00:00,,2.4,,4.8,236.0,
2025-06-20 05:00:00,,2.3,,4.6,234.0,
2025-06-20 06:00:00,,2.1,,4.6,239.0,
2025-06-20 07:00:00,,1.9,,5.1,232.0,
2025-06-20 08:00:00,,1.8,,5.9,233.0,
2025-06-20 09:00:00,,1.0,,4.6,227.0,
2025-06-20 10:00:00,,1.4,,5.8,227.0,
2025-06-20 11:00:00,,3.0,,9.9,227.0,
2025-06-20 12:00:00,,3.0,,9.6,231.0,
2025-06-20 13:00:00,,2.6,,7.8,231.0,
2025-06-20 14:00:00,,1.8,,5.9,225.0,
2025-06-20 15:00:00,,1.9,,6.8,227.0,
2025-06-20 16:00:00,,2.0,,7.1,217.0,
2025-06-20 17:00:00,,2.3,,8.1,212.0,
2025-06-20 18:00:00,,2.7,,9.1,211.0,
2025-06-20 19:00:00,,3.1,,10.3,214.0,
2025-06-20 20:00:00,,3.6,,11.6,219.0,
2025-06-20 21:00:00,,5.1,,16.3,221.0,
2025-06-20 22:00:00,,6.1,,18.8,216.0,
2025-06-20 23:00:00,,5.9,,18.3,227.0,
2025-06-21 00:00:00,,7.1,,21.6,229.0,
2025-06-21 01:00:00,,7.0,,22.8,235.0,
2025-06-21 02:00:00,,5.4,,18.3,235.0,
2025-06-21 03:00:00,,5.1,,16.9,243.0,
2025-06-21 04:00:00,,4.9,,16.4,252.0,
2025-06-21 05:00:00,,4.8,,16.3,251.0,
2025-06-21 06:00:00,,4.6,,15.8,248.0,
2025-06-21 07:00:00,,4.2,,14.3,249.0,
2025-06-21 08:00:00,,3.7,,12.4,238.0,
2025-06-21 09:00:00,,2.3,,9.5,329.0,
2025-06-21 10:00:00,,2.1,,8.9,313.0,
2025-06-21 11:00:00,,2.1,,7.8,242.0,
2025-06-21 12:00:00,,2.0,,7.0,249.0,
2025-06-21 13:00:00,,2.1,,7.6,247.0,
2025-06-21 14:00:00,,2.4,,8.0,256.0,
2025-06-21 15:00:00,,2.3,,8.1,260.0,
2025-06-21 16:00:00,,2.2,,7.6,249.0,
2025-06-21 17:00:00,,2.0,,6.8,248.0,
2025-06-21 18:00:00,,1.8,,5.9,252.0,
2025-06-21 19:00:00,,1.7,,5.0,250.0,
2025-06-21 20:00:00,,1.6,,4.1,246.0,
2025-06-21 21:00:00,,1.8,,4.4,233.0,
2025-06-21 22:00:00,,1.4,,3.6,244.0,
2025-06-21 23:00:00,,1.8,,4.3,247.0,
2025-06-22 00:00:00,,1.8,,4.5,247.0,
2025-06-22 01:00:00,,1.9,,4.8,247.0,
2025-06-22 02:00:00,,1.9,,4.8,249.0,
2025-06-22 03:00:00,,2.0,,4.8,247.0,
2025-06-22 04:00:00,,2.0,,4.8,246.0,
2025-06-22 05:00:00,,2.0,,4.7,246.0,
2025-06-22 06:00:00,,2.0,,4.9,247.0,
2025-06-22 07:00:00,,1.9,,5.4,248.0,
2025-06-22 08:00:00,,1.7,,6.1,246.0,
2025-06-22 09:00:00,,2.8,,10.0,250.0,
2025-06-22 10:00:00,,3.2,,11.4,254.0,
2025-06-22 11:00:00,,3.6,,12.5,259.0,
2025-06-22 12:00:00,,3.5,,12.4,262.0,
2025-06-22 13:00:00,,3.3,,11.4,268.0,
2025-06-22 14:00:00,,3.2,,10.8,276.0,
2025-06-22 15:00:00,,3.5,,11.1,278.0,
2025-06-22 16:00:00,,3.2,,9.8,276.0,
2025-06-22 17:00:00,,2.7,,8.1,277.0,
2025-06-22 18:00:00,,2.3,,6.6,281.0,
2025-06-22 19:00:00,,1.9,,5.4,282.0,
2025-06-22 20:00:00,,1.4,,4.5,274.0,
2025-06-22 21:00:00,,1.9,,4.8,251.0,
2025-06-22 22:00:00,,1.9,,4.1,247.0,
2025-06-22 23:00:00,,1.9,,3.9,242.0,
2025-06-23 00:00:00,,1.9,,3.5,239.0,
2025-06-23 01:00:00,,2.2,,4.1,244.0,
2025-06-23 02:00:00,,2.3,,4.5,245.0,
2025-06-23 03:00:00,,2.3,,4.8,246.0,
2025-06-23 04:00:00,,2.3,,4.8,248.0,
2025-06-23 05:00:00,,2.2,,4.7,250.0,
2025-06-23 06:00:00,,2.0,,4.6,247.0,
2025-06-23 07:00:00,,1.6,,4.5,247.0,
2025-06-23 08:00:00,,1.2,,4.6,253.0,
2025-06-23 09:00:00,,0.9,,4.6,107.0,
2025-06-23 10:00:00,,2.1,,7.6,98.0,
2025-06-23 11:00:00,,2.9,,9.4,90.0,
2025-06-23 12:00:00,,3.1,,9.6,84.0,
2025-06-23 13:00:00,,3.0,,9.5,79.0,
2025-06-23 14:00:00,,2.9,,9.3,73.0,
2025-06-23 15:00:00,,2.9,,8.8,70.0,
2025-06-23 16:00:00,,2.5,,7.7,73.0,
2025-06-23 17:00:00,,2.0,,6.3,73.0,
2025-06-23 18:00:00,,1.6,,4.9,68.0,
2025-06-23 19:00:00,,1.2,,3.6,70.0,
2025-06-23 20:00:00,,0.9,,2.4,70.0,
2025-06-23 21:00:00,,0.4,,1.0,19.0,
2025-06-23 22:00:00,,0.4,,1.1,288.0,
2025-06-23 23:00:00,,0.6,,1.3,233.0,
2025-06-24 00:00:00,,0.4,,1.0,237.0,
2025-06-24 01:00:00,,1.1,,1.9,239.0,
2025-06-24 02:00:00,,1.6,,2.6,243.0,
2025-06-24 03:00:00,,0.9,,1.6,249.0,
2025-06-24 04:00:00,,0.7,,1.3,248.0,
2025-06-24 05:00:00,,0.5,,0.9,237.0,
2025-06-24 06:00:00,,0.3,,0.8,232.0,
2025-06-24 07:00:00,,0.3,,1.1,233.0,
2025-06-24 08:00:00,,0.4,,1.6,349.0,
2025-06-24 09:00:00,,1.6,,5.9,74.0,
2025-06-24 10:00:00,,1.9,,6.8,69.0,
2025-06-24 11:00:00,,2.4,,8.6,74.0,
2025-06-24 12:00:00,,1.9,,7.3,84.0,
2025-06-24 13:00:00,,1.6,,5.8,70.0,
2025-06-24 14:00:00,,1.5,,5.6,76.0,
2025-06-24 15:00:00,,1.5,,4.8,71.0,
2025-06-24 16:00:00,,1.1,,4.4,59.0,
2025-06-24 17:00:00,,0.7,,4.1,61.0,
2025-06-24 18:00:00,,0.4,,4.0,52.0,
2025-06-24 19:00:00,,0.4,,4.1,53.0,
2025-06-24 20:00:00,,0.5,,4.3,51.0,
2025-06-24 21:00:00,,1.1,,5.1,48.0,
2025-06-24 22:00:00,,0.9,,4.4,49.0,
2025-06-24 23:00:00,,1.1,,4.9,26.0,
2025-06-25 00:00:00,,1.1,,5.4,16.0,
2025-06-25 01:00:00,,0.9,,5.1,13.0,
2025-06-25 02:00:00,,0.9,,5.3,346.0,
2025-06-25 03:00:00,,1.1,,6.8,285.0,
2025-06-25 04:00:00,,1.3,,7.5,277.0,
2025-06-25 05:00:00,,1.6,,8.1,286.0,
2025-06-25 06:00:00,,1.7,,8.4,300.0,
2025-06-25 07:00:00,,1.6,,7.9,335.0,
2025-06-25 08:00:00,,1.3,,7.0,0.0,
2025-06-25 09:00:00,,1.1,,5.1,4.0,
2025-06-25 10:00:00,,1.1,,4.3,14.0,
2025-06-25 11:00:00,,0.8,,2.9,28.0,
2025-06-25 12:00:00,,0.2,,2.5,43.0,
2025-06-25 13:00:00,,0.5,,3.4,57.0,
2025-06-25 14:00:00,,1.1,,5.0,74.0,
2025-06-25 15:00:00,,1.6,,4.9,45.0,
2025-06-25 16:00:00,,1.7,,5.2,93.0,
2025-06-25 17:00:00,,1.5,,5.2,132.0,
2025-06-25 18:00:00,,1.3,,4.8,200.0,
2025-06-25 19:00:00,,1.0,,3.8,253.0,
2025-06-25 20:00:00,,0.5,,2.4,248.0,
2025-06-25 21:00:00,,1.0,,3.4,286.0,
2025-06-25 22:00:00,,1.0,,3.3,273.0,
2025-06-25 23:00:00,,1.1,,3.5,272.0,
2025-06-26 00:00:00,,1.2,,3.5,259.0,
2025-06-26 01:00:00,,1.2,,3.4,257.0,
2025-06-26 02:00:00,,1.3,,3.6,252.0,
2025-06-26 03:00:00,,1.4,,3.6,251.0,
2025-06-26 04:00:00,,1.4,,3.6,249.0,
2025-06-26 05:00:00,,1.4,,3.5,250.0,
2025-06-26 06:00:00,,1.4,,3.6,252.0,
2025-06-26 07:00:00,,1.3,,3.8,248.0,
2025-06-26 08:00:00,,1.2,,4.2,258.0,
2025-06-26 09:00:00,,,5.8,4.5,,268.0
2025-06-26 10:00:00,,,6.3,4.9,,266.0
2025-06-26 11:00:00,,,6.6,5.3,,263.0
2025-06-26 12:00:00,,,5.3,5.5,,261.0
2025-06-26 13:00:00,,,5.1,5.3,,250.0
2025-06-26 14:00:00,,,2.8,4.9,,239.0
2025-06-26 15:00:00,,,3.5,4.5,,228.0
2025-06-26 16:00:00,,,1.5,4.3,,225.0
2025-06-26 17:00:00,,,0.9,4.1,,222.0
2025-06-26 18:00:00,,,2.0,3.9,,219.0
2025-06-26 19:00:00,,,3.0,3.7,,230.0
2025-06-26 20:00:00,,,3.0,3.6,,240.0
2025-06-26 21:00:00,,,2.4,3.1,,234.0
2025-06-26 22:00:00,,,2.0,3.5,,241.0
2025-06-26 23:00:00,,,2.5,3.9,,245.0
2025-06-27 00:00:00,,,3.3,3.8,,253.0
2025-06-27 01:00:00,,,3.6,3.9,,254.0
2025-06-27 02:00:00,,,3.8,4.3,,247.0
2025-06-27 03:00:00,,,4.4,4.4,,244.0
2025-06-27 04:00:00,,,4.5,4.5,,245.0
2025-06-27 05:00:00,,,4.5,4.7,,245.0
2025-06-27 06:00:00,,,5.3,4.9,,246.0
2025-06-27 07:00:00,,,5.5,5.4,,247.0
2025-06-27 08:00:00,,,6.3,6.1,,248.0
2025-06-27 09:00:00,,,5.8,5.5,,255.0
2025-06-27 10:00:00,,,4.9,5.6,,254.0
2025-06-27 11:00:00,,,4.9,4.6,,262.0
2025-06-27 12:00:00,,,3.5,6.0,,272.0
2025-06-27 13:00:00,,,4.5,7.8,,267.0
2025-06-27 14:00:00,,,3.0,8.4,,273.0
2025-06-27 15:00:00,,,4.8,5.8,,258.0
2025-06-27 16:00:00,,,4.9,4.7,,252.0
2025-06-27 17:00:00,,,3.5,3.1,,246.0
2025-06-27 18:00:00,,,2.6,2.0,,240.0
2025-06-27 19:00:00,,,2.1,1.6,,245.0
2025-06-27 20:00:00,,,1.5,1.6,,251.0
2025-06-27 21:00:00,,,1.9,2.1,,260.0
2025-06-27 22:00:00,,,2.3,2.6,,252.0
2025-06-27 23:00:00,,,3.0,3.0,,254.0
2025-06-28 00:00:00,,,3.6,3.4,,252.0
2025-06-28 01:00:00,,,3.9,3.5,,248.0
2025-06-28 02:00:00,,,3.9,3.6,,246.0
2025-06-28 03:00:00,,,3.9,3.9,,244.0
2025-06-28 04:00:00,,,3.8,3.8,,246.0
2025-06-28 05:00:00,,,3.6,3.5,,248.0
2025-06-28 06:00:00,,,3.5,3.3,,250.0
2025-06-28 07:00:00,,,3.6,3.2,,248.0
2025-06-28 08:00:00,,,3.6,3.2,,247.0
2025-06-28 09:00:00,,,2.8,4.0,,258.0
2025-06-28 10:00:00,,,2.8,4.9,,262.0
2025-06-28 11:00:00,,,3.1,7.0,,261.0
2025-06-28 12:00:00,,,3.4,7.9,,260.0
2025-06-28 13:00:00,,,3.3,8.6,,259.0
2025-06-28 14:00:00,,,2.3,9.1,,254.0
2025-06-28 15:00:00,,,7.8,8.8,,257.0
2025-06-28 16:00:00,,,5.6,7.9,,258.0
2025-06-28 17:00:00,,,5.6,6.6,,260.0
2025-06-28 18:00:00,,,4.5,5.4,,261.0
2025-06-28 19:00:00,,,4.5,4.7,,251.0
2025-06-28 20:00:00,,,3.9,4.2,,242.0
2025-06-28 21:00:00,,,4.0,2.9,,246.0
2025-06-28 22:00:00,,,4.0,3.6,,245.0
2025-06-28 23:00:00,,,4.1,3.9,,245.0
2025-06-29 00:00:00,,,4.6,3.6,,250.0
2025-06-29 01:00:00,,,4.8,3.5,,252.0
2025-06-29 02:00:00,,,4.8,3.5,,247.0
2025-06-29 03:00:00,,,4.3,3.5,,245.0
2025-06-29 04:00:00,,,4.0,3.4,,244.0
2025-06-29 05:00:00,,,4.1,3.2,,242.0
2025-06-29 06:00:00,,,4.1,3.4,,241.0
2025-06-29 07:00:00,,,4.3,4.2,,244.0
2025-06-29 08:00:00,,,6.1,5.3,,247.0
2025-06-29 09:00:00,,,6.4,6.4,,247.0
2025-06-29 10:00:00,,,6.4,6.6,,249.0
2025-06-29 11:00:00,,,6.4,7.1,,248.0
2025-06-29 12:00:00,,,6.8,8.1,,247.0
2025-06-29 13:00:00,,,7.3,7.6,,253.0
2025-06-29 14:00:00,,,7.4,7.6,,262.0
2025-06-29 15:00:00,,,7.0,8.0,,256.0
2025-06-29 16:00:00,,,5.9,7.8,,259.0
2025-06-29 17:00:00,,,6.8,7.5,,261.0
2025-06-29 18:00:00,,,6.9,7.0,,264.0
2025-06-29 19:00:00,,,3.9,6.2,,256.0
2025-06-29 20:00:00,,,4.0,5.2,,249.0
2025-06-29 21:00:00,,,3.9,3.6,,252.0
2025-06-29 22:00:00,,,4.0,4.0,,245.0
2025-06-29 23:00:00,,,3.9,4.3,,244.0
2025-06-30 00:00:00,,,4.1,4.3,,247.0
2025-06-30 01:00:00,,,4.3,4.1,,244.0
2025-06-30 02:00:00,,,4.1,4.1,,241.0
2025-06-30 03:00:00,,,4.1,4.3,,239.0
2025-06-30 04:00:00,,,4.4,4.2,,239.0
2025-06-30 05:00:00,,,4.6,4.0,,240.0
2025-06-30 06:00:00,,,4.5,4.1,,240.0
2025-06-30 07:00:00,,,5.1,4.5,,237.0
2025-06-30 08:00:00,,,6.5,5.1,,235.0
2025-06-30 09:00:00,,,7.0,6.6,,244.0
2025-06-30 10:00:00,,,7.1,7.5,,248.0
2025-06-30 11:00:00,,,8.8,8.3,,254.0
2025-06-30 12:00:00,,,9.5,8.4,,258.0
2025-06-30 13:00:00,,,9.8,9.0,,258.0
2025-06-30 14:00:00,,,10.1,9.6,,258.0
2025-06-30 15:00:00,,,9.9,10.9,,261.0
2025-06-30 16:00:00,,,8.9,10.1,,261.0
2025-06-30 17:00:00,,,9.5,8.5,,262.0
2025-06-30 18:00:00,,,6.6,7.0,,262.0
2025-06-30 19:00:00,,,5.1,5.5,,255.0
2025-06-30 20:00:00,,,4.6,4.1,,249.0
2025-06-30 21:00:00,,,4.1,3.6,,236.0
2025-06-30 22:00:00,,,3.1,3.0,,230.0
2025-06-30 23:00:00,,,3.5,3.3,,232.0
2025-07-01 00:00:00,,,4.0,3.6,,232.0
2025-07-01 01:00:00,,,4.9,4.0,,235.0
2025-07-01 02:00:00,,,5.5,4.3,,239.0
2025-07-01 03:00:00,,,5.5,4.5,,239.0
2025-07-01 04:00:00,,,5.5,4.9,,239.0
2025-07-01 05:00:00,,,5.1,5.4,,239.0
2025-07-01 06:00:00,,,5.3,5.9,,239.0
2025-07-01 07:00:00,,,6.3,6.5,,242.0
2025-07-01 08:00:00,,,6.8,7.2,,244.0
2025-07-01 09:00:00,,,8.6,9.5,,245.0
2025-07-01 10:00:00,,,8.5,9.9,,245.0
2025-07-01 11:00:00,,,9.3,10.1,,249.0
2025-07-01 12:00:00,,,10.0,10.5,,251.0
2025-07-01 13:00:00,,,6.5,10.8,,252.0
2025-07-01 14:00:00,,,6.4,9.9,,259.0
2025-07-01 15:00:00,,,6.4,8.8,,257.0
2025-07-01 16:00:00,,,6.3,8.0,,255.0
2025-07-01 17:00:00,,,6.9,7.1,,254.0
2025-07-01 18:00:00,,,6.0,6.6,,252.0
2025-07-01 19:00:00,,,6.1,6.9,,251.0
2025-07-01 20:00:00,,,6.0,7.6,,251.0
2025-07-01 21:00:00,,,6.0,6.4,,239.0
2025-07-01 22:00:00,,,6.3,6.4,,242.0
2025-07-01 23:00:00,,,6.1,6.5,,243.0
2025-07-02 00:00:00,,,6.5,7.3,,246.0
2025-07-02 01:00:00,,,6.4,7.6,,251.0
2025-07-02 02:00:00,,,6.5,8.4,,252.0
2025-07-02 03:00:00,,,6.0,8.1,,252.0
2025-07-02 04:00:00,,,6.3,7.4,,249.0
2025-07-02 05:00:00,,,7.8,6.3,,245.0
2025-07-02 06:00:00,,,8.1,5.8,,242.0
2025-07-02 07:00:00,,,7.5,6.3,,244.0
2025-07-02 08:00:00,,,8.6,7.4,,246.0
2025-07-02 09:00:00,,,9.1,9.1,,258.0
2025-07-02 10:00:00,,,9.0,10.1,,261.0
2025-07-02 11:00:00,,,9.8,10.1,,261.0
2025-07-02 12:00:00,,,9.9,10.6,,255.0
2025-07-02 13:00:00,,,10.0,11.1,,254.0
2025-07-02 14:00:00,,,10.4,9.9,,256.0
2025-07-02 15:00:00,,,9.4,9.6,,252.0
2025-07-02 16:00:00,,,9.3,8.6,,252.0
2025-07-02 17:00:00,,,7.8,7.3,,253.0
2025-07-02 18:00:00,,,6.4,6.3,,253.0
2025-07-02 19:00:00,,,5.5,5.8,,249.0
2025-07-02 20:00:00,,,5.1,5.6,,244.0
2025-07-02 21:00:00,,,5.0,5.6,,244.0
2025-07-02 22:00:00,,,4.9,5.4,,239.0
2025-07-02 23:00:00,,,5.5,5.1,,239.0
2025-07-03 00:00:00,,,6.0,5.0,,247.0
2025-07-03 01:00:00,,,6.1,4.5,,241.0
2025-07-03 02:00:00,,,5.8,4.5,,252.0
2025-07-03 03:00:00,,,5.0,4.8,,246.0
2025-07-03 04:00:00,,,5.1,4.6,,247.0
2025-07-03 05:00:00,,,5.1,4.5,,247.0
2025-07-03 06:00:00,,,5.4,4.9,,248.0
2025-07-03 07:00:00,,,7.0,6.4,,249.0
2025-07-03 08:00:00,,,8.8,8.4,,251.0
2025-07-03 09:00:00,,,8.6,8.3,,258.0
2025-07-03 10:00:00,,,8.3,8.6,,258.0
2025-07-03 11:00:00,,,9.6,12.5,,258.0
2025-07-03 12:00:00,,,10.0,9.1,,258.0
2025-07-03 13:00:00,,,8.5,9.1,,257.0
2025-07-03 14:00:00,,,7.9,9.6,,259.0
2025-07-03 15:00:00,,,8.6,9.5,,260.0
2025-07-03 16:00:00,,,9.8,8.9,,259.0
2025-07-03 17:00:00,,,7.6,8.0,,259.0
2025-07-03 18:00:00,,,7.9,7.0,,258.0
2025-07-03 19:00:00,,,5.4,5.9,,253.0
2025-07-03 20:00:00,,,5.1,4.8,,248.0
2025-07-03 21:00:00,,,4.8,4.1,,235.0
2025-07-03 22:00:00,,,5.0,4.1,,238.0
2025-07-03 23:00:00,,,5.5,4.4,,242.0
2025-07-04 00:00:00,,,6.8,4.8,,243.0
2025-07-04 01:00:00,,,8.0,5.1,,247.0
2025-07-04 02:00:00,,,8.9,5.8,,245.0
2025-07-04 03:00:00,,,9.8,7.6,,248.0
2025-07-04 04:00:00,,,10.0,8.4,,246.0
2025-07-04 05:00:00,,,11.0,9.0,,245.0
2025-07-04 06:00:00,,,11.5,9.8,,243.0
2025-07-04 07:00:00,,,12.3,10.8,,244.0
2025-07-04 08:00:00,,,12.5,11.9,,246.0
2025-07-04 09:00:00,,,12.0,12.6,,247.0
2025-07-04 10:00:00,3.4,3.6,11.8,12.6,257.0,251.0
2025-07-04 11:00:00,3.0,3.4,10.8,12.3,260.0,254.0
2025-07-04 12:00:00,2.2,3.3,8.5,12.1,262.0,258.0
2025-07-04 13:00:00,2.0,3.3,8.0,12.3,248.0,259.0
2025-07-04 14:00:00,2.1,3.3,8.4,12.6,234.0,260.0
2025-07-04 15:00:00,1.7,3.3,7.4,12.8,256.0,261.0
2025-07-04 16:00:00,2.4,3.4,8.8,13.0,240.0,262.0
2025-07-04 17:00:00,2.6,3.5,9.6,13.0,244.0,262.0
2025-07-04 18:00:00,2.8,3.4,10.0,12.6,247.0,263.0
2025-07-04 19:00:00,2.7,2.9,10.3,11.1,249.0,257.0
2025-07-04 20:00:00,2.6,2.3,10.3,9.1,251.0,251.0
2025-07-04 21:00:00,2.8,1.9,10.0,7.8,253.0,245.0
2025-07-04 22:00:00,2.9,2.0,10.1,7.8,257.0,247.0
2025-07-04 23:00:00,2.9,2.4,10.1,8.5,258.0,250.0
2025-07-05 00:00:00,2.8,2.7,10.3,9.1,255.0,252.0
2025-07-05 01:00:00,2.8,2.8,10.0,9.3,254.0,251.0
2025-07-05 02:00:00,2.8,2.9,9.6,9.4,250.0,251.0
2025-07-05 03:00:00,3.1,2.9,9.6,9.3,253.0,250.0
2025-07-05 04:00:00,2.8,2.9,8.9,8.9,253.0,249.0
2025-07-05 05:00:00,2.8,2.8,8.9,8.4,251.0,249.0
2025-07-05 06:00:00,2.9,2.8,8.9,8.1,250.0,248.0
2025-07-05 07:00:00,3.1,2.9,10.3,8.5,250.0,249.0
2025-07-05 08:00:00,3.3,3.0,10.3,9.1,253.0,250.0
2025-07-05 09:00:00,3.3,3.1,10.4,9.4,253.0,251.0
2025-07-05 10:00:00,3.1,3.3,9.9,10.3,256.0,252.0
2025-07-05 11:00:00,3.1,3.2,9.8,10.0,256.0,254.0
2025-07-05 12:00:00,3.0,3.0,9.8,9.6,260.0,255.0
2025-07-05 13:00:00,2.9,3.0,9.9,9.6,261.0,262.0
2025-07-05 14:00:00,3.0,2.9,10.0,9.8,262.0,264.0
2025-07-05 15:00:00,2.7,2.7,9.1,9.3,259.0,263.0
2025-07-05 16:00:00,2.7,3.1,8.9,10.3,257.0,264.0
2025-07-05 17:00:00,2.5,3.6,8.5,11.6,261.0,265.0
2025-07-05 18:00:00,3.2,3.8,9.1,12.0,264.0,266.0
2025-07-05 19:00:00,2.1,3.4,7.0,10.4,259.0,258.0
2025-07-05 20:00:00,2.1,2.6,6.8,7.9,248.0,251.0
2025-07-05 21:00:00,2.1,2.1,6.6,6.1,246.0,243.0
2025-07-05 22:00:00,2.3,2.0,7.6,5.7,246.0,244.0
2025-07-05 23:00:00,2.6,2.2,8.3,6.0,243.0,245.0
2025-07-06 00:00:00,2.7,2.4,8.3,6.5,246.0,246.0
2025-07-06 01:00:00,2.8,2.5,8.4,7.3,250.0,246.0
2025-07-06 02:00:00,2.8,2.7,8.6,8.3,249.0,246.0
2025-07-06 03:00:00,2.9,2.8,8.5,9.0,248.0,246.0
2025-07-06 04:00:00,2.8,2.8,8.0,8.9,248.0,246.0
2025-07-06 05:00:00,2.6,2.7,7.5,8.6,248.0,247.0
2025-07-06 06:00:00,2.5,2.6,7.8,8.4,248.0,247.0
2025-07-06 07:00:00,2.8,2.7,9.3,8.8,252.0,249.0
2025-07-06 08:00:00,3.3,2.8,10.8,9.5,256.0,251.0
2025-07-06 09:00:00,3.1,3.6,10.6,11.3,258.0,257.0
2025-07-06 10:00:00,2.9,3.7,10.5,11.8,258.0,255.0
2025-07-06 11:00:00,2.9,3.6,10.9,12.4,258.0,256.0
2025-07-06 12:00:00,2.6,3.4,9.8,11.8,258.0,261.0
2025-07-06 13:00:00,2.4,3.6,9.5,12.6,258.0,266.0
2025-07-06 14:00:00,2.4,3.0,8.8,10.5,259.0,266.0
2025-07-06 15:00:00,2.2,2.8,7.8,9.9,256.0,265.0
2025-07-06 16:00:00,2.1,3.0,7.3,10.2,255.0,269.0
2025-07-06 17:00:00,1.7,3.3,6.4,10.7,256.0,273.0
2025-07-06 18:00:00,1.4,3.4,5.1,10.6,266.0,277.0
2025-07-06 19:00:00,1.0,2.8,3.9,9.0,266.0,271.0
2025-07-06 20:00:00,1.2,2.0,3.9,6.8,260.0,265.0
2025-07-06 21:00:00,1.8,1.3,4.1,4.1,248.0,250.0
2025-07-06 22:00:00,1.8,1.3,4.3,3.3,244.0,235.0
2025-07-06 23:00:00,1.8,1.6,4.1,3.9,240.0,243.0
2025-07-07 00:00:00,1.7,1.6,3.8,3.8,244.0,249.0
2025-07-07 01:00:00,1.8,1.6,3.8,3.6,243.0,246.0
2025-07-07 02:00:00,1.8,1.6,3.9,3.8,245.0,244.0
2025-07-07 03:00:00,1.8,1.6,4.0,3.8,248.0,250.0
2025-07-07 04:00:00,1.7,1.5,3.9,3.5,249.0,249.0
2025-07-07 05:00:00,1.6,1.4,3.8,3.1,248.0,249.0
2025-07-07 06:00:00,1.5,1.3,3.8,3.0,246.0,248.0
2025-07-07 07:00:00,1.4,1.2,3.9,3.5,250.0,259.0
2025-07-07 08:00:00,0.9,1.2,3.5,4.3,268.0,270.0
2025-07-07 09:00:00,0.9,0.8,4.3,4.0,296.0,0.0
2025-07-07 10:00:00,0.9,1.5,4.4,4.6,2.0,55.0
2025-07-07 11:00:00,1.6,1.8,6.1,5.8,42.0,71.0
2025-07-07 12:00:00,2.4,2.2,7.1,7.6,59.0,63.0
2025-07-07 13:00:00,2.8,2.6,8.0,7.8,64.0,69.0
2025-07-07 14:00:00,2.6,2.7,7.4,8.4,59.0,71.0
2025-07-07 15:00:00,2.4,2.8,7.4,8.0,65.0,60.0
2025-07-07 16:00:00,2.3,2.6,7.4,7.5,59.0,59.0
2025-07-07 17:00:00,2.1,2.2,6.5,6.6,60.0,58.0
2025-07-07 18:00:00,1.6,1.8,5.0,5.8,58.0,57.0
2025-07-07 19:00:00,1.4,1.6,3.8,5.0,50.0,55.0
2025-07-07 20:00:00,1.2,1.5,3.0,4.2,54.0,54.0
2025-07-07 21:00:00,0.7,1.3,1.3,3.6,28.0,47.0
2025-07-07 22:00:00,0.5,1.1,1.1,3.1,323.0,51.0
2025-07-07 23:00:00,0.3,1.0,0.8,2.9,337.0,53.0
2025-07-08 00:00:00,0.3,0.8,0.9,2.4,306.0,54.0
2025-07-08 01:00:00,0.4,0.7,1.4,1.9,9.0,41.0
2025-07-08 02:00:00,0.7,0.4,2.3,1.4,32.0,62.0
2025-07-08 03:00:00,0.3,0.5,1.9,1.4,13.0,62.0
2025-07-08 04:00:00,0.4,0.5,1.9,1.4,309.0,55.0
2025-07-08 05:00:00,0.5,0.5,2.1,1.5,320.0,47.0
2025-07-08 06:00:00,0.5,0.6,2.3,1.9,328.0,40.0
2025-07-08 07:00:00,0.3,0.7,2.3,2.5,311.0,45.0
2025-07-08 08:00:00,1.0,0.9,4.0,3.3,7.0,51.0
2025-07-08 09:00:00,1.8,1.2,5.9,4.1,26.0,56.0
2025-07-08 10:00:00,2.3,1.7,7.3,5.9,44.0,60.0
2025-07-08 11:00:00,2.7,2.1,8.4,7.1,52.0,62.0
2025-07-08 12:00:00,3.0,2.6,9.0,8.1,47.0,61.0
2025-07-08 13:00:00,3.0,3.0,9.0,9.1,46.0,59.0
2025-07-08 14:00:00,3.0,2.9,9.0,8.5,49.0,62.0
2025-07-08 15:00:00,2.7,2.6,8.3,7.9,52.0,64.0
2025-07-08 16:00:00,2.6,2.4,7.6,7.2,49.0,64.0
2025-07-08 17:00:00,2.3,2.0,6.6,6.2,48.0,65.0
2025-07-08 18:00:00,1.9,1.7,5.4,5.1,45.0,65.0
2025-07-08 19:00:00,1.4,1.4,3.8,3.9,46.0,58.0
2025-07-08 20:00:00,1.0,1.1,2.4,2.5,40.0,50.0
2025-07-08 21:00:00,0.9,0.4,2.5,1.1,44.0,52.0
2025-07-08 22:00:00,0.3,0.4,1.5,1.4,61.0,4.0
2025-07-08 23:00:00,0.4,0.6,1.3,1.5,33.0,273.0
2025-07-09 00:00:00,0.6,0.3,1.5,1.3,357.0,262.0
2025-07-09 01:00:00,0.4,0.4,1.5,1.4,336.0,328.0
2025-07-09 02:00:00,0.5,0.6,1.8,1.9,342.0,331.0
2025-07-09 03:00:00,0.8,0.7,2.0,1.9,335.0,292.0
2025-07-09 04:00:00,0.5,0.7,1.9,1.9,307.0,284.0
2025-07-09 05:00:00,0.5,0.7,1.5,1.8,266.0,275.0
2025-07-09 06:00:00,0.4,0.7,1.5,2.0,270.0,267.0
2025-07-09 07:00:00,0.3,0.8,2.3,2.6,6.0,313.0
2025-07-09 08:00:00,1.1,1.0,4.3,3.3,30.0,359.0
2025-07-09 09:00:00,1.5,1.4,5.3,4.6,35.0,36.0
2025-07-09 10:00:00,1.9,2.1,6.1,6.5,42.0,45.0
2025-07-09 11:00:00,2.2,2.6,7.3,8.3,51.0,45.0
2025-07-09 12:00:00,2.4,2.7,7.9,8.5,55.0,49.0
2025-07-09 13:00:00,2.5,2.4,8.3,8.3,58.0,58.0
2025-07-09 14:00:00,2.4,2.5,8.0,8.3,60.0,59.0
2025-07-09 15:00:00,2.3,2.4,7.4,7.9,57.0,59.0
2025-07-09 16:00:00,2.3,2.3,7.1,7.2,54.0,56.0
2025-07-09 17:00:00,2.2,2.1,6.6,6.4,48.0,54.0
2025-07-09 18:00:00,2.0,1.9,5.6,5.5,48.0,51.0
2025-07-09 19:00:00,1.4,1.7,3.8,4.6,46.0,51.0
2025-07-09 20:00:00,0.9,1.4,2.1,3.6,57.0,52.0
2025-07-09 21:00:00,0.9,0.7,1.8,1.9,56.0,75.0
2025-07-09 22:00:00,0.4,0.9,1.3,1.9,39.0,60.0
2025-07-09 23:00:00,0.4,0.9,1.5,1.9,328.0,57.0
2025-07-10 00:00:00,0.3,0.8,1.3,1.9,344.0,45.0
2025-07-10 01:00:00,0.3,0.1,1.3,1.1,27.0,37.0
2025-07-10 02:00:00,0.7,0.4,2.0,0.8,18.0,270.0
2025-07-10 03:00:00,0.5,0.5,1.9,1.3,349.0,274.0
2025-07-10 04:00:00,0.4,0.5,1.5,1.5,297.0,299.0
2025-07-10 05:00:00,0.5,0.5,2.1,1.9,303.0,325.0
2025-07-10 06:00:00,0.4,0.7,2.3,2.6,300.0,350.0
2025-07-10 07:00:00,0.6,1.0,3.5,3.8,347.0,10.0
2025-07-10 08:00:00,1.7,1.5,6.1,5.2,26.0,31.0
2025-07-10 09:00:00,2.0,2.0,6.6,6.8,37.0,42.0
2025-07-10 10:00:00,2.5,2.6,7.9,8.3,43.0,44.0
2025-07-10 11:00:00,2.8,2.7,9.0,8.6,45.0,48.0
2025-07-10 12:00:00,2.9,2.8,9.4,9.1,47.0,52.0
2025-07-10 13:00:00,3.0,2.8,9.5,9.1,50.0,55.0
2025-07-10 14:00:00,2.9,2.9,9.5,9.3,51.0,55.0
2025-07-10 15:00:00,2.9,2.9,9.1,9.0,51.0,55.0
2025-07-10 16:00:00,2.6,2.8,8.4,8.6,52.0,54.0
2025-07-10 17:00:00,2.5,2.6,7.9,8.0,50.0,54.0
2025-07-10 18:00:00,2.2,2.3,6.8,7.3,49.0,53.0
2025-07-10 19:00:00,2.1,2.0,6.1,6.2,46.0,50.0
2025-07-10 20:00:00,1.7,1.6,5.0,5.0,34.0,48.0
2025-07-10 21:00:00,1.4,1.4,4.1,3.9,38.0,38.0
2025-07-10 22:00:00,1.1,1.0,3.8,2.8,36.0,34.0
2025-07-10 23:00:00,0.9,1.1,3.8,3.0,37.0,30.0
2025-07-11 00:00:00,0.9,0.9,3.3,3.3,31.0,31.0
2025-07-11 01:00:00,0.8,0.9,4.0,3.9,37.0,30.0
2025-07-11 02:00:00,0.8,0.8,3.8,3.6,42.0,34.0
2025-07-11 03:00:00,0.9,0.8,4.0,3.3,41.0,28.0
2025-07-11 04:00:00,0.9,0.7,3.8,3.3,39.0,30.0
2025-07-11 05:00:00,1.0,0.7,4.0,3.4,44.0,32.0
2025-07-11 06:00:00,1.0,0.8,4.3,3.8,39.0,34.0
2025-07-11 07:00:00,1.7,1.3,6.0,4.7,38.0,39.0
2025-07-11 08:00:00,2.1,1.9,6.8,5.9,42.0,43.0
2025-07-11 09:00:00,2.2,1.8,6.6,5.4,42.0,45.0
2025-07-11 10:00:00,2.3,2.3,7.3,7.5,46.0,52.0
2025-07-11 11:00:00,2.7,2.4,8.8,7.8,52.0,54.0
2025-07-11 12:00:00,2.9,2.8,9.4,9.3,53.0,55.0
2025-07-11 13:00:00,3.1,2.9,9.9,9.5,54.0,55.0
2025-07-11 14:00:00,3.0,2.9,9.6,9.5,56.0,56.0
2025-07-11 15:00:00,2.6,2.8,8.4,8.8,56.0,56.0
2025-07-11 16:00:00,2.5,2.6,7.9,8.1,55.0,55.0
2025-07-11 17:00:00,2.4,2.4,7.5,7.3,53.0,55.0
2025-07-11 18:00:00,2.1,2.1,6.5,6.3,53.0,54.0
2025-07-11 19:00:00,1.8,1.8,5.4,5.2,52.0,51.0
2025-07-11 20:00:00,1.5,1.4,4.1,4.0,49.0,49.0
2025-07-11 21:00:00,1.1,1.3,3.1,4.3,46.0,42.0
2025-07-11 22:00:00,1.1,1.0,2.6,3.5,32.0,35.0
2025-07-11 23:00:00,0.9,0.8,2.8,3.4,29.0,42.0
2025-07-12 00:00:00,0.6,0.8,2.4,3.0,43.0,43.0
2025-07-12 01:00:00,0.5,0.7,2.3,2.8,32.0,45.0
2025-07-12 02:00:00,0.4,0.7,2.1,2.9,30.0,40.0
2025-07-12 03:00:00,0.3,0.6,1.9,2.5,61.0,63.0
2025-07-12 04:00:00,0.1,0.5,1.8,2.3,135.0,59.0
2025-07-12 05:00:00,0.1,0.4,1.0,2.1,162.0,55.0
2025-07-12 06:00:00,0.2,0.4,1.5,2.3,101.0,51.0
2025-07-12 07:00:00,0.4,0.6,2.4,3.1,86.0,59.0
2025-07-12 08:00:00,0.8,1.0,3.6,4.3,63.0,66.0
2025-07-12 09:00:00,1.3,1.1,5.1,4.8,83.0,71.0
2025-07-12 10:00:00,1.5,1.5,5.9,6.0,84.0,75.0
2025-07-12 11:00:00,,,,6.8,84.0,
2025-07-12 12:00:00,,,,7.5,87.0,
2025-07-12 13:00:00,,,,7.5,92.0,
2025-07-12 14:00:00,,,,7.3,94.0,
2025-07-12 15:00:00,,,,6.9,96.0,
2025-07-12 16:00:00,,,,5.9,93.0,
2025-07-12 17:00:00,,,,4.6,94.0,
2025-07-12 18:00:00,,,,3.6,90.0,
2025-07-12 19:00:00,,,,3.1,88.0,
2025-07-12 20:00:00,,,,2.9,120.0,
2025-07-12 21:00:00,,,,2.9,149.0,
2025-07-12 22:00:00,,,,3.3,216.0,
2025-07-12 23:00:00,,,,3.9,232.0,
2025-07-13 00:00:00,,,,4.4,240.0,
2025-07-13 01:00:00,,,,4.7,245.0,
2025-07-13 02:00:00,,,,4.8,248.0,
2025-07-13 03:00:00,,,,4.9,244.0,
2025-07-13 04:00:00,,,,5.0,245.0,
2025-07-13 05:00:00,,,,5.1,246.0,
2025-07-13 06:00:00,,,,5.1,243.0,
2025-07-13 07:00:00,,,,4.8,243.0,
2025-07-13 08:00:00,,,,4.4,243.0,
2025-07-13 09:00:00,,,,4.8,258.0,
2025-07-13 10:00:00,,,,3.9,289.0,
2025-07-13 11:00:00,,,,4.8,169.0,
2025-07-13 12:00:00,,,,5.1,140.0,
2025-07-13 13:00:00,,,,4.6,207.0,
2025-07-13 14:00:00,,,,5.3,294.0,
2025-07-13 15:00:00,,,,4.6,272.0,
2025-07-13 16:00:00,,,,5.0,273.0,
2025-07-13 17:00:00,,,,5.5,275.0,
2025-07-13 18:00:00,,,,5.6,244.0,
2025-07-13 19:00:00,,,,4.8,256.0,
2025-07-13 20:00:00,,,,3.5,253.0,
2025-07-13 21:00:00,,,,3.3,24.0,
2025-07-13 22:00:00,,,,3.9,4.0,
2025-07-13 23:00:00,,,,3.1,314.0,
2025-07-14 00:00:00,,,,2.1,289.0,
2025-07-14 01:00:00,,,,2.3,270.0,
2025-07-14 02:00:00,,,,2.9,281.0,
2025-07-14 03:00:00,,,,6.6,312.0,
2025-07-14 04:00:00,,,,6.8,350.0,
2025-07-14 05:00:00,,,,6.4,353.0,
2025-07-14 06:00:00,,,,6.3,9.0,
2025-07-14 07:00:00,,,,6.8,15.0,
2025-07-14 08:00:00,,,,7.6,5.0,
2025-07-14 09:00:00,,,,7.4,323.0,
2025-07-14 10:00:00,,,,11.4,338.0,
2025-07-14 11:00:00,,,,10.6,3.0,
2025-07-14 12:00:00,,,,11.5,8.0,
2025-07-14 13:00:00,,,,10.4,11.0,
2025-07-14 14:00:00,,,,8.8,346.0,
2025-07-14 15:00:00,,,,6.8,346.0,
2025-07-14 16:00:00,,,,6.4,341.0,
2025-07-14 17:00:00,,,,6.4,312.0,
2025-07-14 18:00:00,,,,6.1,308.0,
2025-07-14 19:00:00,,,,5.1,283.0,
2025-07-14 20:00:00,,,,3.9,244.0,
2025-07-14 21:00:00,,,,2.5,243.0,
2025-07-14 22:00:00,,,,2.8,241.0,
2025-07-14 23:00:00,,,,4.8,242.0,
2025-07-15 00:00:00,,,,3.6,243.0,
2025-07-15 01:00:00,,,,3.9,246.0,
2025-07-15 02:00:00,,,,4.3,247.0,
2025-07-15 03:00:00,,,,3.4,245.0,
2025-07-15 04:00:00,,,,3.3,245.0,
2025-07-15 05:00:00,,,,3.3,244.0,
2025-07-15 06:00:00,,,,3.5,259.0,
2025-07-15 07:00:00,,,,4.2,234.0,
2025-07-15 08:00:00,,,,5.2,250.0,
2025-07-15 09:00:00,,,,4.4,258.0,
2025-07-15 10:00:00,,,,6.0,243.0,
2025-07-15 11:00:00,,,,5.9,40.0,
2025-07-15 12:00:00,,,,3.3,77.0,
2025-07-15 13:00:00,,,,5.1,63.0,
2025-07-15 14:00:00,,,,5.3,87.0,
2025-07-15 15:00:00,,,,5.8,84.0,
2025-07-15 16:00:00,,,,5.2,88.0,
2025-07-15 17:00:00,,,,4.0,45.0,
2025-07-15 18:00:00,,,,3.0,289.0,
2025-07-15 19:00:00,,,,2.6,308.0,
2025-07-15 20:00:00,,,,2.4,317.0,
2025-07-15 21:00:00,,,,1.4,298.0,
2025-07-15 22:00:00,,,,1.6,275.0,
2025-07-15 23:00:00,,,,1.5,235.0,
2025-07-16 00:00:00,,,,2.3,224.0,
2025-07-16 01:00:00,,,,3.0,215.0,
2025-07-16 02:00:00,,,,3.6,230.0,
2025-07-16 03:00:00,,,,3.8,246.0,
2025-07-16 04:00:00,,,,3.9,241.0,
2025-07-16 05:00:00,,,,3.8,245.0,
2025-07-16 06:00:00,,,,4.0,240.0,
2025-07-16 07:00:00,,,,4.7,227.0,
2025-07-16 08:00:00,,,,5.7,218.0,
2025-07-16 09:00:00,,,,6.4,243.0,
2025-07-16 10:00:00,,,,6.8,245.0,
2025-07-16 11:00:00,,,,7.1,248.0,
2025-07-16 12:00:00,,,,6.9,250.0,
2025-07-16 13:00:00,,,,6.0,249.0,
2025-07-16 14:00:00,,,,4.6,248.0,
2025-07-16 15:00:00,,,,4.0,208.0,
2025-07-16 16:00:00,,,,4.9,219.0,
2025-07-16 17:00:00,,,,6.6,90.0,
2025-07-16 18:00:00,,,,7.4,60.0,
2025-07-16 19:00:00,,,,6.4,163.0,
2025-07-16 20:00:00,,,,4.6,207.0,
2025-07-16 21:00:00,,,,3.4,209.0,
2025-07-16 22:00:00,,,,3.5,202.0,
2025-07-16 23:00:00,,,,4.2,192.0,
2025-07-17 00:00:00,,,,4.8,189.0,
2025-07-17 01:00:00,,,,5.1,196.0,
2025-07-17 02:00:00,,,,5.2,204.0,
2025-07-17 03:00:00,,,,5.4,210.0,
2025-07-17 04:00:00,,,,5.5,215.0,
2025-07-17 05:00:00,,,,5.7,221.0,
2025-07-17 06:00:00,,,,6.1,226.0,
2025-07-17 07:00:00,,,,7.2,229.0,
2025-07-17 08:00:00,,,,8.6,232.0,
2025-07-17 09:00:00,,,,9.5,237.0,
2025-07-17 10:00:00,,,,9.5,233.0,
2025-07-17 11:00:00,,,,9.1,222.0,
2025-07-17 12:00:00,,,,8.9,217.0,
2025-07-17 13:00:00,,,,9.2,223.0,
2025-07-17 14:00:00,,,,9.7,219.0,
2025-07-17 15:00:00,,,,9.8,215.0,
2025-07-17 16:00:00,,,,9.1,215.0,
2025-07-17 17:00:00,,,,8.0,219.0,
2025-07-17 18:00:00,,,,7.4,217.0,
2025-07-17 19:00:00,,,,7.6,216.0,
2025-07-17 20:00:00,,,,8.3,209.0,
2025-07-17 21:00:00,,,,9.0,217.0,
2025-07-17 22:00:00,,,,9.5,230.0,
2025-07-17 23:00:00,,,,10.0,242.0,
2025-07-18 00:00:00,,,,10.3,255.0,
2025-07-18 01:00:00,,,,10.5,260.0,
2025-07-18 02:00:00,,,,10.6,264.0,
2025-07-18 03:00:00,,,,10.5,269.0,
2025-07-18 04:00:00,,,,9.9,222.0,
2025-07-18 05:00:00,,,,9.0,221.0,
2025-07-18 06:00:00,,,,8.4,219.0,
2025-07-18 07:00:00,,,,8.2,221.0,
2025-07-18 08:00:00,,,,8.3,223.0,
2025-07-18 09:00:00,,,,8.3,225.0,
2025-07-18 10:00:00,,,,8.1,223.0,
2025-07-18 11:00:00,,,,7.8,221.0,
2025-07-18 12:00:00,,,,7.6,219.0,
2025-07-18 13:00:00,,,,7.6,222.0,
2025-07-18 14:00:00,,,,7.8,224.0,
2025-07-18 15:00:00,,,,8.1,227.0,
2025-07-18 16:00:00,,,,8.7,226.0,
2025-07-18 17:00:00,,,,9.4,225.0,
2025-07-18 18:00:00,,,,9.6,224.0,
2025-07-18 19:00:00,,,,9.1,230.0,
2025-07-18 20:00:00,,,,8.1,235.0,
2025-07-18 21:00:00,,,,7.1,241.0,
2025-07-18 22:00:00,,,,6.2,245.0,
2025-07-18 23:00:00,,,,5.2,250.0,
2025-07-19 00:00:00,,,,4.6,254.0,
2025-07-19 01:00:00,,,,4.5,252.0,
2025-07-19 02:00:00,,,,4.7,250.0,
2025-07-19 03:00:00,,,,4.9,248.0,
2025-07-19 04:00:00,,,,4.8,248.0,
2025-07-19 05:00:00,,,,4.7,248.0,
2025-07-19 06:00:00,,,,4.9,248.0,
2025-07-19 07:00:00,,,,5.9,248.0,
2025-07-19 08:00:00,,,,7.3,247.0,
2025-07-19 09:00:00,,,,8.3,247.0,
2025-07-19 10:00:00,,,,8.3,249.0,
2025-07-19 11:00:00,,,,7.9,252.0,
2025-07-19 12:00:00,,,,8.0,254.0,
2025-07-19 13:00:00,,,,9.3,255.0,
2025-07-19 14:00:00,,,,11.1,255.0,
2025-07-19 15:00:00,,,,11.9,256.0,
2025-07-19 16:00:00,,,,10.8,257.0,
2025-07-19 17:00:00,,,,8.6,257.0,
2025-07-19 18:00:00,,,,6.8,258.0,
2025-07-19 19:00:00,,,,7.0,256.0,
2025-07-19 20:00:00,,,,5.7,253.0,
2025-07-19 21:00:00,,,,4.8,230.0,
2025-07-19 22:00:00,,,,4.4,233.0,
2025-07-19 23:00:00,,,,4.3,237.0,
2025-07-20 00:00:00,,,,4.3,230.0,
2025-07-20 01:00:00,,,,4.5,233.0,
2025-07-20 02:00:00,,,,4.7,235.0,
2025-07-20 03:00:00,,,,4.9,241.0,
2025-07-20 04:00:00,,,,5.1,248.0,
2025-07-20 05:00:00,,,,5.3,253.0,
2025-07-20 06:00:00,,,,5.5,248.0,
2025-07-20 07:00:00,,,,5.8,247.0,
2025-07-20 08:00:00,,,,6.0,244.0,
2025-07-20 09:00:00,,,,6.3,245.0,
2025-07-20 10:00:00,,,,6.6,249.0,
2025-07-20 11:00:00,,,,7.1,254.0,
2025-07-20 12:00:00,2.0,2.0,,7.5,250.0,
2025-07-20 13:00:00,2.8,2.2,,7.9,245.0,
2025-07-20 14:00:00,3.8,2.3,,8.1,237.0,
2025-07-20 15:00:00,2.3,2.4,,8.1,229.0,
2025-07-20 16:00:00,2.1,2.3,,7.7,223.0,
2025-07-20 17:00:00,1.7,2.2,,7.1,224.0,
2025-07-20 18:00:00,2.3,2.0,,6.3,228.0,
2025-07-20 19:00:00,1.6,1.7,,5.5,219.0,
2025-07-20 20:00:00,1.6,1.5,,4.8,218.0,
2025-07-20 21:00:00,1.3,1.5,,4.3,229.0,
2025-07-20 22:00:00,1.4,1.8,,4.8,231.0,
2025-07-20 23:00:00,1.6,2.1,,5.5,230.0,
2025-07-21 00:00:00,1.8,2.0,,5.3,228.0,
2025-07-21 01:00:00,1.8,1.9,,5.3,233.0,
2025-07-21 02:00:00,2.0,2.0,,4.9,236.0,
2025-07-21 03:00:00,2.1,1.8,,5.0,238.0,
2025-07-21 04:00:00,2.1,1.7,,4.5,239.0,
2025-07-21 05:00:00,2.0,1.6,,4.0,246.0,
2025-07-21 06:00:00,1.7,1.5,,3.8,249.0,
2025-07-21 07:00:00,1.4,1.4,,4.2,242.0,
2025-07-21 08:00:00,1.3,1.3,,4.9,247.0,
2025-07-21 09:00:00,1.7,2.0,,8.0,253.0,
2025-07-21 10:00:00,1.6,1.8,,7.5,256.0,
2025-07-21 11:00:00,1.6,1.9,,8.3,252.0,
2025-07-21 12:00:00,2.0,1.9,,7.6,249.0,
2025-07-21 13:00:00,1.3,1.6,,6.8,262.0,
2025-07-21 14:00:00,1.1,1.4,,6.5,262.0,
2025-07-21 15:00:00,1.2,1.3,,5.9,264.0,
2025-07-21 16:00:00,1.4,1.4,,5.9,259.0,
2025-07-21 17:00:00,2.8,1.7,,6.2,254.0,
2025-07-21 18:00:00,2.0,1.9,,6.3,248.0,
2025-07-21 19:00:00,1.8,1.9,,6.1,248.0,
2025-07-21 20:00:00,1.9,1.8,,5.7,248.0,
2025-07-21 21:00:00,1.9,1.7,,5.3,243.0,
2025-07-21 22:00:00,1.8,1.8,,5.6,242.0,
2025-07-21 23:00:00,1.8,1.8,,5.9,239.0,
2025-07-22 00:00:00,1.9,1.9,,5.6,235.0,
2025-07-22 01:00:00,1.9,1.9,,6.4,241.0,
2025-07-22 02:00:00,2.0,1.9,,6.4,238.0,
2025-07-22 03:00:00,1.8,1.9,,6.0,240.0,
2025-07-22 04:00:00,1.8,1.7,,5.5,244.0,
2025-07-22 05:00:00,1.7,1.5,,4.8,240.0,
2025-07-22 06:00:00,1.8,1.4,,4.5,235.0,
2025-07-22 07:00:00,1.4,1.5,,4.9,237.0,
2025-07-22 08:00:00,1.4,1.7,,5.8,236.0,
2025-07-22 09:00:00,1.2,2.0,,7.8,256.0,
2025-07-22 10:00:00,1.3,2.0,,7.8,258.0,
2025-07-22 11:00:00,1.6,2.1,,8.5,258.0,
2025-07-22 12:00:00,2.2,1.9,,7.6,254.0,
2025-07-22 13:00:00,2.5,2.1,,7.5,260.0,
2025-07-22 14:00:00,2.3,1.6,,6.5,256.0,
2025-07-22 15:00:00,2.1,1.6,,5.5,271.0,
2025-07-22 16:00:00,1.6,1.5,,5.3,280.0,
2025-07-22 17:00:00,1.4,1.5,,5.2,290.0,
2025-07-22 18:00:00,1.0,1.5,,5.0,281.0,
2025-07-22 19:00:00,0.9,1.5,,4.5,261.0,
2025-07-22 20:00:00,1.3,1.5,,3.9,249.0,
2025-07-22 21:00:00,1.5,1.4,,3.4,244.0,
2025-07-22 22:00:00,1.6,1.5,,3.4,242.0,
2025-07-22 23:00:00,1.7,1.4,,3.3,246.0,
2025-07-23 00:00:00,1.8,1.4,,3.3,245.0,
2025-07-23 01:00:00,1.8,1.4,,3.3,247.0,
2025-07-23 02:00:00,1.9,1.5,,3.5,247.0,
2025-07-23 03:00:00,1.8,1.4,,3.6,243.0,
2025-07-23 04:00:00,1.8,1.4,,3.5,244.0,
2025-07-23 05:00:00,1.7,1.4,,3.3,244.0,
2025-07-23 06:00:00,1.6,1.4,,3.3,245.0,
2025-07-23 07:00:00,1.3,1.3,,3.6,245.0,
2025-07-23 08:00:00,1.1,1.1,,4.0,245.0,
2025-07-23 09:00:00,1.1,1.0,,4.3,254.0,
2025-07-23 10:00:00,0.8,0.9,,5.1,277.0,
2025-07-23 11:00:00,0.8,1.3,,6.3,307.0,
2025-07-23 12:00:00,0.8,1.9,,7.6,304.0,
2025-07-23 13:00:00,0.4,2.8,,9.6,274.0,
2025-07-23 14:00:00,0.3,2.8,,9.4,346.0,
2025-07-23 15:00:00,1.0,1.9,,7.1,247.0,
2025-07-23 16:00:00,0.8,1.8,,6.6,272.0,
2025-07-23 17:00:00,0.6,1.7,,6.0,299.0,
2025-07-23 18:00:00,0.7,1.6,,5.3,324.0,
2025-07-23 19:00:00,0.4,1.5,,4.3,15.0,
2025-07-23 20:00:00,0.6,1.3,,3.2,242.0,
2025-07-23 21:00:00,1.3,1.3,,2.0,237.0,
2025-07-23 22:00:00,1.8,1.7,,2.8,240.0,
2025-07-23 23:00:00,1.8,1.9,,3.3,243.0,
2025-07-24 00:00:00,1.8,1.9,,3.5,242.0,
2025-07-24 01:00:00,1.9,2.1,,3.9,243.0,
2025-07-24 02:00:00,1.9,2.0,,4.0,246.0,
2025-07-24 03:00:00,1.9,1.9,,3.9,246.0,
2025-07-24 04:00:00,1.9,2.0,,3.9,246.0,
2025-07-24 05:00:00,2.0,2.0,,3.9,244.0,
2025-07-24 06:00:00,1.9,2.0,,3.9,241.0,
2025-07-24 07:00:00,1.6,1.7,,3.9,240.0,
2025-07-24 08:00:00,0.9,1.3,,3.8,241.0,
2025-07-24 09:00:00,0.8,0.8,,3.6,259.0,
2025-07-24 10:00:00,0.8,0.9,,4.9,277.0,
2025-07-24 11:00:00,0.9,0.9,,5.8,276.0,
2025-07-24 12:00:00,0.8,0.9,,6.1,280.0,
2025-07-24 13:00:00,0.3,0.3,,5.6,229.0,
2025-07-24 14:00:00,0.8,0.5,,4.9,114.0,
2025-07-24 15:00:00,2.3,0.9,,6.3,73.0,
2025-07-24 16:00:00,2.0,0.9,,5.7,81.0,
2025-07-24 17:00:00,1.9,0.8,,4.9,88.0,
2025-07-24 18:00:00,1.4,0.8,,4.1,84.0,
2025-07-24 19:00:00,1.0,0.9,,3.4,79.0,
2025-07-24 20:00:00,0.3,1.1,,2.7,67.0,
2025-07-24 21:00:00,0.9,1.3,,2.1,252.0,
2025-07-24 22:00:00,1.3,1.5,,2.1,250.0,
2025-07-24 23:00:00,1.8,1.9,,2.9,237.0,
2025-07-25 00:00:00,1.6,2.2,,3.8,241.0,
2025-07-25 01:00:00,1.8,2.3,,4.1,236.0,
2025-07-25 02:00:00,2.0,2.1,,4.0,244.0,
2025-07-25 03:00:00,1.9,2.1,,4.3,246.0,
2025-07-25 04:00:00,2.2,2.2,,4.4,241.0,
2025-07-25 05:00:00,2.3,2.3,,4.5,242.0,
2025-07-25 06:00:00,2.1,2.2,,4.4,241.0,
2025-07-25 07:00:00,1.9,1.8,,3.9,236.0,
2025-07-25 08:00:00,1.5,1.3,,3.2,236.0,
2025-07-25 09:00:00,1.3,1.1,,3.6,251.0,
2025-07-25 10:00:00,0.3,0.8,,3.6,225.0,
2025-07-25 11:00:00,0.7,0.6,,4.9,121.0,
2025-07-25 12:00:00,0.9,0.6,,5.8,119.0,
2025-07-25 13:00:00,1.1,0.6,,5.9,124.0,
2025-07-25 14:00:00,1.1,0.5,,5.8,148.0,
2025-07-25 15:00:00,2.5,0.8,,5.5,89.0,
2025-07-25 16:00:00,1.8,1.1,,5.7,89.0,
2025-07-25 17:00:00,0.6,1.6,,6.0,137.0,
2025-07-25 18:00:00,1.6,1.9,,6.0,218.0,
2025-07-25 19:00:00,1.8,1.9,,5.5,224.0,
2025-07-25 20:00:00,1.6,1.8,,4.6,237.0,
2025-07-25 21:00:00,1.5,1.9,,4.3,234.0,
2025-07-25 22:00:00,1.6,2.1,,4.5,239.0,
2025-07-25 23:00:00,1.9,1.9,,3.9,239.0,
2025-07-26 00:00:00,2.1,2.1,,4.0,241.0,
2025-07-26 01:00:00,2.0,2.1,,4.4,240.0,
2025-07-26 02:00:00,1.9,2.1,,4.4,243.0,
2025-07-26 03:00:00,1.8,2.1,,4.5,252.0,
2025-07-26 04:00:00,1.9,2.2,,4.7,246.0,
2025-07-26 05:00:00,2.0,2.2,,4.8,248.0,
2025-07-26 06:00:00,1.9,2.2,,4.9,245.0,
2025-07-26 07:00:00,1.6,2.0,,4.8,247.0,
2025-07-26 08:00:00,1.1,1.6,,4.5,249.0,
2025-07-26 09:00:00,1.4,1.3,,4.3,244.0,
2025-07-26 10:00:00,0.9,0.9,,4.5,254.0,
2025-07-26 11:00:00,0.5,0.6,,5.6,220.0,
2025-07-26 12:00:00,0.8,0.8,,6.3,167.0,
2025-07-26 13:00:00,1.0,0.9,,6.0,154.0,
2025-07-26 14:00:00,1.2,1.1,,6.3,166.0,
2025-07-26 15:00:00,0.8,0.8,,5.4,157.0,
2025-07-26 16:00:00,1.1,1.1,,5.2,188.0,
2025-07-26 17:00:00,1.4,1.6,,5.0,207.0,
2025-07-26 18:00:00,1.3,1.9,,4.9,219.0,
2025-07-26 19:00:00,1.1,2.0,,4.9,224.0,
2025-07-26 20:00:00,1.6,2.1,,5.0,212.0,
2025-07-26 21:00:00,2.1,2.1,,5.4,215.0,
2025-07-26 22:00:00,2.1,2.0,,4.6,226.0,
2025-07-26 23:00:00,1.9,1.9,,4.3,236.0,
2025-07-27 00:00:00,1.8,1.9,,4.4,242.0,
2025-07-27 01:00:00,1.9,1.9,,4.8,242.0,
2025-07-27 02:00:00,1.9,1.9,,4.4,246.0,
2025-07-27 03:00:00,1.8,1.8,,4.4,252.0,
2025-07-27 04:00:00,1.8,1.9,,4.3,255.0,
2025-07-27 05:00:00,1.8,2.0,,4.1,249.0,
2025-07-27 06:00:00,1.9,2.0,,4.1,244.0,
2025-07-27 07:00:00,1.6,1.9,,4.3,244.0,
2025-07-27 08:00:00,1.3,1.6,,4.7,251.0,
2025-07-27 09:00:00,1.4,1.3,,4.6,253.0,
2025-07-27 10:00:00,1.2,0.7,,4.4,252.0,
2025-07-27 11:00:00,0.9,0.3,,5.0,255.0,
2025-07-27 12:00:00,0.8,0.8,,5.6,249.0,
2025-07-27 13:00:00,0.6,1.1,,7.8,270.0,
2025-07-27 14:00:00,0.1,1.0,,7.4,256.0,
2025-07-27 15:00:00,0.9,0.2,,5.8,80.0,
2025-07-27 16:00:00,0.3,1.0,,6.4,56.0,
2025-07-27 17:00:00,1.1,2.2,,7.2,261.0,
2025-07-27 18:00:00,1.8,2.9,,7.4,245.0,
2025-07-27 19:00:00,1.8,2.8,,6.3,241.0,
2025-07-27 20:00:00,1.4,2.2,,4.6,245.0,
2025-07-27 21:00:00,2.1,1.4,,3.1,229.0,
2025-07-27 22:00:00,2.0,1.6,,3.4,228.0,
2025-07-27 23:00:00,2.1,1.8,,3.4,231.0,
2025-07-28 00:00:00,1.9,2.1,,4.3,235.0,
2025-07-28 01:00:00,2.0,2.2,,4.8,241.0,
2025-07-28 02:00:00,2.0,2.0,,4.3,243.0,
2025-07-28 03:00:00,2.1,2.0,,4.3,247.0,
2025-07-28 04:00:00,2.1,2.0,,4.4,247.0,
2025-07-28 05:00:00,2.1,2.1,,4.5,246.0,
2025-07-28 06:00:00,1.9,2.1,,4.6,248.0,
2025-07-28 07:00:00,1.7,1.9,,4.7,247.0,
2025-07-28 08:00:00,1.3,1.7,,4.8,242.0,
2025-07-28 09:00:00,1.4,1.6,,5.3,245.0,
2025-07-28 10:00:00,1.1,0.8,,4.6,251.0,
2025-07-28 11:00:00,0.8,0.1,,4.4,281.0,
2025-07-28 12:00:00,0.1,0.8,,5.9,225.0,
2025-07-28 13:00:00,,1.1,6.1,6.4,192.0,81.0
2025-07-28 14:00:00,,1.4,5.4,7.1,173.0,79.0
2025-07-28 15:00:00,,1.9,5.8,7.5,99.0,79.0
2025-07-28 16:00:00,,1.9,5.9,6.6,83.0,81.0
2025-07-28 17:00:00,,1.8,6.1,5.1,80.0,83.0
2025-07-28 18:00:00,,1.6,3.9,3.8,78.0,85.0
2025-07-28 19:00:00,,1.3,1.8,2.8,71.0,46.0
2025-07-28 20:00:00,,1.0,1.4,2.0,81.0,7.0
2025-07-28 21:00:00,,1.2,1.6,2.4,156.0,288.0
2025-07-28 22:00:00,,1.9,2.3,3.6,232.0,255.0
2025-07-28 23:00:00,,2.1,2.4,3.4,251.0,249.0
2025-07-29 00:00:00,,2.3,3.0,3.8,248.0,242.0
2025-07-29 01:00:00,,2.2,3.6,4.0,249.0,243.0
2025-07-29 02:00:00,,2.1,3.9,4.0,244.0,244.0
2025-07-29 03:00:00,,2.1,4.3,4.1,245.0,243.0
2025-07-29 04:00:00,,2.1,4.4,4.2,240.0,242.0
2025-07-29 05:00:00,,2.2,4.3,4.3,242.0,241.0
2025-07-29 06:00:00,,2.1,4.5,4.3,240.0,240.0
2025-07-29 07:00:00,,1.6,3.9,3.9,242.0,279.0
2025-07-29 08:00:00,,1.0,2.4,3.4,240.0,318.0
2025-07-29 09:00:00,,0.4,3.5,3.0,63.0,75.0
2025-07-29 10:00:00,,1.1,5.4,5.6,70.0,85.0
2025-07-29 11:00:00,,1.8,6.9,7.6,74.0,91.0
2025-07-29 12:00:00,,2.2,8.3,7.1,89.0,92.0
2025-07-29 13:00:00,,2.3,8.0,8.8,97.0,86.0
2025-07-29 14:00:00,,2.3,6.9,9.1,101.0,92.0
2025-07-29 15:00:00,,2.6,8.1,8.1,92.0,97.0
2025-07-29 16:00:00,,2.3,6.8,7.1,89.0,87.0
2025-07-29 17:00:00,,1.9,5.9,5.6,84.0,77.0
2025-07-29 18:00:00,,1.5,4.3,4.4,70.0,67.0
2025-07-29 19:00:00,,1.3,2.5,4.0,64.0,109.0
2025-07-29 20:00:00,,1.3,1.4,4.0,57.0,150.0
2025-07-29 21:00:00,,1.3,2.3,3.9,192.0,205.0
2025-07-29 22:00:00,,1.7,4.5,4.9,200.0,224.0
2025-07-29 23:00:00,,1.7,4.5,4.3,214.0,232.0
2025-07-30 00:00:00,,1.8,3.6,3.9,239.0,243.0
2025-07-30 01:00:00,,2.0,3.4,4.0,248.0,249.0
2025-07-30 02:00:00,,2.2,4.0,4.3,249.0,242.0
2025-07-30 03:00:00,,2.2,4.5,4.5,240.0,242.0
2025-07-30 04:00:00,,2.3,4.6,4.7,241.0,243.0
2025-07-30 05:00:00,,2.4,5.0,5.0,239.0,244.0
2025-07-30 06:00:00,,2.3,5.6,5.0,240.0,245.0
2025-07-30 07:00:00,,1.9,5.3,4.5,244.0,248.0
2025-07-30 08:00:00,,1.3,4.9,3.8,247.0,250.0
2025-07-30 09:00:00,,0.8,3.4,3.4,270.0,261.0
2025-07-30 10:00:00,,0.3,5.0,3.5,46.0,45.0
2025-07-30 11:00:00,,1.3,8.6,6.3,67.0,91.0
2025-07-30 12:00:00,,1.6,7.5,7.4,69.0,99.0
2025-07-30 13:00:00,,2.3,8.3,8.8,71.0,102.0
2025-07-30 14:00:00,,2.9,7.3,9.8,77.0,99.0
2025-07-30 15:00:00,,3.2,7.3,10.5,83.0,101.0
2025-07-30 16:00:00,,2.8,6.8,8.9,87.0,95.0
2025-07-30 17:00:00,,1.9,5.8,6.2,82.0,88.0
2025-07-30 18:00:00,,1.2,4.4,3.9,73.0,82.0
2025-07-30 19:00:00,,0.8,2.6,2.6,69.0,102.0
2025-07-30 20:00:00,,0.5,1.6,1.7,65.0,122.0
2025-07-30 21:00:00,,0.2,0.9,0.9,69.0,279.0
2025-07-30 22:00:00,,0.4,0.6,1.4,74.0,270.0
2025-07-30 23:00:00,,0.5,0.6,2.4,117.0,233.0
2025-07-31 00:00:00,,0.8,1.5,3.0,182.0,236.0
2025-07-31 01:00:00,,0.9,3.4,3.0,209.0,240.0
2025-07-31 02:00:00,,1.0,3.8,2.8,224.0,243.0
2025-07-31 03:00:00,,1.1,2.8,2.5,237.0,243.0
2025-07-31 04:00:00,,1.4,3.1,2.6,239.0,242.0
2025-07-31 05:00:00,,1.7,3.4,2.8,246.0,241.0
2025-07-31 06:00:00,,1.8,3.6,2.8,244.0,240.0
2025-07-31 07:00:00,,1.3,3.3,2.3,239.0,220.0
2025-07-31 08:00:00,,0.5,2.8,1.7,243.0,200.0
2025-07-31 09:00:00,,0.1,2.0,1.5,261.0,207.0
2025-07-31 10:00:00,,0.8,3.3,4.1,279.0,95.0
2025-07-31 11:00:00,,1.4,5.1,6.4,119.0,97.0
2025-07-31 12:00:00,,2.6,6.5,9.0,112.0,103.0
2025-07-31 13:00:00,,2.9,8.5,10.0,110.0,105.0
2025-07-31 14:00:00,,3.1,9.5,10.3,107.0,105.0
2025-07-31 15:00:00,,2.9,7.5,9.8,74.0,105.0
2025-07-31 16:00:00,,2.5,7.5,8.4,65.0,93.0
2025-07-31 17:00:00,,1.9,6.5,6.3,63.0,80.0
2025-07-31 18:00:00,,1.4,4.9,4.5,49.0,68.0
2025-07-31 19:00:00,,1.2,3.1,3.5,54.0,65.0
2025-07-31 20:00:00,,1.1,1.4,2.7,58.0,61.0
2025-07-31 21:00:00,,0.5,1.1,1.0,5.0,101.0
2025-07-31 22:00:00,,0.5,1.1,1.1,261.0,157.0
2025-07-31 23:00:00,,0.3,1.6,1.0,265.0,143.0
2025-08-01 00:00:00,,1.1,1.4,2.0,255.0,210.0
2025-08-01 01:00:00,,1.2,1.5,2.0,232.0,239.0
2025-08-01 02:00:00,,1.4,1.5,2.1,243.0,242.0
2025-08-01 03:00:00,,2.0,2.6,2.9,246.0,244.0
2025-08-01 04:00:00,,2.1,3.5,3.4,248.0,246.0
2025-08-01 05:00:00,,2.2,3.9,4.0,245.0,247.0
2025-08-01 06:00:00,,2.1,4.1,4.3,243.0,249.0
2025-08-01 07:00:00,,1.7,3.9,3.9,240.0,250.0
2025-08-01 08:00:00,,1.1,3.4,3.2,241.0,250.0
2025-08-01 09:00:00,,0.3,2.3,2.0,32.0,336.0
2025-08-01 10:00:00,,1.2,5.4,5.0,42.0,47.0
2025-08-01 11:00:00,,1.6,7.0,6.8,55.0,63.0
2025-08-01 12:00:00,,2.2,8.4,8.1,64.0,69.0
2025-08-01 13:00:00,,2.4,8.9,8.0,66.0,78.0
2025-08-01 14:00:00,,2.3,9.0,5.9,66.0,79.0
2025-08-01 15:00:00,,2.2,7.3,7.1,72.0,68.0
2025-08-01 16:00:00,,2.1,6.8,6.5,72.0,66.0
2025-08-01 17:00:00,,1.9,6.1,5.9,70.0,64.0
2025-08-01 18:00:00,,1.6,5.9,5.0,63.0,62.0
2025-08-01 19:00:00,,1.2,3.8,3.6,60.0,81.0
2025-08-01 20:00:00,,0.7,1.9,2.1,86.0,101.0
2025-08-01 21:00:00,,0.4,1.6,1.3,6.0,175.0
2025-08-01 22:00:00,,0.9,1.0,1.6,288.0,6.0
2025-08-01 23:00:00,,1.3,1.3,2.9,261.0,16.0
2025-08-02 00:00:00,,0.3,2.6,1.5,228.0,54.0
2025-08-02 01:00:00,,0.3,2.6,1.8,240.0,202.0
2025-08-02 02:00:00,,1.0,2.6,2.8,256.0,225.0
2025-08-02 03:00:00,,1.2,2.6,2.8,249.0,233.0
2025-08-02 04:00:00,,1.5,3.0,3.1,257.0,237.0
2025-08-02 05:00:00,,1.8,3.8,3.3,246.0,242.0
2025-08-02 06:00:00,,1.9,3.8,3.5,253.0,246.0
2025-08-02 07:00:00,,1.8,3.8,3.6,252.0,249.0
2025-08-02 08:00:00,,1.4,3.6,3.7,250.0,253.0
2025-08-02 09:00:00,,1.4,4.1,3.9,259.0,241.0
2025-08-02 10:00:00,,1.2,4.8,4.1,268.0,261.0
2025-08-02 11:00:00,,0.9,5.4,2.4,284.0,289.0
2025-08-02 12:00:00,,1.1,6.3,5.5,288.0,270.0
2025-08-02 13:00:00,,1.8,7.0,7.9,280.0,268.0
2025-08-02 14:00:00,,1.9,7.9,6.9,276.0,286.0
2025-08-02 15:00:00,,0.9,5.3,3.6,282.0,307.0
2025-08-02 16:00:00,,0.9,3.4,3.5,270.0,345.0
2025-08-02 17:00:00,,0.8,4.8,3.7,0.0,23.0
2025-08-02 18:00:00,,0.8,5.3,3.5,34.0,61.0
2025-08-02 19:00:00,,0.7,2.8,2.6,75.0,108.0
2025-08-02 20:00:00,,0.5,1.0,1.5,117.0,156.0
2025-08-02 21:00:00,,0.3,2.1,1.0,166.0,187.0
2025-08-02 22:00:00,,1.4,2.9,2.4,231.0,256.0
2025-08-02 23:00:00,,1.5,3.4,2.5,243.0,254.0
2025-08-03 00:00:00,,1.9,4.0,3.0,241.0,238.0
2025-08-03 01:00:00,,1.9,3.6,3.5,240.0,237.0
2025-08-03 02:00:00,,1.9,3.6,3.6,247.0,249.0
2025-08-03 03:00:00,,1.9,3.4,3.6,249.0,250.0
2025-08-03 04:00:00,,2.0,3.5,3.9,245.0,246.0
2025-08-03 05:00:00,,2.2,3.6,4.3,240.0,242.0
2025-08-03 06:00:00,,2.1,3.8,4.3,238.0,238.0
2025-08-03 07:00:00,,1.5,3.6,3.4,245.0,256.0
2025-08-03 08:00:00,,0.7,2.4,2.1,255.0,274.0
2025-08-03 09:00:00,,0.4,3.4,2.3,218.0,222.0
2025-08-03 10:00:00,,0.8,2.5,5.1,90.0,153.0
2025-08-03 11:00:00,,1.6,5.3,7.8,117.0,149.0
2025-08-03 12:00:00,,1.7,5.9,8.1,144.0,163.0
2025-08-03 13:00:00,,1.8,6.3,6.5,165.0,181.0
2025-08-03 14:00:00,,1.8,6.6,8.3,202.0,212.0
2025-08-03 15:00:00,,2.3,4.6,8.8,199.0,228.0
2025-08-03 16:00:00,,1.9,4.3,7.5,222.0,241.0
2025-08-03 17:00:00,,1.4,2.6,5.6,229.0,254.0
2025-08-03 18:00:00,,1.1,1.8,4.3,239.0,267.0
2025-08-03 19:00:00,,1.4,1.9,4.1,239.0,258.0
2025-08-03 20:00:00,,1.9,1.9,4.5,221.0,248.0
2025-08-03 21:00:00,,0.8,2.8,2.0,217.0,313.0
2025-08-03 22:00:00,,1.0,6.3,1.6,210.0,250.0
2025-08-03 23:00:00,,1.7,5.1,3.6,218.0,234.0
2025-08-04 00:00:00,,1.9,4.9,6.6,188.0,204.0
2025-08-04 01:00:00,,2.2,6.1,7.4,189.0,162.0
2025-08-04 02:00:00,,2.1,7.0,7.6,191.0,158.0
2025-08-04 03:00:00,,1.3,3.4,5.0,207.0,144.0
2025-08-04 04:00:00,,0.9,2.9,4.4,281.0,100.0
2025-08-04 05:00:00,,0.5,2.5,3.8,306.0,55.0
2025-08-04 06:00:00,,0.2,2.9,3.5,249.0,11.0
2025-08-04 07:00:00,,0.3,3.1,3.5,255.0,334.0
2025-08-04 08:00:00,,0.6,2.8,3.7,255.0,297.0
2025-08-04 09:00:00,,0.1,4.8,1.0,238.0,243.0
2025-08-04 10:00:00,,1.1,5.9,2.9,249.0,235.0
2025-08-04 11:00:00,,1.5,5.9,4.1,268.0,228.0
2025-08-04 12:00:00,,1.2,3.6,4.3,319.0,229.0
2025-08-04 13:00:00,,1.5,2.8,5.6,3.0,238.0
2025-08-04 14:00:00,,1.9,2.0,7.5,18.0,243.0
2025-08-04 15:00:00,,1.8,5.1,7.5,43.0,239.0
2025-08-04 16:00:00,,1.5,4.5,6.6,50.0,247.0
2025-08-04 17:00:00,,0.9,4.4,4.9,61.0,255.0
2025-08-04 18:00:00,,0.5,3.4,3.5,90.0,263.0
2025-08-04 19:00:00,,0.4,2.3,2.8,99.0,260.0
2025-08-04 20:00:00,,0.5,1.1,2.4,76.0,258.0
2025-08-04 21:00:00,,0.2,2.5,1.0,180.0,141.0
2025-08-04 22:00:00,,0.3,3.6,0.6,196.0,216.0
2025-08-04 23:00:00,,0.4,3.9,0.8,209.0,185.0
2025-08-05 00:00:00,,0.1,4.4,0.9,226.0,207.0
2025-08-05 01:00:00,,0.6,4.0,2.3,236.0,196.0
2025-08-05 02:00:00,,0.3,3.8,2.0,242.0,198.0
2025-08-05 03:00:00,,0.5,2.9,2.4,247.0,180.0
2025-08-05 04:00:00,,0.5,3.3,2.4,249.0,151.0
2025-08-05 05:00:00,,0.5,3.4,2.1,243.0,123.0
2025-08-05 06:00:00,,0.5,3.6,2.0,245.0,94.0
2025-08-05 07:00:00,,0.4,4.0,2.1,243.0,68.0
2025-08-05 08:00:00,,0.3,4.0,2.3,242.0,43.0
2025-08-05 09:00:00,,0.6,3.3,2.0,238.0,68.0
2025-08-05 10:00:00,,0.5,4.3,2.5,247.0,73.0
2025-08-05 11:00:00,,0.5,5.5,3.6,261.0,45.0
2025-08-05 12:00:00,,0.8,6.3,3.8,259.0,47.0
2025-08-05 13:00:00,,0.6,5.9,1.3,266.0,114.0
2025-08-05 14:00:00,2.4,,9.0,2.9,,186.0
2025-08-05 15:00:00,2.4,,8.6,4.6,,250.0
2025-08-05 16:00:00,2.4,,8.8,4.6,,256.0
2025-08-05 17:00:00,2.3,,7.9,4.6,,261.0
2025-08-05 18:00:00,2.2,,7.6,4.6,,267.0
2025-08-05 19:00:00,1.8,,7.3,4.8,,257.0
2025-08-05 20:00:00,1.6,,6.5,5.0,,248.0
2025-08-05 21:00:00,1.8,,3.9,3.3,,226.0
2025-08-05 22:00:00,1.7,,4.1,3.4,,215.0
2025-08-05 23:00:00,1.7,,4.4,3.9,,237.0
2025-08-06 00:00:00,1.7,,4.6,4.0,,236.0
2025-08-06 01:00:00,1.9,,5.8,3.6,,228.0
2025-08-06 02:00:00,2.0,,6.0,5.5,,243.0
2025-08-06 03:00:00,1.9,,6.1,6.6,,235.0
2025-08-06 04:00:00,1.8,,5.5,8.0,,234.0
2025-08-06 05:00:00,1.1,,3.8,9.7,,234.0
2025-08-06 06:00:00,1.3,,4.0,11.0,,233.0
2025-08-06 07:00:00,1.7,,5.4,11.8,,236.0
2025-08-06 08:00:00,1.4,,6.1,12.2,,240.0
2025-08-06 09:00:00,1.4,,5.9,12.0,,245.0
2025-08-06 10:00:00,1.4,,5.1,11.9,,245.0
2025-08-06 11:00:00,2.0,,7.0,13.3,,250.0
2025-08-06 12:00:00,2.1,,7.3,13.9,,255.0
2025-08-06 13:00:00,2.0,,6.9,12.8,,249.0
2025-08-06 14:00:00,2.2,,7.8,11.8,,247.0
2025-08-06 15:00:00,3.6,,11.5,12.4,,258.0
2025-08-06 16:00:00,4.0,,13.0,12.0,,252.0
2025-08-06 17:00:00,5.1,,16.0,11.6,,247.0
2025-08-06 18:00:00,4.8,,16.0,11.1,,241.0
2025-08-06 19:00:00,3.9,,13.1,10.2,,242.0
2025-08-06 20:00:00,3.4,,11.6,9.1,,242.0
2025-08-06 21:00:00,2.6,,8.9,11.0,,250.0
2025-08-06 22:00:00,2.6,,9.1,12.1,,251.0
2025-08-06 23:00:00,3.0,,10.9,13.0,,253.0
2025-08-07 00:00:00,3.5,,12.0,13.1,,257.0
2025-08-07 01:00:00,3.4,,12.3,13.0,,262.0
2025-08-07 02:00:00,3.4,,11.8,13.5,,260.0
2025-08-07 03:00:00,2.9,,10.4,13.5,,263.0
2025-08-07 04:00:00,2.8,,9.8,11.9,,263.0
2025-08-07 05:00:00,2.5,,8.9,9.7,,263.0
2025-08-07 06:00:00,2.2,,7.1,7.9,,263.0
2025-08-07 07:00:00,1.6,,6.3,6.8,,276.0
2025-08-07 08:00:00,1.5,,6.3,6.1,,289.0
2025-08-07 09:00:00,1.6,,6.8,6.5,,271.0
2025-08-07 10:00:00,2.3,,7.3,6.8,,287.0
2025-08-07 11:00:00,2.7,,8.9,5.5,,311.0
2025-08-07 12:00:00,2.9,,9.5,4.8,,9.0
2025-08-07 13:00:00,2.7,,8.0,4.6,,40.0
2025-08-07 14:00:00,2.6,,8.4,4.6,,42.0
2025-08-07 15:00:00,2.2,,7.0,7.4,,36.0
2025-08-07 16:00:00,2.0,,6.3,6.5,,35.0
2025-08-07 17:00:00,1.7,,5.5,5.0,,34.0
2025-08-07 18:00:00,1.4,,4.3,3.8,,33.0
2025-08-07 19:00:00,1.0,,2.3,3.4,,93.0
2025-08-07 20:00:00,0.6,,1.1,3.4,,152.0
2025-08-07 21:00:00,0.3,,0.6,0.9,,127.0
2025-08-07 22:00:00,0.9,,2.8,2.3,,208.0
2025-08-07 23:00:00,1.5,,3.5,3.1,,233.0
2025-08-08 00:00:00,1.8,,3.5,3.4,,238.0
2025-08-08 01:00:00,1.7,,3.9,3.9,,243.0
2025-08-08 02:00:00,1.8,,3.8,4.0,,246.0
2025-08-08 03:00:00,1.8,,4.0,4.6,,246.0
2025-08-08 04:00:00,1.7,,4.0,4.6,,246.0
2025-08-08 05:00:00,1.8,,4.1,4.4,,247.0
2025-08-08 06:00:00,1.9,,4.5,4.3,,247.0
2025-08-08 07:00:00,1.7,,4.5,4.3,,249.0
2025-08-08 08:00:00,1.8,,5.0,4.3,,251.0
2025-08-08 09:00:00,1.1,,4.1,5.0,,255.0
2025-08-08 10:00:00,0.5,,4.1,4.9,,258.0
2025-08-08 11:00:00,0.9,,5.5,4.1,,264.0
2025-08-08 12:00:00,1.8,,5.9,5.4,,269.0
2025-08-08 13:00:00,2.1,,6.8,3.5,,270.0
2025-08-08 14:00:00,2.3,,6.6,3.6,,260.0
2025-08-08 15:00:00,1.8,,4.8,2.3,,270.0
2025-08-08 16:00:00,1.6,,5.5,2.5,,321.0
2025-08-08 17:00:00,1.4,,4.6,3.2,,13.0
2025-08-08 18:00:00,1.4,,4.3,3.5,,64.0
2025-08-08 19:00:00,1.2,,2.8,2.9,,79.0
2025-08-08 20:00:00,1.0,,1.9,1.9,,95.0
2025-08-08 21:00:00,0.7,,1.4,1.6,,69.0
2025-08-08 22:00:00,0.1,,0.8,0.8,,101.0
2025-08-08 23:00:00,0.3,,1.3,1.6,,239.0
2025-08-09 00:00:00,0.6,,2.6,1.8,,221.0
2025-08-09 01:00:00,0.4,,1.9,2.0,,238.0
2025-08-09 02:00:00,0.8,,2.3,2.5,,245.0
2025-08-09 03:00:00,1.7,,3.8,2.6,,246.0
2025-08-09 04:00:00,1.8,,3.8,2.5,,247.0
2025-08-09 05:00:00,1.8,,3.6,2.2,,247.0
2025-08-09 06:00:00,1.9,,3.8,2.0,,248.0
2025-08-09 07:00:00,1.6,,3.9,2.0,,254.0
2025-08-09 08:00:00,1.1,,3.1,2.1,,260.0
2025-08-09 09:00:00,0.8,,2.6,4.1,,252.0
2025-08-09 10:00:00,0.6,,3.9,4.6,,239.0
2025-08-09 11:00:00,0.3,,5.0,4.8,,250.0
2025-08-09 12:00:00,0.2,,5.3,6.4,,266.0
2025-08-09 13:00:00,0.4,,4.9,5.8,,309.0
2025-08-09 14:00:00,0.1,,5.6,5.4,,10.0
2025-08-09 15:00:00,0.6,,5.5,5.1,,31.0
2025-08-09 16:00:00,1.3,,5.5,4.8,,339.0
2025-08-09 17:00:00,0.6,,3.3,4.4,,286.0
2025-08-09 18:00:00,0.4,,1.6,4.0,,234.0
2025-08-09 19:00:00,0.5,,2.0,3.3,,239.0
2025-08-09 20:00:00,0.8,,3.4,2.4,,243.0
2025-08-09 21:00:00,1.6,,3.6,1.1,,311.0
2025-08-09 22:00:00,1.3,,2.6,0.9,,297.0
2025-08-09 23:00:00,1.3,,2.6,0.9,,298.0
2025-08-10 00:00:00,1.6,,3.5,1.1,,200.0
2025-08-10 01:00:00,1.3,,2.8,1.0,,221.0
2025-08-10 02:00:00,1.2,,2.1,0.9,,247.0
2025-08-10 03:00:00,1.6,,3.0,0.9,,294.0
2025-08-10 04:00:00,1.8,,3.4,0.8,,297.0
2025-08-10 05:00:00,1.6,,3.0,0.7,,300.0
2025-08-10 06:00:00,1.7,,3.3,0.9,,303.0
2025-08-10 07:00:00,1.3,,3.0,1.3,,343.0
2025-08-10 08:00:00,0.4,,1.6,2.0,,22.0
2025-08-10 09:00:00,0.8,,4.4,4.1,,34.0
2025-08-10 10:00:00,1.7,,6.0,5.1,,57.0
2025-08-10 11:00:00,2.2,,7.6,6.9,,58.0
2025-08-10 12:00:00,2.4,,8.0,8.0,,48.0
2025-08-10 13:00:00,2.7,,8.1,9.3,,42.0
2025-08-10 14:00:00,2.7,,8.0,9.1,,36.0
2025-08-10 15:00:00,2.8,,8.8,7.8,,39.0
2025-08-10 16:00:00,2.4,,7.0,6.9,,38.0
2025-08-10 17:00:00,2.0,,6.1,5.6,,36.0
2025-08-10 18:00:00,1.6,,4.9,4.3,,35.0
2025-08-10 19:00:00,1.1,,3.1,3.0,,61.0
2025-08-10 20:00:00,0.7,,1.6,1.7,,86.0
2025-08-10 21:00:00,0.3,,0.6,0.5,,0.0
2025-08-10 22:00:00,0.4,,0.8,0.6,,264.0
2025-08-10 23:00:00,0.9,,1.4,0.8,,240.0
2025-08-11 00:00:00,1.3,,2.1,1.3,,247.0
2025-08-11 01:00:00,1.6,,2.6,2.1,,247.0
2025-08-11 02:00:00,1.6,,2.6,3.0,,243.0
2025-08-11 03:00:00,1.7,,3.0,3.3,,242.0
2025-08-11 04:00:00,1.5,,2.5,3.4,,242.0
2025-08-11 05:00:00,1.4,,2.8,3.2,,241.0
2025-08-11 06:00:00,1.3,,2.6,3.0,,241.0
2025-08-11 07:00:00,1.1,,2.4,2.7,,182.0
2025-08-11 08:00:00,0.3,,2.0,2.4,,122.0
2025-08-11 09:00:00,0.6,,3.1,3.4,,121.0
2025-08-11 10:00:00,1.0,,4.5,5.0,,77.0
2025-08-11 11:00:00,1.4,,5.1,5.6,,67.0
2025-08-11 12:00:00,1.4,,6.1,5.8,,81.0
2025-08-11 13:00:00,1.8,,6.5,5.0,,83.0
2025-08-11 14:00:00,1.5,,5.4,4.1,,93.0
2025-08-11 15:00:00,1.5,,5.6,5.4,,95.0
2025-08-11 16:00:00,2.0,,5.9,4.8,,100.0
2025-08-11 17:00:00,1.6,,4.6,4.1,,106.0
2025-08-11 18:00:00,1.4,,3.8,3.4,,111.0
2025-08-11 19:00:00,0.8,,2.1,2.8,,129.0
2025-08-11 20:00:00,0.1,,0.8,2.2,,148.0
2025-08-11 21:00:00,1.1,,1.9,1.8,,180.0
2025-08-11 22:00:00,1.2,,1.8,2.0,,195.0
2025-08-11 23:00:00,1.6,,2.4,3.5,,209.0
2025-08-12 00:00:00,1.6,,2.5,3.6,,231.0
2025-08-12 01:00:00,1.6,,2.8,3.3,,245.0
2025-08-12 02:00:00,1.6,,3.0,3.0,,243.0
2025-08-12 03:00:00,1.9,,4.3,3.1,,235.0
2025-08-12 04:00:00,1.8,,4.0,2.7,,239.0
2025-08-12 05:00:00,1.9,,4.0,2.4,,244.0
2025-08-12 06:00:00,1.8,,4.0,2.3,,248.0
2025-08-12 07:00:00,1.5,,3.9,2.8,,303.0
2025-08-12 08:00:00,1.0,,3.0,3.6,,357.0
2025-08-12 09:00:00,0.6,,3.6,4.1,,93.0
2025-08-12 10:00:00,1.5,,6.3,5.9,,85.0
2025-08-12 11:00:00,1.9,,7.8,7.5,,88.0
2025-08-12 12:00:00,1.8,,6.4,7.9,,97.0
2025-08-12 13:00:00,1.9,,6.0,8.6,,99.0
2025-08-12 14:00:00,2.3,,7.8,9.6,,104.0
2025-08-12 15:00:00,2.5,,8.0,7.8,,104.0
2025-08-12 16:00:00,2.4,,7.1,6.7,,96.0
2025-08-12 17:00:00,2.2,,6.3,5.1,,89.0
2025-08-12 18:00:00,1.6,,4.0,3.8,,81.0
2025-08-12 19:00:00,1.6,,4.6,2.9,,104.0
2025-08-12 20:00:00,1.9,,6.9,2.1,,128.0
2025-08-12 21:00:00,1.6,,4.3,3.6,,236.0
2025-08-12 22:00:00,1.6,,3.8,4.8,,235.0
2025-08-12 23:00:00,1.8,,3.5,4.6,,234.0
2025-08-13 00:00:00,1.6,,2.8,4.4,,236.0
2025-08-13 01:00:00,1.8,,3.1,3.8,,240.0
2025-08-13 02:00:00,1.8,,3.4,3.5,,248.0
2025-08-13 03:00:00,1.5,,2.8,3.5,,253.0
2025-08-13 04:00:00,1.2,,2.4,3.2,,253.0
2025-08-13 05:00:00,1.3,,2.4,3.0,,253.0
2025-08-13 06:00:00,1.4,,2.8,2.9,,253.0
2025-08-13 07:00:00,1.3,,3.0,2.9,,245.0
2025-08-13 08:00:00,1.1,,3.0,3.0,,237.0
2025-08-13 09:00:00,0.6,,2.4,3.0,,266.0
2025-08-13 10:00:00,0.4,,3.3,5.0,,201.0
2025-08-13 11:00:00,0.4,,3.1,8.5,,208.0
2025-08-13 12:00:00,0.3,,2.6,9.9,,218.0
2025-08-13 13:00:00,0.3,,1.8,12.4,,225.0
2025-08-13 14:00:00,0.4,,3.4,13.4,,230.0
2025-08-13 15:00:00,,4.6,7.6,14.0,241.0,
2025-08-13 16:00:00,,4.7,7.1,14.2,240.0,
2025-08-13 17:00:00,,4.5,6.1,13.8,238.0,
2025-08-13 18:00:00,,4.3,4.6,13.4,230.0,
2025-08-13 19:00:00,,4.1,4.3,13.2,227.0,
2025-08-13 20:00:00,,3.8,5.0,13.1,229.0,
2025-08-13 21:00:00,,2.4,7.3,8.4,240.0,
2025-08-13 22:00:00,,2.5,8.5,8.8,239.0,
2025-08-13 23:00:00,,2.6,9.4,9.1,240.0,
2025-08-14 00:00:00,,2.4,10.5,8.3,241.0,
2025-08-14 01:00:00,,2.5,11.9,8.5,242.0,
2025-08-14 02:00:00,,2.6,11.9,8.9,245.0,
2025-08-14 03:00:00,,2.9,12.5,10.1,238.0,
2025-08-14 04:00:00,,3.3,12.8,11.3,241.0,
2025-08-14 05:00:00,,3.8,12.6,12.7,241.0,
2025-08-14 06:00:00,,4.1,12.4,13.6,244.0,
2025-08-14 07:00:00,,3.9,12.1,13.7,248.0,
2025-08-14 08:00:00,,3.5,11.9,13.3,248.0,
2025-08-14 09:00:00,,3.0,11.6,10.5,260.0,
2025-08-14 10:00:00,,3.1,11.1,9.5,261.0,
2025-08-14 11:00:00,,2.0,10.5,5.1,262.0,
2025-08-14 12:00:00,,1.8,10.1,5.1,256.0,
2025-08-14 13:00:00,,2.4,8.8,8.4,252.0,
2025-08-14 14:00:00,,2.3,5.8,8.0,241.0,
2025-08-14 15:00:00,,2.3,8.4,8.5,247.0,
2025-08-14 16:00:00,,2.2,8.1,8.3,245.0,
2025-08-14 17:00:00,,2.0,7.8,7.6,247.0,
2025-08-14 18:00:00,,1.9,7.5,6.8,248.0,
2025-08-14 19:00:00,,1.8,7.1,5.9,247.0,
2025-08-14 20:00:00,,1.8,6.3,4.9,255.0,
2025-08-14 21:00:00,,2.1,4.9,7.3,256.0,
2025-08-14 22:00:00,,2.2,4.4,7.1,253.0,
2025-08-14 23:00:00,,2.1,4.4,6.4,246.0,
2025-08-15 00:00:00,,2.0,4.5,4.9,247.0,
2025-08-15 01:00:00,,1.8,4.1,4.4,251.0,
2025-08-15 02:00:00,,1.9,4.4,4.5,249.0,
2025-08-15 03:00:00,,1.9,4.6,4.5,249.0,
2025-08-15 04:00:00,,1.9,4.5,4.3,246.0,
2025-08-15 05:00:00,,1.8,4.5,4.0,246.0,
2025-08-15 06:00:00,,1.8,4.6,4.0,246.0,
2025-08-15 07:00:00,,1.8,5.0,4.6,246.0,
2025-08-15 08:00:00,,1.7,5.9,5.5,253.0,
2025-08-15 09:00:00,,1.8,5.1,5.6,262.0,
2025-08-15 10:00:00,,1.1,5.0,4.9,262.0,
2025-08-15 11:00:00,,0.4,3.8,4.6,270.0,
2025-08-15 12:00:00,,0.5,4.4,4.6,321.0,
2025-08-15 13:00:00,,0.5,3.9,4.9,72.0,
2025-08-15 14:00:00,,0.9,4.8,5.0,69.0,
2025-08-15 15:00:00,,1.3,2.0,5.9,149.0,
2025-08-15 16:00:00,,1.5,2.9,5.7,166.0,
2025-08-15 17:00:00,,1.6,1.4,5.2,175.0,
2025-08-15 18:00:00,,1.6,1.9,4.5,201.0,
2025-08-15 19:00:00,,1.2,1.4,3.4,238.0,
2025-08-15 20:00:00,,0.7,1.4,2.1,254.0,
2025-08-15 21:00:00,,1.1,2.6,2.5,255.0,
2025-08-15 22:00:00,,1.4,3.4,2.8,247.0,
2025-08-15 23:00:00,,1.6,3.6,3.0,247.0,
2025-08-16 00:00:00,,1.8,3.9,3.4,245.0,
2025-08-16 01:00:00,,1.8,4.0,3.8,246.0,
2025-08-16 02:00:00,,1.9,4.0,4.1,247.0,
2025-08-16 03:00:00,,1.8,3.9,4.3,245.0,
2025-08-16 04:00:00,,1.8,3.9,4.2,244.0,
2025-08-16 05:00:00,,1.7,4.0,4.0,245.0,
2025-08-16 06:00:00,,1.7,4.0,4.1,246.0,
2025-08-16 07:00:00,,1.7,3.9,4.7,244.0,
2025-08-16 08:00:00,,1.7,5.0,5.5,253.0,
2025-08-16 09:00:00,,1.6,5.4,5.8,251.0,
2025-08-16 10:00:00,,1.4,6.4,6.1,255.0,
2025-08-16 11:00:00,,1.5,7.3,6.8,252.0,
2025-08-16 12:00:00,,1.6,8.6,6.8,257.0,
2025-08-16 13:00:00,,1.5,9.3,6.5,261.0,
2025-08-16 14:00:00,,1.3,10.1,4.5,258.0,
2025-08-16 15:00:00,,1.7,10.8,6.9,256.0,
2025-08-16 16:00:00,,2.0,8.6,6.9,256.0,
2025-08-16 17:00:00,,2.5,9.6,6.9,248.0,
2025-08-16 18:00:00,,2.7,8.5,6.8,245.0,
2025-08-16 19:00:00,,2.5,5.9,6.5,238.0,
2025-08-16 20:00:00,,2.1,6.1,6.0,240.0,
2025-08-16 21:00:00,,2.3,5.1,6.9,235.0,
2025-08-16 22:00:00,,2.3,4.4,7.0,235.0,
2025-08-16 23:00:00,,2.1,4.8,6.5,242.0,
2025-08-17 00:00:00,,1.9,5.3,6.0,245.0,
2025-08-17 01:00:00,,1.9,5.5,5.9,245.0,
2025-08-17 02:00:00,,1.9,5.6,5.3,243.0,
2025-08-17 03:00:00,,2.0,5.0,5.0,246.0,
2025-08-17 04:00:00,,2.1,5.4,5.8,244.0,
2025-08-17 05:00:00,,2.2,5.6,7.1,245.0,
2025-08-17 06:00:00,,2.4,6.0,8.3,243.0,
2025-08-17 07:00:00,,2.6,5.9,9.2,241.0,
2025-08-17 08:00:00,,2.8,8.0,10.1,250.0,
2025-08-17 09:00:00,,1.6,8.0,6.4,252.0,
2025-08-17 10:00:00,,1.8,8.8,7.0,251.0,
2025-08-17 11:00:00,,2.4,9.3,8.9,250.0,
2025-08-17 12:00:00,,2.7,9.3,8.9,250.0,
2025-08-17 13:00:00,,2.9,9.4,9.9,253.0,
2025-08-17 14:00:00,,2.8,9.5,9.4,260.0,
2025-08-17 15:00:00,,2.4,8.6,8.5,256.0,
2025-08-17 16:00:00,,2.0,8.0,7.1,249.0,
2025-08-17 17:00:00,,1.5,9.4,5.3,250.0,
2025-08-17 18:00:00,,1.1,6.3,3.8,251.0,
2025-08-17 19:00:00,,0.9,3.1,2.9,226.0,
2025-08-17 20:00:00,,0.9,3.5,2.4,238.0,
2025-08-17 21:00:00,,1.9,3.6,6.8,222.0,
2025-08-17 22:00:00,,1.9,3.1,7.0,234.0,
2025-08-17 23:00:00,,1.8,3.5,6.6,234.0,
2025-08-18 00:00:00,,1.8,3.8,6.6,236.0,
2025-08-18 01:00:00,,2.1,3.9,7.5,242.0,
2025-08-18 02:00:00,,2.4,4.3,8.3,241.0,
2025-08-18 03:00:00,,2.3,3.6,8.1,246.0,
2025-08-18 04:00:00,,2.2,4.0,7.7,239.0,
2025-08-18 05:00:00,,1.9,3.9,6.9,242.0,
2025-08-18 06:00:00,,1.7,4.0,6.3,243.0,
2025-08-18 07:00:00,,1.6,4.4,6.1,242.0,
2025-08-18 08:00:00,,1.5,4.5,6.2,238.0,
2025-08-18 09:00:00,,1.9,7.3,7.1,251.0,
2025-08-18 10:00:00,,2.0,7.4,8.1,250.0,
2025-08-18 11:00:00,,2.3,7.8,8.3,251.0,
2025-08-18 12:00:00,,2.1,7.6,7.5,251.0,
2025-08-18 13:00:00,,2.1,7.8,7.8,243.0,
2025-08-18 14:00:00,,2.6,7.8,9.4,241.0,
2025-08-18 15:00:00,,2.8,7.8,9.9,241.0,
2025-08-18 16:00:00,,2.7,6.9,9.3,235.0,
2025-08-18 17:00:00,,2.4,7.5,8.1,236.0,
2025-08-18 18:00:00,,2.3,8.5,7.4,243.0,
2025-08-18 19:00:00,,2.4,6.6,7.8,237.0,
2025-08-18 20:00:00,,2.7,6.5,8.8,235.0,
2025-08-18 21:00:00,,2.6,6.5,10.3,238.0,
2025-08-18 22:00:00,,2.8,7.0,10.6,239.0,
2025-08-18 23:00:00,,2.9,7.3,10.8,234.0,
2025-08-19 00:00:00,,2.9,8.4,10.9,235.0,
2025-08-19 01:00:00,,2.9,8.5,10.6,239.0,
2025-08-19 02:00:00,,3.2,8.8,10.9,237.0,
2025-08-19 03:00:00,,3.2,10.5,10.9,243.0,
2025-08-19 04:00:00,,3.1,10.8,10.6,253.0,
2025-08-19 05:00:00,,3.0,10.4,10.2,254.0,
2025-08-19 06:00:00,,2.9,9.0,10.0,257.0,
2025-08-19 07:00:00,,3.0,6.8,10.2,243.0,
2025-08-19 08:00:00,,3.2,7.8,10.7,241.0,
2025-08-19 09:00:00,,2.2,7.8,7.9,247.0,
2025-08-19 10:00:00,,2.5,9.3,9.6,246.0,
2025-08-19 11:00:00,,2.7,8.9,10.1,247.0,
2025-08-19 12:00:00,,3.1,8.6,11.0,255.0,
2025-08-19 13:00:00,,3.3,9.0,11.5,250.0,
2025-08-19 14:00:00,,3.4,9.3,11.3,253.0,
2025-08-19 15:00:00,,3.3,7.3,11.1,244.0,
2025-08-19 16:00:00,,3.5,7.3,11.0,247.0,
2025-08-19 17:00:00,,3.6,6.3,10.9,242.0,
2025-08-19 18:00:00,,3.6,5.9,10.4,240.0,
2025-08-19 19:00:00,,3.1,6.3,9.1,236.0,
2025-08-19 20:00:00,,2.3,7.0,7.5,237.0,
2025-08-19 21:00:00,,2.1,6.8,7.3,238.0,
2025-08-19 22:00:00,,2.2,7.5,8.1,242.0,
2025-08-19 23:00:00,,2.3,8.3,8.5,247.0,
2025-08-20 00:00:00,,2.6,8.8,9.6,250.0,
2025-08-20 01:00:00,,3.1,9.1,10.9,253.0,
2025-08-20 02:00:00,,3.3,9.1,11.9,253.0,
2025-08-20 03:00:00,,3.3,10.0,11.9,241.0,
2025-08-20 04:00:00,,3.4,10.0,12.3,244.0,
2025-08-20 05:00:00,,3.4,10.0,12.6,240.0,
2025-08-20 06:00:00,,3.4,9.6,12.6,244.0,
2025-08-20 07:00:00,,3.2,8.4,12.3,240.0,
2025-08-20 08:00:00,,2.9,6.8,11.7,251.0,
2025-08-20 09:00:00,,2.8,8.0,11.3,256.0,
2025-08-20 10:00:00,,2.9,6.9,11.2,246.0,
2025-08-20 11:00:00,,3.1,8.0,11.2,255.0,
2025-08-20 12:00:00,,3.4,8.6,11.5,261.0,
2025-08-20 13:00:00,,3.7,8.1,12.2,257.0,
2025-08-20 14:00:00,,3.9,9.8,13.2,265.0,
2025-08-20 15:00:00,,4.2,7.5,13.9,262.0,
2025-08-20 16:00:00,,4.5,7.3,14.0,263.0,
2025-08-20 17:00:00,,4.8,6.6,13.9,268.0,
2025-08-20 18:00:00,,4.8,5.4,13.4,254.0,
2025-08-20 19:00:00,,4.3,3.0,12.5,232.0,
2025-08-20 20:00:00,,3.5,3.0,11.4,219.0,
2025-08-20 21:00:00,,2.9,2.4,10.3,244.0,
2025-08-20 22:00:00,,2.6,2.8,9.4,238.0,
2025-08-20 23:00:00,,2.5,2.6,8.7,238.0,
2025-08-21 00:00:00,,2.4,2.8,8.1,236.0,
2025-08-21 01:00:00,,2.4,3.0,7.8,237.0,
2025-08-21 02:00:00,,2.4,3.4,7.7,247.0,
2025-08-21 03:00:00,,2.4,3.8,7.4,236.0,
2025-08-21 04:00:00,,2.2,3.8,6.5,236.0,
2025-08-21 05:00:00,,2.0,3.5,5.3,240.0,
2025-08-21 06:00:00,,1.8,3.9,4.6,237.0,
2025-08-21 07:00:00,,1.8,4.1,4.9,234.0,
2025-08-21 08:00:00,,1.8,5.0,5.8,237.0,
2025-08-21 09:00:00,,0.9,5.6,4.5,254.0,
2025-08-21 10:00:00,,1.0,6.0,5.4,252.0,
2025-08-21 11:00:00,,1.3,8.8,6.4,254.0,
2025-08-21 12:00:00,,1.3,11.1,5.4,260.0,
2025-08-21 13:00:00,,1.2,11.0,6.6,260.0,
2025-08-21 14:00:00,,1.3,10.1,6.1,269.0,
2025-08-21 15:00:00,,1.5,7.5,6.8,48.0,
2025-08-21 16:00:00,1.4,1.3,7.4,6.0,55.0,271.0
2025-08-21 17:00:00,1.4,1.1,5.3,4.8,84.0,271.0
2025-08-21 18:00:00,1.7,1.0,4.3,3.9,90.0,272.0
2025-08-21 19:00:00,1.2,1.2,2.6,3.7,72.0,253.0
2025-08-21 20:00:00,0.9,1.6,1.9,3.9,40.0,235.0
2025-08-21 21:00:00,0.4,1.5,0.9,2.5,326.0,253.0
2025-08-21 22:00:00,0.9,1.9,2.0,3.1,260.0,246.0
2025-08-21 23:00:00,1.3,2.1,2.3,4.3,250.0,243.0
2025-08-22 00:00:00,1.8,1.9,2.8,4.0,241.0,236.0
2025-08-22 01:00:00,1.9,2.1,3.5,4.4,242.0,237.0
2025-08-22 02:00:00,1.9,1.9,3.6,4.1,250.0,243.0
2025-08-22 03:00:00,1.9,1.9,3.9,4.1,248.0,246.0
2025-08-22 04:00:00,1.9,1.9,3.9,4.1,249.0,245.0
2025-08-22 05:00:00,1.9,1.9,4.0,4.2,249.0,245.0
2025-08-22 06:00:00,1.9,1.9,4.0,4.4,246.0,244.0
2025-08-22 07:00:00,1.6,1.8,4.1,4.7,247.0,249.0
2025-08-22 08:00:00,1.4,1.6,4.5,5.2,246.0,253.0
2025-08-22 09:00:00,1.5,1.7,5.8,5.9,255.0,255.0
2025-08-22 10:00:00,1.7,1.9,6.9,7.0,259.0,258.0
2025-08-22 11:00:00,1.9,1.9,7.6,7.8,261.0,260.0
2025-08-22 12:00:00,3.0,2.3,10.5,8.6,261.0,258.0
2025-08-22 13:00:00,3.8,3.3,10.8,10.3,263.0,256.0
2025-08-22 14:00:00,4.2,4.4,11.0,12.4,267.0,264.0
2025-08-22 15:00:00,3.3,4.7,9.4,12.5,272.0,268.0
2025-08-22 16:00:00,4.1,4.5,11.0,11.9,270.0,268.0
2025-08-22 17:00:00,2.1,3.8,5.9,10.6,271.0,269.0
2025-08-22 18:00:00,1.9,3.2,4.5,9.1,277.0,269.0
2025-08-22 19:00:00,1.4,2.7,4.4,7.6,259.0,260.0
2025-08-22 20:00:00,1.1,2.1,3.8,6.1,254.0,252.0
2025-08-22 21:00:00,1.5,1.8,4.3,5.0,242.0,243.0
2025-08-22 22:00:00,1.9,1.8,4.3,4.6,244.0,244.0
2025-08-22 23:00:00,2.1,1.9,5.0,4.7,246.0,246.0
2025-08-23 00:00:00,2.2,2.0,5.5,4.8,245.0,247.0
2025-08-23 01:00:00,2.2,2.0,5.6,4.9,246.0,248.0
2025-08-23 02:00:00,2.3,2.1,5.8,5.0,248.0,248.0
2025-08-23 03:00:00,2.3,2.1,5.9,5.1,247.0,249.0
2025-08-23 04:00:00,2.3,2.1,5.8,5.1,247.0,249.0
2025-08-23 05:00:00,2.2,2.1,5.6,5.1,249.0,249.0
2025-08-23 06:00:00,2.2,2.1,5.5,5.4,249.0,249.0
2025-08-23 07:00:00,2.0,2.2,5.5,6.2,247.0,249.0
2025-08-23 08:00:00,2.3,2.3,6.8,7.3,251.0,250.0
2025-08-23 09:00:00,2.0,2.4,7.0,8.3,254.0,250.0
2025-08-23 10:00:00,1.9,2.6,6.9,9.0,261.0,256.0
2025-08-23 11:00:00,1.9,2.7,7.4,9.7,262.0,263.0
2025-08-23 12:00:00,1.7,2.9,7.1,10.1,264.0,269.0
2025-08-23 13:00:00,1.7,3.1,6.8,10.3,252.0,269.0
2025-08-23 14:00:00,1.7,3.3,6.8,10.3,266.0,269.0
2025-08-23 15:00:00,1.1,3.4,4.8,10.1,59.0,269.0
2025-08-23 16:00:00,1.3,3.5,3.9,9.6,83.0,271.0
2025-08-23 17:00:00,1.1,3.5,3.6,8.8,85.0,273.0
2025-08-23 18:00:00,1.1,3.3,2.6,7.8,63.0,275.0
2025-08-23 19:00:00,1.2,2.7,2.1,6.2,72.0,261.0
2025-08-23 20:00:00,0.3,1.9,0.6,4.4,54.0,247.0
2025-08-23 21:00:00,1.3,1.5,3.0,2.6,226.0,263.0
2025-08-23 22:00:00,1.1,1.4,2.5,2.8,242.0,264.0
2025-08-23 23:00:00,1.3,1.4,2.4,2.8,248.0,257.0
2025-08-24 00:00:00,1.5,1.5,2.4,3.1,253.0,252.0
2025-08-24 01:00:00,1.8,1.6,3.0,3.3,252.0,250.0
2025-08-24 02:00:00,1.8,1.6,3.3,3.5,250.0,246.0
2025-08-24 03:00:00,1.8,1.6,3.5,3.6,249.0,247.0
2025-08-24 04:00:00,1.8,1.7,3.5,3.7,248.0,246.0
2025-08-24 05:00:00,1.8,1.7,3.6,3.9,242.0,246.0
2025-08-24 06:00:00,1.9,1.6,3.9,3.9,241.0,245.0
2025-08-24 07:00:00,1.6,1.2,4.0,3.8,245.0,263.0
2025-08-24 08:00:00,1.2,0.7,3.8,3.5,244.0,281.0
2025-08-24 09:00:00,0.9,0.7,4.1,3.8,256.0,259.0
2025-08-24 10:00:00,0.5,0.4,4.8,3.6,259.0,298.0
2025-08-24 11:00:00,0.5,0.3,4.9,4.1,266.0,319.0
2025-08-24 12:00:00,0.4,0.3,5.4,3.8,236.0,61.0
2025-08-24 13:00:00,0.7,0.4,4.5,3.6,221.0,90.0
2025-08-24 14:00:00,0.9,0.8,5.4,4.6,235.0,92.0
2025-08-24 15:00:00,0.9,0.6,3.8,4.5,219.0,93.0
2025-08-24 16:00:00,1.1,0.9,3.9,4.5,229.0,86.0
2025-08-24 17:00:00,1.1,1.2,3.6,4.4,237.0,78.0
2025-08-24 18:00:00,0.9,1.4,2.4,4.0,262.0,71.0
2025-08-24 19:00:00,0.8,1.1,1.8,3.0,270.0,14.0
2025-08-24 20:00:00,0.7,0.6,1.3,1.8,267.0,318.0
2025-08-24 21:00:00,1.5,0.7,2.6,1.4,253.0,265.0
2025-08-24 22:00:00,1.6,1.1,2.9,1.8,254.0,251.0
2025-08-24 23:00:00,1.8,1.8,3.4,2.9,252.0,247.0
2025-08-25 00:00:00,1.8,2.0,3.4,3.5,247.0,247.0
2025-08-25 01:00:00,1.9,2.0,3.9,3.8,241.0,241.0
2025-08-25 02:00:00,1.8,2.0,4.1,4.0,243.0,241.0
2025-08-25 03:00:00,1.8,2.1,4.0,4.3,247.0,241.0
2025-08-25 04:00:00,1.8,2.1,4.1,4.3,244.0,243.0
2025-08-25 05:00:00,1.8,2.0,4.1,4.3,248.0,244.0
2025-08-25 06:00:00,1.6,1.9,4.1,4.4,248.0,246.0
2025-08-25 07:00:00,1.4,1.7,3.8,4.6,247.0,248.0
2025-08-25 08:00:00,1.6,1.5,5.3,4.9,247.0,250.0
2025-08-25 09:00:00,1.3,1.0,5.3,4.6,251.0,248.0
2025-08-25 10:00:00,1.4,1.2,5.8,5.4,248.0,245.0
2025-08-25 11:00:00,1.5,2.1,6.4,7.6,240.0,243.0
2025-08-25 12:00:00,2.3,3.3,8.3,10.9,242.0,251.0
2025-08-25 13:00:00,2.7,3.0,9.6,10.8,247.0,249.0
2025-08-25 14:00:00,2.2,2.6,9.1,10.5,248.0,244.0
2025-08-25 15:00:00,2.1,2.3,8.1,9.6,235.0,243.0
2025-08-25 16:00:00,3.4,2.2,12.0,8.9,268.0,251.0
2025-08-25 17:00:00,1.9,2.3,7.8,8.2,285.0,260.0
2025-08-25 18:00:00,1.6,2.2,6.6,7.4,272.0,268.0
2025-08-25 19:00:00,1.5,1.9,4.9,6.4,268.0,259.0
2025-08-25 20:00:00,1.3,1.5,4.6,5.3,258.0,249.0
2025-08-25 21:00:00,1.6,1.2,5.4,2.9,236.0,215.0
2025-08-25 22:00:00,1.8,1.4,5.8,3.4,232.0,220.0
2025-08-25 23:00:00,1.8,1.5,6.1,3.9,234.0,227.0
2025-08-26 00:00:00,1.9,1.8,6.4,4.5,232.0,235.0
2025-08-26 01:00:00,2.1,1.9,6.9,4.9,232.0,238.0
2025-08-26 02:00:00,2.4,2.0,8.3,5.1,236.0,239.0
2025-08-26 03:00:00,2.5,2.3,8.6,6.3,235.0,234.0
2025-08-26 04:00:00,3.1,3.3,10.4,9.6,233.0,234.0
2025-08-26 05:00:00,3.4,4.6,11.5,13.8,232.0,234.0
2025-08-26 06:00:00,3.5,5.3,11.8,16.3,235.0,234.0
2025-08-26 07:00:00,3.3,4.8,11.8,15.5,244.0,244.0
2025-08-26 08:00:00,3.0,3.7,11.6,12.9,252.0,253.0
2025-08-26 09:00:00,3.4,4.0,12.1,13.1,245.0,250.0
2025-08-26 10:00:00,3.4,3.3,12.1,11.5,250.0,260.0
2025-08-26 11:00:00,3.0,2.6,10.1,9.3,250.0,249.0
2025-08-26 12:00:00,2.9,2.3,9.3,8.0,247.0,245.0
2025-08-26 13:00:00,2.5,2.3,8.4,8.4,243.0,255.0
2025-08-26 14:00:00,2.4,2.2,9.6,8.5,246.0,257.0
2025-08-26 15:00:00,2.4,2.4,8.8,8.9,244.0,252.0
2025-08-26 16:00:00,2.1,2.2,7.6,8.2,245.0,248.0
2025-08-26 17:00:00,1.9,1.9,7.5,7.0,244.0,245.0
2025-08-26 18:00:00,1.4,1.6,5.6,5.9,242.0,241.0
2025-08-26 19:00:00,1.5,1.5,5.0,4.9,241.0,239.0
2025-08-26 20:00:00,1.6,1.4,4.8,3.9,245.0,238.0
2025-08-26 21:00:00,1.6,1.7,4.5,4.0,241.0,246.0
2025-08-26 22:00:00,1.6,1.7,3.6,3.9,252.0,246.0
2025-08-26 23:00:00,1.5,1.9,3.1,3.8,247.0,244.0
2025-08-27 00:00:00,1.6,1.9,3.5,4.1,252.0,249.0
2025-08-27 01:00:00,1.6,1.9,3.9,4.4,254.0,249.0
2025-08-27 02:00:00,1.6,1.9,3.4,4.5,243.0,250.0
2025-08-27 03:00:00,1.6,1.9,3.5,4.5,247.0,249.0
2025-08-27 04:00:00,1.5,1.7,3.3,4.1,247.0,248.0
2025-08-27 05:00:00,1.5,1.5,2.9,3.5,257.0,246.0
2025-08-27 06:00:00,1.2,1.4,2.5,3.3,250.0,245.0
2025-08-27 07:00:00,1.0,1.4,2.5,3.8,248.0,293.0
2025-08-27 08:00:00,0.6,1.5,2.8,4.6,331.0,341.0
2025-08-27 09:00:00,1.1,1.5,4.5,4.9,344.0,33.0
2025-08-27 10:00:00,2.1,1.8,7.0,5.8,33.0,33.0
2025-08-27 11:00:00,2.8,2.3,9.4,7.6,42.0,40.0
2025-08-27 12:00:00,2.7,2.3,8.8,7.3,61.0,47.0
2025-08-27 13:00:00,2.4,2.9,7.8,9.4,63.0,49.0
2025-08-27 14:00:00,2.4,2.9,6.6,8.9,51.0,58.0
2025-08-27 15:00:00,2.3,2.4,7.8,7.4,62.0,62.0
2025-08-27 16:00:00,2.5,2.3,7.8,7.0,59.0,63.0
2025-08-27 17:00:00,2.0,2.1,6.4,6.3,70.0,64.0
2025-08-27 18:00:00,1.4,1.8,4.5,5.5,76.0,65.0
2025-08-27 19:00:00,0.8,1.5,2.6,4.3,90.0,72.0
2025-08-27 20:00:00,0.6,1.1,2.1,3.0,84.0,78.0
2025-08-27 21:00:00,0.6,0.8,2.4,1.8,81.0,100.0
2025-08-27 22:00:00,0.6,0.6,1.9,1.3,99.0,118.0
2025-08-27 23:00:00,0.6,0.4,1.8,0.9,110.0,171.0
2025-08-28 00:00:00,0.4,0.3,1.5,1.0,61.0,197.0
2025-08-28 01:00:00,0.4,0.9,1.1,1.6,110.0,217.0
2025-08-28 02:00:00,0.5,1.3,1.9,2.9,180.0,232.0
2025-08-28 03:00:00,0.5,0.9,2.0,1.8,243.0,247.0
2025-08-28 04:00:00,0.6,1.2,1.6,2.2,216.0,239.0
2025-08-28 05:00:00,0.8,1.4,1.8,2.7,234.0,230.0
2025-08-28 06:00:00,1.1,1.5,2.1,3.1,240.0,222.0
2025-08-28 07:00:00,1.3,1.3,2.9,3.3,234.0,203.0
2025-08-28 08:00:00,0.9,0.9,2.9,3.4,234.0,184.0
2025-08-28 09:00:00,1.0,0.4,3.6,2.4,230.0,198.0
2025-08-28 10:00:00,0.9,0.1,4.6,3.6,232.0,198.0
2025-08-28 11:00:00,1.0,0.6,5.9,5.3,261.0,231.0
2025-08-28 12:00:00,1.9,1.3,8.3,6.9,264.0,256.0
2025-08-28 13:00:00,2.8,2.1,10.1,8.4,269.0,264.0
2025-08-28 14:00:00,2.7,2.5,9.8,9.6,271.0,258.0
2025-08-28 15:00:00,2.1,2.9,7.6,10.1,259.0,261.0
2025-08-28 16:00:00,0.9,2.6,4.4,9.2,281.0,255.0
2025-08-28 17:00:00,0.9,1.9,4.0,7.5,255.0,250.0
2025-08-28 18:00:00,0.6,1.4,2.9,6.0,231.0,244.0
2025-08-28 19:00:00,1.0,1.3,3.0,4.8,215.0,242.0
2025-08-28 20:00:00,1.0,1.3,3.0,3.8,222.0,240.0
2025-08-28 21:00:00,1.4,1.4,3.1,4.8,228.0,230.0
2025-08-28 22:00:00,1.7,1.8,4.0,5.8,232.0,232.0
2025-08-28 23:00:00,2.0,2.1,5.0,6.8,235.0,237.0
2025-08-29 00:00:00,2.1,2.4,6.1,8.0,243.0,241.0
2025-08-29 01:00:00,2.1,2.7,6.1,9.4,241.0,243.0
2025-08-29 02:00:00,2.4,3.0,6.9,10.4,241.0,244.0
2025-08-29 03:00:00,2.6,3.3,9.1,11.4,243.0,249.0
2025-08-29 04:00:00,2.6,3.3,9.4,11.4,243.0,251.0
2025-08-29 05:00:00,2.4,3.2,9.1,10.9,253.0,252.0
2025-08-29 06:00:00,2.4,3.1,9.3,10.6,256.0,254.0
2025-08-29 07:00:00,2.7,3.0,10.1,10.6,253.0,254.0
2025-08-29 08:00:00,2.5,2.9,8.5,10.8,253.0,254.0
2025-08-29 09:00:00,3.1,2.9,11.4,11.0,258.0,254.0
2025-08-29 10:00:00,3.2,3.0,12.0,11.2,260.0,256.0
2025-08-29 11:00:00,2.9,3.2,11.0,11.3,261.0,257.0
2025-08-29 12:00:00,2.9,3.3,10.9,11.3,261.0,259.0
2025-08-29 13:00:00,3.2,3.1,11.6,11.1,263.0,261.0
2025-08-29 14:00:00,3.0,2.9,10.5,10.7,262.0,264.0
2025-08-29 15:00:00,3.1,2.6,10.6,10.1,259.0,266.0
2025-08-29 16:00:00,3.0,2.4,10.3,9.1,257.0,265.0
2025-08-29 17:00:00,2.6,2.1,9.3,7.9,258.0,264.0
2025-08-29 18:00:00,2.2,1.9,7.6,6.9,256.0,263.0
2025-08-29 19:00:00,1.8,1.7,6.6,6.3,254.0,261.0
2025-08-29 20:00:00,1.8,1.5,5.8,6.0,252.0,260.0
2025-08-29 21:00:00,2.3,1.4,8.3,5.8,254.0,258.0
2025-08-29 22:00:00,2.2,1.4,8.0,5.7,247.0,257.0
2025-08-29 23:00:00,1.8,1.5,6.9,5.7,245.0,256.0
2025-08-30 00:00:00,1.8,1.6,6.6,5.6,249.0,255.0
2025-08-30 01:00:00,1.8,1.6,6.1,5.2,247.0,255.0
2025-08-30 02:00:00,1.6,1.5,4.9,4.6,255.0,256.0
2025-08-30 03:00:00,1.4,1.4,4.0,4.1,253.0,256.0
2025-08-30 04:00:00,1.4,1.4,3.9,3.8,252.0,255.0
2025-08-30 05:00:00,1.5,1.4,3.8,3.7,246.0,253.0
2025-08-30 06:00:00,1.2,1.4,3.0,3.8,252.0,252.0
2025-08-30 07:00:00,0.8,1.3,2.6,4.2,255.0,255.0
2025-08-30 08:00:00,0.7,1.2,2.6,4.8,247.0,259.0
2025-08-30 09:00:00,0.7,1.1,4.1,5.5,273.0,262.0
2025-08-30 10:00:00,0.4,1.3,2.5,6.2,283.0,263.0
2025-08-30 11:00:00,0.1,1.5,2.4,7.0,270.0,263.0
2025-08-30 12:00:00,0.3,1.6,2.3,7.4,98.0,264.0
2025-08-30 13:00:00,0.5,1.4,2.9,7.2,75.0,271.0
2025-08-30 14:00:00,0.4,1.2,3.3,6.6,24.0,277.0
2025-08-30 15:00:00,0.8,0.9,3.6,5.8,43.0,284.0
2025-08-30 16:00:00,0.9,0.7,3.0,4.9,72.0,282.0
2025-08-30 17:00:00,1.2,0.5,3.0,3.8,102.0,281.0
2025-08-30 18:00:00,1.3,0.4,3.4,3.0,116.0,279.0
2025-08-30 19:00:00,0.9,0.5,2.6,2.7,118.0,272.0
2025-08-30 20:00:00,0.7,0.7,3.5,2.6,172.0,265.0
2025-08-30 21:00:00,0.9,0.9,2.9,2.9,236.0,236.0
2025-08-30 22:00:00,1.2,1.2,2.5,2.5,242.0,242.0
2025-08-30 23:00:00,1.4,1.4,2.6,2.6,242.0,242.0
2025-08-31 00:00:00,1.6,1.6,2.9,2.9,249.0,249.0
2025-08-31 01:00:00,1.8,1.8,3.1,3.1,248.0,248.0
2025-08-31 02:00:00,1.8,1.8,3.3,3.3,247.0,247.0
2025-08-31 03:00:00,1.8,1.8,3.6,3.3,243.0,247.0
2025-08-31 04:00:00,1.8,1.8,3.6,3.3,242.0,244.0
2025-08-31 05:00:00,1.8,1.8,3.6,3.3,240.0,241.0
2025-08-31 06:00:00,1.8,1.7,3.6,3.4,241.0,238.0
2025-08-31 07:00:00,1.4,1.4,3.4,3.6,241.0,240.0
2025-08-31 08:00:00,0.9,1.0,2.6,3.9,240.0,243.0
2025-08-31 09:00:00,0.5,0.9,3.6,4.5,245.0,245.0
2025-08-31 10:00:00,0.8,1.2,4.9,5.9,253.0,238.0
2025-08-31 11:00:00,0.8,1.8,5.5,7.5,231.0,231.0
2025-08-31 12:00:00,1.4,2.3,6.4,8.6,208.0,224.0
2025-08-31 13:00:00,1.9,2.4,9.0,8.4,226.0,228.0
2025-08-31 14:00:00,2.6,2.5,9.5,7.6,222.0,233.0
2025-08-31 15:00:00,2.0,2.5,9.9,7.1,213.0,237.0
2025-08-31 16:00:00,1.8,2.7,8.0,7.3,235.0,229.0
2025-08-31 17:00:00,1.8,2.9,6.9,7.8,243.0,220.0
2025-08-31 18:00:00,1.4,2.9,4.9,7.9,245.0,212.0
2025-08-31 19:00:00,2.2,2.6,6.5,7.2,215.0,216.0
2025-08-31 20:00:00,2.5,2.2,7.0,6.2,214.0,221.0
2025-08-31 21:00:00,2.0,1.9,5.8,5.5,223.0,225.0
2025-08-31 22:00:00,2.1,1.9,5.8,5.5,222.0,228.0
2025-08-31 23:00:00,1.9,2.0,5.5,5.9,232.0,232.0
2025-09-01 00:00:00,1.8,2.1,5.1,6.5,242.0,235.0
2025-09-01 01:00:00,1.8,2.3,5.6,7.1,238.0,237.0
2025-09-01 02:00:00,1.8,2.5,5.8,7.8,241.0,238.0
2025-09-01 03:00:00,1.6,2.8,4.1,8.8,246.0,240.0
2025-09-01 04:00:00,1.5,3.5,4.0,10.7,249.0,237.0
2025-09-01 05:00:00,1.6,4.3,4.1,13.0,249.0,235.0
2025-09-01 06:00:00,1.6,4.6,4.6,13.9,251.0,232.0
2025-09-01 07:00:00,1.6,3.9,4.9,12.3,247.0,247.0
2025-09-01 08:00:00,1.5,2.6,5.4,9.3,245.0,262.0
2025-09-01 09:00:00,1.9,1.8,7.8,7.3,248.0,277.0
2025-09-01 10:00:00,2.3,1.8,8.9,7.4,252.0,267.0
2025-09-01 11:00:00,2.4,2.2,9.0,8.5,252.0,258.0
2025-09-01 12:00:00,2.3,2.5,8.9,9.0,249.0,248.0
2025-09-01 13:00:00,2.8,2.3,9.5,8.4,246.0,248.0
2025-09-01 14:00:00,2.8,2.0,9.4,7.4,240.0,247.0
2025-09-01 15:00:00,1.7,1.7,6.5,6.3,250.0,247.0
2025-09-01 16:00:00,1.6,1.5,6.1,5.3,248.0,248.0
2025-09-01 17:00:00,1.3,1.3,4.8,4.2,242.0,249.0
2025-09-01 18:00:00,1.4,1.2,4.5,3.4,235.0,250.0
2025-09-01 19:00:00,1.4,1.3,4.3,3.0,232.0,250.0
2025-09-01 20:00:00,1.4,1.5,3.9,2.9,223.0,250.0
2025-09-01 21:00:00,1.3,1.6,3.1,3.0,223.0,250.0
2025-09-01 22:00:00,1.2,1.7,2.9,3.2,239.0,249.0
2025-09-01 23:00:00,1.3,1.7,2.8,3.6,247.0,248.0
2025-09-02 00:00:00,1.2,1.7,2.9,3.9,245.0,247.0
2025-09-02 01:00:00,1.1,1.7,2.6,3.9,250.0,247.0
2025-09-02 02:00:00,1.0,1.6,2.6,3.9,247.0,248.0
2025-09-02 03:00:00,0.9,1.6,4.3,3.8,258.0,248.0
2025-09-02 04:00:00,1.1,1.6,3.1,3.7,255.0,250.0
2025-09-02 05:00:00,0.9,1.7,2.5,3.6,268.0,252.0
2025-09-02 06:00:00,1.0,1.7,3.0,3.6,242.0,254.0
2025-09-02 07:00:00,1.0,1.6,2.9,3.8,248.0,252.0
2025-09-02 08:00:00,0.9,1.5,3.4,4.2,251.0,251.0
2025-09-02 09:00:00,1.0,1.4,3.9,4.5,259.0,249.0
2025-09-02 10:00:00,1.1,1.3,3.4,4.7,260.0,276.0
2025-09-02 11:00:00,1.1,1.1,3.8,4.9,260.0,303.0
2025-09-02 12:00:00,1.1,1.1,3.4,5.3,265.0,330.0
2025-09-02 13:00:00,0.8,1.3,3.6,6.2,265.0,349.0
2025-09-02 14:00:00,0.5,1.7,4.3,7.3,263.0,9.0
2025-09-02 15:00:00,1.4,1.9,5.5,7.6,26.0,28.0
2025-09-02 16:00:00,1.3,1.8,5.3,6.4,34.0,43.0
2025-09-02 17:00:00,1.9,1.6,6.1,4.4,51.0,59.0
2025-09-02 18:00:00,1.9,1.3,5.4,2.8,68.0,74.0
2025-09-02 19:00:00,1.6,1.0,3.8,1.9,61.0,131.0
2025-09-02 20:00:00,0.9,0.7,2.1,1.4,58.0,189.0
2025-09-02 21:00:00,0.5,0.6,1.4,1.3,98.0,246.0
2025-09-02 22:00:00,0.8,1.0,2.4,2.0,189.0,244.0
2025-09-02 23:00:00,1.2,1.6,3.0,3.1,215.0,241.0
2025-09-03 00:00:00,1.1,2.1,2.6,4.0,235.0,239.0
2025-09-03 01:00:00,1.3,2.3,1.9,4.3,263.0,238.0
2025-09-03 02:00:00,1.5,2.4,2.3,4.3,246.0,238.0
2025-09-03 03:00:00,1.6,2.4,3.1,4.3,239.0,237.0
2025-09-03 04:00:00,1.6,2.5,3.3,4.3,238.0,237.0
2025-09-03 05:00:00,1.6,2.5,3.4,4.3,240.0,238.0
2025-09-03 06:00:00,1.8,2.3,3.1,4.1,242.0,238.0
2025-09-03 07:00:00,1.5,1.8,3.0,3.5,239.0,232.0
2025-09-03 08:00:00,0.9,1.0,2.0,2.7,238.0,226.0
2025-09-03 09:00:00,0.9,0.5,3.3,2.3,86.0,220.0
2025-09-03 10:00:00,1.4,0.4,5.4,2.8,79.0,178.0
2025-09-03 11:00:00,1.9,0.5,7.3,3.8,84.0,135.0
2025-09-03 12:00:00,2.3,0.6,8.5,4.6,93.0,93.0
2025-09-03 13:00:00,2.4,0.8,7.9,5.2,92.0,90.0
2025-09-03 14:00:00,2.5,1.0,6.9,5.7,90.0,86.0
2025-09-03 15:00:00,2.6,1.1,8.3,5.8,84.0,83.0
2025-09-03 16:00:00,2.3,0.9,7.5,5.2,84.0,66.0
2025-09-03 17:00:00,1.7,0.6,5.6,4.1,87.0,50.0
2025-09-03 18:00:00,1.4,0.6,4.6,3.5,80.0,33.0
2025-09-03 19:00:00,1.0,1.9,3.0,5.5,77.0,339.0
2025-09-03 20:00:00,0.6,2.1,2.0,5.2,79.0,286.0
2025-09-03 21:00:00,0.3,2.2,0.9,5.0,66.0,232.0
2025-09-03 22:00:00,0.2,2.2,0.8,4.8,90.0,234.0
2025-09-03 23:00:00,0.2,2.2,0.6,4.5,211.0,236.0
2025-09-04 00:00:00,0.9,2.1,1.9,4.2,172.0,238.0
2025-09-04 01:00:00,0.9,2.0,1.9,4.0,182.0,239.0
2025-09-04 02:00:00,0.9,1.9,1.9,3.7,186.0,241.0
2025-09-04 03:00:00,0.9,1.8,1.8,3.5,176.0,243.0
2025-09-04 04:00:00,0.8,1.7,1.6,3.4,178.0,239.0
2025-09-04 05:00:00,0.6,1.6,1.4,3.3,192.0,235.0
2025-09-04 06:00:00,0.8,1.5,1.9,3.2,191.0,231.0
2025-09-04 07:00:00,0.6,1.3,1.8,3.2,207.0,227.0
2025-09-04 08:00:00,0.3,1.2,1.4,3.1,174.0,223.0
2025-09-04 09:00:00,0.3,0.6,2.1,2.3,56.0,87.0
2025-09-04 10:00:00,0.4,0.7,2.3,2.9,82.0,79.0
2025-09-04 11:00:00,0.6,0.6,2.6,2.4,84.0,73.0
2025-09-04 12:00:00,0.6,0.8,2.3,2.6,68.0,58.0
2025-09-04 13:00:00,0.7,1.0,2.5,3.3,72.0,49.0
2025-09-04 14:00:00,0.9,1.3,2.5,3.8,66.0,47.0
2025-09-04 15:00:00,0.4,1.4,1.9,4.4,86.0,46.0
2025-09-04 16:00:00,0.9,1.2,2.8,3.9,94.0,49.0
2025-09-04 17:00:00,1.2,0.9,3.3,3.0,53.0,51.0
2025-09-04 18:00:00,1.1,0.7,2.9,2.4,52.0,54.0
2025-09-04 19:00:00,0.8,0.7,2.0,2.7,47.0,36.0
2025-09-04 20:00:00,0.5,0.8,1.3,3.3,27.0,18.0
2025-09-04 21:00:00,0.7,0.9,2.3,1.6,47.0,250.0
2025-09-04 22:00:00,0.7,1.4,3.0,2.3,36.0,248.0
2025-09-04 23:00:00,0.7,1.6,2.0,2.6,37.0,251.0
2025-09-05 00:00:00,0.8,1.5,2.9,3.0,32.0,256.0
2025-09-05 01:00:00,0.9,1.3,3.0,2.8,42.0,261.0
2025-09-05 02:00:00,1.0,0.9,3.4,2.3,43.0,264.0
2025-09-05 03:00:00,0.6,0.8,2.5,1.9,16.0,263.0
2025-09-05 04:00:00,0.8,1.0,3.3,3.0,353.0,291.0
2025-09-05 05:00:00,0.6,1.3,3.9,4.7,357.0,320.0
2025-09-05 06:00:00,0.6,1.6,3.6,6.0,3.0,348.0
2025-09-05 07:00:00,0.6,1.8,3.9,6.4,18.0,344.0
2025-09-05 08:00:00,0.9,2.0,4.4,6.4,32.0,339.0
2025-09-05 09:00:00,1.3,1.4,4.8,4.4,37.0,38.0
2025-09-05 10:00:00,1.3,1.4,4.5,4.1,52.0,42.0
2025-09-05 11:00:00,1.9,1.6,7.0,4.6,54.0,39.0
2025-09-05 12:00:00,2.3,1.4,7.8,3.9,60.0,40.0
2025-09-05 13:00:00,2.6,1.4,8.9,4.3,65.0,54.0
2025-09-05 14:00:00,2.1,1.4,7.0,4.1,73.0,61.0
2025-09-05 15:00:00,2.2,1.8,7.3,5.4,83.0,67.0
2025-09-05 16:00:00,1.9,1.7,6.0,5.0,88.0,72.0
2025-09-05 17:00:00,1.8,1.5,5.3,4.3,96.0,76.0
2025-09-05 18:00:00,1.4,1.3,3.9,3.6,86.0,81.0
2025-09-05 19:00:00,1.1,1.1,2.5,2.9,72.0,103.0
2025-09-05 20:00:00,0.6,0.9,1.4,2.2,108.0,124.0
2025-09-05 21:00:00,0.7,0.4,1.6,1.0,185.0,129.0
2025-09-05 22:00:00,1.2,0.6,3.1,1.4,195.0,170.0
2025-09-05 23:00:00,1.4,1.1,3.3,2.6,216.0,219.0
2025-09-06 00:00:00,1.7,1.4,3.5,3.8,229.0,227.0
2025-09-06 01:00:00,1.9,1.6,3.9,3.3,234.0,238.0
2025-09-06 02:00:00,1.8,1.6,3.8,3.3,243.0,234.0
2025-09-06 03:00:00,1.8,1.8,3.8,3.5,245.0,238.0
2025-09-06 04:00:00,1.9,1.8,4.1,3.5,239.0,240.0
2025-09-06 05:00:00,1.8,1.8,4.0,3.5,249.0,243.0
2025-09-06 06:00:00,1.6,1.8,4.0,3.8,245.0,245.0
2025-09-06 07:00:00,1.6,1.7,4.5,4.5,241.0,245.0
2025-09-06 08:00:00,1.5,1.5,4.9,5.5,242.0,246.0
2025-09-06 09:00:00,2.0,1.7,7.6,6.5,241.0,240.0
2025-09-06 10:00:00,2.2,2.3,8.5,8.4,248.0,247.0
2025-09-06 11:00:00,2.4,2.4,9.3,8.6,251.0,249.0
2025-09-06 12:00:00,2.6,2.4,9.3,9.5,253.0,249.0
2025-09-06 13:00:00,2.8,2.5,9.9,9.5,246.0,244.0
2025-09-06 14:00:00,3.1,2.8,10.5,9.6,241.0,240.0
2025-09-06 15:00:00,2.9,2.8,9.5,9.4,243.0,240.0
2025-09-06 16:00:00,2.6,2.6,9.3,8.7,247.0,238.0
2025-09-06 17:00:00,2.0,2.3,6.6,7.8,243.0,237.0
2025-09-06 18:00:00,1.9,2.1,5.8,7.3,236.0,235.0
2025-09-06 19:00:00,2.3,2.2,7.6,7.6,232.0,235.0
2025-09-06 20:00:00,2.2,2.5,7.6,8.4,230.0,235.0
2025-09-06 21:00:00,2.8,1.6,9.6,5.5,233.0,225.0
2025-09-06 22:00:00,3.8,2.4,12.1,7.8,231.0,229.0
2025-09-06 23:00:00,4.2,2.9,13.9,9.8,240.0,234.0
2025-09-07 00:00:00,3.8,3.8,14.0,12.8,263.0,239.0
2025-09-07 01:00:00,3.9,4.5,13.6,14.6,256.0,239.0
2025-09-07 02:00:00,3.0,4.0,11.1,13.9,265.0,246.0
2025-09-07 03:00:00,2.4,3.6,10.3,13.6,263.0,265.0
2025-09-07 04:00:00,2.3,2.9,9.3,11.3,265.0,265.0
2025-09-07 05:00:00,1.9,2.0,8.0,8.1,260.0,265.0
2025-09-07 06:00:00,1.6,1.3,6.3,5.5,264.0,265.0
2025-09-07 07:00:00,1.1,1.0,4.9,4.4,270.0,274.0
2025-09-07 08:00:00,0.8,0.8,3.0,4.0,253.0,284.0
2025-09-07 09:00:00,0.6,1.3,3.9,5.1,248.0,257.0
2025-09-07 10:00:00,0.7,0.9,3.5,4.4,248.0,255.0
2025-09-07 11:00:00,0.9,1.3,5.6,6.3,257.0,258.0
2025-09-07 12:00:00,1.3,1.3,6.8,6.4,263.0,257.0
2025-09-07 13:00:00,1.2,1.4,6.9,7.0,290.0,267.0
2025-09-07 14:00:00,1.1,1.3,7.4,6.5,267.0,270.0
2025-09-07 15:00:00,1.2,0.9,6.4,5.8,260.0,278.0
2025-09-07 16:00:00,1.5,0.8,7.1,5.0,262.0,312.0
2025-09-07 17:00:00,1.9,0.7,8.0,4.0,273.0,347.0
2025-09-07 18:00:00,1.2,0.6,4.3,3.0,278.0,21.0
2025-09-07 19:00:00,0.7,0.4,3.6,2.1,247.0,47.0
2025-09-07 20:00:00,1.1,0.2,3.3,1.3,239.0,73.0
2025-09-07 21:00:00,0.4,0.4,1.6,1.0,274.0,138.0
2025-09-07 22:00:00,0.8,0.6,1.6,1.4,259.0,218.0
2025-09-07 23:00:00,1.3,1.1,2.3,2.8,246.0,230.0
2025-09-08 00:00:00,1.9,1.3,3.6,2.4,243.0,223.0
2025-09-08 01:00:00,2.0,1.4,4.0,2.8,248.0,249.0
2025-09-08 02:00:00,2.0,1.7,4.1,3.1,248.0,249.0
2025-09-08 03:00:00,2.0,1.9,4.1,3.8,248.0,251.0
2025-09-08 04:00:00,2.0,2.0,4.4,4.0,247.0,251.0
2025-09-08 05:00:00,2.1,2.1,4.6,4.1,246.0,251.0
2025-09-08 06:00:00,2.1,2.1,5.0,4.1,247.0,251.0
2025-09-08 07:00:00,2.0,1.9,5.1,4.0,247.0,247.0
2025-09-08 08:00:00,1.9,1.5,5.5,3.8,248.0,243.0
2025-09-08 09:00:00,1.8,1.8,5.5,5.3,253.0,249.0
2025-09-08 10:00:00,1.2,0.9,4.4,3.5,258.0,247.0
2025-09-08 11:00:00,0.3,0.8,3.5,4.3,264.0,169.0
2025-09-08 12:00:00,0.3,0.9,3.6,4.9,29.0,162.0
2025-09-08 13:00:00,0.7,0.6,4.1,4.8,90.0,166.0
2025-09-08 14:00:00,0.6,0.9,3.8,5.0,108.0,186.0
2025-09-08 15:00:00,0.2,0.9,2.9,4.6,349.0,241.0
2025-09-08 16:00:00,0.5,1.0,3.6,4.2,349.0,244.0
2025-09-08 17:00:00,0.9,1.2,4.6,3.8,345.0,246.0
2025-09-08 18:00:00,0.9,1.3,4.0,3.4,345.0,249.0
2025-09-08 19:00:00,0.4,1.4,1.1,3.2,279.0,250.0
2025-09-08 20:00:00,0.5,1.4,1.0,3.0,228.0,251.0
2025-09-08 21:00:00,1.1,1.3,2.5,3.3,25.0,240.0
2025-09-08 22:00:00,1.6,1.4,5.0,2.9,7.0,261.0
2025-09-08 23:00:00,1.3,1.8,4.4,3.0,330.0,247.0
2025-09-09 00:00:00,1.3,1.8,2.0,3.1,216.0,255.0
2025-09-09 01:00:00,1.4,1.9,3.8,3.9,237.0,266.0
2025-09-09 02:00:00,1.6,2.2,3.9,4.4,275.0,256.0
2025-09-09 03:00:00,3.1,2.1,8.9,5.1,352.0,245.0
2025-09-09 04:00:00,0.3,1.8,2.3,4.4,346.0,252.0
2025-09-09 05:00:00,1.4,1.4,2.6,3.2,209.0,260.0
2025-09-09 06:00:00,1.6,1.1,4.1,2.4,220.0,267.0
2025-09-09 07:00:00,1.2,1.2,2.9,2.6,239.0,250.0
2025-09-09 08:00:00,1.2,1.4,2.9,3.2,229.0,233.0
2025-09-09 09:00:00,0.6,0.4,2.5,2.1,190.0,48.0
2025-09-09 10:00:00,0.3,1.4,2.6,4.3,107.0,44.0
2025-09-09 11:00:00,0.9,1.0,4.5,4.5,72.0,35.0
2025-09-09 12:00:00,0.9,2.1,3.9,7.5,90.0,24.0
2025-09-09 13:00:00,1.5,1.9,5.4,6.6,82.0,8.0
2025-09-09 14:00:00,2.6,1.8,8.8,5.8,72.0,1.0
2025-09-09 15:00:00,1.6,2.1,5.1,7.3,85.0,359.0
2025-09-09 16:00:00,1.6,1.9,5.8,6.3,68.0,360.0
2025-09-09 17:00:00,1.5,1.6,5.0,4.8,60.0,0.0
2025-09-09 18:00:00,1.1,1.3,3.0,3.6,57.0,1.0
2025-09-09 19:00:00,0.7,0.9,2.0,2.7,53.0,349.0
2025-09-09 20:00:00,0.4,0.5,1.3,1.9,72.0,338.0
2025-09-09 21:00:00,0.1,0.6,0.4,1.1,236.0,23.0
2025-09-09 22:00:00,0.4,1.0,0.6,2.3,253.0,340.0
2025-09-09 23:00:00,0.8,0.7,1.1,1.5,272.0,270.0
2025-09-10 00:00:00,1.0,1.0,1.8,1.8,272.0,263.0
2025-09-10 01:00:00,1.1,1.2,2.1,1.9,262.0,256.0
2025-09-10 02:00:00,1.0,1.3,2.1,2.0,256.0,246.0
2025-09-10 03:00:00,1.6,1.4,2.4,2.6,243.0,254.0
2025-09-10 04:00:00,1.5,1.5,2.4,2.8,245.0,252.0
2025-09-10 05:00:00,1.6,1.6,2.5,2.9,242.0,250.0
2025-09-10 06:00:00,1.6,1.6,2.6,3.1,252.0,248.0
2025-09-10 07:00:00,1.4,1.4,2.6,3.3,253.0,288.0
2025-09-10 08:00:00,0.7,1.0,2.1,3.5,257.0,328.0
2025-09-10 09:00:00,1.3,2.4,5.3,8.5,47.0,10.0
2025-09-10 10:00:00,1.8,3.0,6.9,9.6,56.0,18.0
2025-09-10 11:00:00,2.4,3.5,7.8,10.6,47.0,22.0
2025-09-10 12:00:00,2.4,3.4,7.9,10.5,51.0,22.0
2025-09-10 13:00:00,2.6,3.1,8.3,9.5,56.0,22.0
2025-09-10 14:00:00,2.3,2.4,7.9,7.9,59.0,36.0
2025-09-10 15:00:00,2.0,2.4,6.4,7.4,31.0,39.0
2025-09-10 16:00:00,2.1,1.9,6.6,5.6,32.0,42.0
2025-09-10 17:00:00,1.9,1.3,5.9,3.6,34.0,46.0
2025-09-10 18:00:00,1.4,1.0,4.4,2.1,30.0,49.0
2025-09-10 19:00:00,1.0,1.0,2.5,1.6,22.0,351.0
2025-09-10 20:00:00,0.9,1.2,2.8,1.7,4.0,294.0
2025-09-10 21:00:00,1.1,0.3,3.0,0.6,9.0,6.0
2025-09-10 22:00:00,0.7,0.6,2.8,0.9,349.0,233.0
2025-09-10 23:00:00,0.4,1.1,2.0,1.5,290.0,265.0
2025-09-11 00:00:00,0.8,1.6,1.9,2.5,260.0,235.0
2025-09-11 01:00:00,1.0,1.9,1.8,3.1,256.0,246.0
2025-09-11 02:00:00,1.1,1.6,1.8,2.6,264.0,253.0
2025-09-11 03:00:00,1.3,1.7,3.0,2.6,244.0,244.0
2025-09-11 04:00:00,1.3,1.5,2.8,2.3,247.0,244.0
2025-09-11 05:00:00,1.0,1.3,2.6,1.9,256.0,244.0
2025-09-11 06:00:00,0.9,1.1,2.3,2.0,261.0,244.0
2025-09-11 07:00:00,0.9,1.1,2.8,3.0,256.0,288.0
2025-09-11 08:00:00,0.5,1.1,4.0,4.5,281.0,331.0
2025-09-11 09:00:00,2.3,1.2,7.6,5.1,24.0,28.0
2025-09-11 10:00:00,2.6,1.9,8.0,6.8,31.0,48.0
2025-09-11 11:00:00,2.7,2.1,8.3,7.0,39.0,50.0
2025-09-11 12:00:00,3.0,2.4,9.6,8.0,45.0,49.0
2025-09-11 13:00:00,3.4,2.8,10.5,8.9,51.0,49.0
2025-09-11 14:00:00,3.1,2.9,10.3,9.1,52.0,51.0
2025-09-11 15:00:00,3.8,2.8,11.9,8.8,57.0,52.0
2025-09-11 16:00:00,2.8,2.6,9.0,7.9,60.0,49.0
2025-09-11 17:00:00,2.1,2.2,6.6,6.5,58.0,47.0
2025-09-11 18:00:00,1.6,1.8,5.1,5.3,55.0,44.0
2025-09-11 19:00:00,1.3,1.5,4.6,4.4,53.0,40.0
2025-09-11 20:00:00,1.2,1.3,3.4,3.6,47.0,36.0
2025-09-11 21:00:00,1.1,0.9,3.4,2.6,50.0,36.0
2025-09-11 22:00:00,1.0,1.0,3.5,3.4,43.0,42.0
2025-09-11 23:00:00,0.8,0.8,2.6,3.5,33.0,48.0
2025-09-12 00:00:00,0.9,0.8,2.6,2.5,41.0,58.0
2025-09-12 01:00:00,1.4,1.0,3.5,2.3,22.0,43.0
2025-09-12 02:00:00,0.8,1.1,2.8,2.4,20.0,29.0
2025-09-12 03:00:00,0.8,0.8,2.5,2.3,7.0,21.0
2025-09-12 04:00:00,0.7,0.8,2.3,2.2,15.0,23.0
2025-09-12 05:00:00,0.6,0.7,2.0,2.1,25.0,26.0
2025-09-12 06:00:00,0.6,0.8,2.0,2.4,36.0,28.0
2025-09-12 07:00:00,0.6,1.0,2.3,3.3,27.0,37.0
2025-09-12 08:00:00,0.9,1.3,4.5,4.7,55.0,46.0
2025-09-12 09:00:00,0.9,1.4,3.9,6.4,56.0,76.0
2025-09-12 10:00:00,0.9,1.4,4.4,5.6,52.0,84.0
2025-09-12 11:00:00,1.1,1.7,4.0,7.4,50.0,93.0
2025-09-12 12:00:00,1.3,1.5,4.3,5.6,76.0,96.0
2025-09-12 13:00:00,1.0,1.7,4.1,6.3,79.0,102.0
2025-09-12 14:00:00,0.9,1.8,4.5,6.4,58.0,96.0
2025-09-12 15:00:00,1.0,1.1,4.4,3.8,67.0,73.0
2025-09-12 16:00:00,0.3,1.2,2.3,4.0,78.0,66.0
2025-09-12 17:00:00,0.8,1.4,2.6,4.6,55.0,58.0
2025-09-12 18:00:00,0.8,1.4,2.4,4.8,47.0,51.0
2025-09-12 19:00:00,0.8,1.1,2.6,4.1,58.0,61.0
2025-09-12 20:00:00,0.9,0.7,2.4,3.0,35.0,71.0
2025-09-12 21:00:00,0.4,1.9,1.5,7.3,28.0,56.0
2025-09-12 22:00:00,0.6,1.6,2.3,7.1,345.0,47.0
2025-09-12 23:00:00,0.6,1.5,2.6,7.6,350.0,43.0
2025-09-13 00:00:00,0.8,1.1,1.6,4.5,247.0,51.0
2025-09-13 01:00:00,1.1,1.4,1.9,5.9,247.0,72.0
2025-09-13 02:00:00,0.7,0.9,2.1,4.1,273.0,72.0
2025-09-13 03:00:00,0.6,0.6,1.9,3.0,87.0,50.0
2025-09-13 04:00:00,0.4,0.8,1.6,3.0,63.0,47.0
2025-09-13 05:00:00,0.4,1.2,1.4,3.2,72.0,43.0
2025-09-13 06:00:00,0.8,1.4,2.5,3.3,34.0,40.0
2025-09-13 07:00:00,1.1,1.3,3.4,3.3,44.0,56.0
2025-09-13 08:00:00,1.1,1.1,3.6,3.3,19.0,72.0
2025-09-13 09:00:00,0.9,0.3,3.9,1.3,0.0,0.0
2025-09-13 10:00:00,1.3,0.8,6.6,2.0,346.0,291.0
2025-09-13 11:00:00,2.3,0.6,8.4,2.5,354.0,191.0
2025-09-13 12:00:00,1.6,1.1,7.4,3.0,349.0,9.0
2025-09-13 13:00:00,2.3,1.2,7.6,3.9,14.0,43.0
2025-09-13 14:00:00,2.4,2.0,7.9,5.8,22.0,29.0
2025-09-13 15:00:00,3.6,2.2,11.6,6.6,357.0,4.0
2025-09-13 16:00:00,3.3,2.5,11.1,7.9,3.0,354.0
2025-09-13 17:00:00,2.9,2.6,9.9,9.2,7.0,345.0
2025-09-13 18:00:00,2.1,2.6,7.8,9.6,13.0,335.0
2025-09-13 19:00:00,1.6,2.2,6.4,8.7,15.0,342.0
2025-09-13 20:00:00,0.8,1.6,4.8,6.9,15.0,348.0
2025-09-13 21:00:00,0.9,0.6,4.6,2.6,29.0,52.0
2025-09-13 22:00:00,0.9,0.4,4.6,2.5,20.0,59.0
2025-09-13 23:00:00,0.8,0.8,4.0,3.4,355.0,21.0
2025-09-14 00:00:00,0.3,0.2,2.3,2.0,0.0,351.0
2025-09-14 01:00:00,0.3,0.3,1.3,0.8,293.0,196.0
2025-09-14 02:00:00,0.3,0.1,0.6,0.5,236.0,233.0
2025-09-14 03:00:00,1.1,0.4,2.3,0.8,210.0,240.0
2025-09-14 04:00:00,0.8,0.4,1.8,0.6,228.0,239.0
2025-09-14 05:00:00,0.6,0.3,1.3,0.5,253.0,237.0
2025-09-14 06:00:00,0.8,0.3,1.5,0.5,227.0,236.0
2025-09-14 07:00:00,0.7,0.3,1.8,0.6,220.0,220.0
2025-09-14 08:00:00,0.6,0.3,1.9,0.9,234.0,203.0
2025-09-14 09:00:00,0.5,0.4,1.9,2.3,213.0,150.0
2025-09-14 10:00:00,0.5,0.2,3.5,2.3,232.0,171.0
2025-09-14 11:00:00,0.7,0.3,4.4,2.6,262.0,315.0
2025-09-14 12:00:00,0.8,0.8,5.3,4.0,270.0,301.0
2025-09-14 13:00:00,1.3,0.8,6.5,4.1,266.0,270.0
2025-09-14 14:00:00,1.3,0.7,6.5,3.0,264.0,238.0
2025-09-14 15:00:00,0.9,1.1,4.8,5.5,257.0,233.0
2025-09-14 16:00:00,0.9,1.2,4.1,5.1,258.0,238.0
2025-09-14 17:00:00,1.1,1.2,4.1,4.3,248.0,242.0
2025-09-14 18:00:00,1.2,1.3,3.5,3.8,237.0,247.0
2025-09-14 19:00:00,1.6,1.5,3.6,3.8,234.0,246.0
2025-09-14 20:00:00,1.9,1.7,3.9,4.0,241.0,244.0
2025-09-14 21:00:00,1.9,1.8,3.9,4.0,238.0,242.0
2025-09-14 22:00:00,2.2,2.0,4.6,4.4,243.0,246.0
2025-09-14 23:00:00,2.3,2.1,5.5,4.8,246.0,247.0
2025-09-15 00:00:00,2.3,2.1,5.8,5.0,247.0,250.0
2025-09-15 01:00:00,2.1,2.2,5.4,5.3,248.0,249.0
2025-09-15 02:00:00,2.1,2.1,5.0,5.3,248.0,249.0
2025-09-15 03:00:00,1.9,2.2,4.6,5.4,245.0,249.0
2025-09-15 04:00:00,1.9,2.2,4.4,5.1,246.0,249.0
2025-09-15 05:00:00,1.9,2.1,4.1,4.6,249.0,250.0
2025-09-15 06:00:00,1.9,2.0,4.4,4.3,249.0,250.0
2025-09-15 07:00:00,1.8,1.9,4.4,4.4,247.0,250.0
2025-09-15 08:00:00,1.6,1.7,4.1,4.6,249.0,249.0
2025-09-15 09:00:00,1.4,1.1,4.1,3.8,247.0,242.0
2025-09-15 10:00:00,1.1,0.6,4.0,3.1,249.0,237.0
2025-09-15 11:00:00,0.8,0.1,3.9,3.3,252.0,0.0
2025-09-15 12:00:00,0.6,0.6,3.6,3.6,234.0,80.0
2025-09-15 13:00:00,0.3,0.8,3.1,4.3,216.0,106.0
2025-09-15 14:00:00,0.4,1.0,3.1,4.3,189.0,99.0
2025-09-15 15:00:00,0.2,0.9,2.6,3.6,248.0,110.0
2025-09-15 16:00:00,0.0,0.7,1.8,2.9,180.0,168.0
2025-09-15 17:00:00,0.4,0.5,2.0,2.1,345.0,227.0
2025-09-15 18:00:00,0.9,0.5,3.1,1.6,308.0,285.0
2025-09-15 19:00:00,1.3,0.9,3.1,1.9,279.0,274.0
2025-09-15 20:00:00,1.6,1.5,2.9,2.7,257.0,263.0
2025-09-15 21:00:00,2.1,1.9,3.6,3.4,258.0,246.0
2025-09-15 22:00:00,2.0,2.2,3.8,4.1,253.0,243.0
2025-09-15 23:00:00,2.1,2.4,4.1,4.8,248.0,244.0
2025-09-16 00:00:00,2.1,2.2,4.4,4.6,245.0,250.0
2025-09-16 01:00:00,2.1,2.3,4.4,4.9,246.0,248.0
2025-09-16 02:00:00,2.1,2.3,4.5,4.9,245.0,245.0
2025-09-16 03:00:00,2.2,2.4,4.5,5.0,244.0,245.0
2025-09-16 04:00:00,2.3,2.4,4.6,5.0,244.0,246.0
2025-09-16 05:00:00,2.1,2.4,4.5,5.0,245.0,247.0
2025-09-16 06:00:00,2.0,2.3,4.1,4.8,249.0,248.0
2025-09-16 07:00:00,1.8,2.0,4.1,4.3,245.0,248.0
2025-09-16 08:00:00,1.4,1.5,3.8,3.8,244.0,247.0
2025-09-16 09:00:00,1.0,1.1,3.6,3.8,242.0,245.0
2025-09-16 10:00:00,1.3,1.1,5.5,4.6,254.0,234.0
2025-09-16 11:00:00,1.7,1.2,7.4,5.0,257.0,235.0
2025-09-16 12:00:00,2.1,1.4,7.9,6.1,253.0,246.0
2025-09-16 13:00:00,1.9,1.5,7.5,6.8,253.0,250.0
2025-09-16 14:00:00,1.9,1.0,7.5,4.6,252.0,249.0
2025-09-16 15:00:00,1.1,1.8,5.4,5.9,247.0,232.0
2025-09-16 16:00:00,1.1,1.8,4.8,6.1,241.0,234.0
2025-09-16 17:00:00,0.8,1.8,3.8,6.3,242.0,236.0
2025-09-16 18:00:00,1.1,1.9,3.3,6.9,231.0,238.0
2025-09-16 19:00:00,1.1,2.2,3.6,7.6,234.0,238.0
2025-09-16 20:00:00,0.8,2.5,2.6,8.6,250.0,237.0
2025-09-16 21:00:00,1.9,1.6,6.4,6.0,232.0,248.0
2025-09-16 22:00:00,2.6,2.0,7.9,6.8,232.0,241.0
2025-09-16 23:00:00,2.9,2.6,9.1,8.4,239.0,238.0
2025-09-17 00:00:00,2.8,3.1,9.8,9.9,242.0,236.0
2025-09-17 01:00:00,2.5,3.6,9.1,11.5,249.0,239.0
2025-09-17 02:00:00,2.9,3.9,9.3,13.0,229.0,249.0
2025-09-17 03:00:00,2.6,3.9,10.3,13.8,265.0,258.0
2025-09-17 04:00:00,1.9,3.8,8.4,13.4,282.0,262.0
2025-09-17 05:00:00,1.5,3.4,7.1,12.4,276.0,267.0
2025-09-17 06:00:00,1.2,3.0,6.1,11.0,268.0,271.0
2025-09-17 07:00:00,0.8,2.4,3.9,9.4,248.0,269.0
2025-09-17 08:00:00,0.8,1.6,2.6,7.6,247.0,268.0
2025-09-17 09:00:00,0.8,0.9,3.1,4.0,312.0,289.0
2025-09-17 10:00:00,0.9,0.8,2.4,4.4,31.0,312.0
2025-09-17 11:00:00,1.4,0.6,5.3,3.9,45.0,352.0
2025-09-17 12:00:00,1.9,1.7,6.1,5.4,56.0,39.0
2025-09-17 13:00:00,1.9,2.3,5.6,7.3,61.0,51.0
2025-09-17 14:00:00,1.5,2.0,4.1,5.5,70.0,35.0
2025-09-17 15:00:00,0.9,1.5,2.8,4.1,39.0,48.0
2025-09-17 16:00:00,0.4,1.2,1.4,3.1,39.0,33.0
2025-09-17 17:00:00,1.3,0.7,3.4,2.0,115.0,19.0
2025-09-17 18:00:00,1.0,0.5,3.5,1.5,113.0,4.0
2025-09-17 19:00:00,0.9,0.6,2.4,2.3,58.0,6.0
2025-09-17 20:00:00,0.9,1.0,2.9,3.8,74.0,7.0
2025-09-17 21:00:00,1.6,1.7,4.9,4.5,1.0,37.0
2025-09-17 22:00:00,1.6,1.7,4.5,4.9,33.0,28.0
2025-09-17 23:00:00,0.9,2.1,2.6,6.4,36.0,27.0
2025-09-18 00:00:00,1.4,2.3,3.6,7.1,27.0,17.0
2025-09-18 01:00:00,1.4,2.2,3.8,6.8,28.0,25.0
2025-09-18 02:00:00,1.5,2.1,4.3,6.6,25.0,28.0
2025-09-18 03:00:00,1.3,2.4,2.8,7.5,29.0,28.0
2025-09-18 04:00:00,1.4,2.4,4.4,7.4,42.0,33.0
2025-09-18 05:00:00,1.7,2.3,5.0,7.1,45.0,38.0
2025-09-18 06:00:00,1.9,2.2,5.3,6.9,31.0,43.0
2025-09-18 07:00:00,1.9,2.1,5.4,6.7,35.0,40.0
2025-09-18 08:00:00,2.6,2.0,8.0,6.5,39.0,36.0
2025-09-18 09:00:00,1.8,2.1,6.3,8.0,36.0,31.0
2025-09-18 10:00:00,1.3,1.8,6.0,7.1,42.0,32.0
2025-09-18 11:00:00,1.3,2.3,4.6,7.1,32.0,42.0
2025-09-18 12:00:00,1.6,2.6,5.3,7.4,32.0,45.0
2025-09-18 13:00:00,1.8,3.3,6.0,9.9,49.0,45.0
2025-09-18 14:00:00,1.8,3.8,5.8,11.4,49.0,45.0
2025-09-18 15:00:00,2.4,3.2,7.4,9.5,51.0,48.0
2025-09-18 16:00:00,3.2,2.7,9.6,8.0,57.0,46.0
2025-09-18 17:00:00,3.2,1.8,9.5,5.7,57.0,45.0
2025-09-18 18:00:00,1.6,1.2,5.3,3.9,52.0,43.0
2025-09-18 19:00:00,1.1,0.9,4.0,3.2,46.0,48.0
2025-09-18 20:00:00,1.0,0.9,3.9,3.1,51.0,54.0
2025-09-18 21:00:00,1.1,0.7,3.4,3.3,43.0,27.0
2025-09-18 22:00:00,1.0,0.9,3.3,3.4,40.0,29.0
2025-09-18 23:00:00,0.9,0.8,3.0,2.9,33.0,26.0
2025-09-19 00:00:00,0.8,0.8,2.8,2.5,22.0,32.0
2025-09-19 01:00:00,0.9,0.9,2.6,2.5,23.0,26.0
2025-09-19 02:00:00,1.2,0.9,3.3,2.5,27.0,24.0
2025-09-19 03:00:00,1.1,0.9,2.5,2.6,30.0,30.0
2025-09-19 04:00:00,0.9,1.0,2.0,2.8,25.0,33.0
2025-09-19 05:00:00,0.9,1.0,2.0,3.2,32.0,35.0
2025-09-19 06:00:00,1.2,1.1,2.9,3.5,10.0,38.0
2025-09-19 07:00:00,1.1,1.2,2.6,3.7,12.0,41.0
2025-09-19 08:00:00,0.4,1.2,1.6,4.0,23.0,44.0
2025-09-19 09:00:00,1.3,0.8,4.5,3.3,75.0,60.0
2025-09-19 10:00:00,1.3,1.0,5.6,4.6,93.0,85.0
2025-09-19 11:00:00,1.5,1.3,6.4,4.9,85.0,69.0
2025-09-19 12:00:00,1.7,1.9,6.9,7.5,87.0,68.0
2025-09-19 13:00:00,1.5,2.4,5.3,8.5,90.0,82.0
2025-09-19 14:00:00,1.6,1.8,6.0,6.5,87.0,80.0
2025-09-19 15:00:00,1.6,1.1,5.3,3.6,88.0,70.0
2025-09-19 16:00:00,1.1,1.0,4.3,2.9,85.0,69.0
2025-09-19 17:00:00,0.8,0.9,2.6,2.6,85.0,68.0
2025-09-19 18:00:00,0.6,0.8,2.3,2.3,87.0,67.0
2025-09-19 19:00:00,0.4,0.8,1.6,2.0,80.0,51.0
2025-09-19 20:00:00,0.3,0.7,1.6,1.8,45.0,34.0
2025-09-19 21:00:00,0.2,0.3,1.9,1.1,101.0,225.0
2025-09-19 22:00:00,0.3,0.3,2.0,1.1,111.0,151.0
2025-09-19 23:00:00,0.4,0.3,1.9,1.0,38.0,203.0
2025-09-20 00:00:00,0.3,0.1,1.4,1.0,37.0,180.0
2025-09-20 01:00:00,0.3,0.3,1.3,1.5,98.0,6.0
2025-09-20 02:00:00,0.1,0.6,0.5,2.4,27.0,45.0
2025-09-20 03:00:00,0.6,0.9,2.5,2.9,140.0,38.0
2025-09-20 04:00:00,0.8,0.9,3.1,2.9,168.0,40.0
2025-09-20 05:00:00,0.4,0.7,2.4,2.7,124.0,43.0
2025-09-20 06:00:00,0.8,0.6,1.9,2.5,298.0,45.0
2025-09-20 07:00:00,1.0,0.7,2.9,2.4,284.0,41.0
2025-09-20 08:00:00,1.3,0.8,3.0,2.3,251.0,38.0
2025-09-20 09:00:00,1.1,1.5,2.8,5.6,240.0,330.0
2025-09-20 10:00:00,0.9,1.3,3.4,4.5,250.0,330.0
2025-09-20 11:00:00,1.5,0.9,5.8,3.5,275.0,324.0
2025-09-20 12:00:00,2.2,1.2,7.1,3.1,273.0,334.0
2025-09-20 13:00:00,2.8,1.6,9.8,3.8,277.0,341.0
2025-09-20 14:00:00,2.2,1.9,7.6,4.3,293.0,354.0
2025-09-20 15:00:00,2.5,1.9,8.6,5.5,15.0,11.0
2025-09-20 16:00:00,2.1,1.6,7.0,4.8,21.0,28.0
2025-09-20 17:00:00,2.6,1.2,8.8,3.5,23.0,45.0
2025-09-20 18:00:00,2.2,0.8,7.5,2.6,19.0,62.0
2025-09-20 19:00:00,2.6,0.7,8.9,2.4,24.0,81.0
2025-09-20 20:00:00,1.9,0.6,7.0,2.5,16.0,100.0
2025-09-20 21:00:00,3.2,1.6,10.5,4.9,17.0,8.0
2025-09-20 22:00:00,2.8,1.8,9.5,6.6,17.0,356.0
2025-09-20 23:00:00,2.4,0.9,8.5,4.4,19.0,329.0
2025-09-21 00:00:00,1.4,1.9,6.5,6.0,9.0,356.0
2025-09-21 01:00:00,1.6,2.5,7.0,9.4,3.0,359.0
2025-09-21 02:00:00,1.6,2.0,6.8,7.8,359.0,349.0
2025-09-21 03:00:00,1.3,1.4,6.3,7.3,354.0,341.0
2025-09-21 04:00:00,1.3,1.6,7.0,7.8,357.0,353.0
2025-09-21 05:00:00,1.1,2.0,6.4,8.2,355.0,5.0
2025-09-21 06:00:00,1.1,2.3,6.5,8.5,3.0,17.0
2025-09-21 07:00:00,1.5,2.4,6.6,8.3,7.0,15.0
2025-09-21 08:00:00,1.8,2.3,7.1,7.9,17.0,13.0
2025-09-21 09:00:00,2.2,2.5,7.0,8.8,27.0,13.0
2025-09-21 10:00:00,2.1,2.3,6.6,8.0,33.0,12.0
2025-09-21 11:00:00,1.8,2.3,5.6,7.8,34.0,14.0
2025-09-21 12:00:00,1.9,3.1,5.9,9.6,28.0,22.0
2025-09-21 13:00:00,2.6,3.6,8.0,11.1,25.0,19.0
2025-09-21 14:00:00,2.4,3.5,6.8,10.9,30.0,25.0
2025-09-21 15:00:00,3.0,3.3,9.3,9.9,36.0,33.0
2025-09-21 16:00:00,2.6,2.9,7.1,8.4,41.0,29.0
2025-09-21 17:00:00,2.1,2.4,6.0,6.2,39.0,25.0
2025-09-21 18:00:00,1.6,1.8,4.5,4.4,38.0,21.0
2025-09-21 19:00:00,1.2,1.2,3.3,3.1,27.0,29.0
2025-09-21 20:00:00,1.3,0.7,3.0,2.2,17.0,37.0
2025-09-21 21:00:00,1.3,1.1,2.4,2.5,17.0,14.0
2025-09-21 22:00:00,1.0,1.1,2.0,2.4,353.0,347.0
2025-09-21 23:00:00,0.4,0.7,1.4,1.8,330.0,317.0
2025-09-22 00:00:00,0.5,0.7,1.0,1.3,266.0,278.0
2025-09-22 01:00:00,1.1,0.9,1.8,1.5,241.0,264.0
2025-09-22 02:00:00,1.1,0.7,2.5,1.4,247.0,267.0
2025-09-22 03:00:00,0.8,0.9,1.5,1.4,255.0,264.0
2025-09-22 04:00:00,0.8,0.9,1.6,1.5,265.0,260.0
2025-09-22 05:00:00,0.6,0.9,1.4,1.7,250.0,256.0
2025-09-22 06:00:00,0.6,0.9,1.4,1.8,253.0,252.0
2025-09-22 07:00:00,0.4,0.7,1.6,1.6,270.0,249.0
2025-09-22 08:00:00,0.9,0.5,2.5,1.3,315.0,246.0
2025-09-22 09:00:00,0.4,0.4,2.5,2.1,335.0,315.0
2025-09-22 10:00:00,0.9,0.6,3.4,2.1,47.0,322.0
2025-09-22 11:00:00,2.8,0.7,8.8,3.5,71.0,31.0
2025-09-22 12:00:00,3.5,0.2,11.5,2.0,86.0,9.0
2025-09-22 13:00:00,2.9,0.4,9.8,2.9,87.0,60.0
2025-09-22 14:00:00,3.3,1.1,10.5,5.9,90.0,84.0
2025-09-22 15:00:00,3.6,1.4,10.9,4.0,84.0,82.0
2025-09-22 16:00:00,3.3,1.3,9.5,3.9,87.0,72.0
2025-09-22 17:00:00,1.6,1.0,6.3,3.4,79.0,62.0
2025-09-22 18:00:00,1.1,0.7,3.5,3.1,76.0,52.0
2025-09-22 19:00:00,1.1,0.6,2.8,3.1,55.0,40.0
2025-09-22 20:00:00,0.9,0.7,2.3,3.3,37.0,27.0
2025-09-22 21:00:00,1.1,0.8,2.6,2.4,17.0,22.0
2025-09-22 22:00:00,0.7,1.0,2.0,2.5,15.0,15.0
2025-09-22 23:00:00,0.9,0.4,2.0,1.3,331.0,351.0
2025-09-23 00:00:00,0.4,0.4,1.0,0.8,318.0,288.0
2025-09-23 01:00:00,0.3,0.5,0.6,1.3,284.0,342.0
2025-09-23 02:00:00,0.3,0.6,0.8,1.3,278.0,291.0
2025-09-23 03:00:00,0.1,0.7,0.8,1.9,270.0,315.0
2025-09-23 04:00:00,0.1,0.6,0.6,1.9,214.0,326.0
2025-09-23 05:00:00,0.1,0.5,1.0,1.7,342.0,338.0
2025-09-23 06:00:00,0.3,0.5,1.4,1.9,0.0,349.0
2025-09-23 07:00:00,0.4,0.6,1.4,2.7,309.0,10.0
2025-09-23 08:00:00,0.3,0.8,1.8,3.9,304.0,31.0
2025-09-23 09:00:00,0.9,0.9,4.6,4.6,53.0,49.0
2025-09-23 10:00:00,1.8,1.8,6.8,6.8,65.0,57.0
2025-09-23 11:00:00,2.6,2.7,8.6,8.6,73.0,62.0
2025-09-23 12:00:00,2.2,2.9,7.4,9.3,77.0,64.0
2025-09-23 13:00:00,2.9,3.4,9.8,10.8,78.0,67.0
2025-09-23 14:00:00,2.8,3.5,8.5,10.9,82.0,65.0
2025-09-23 15:00:00,2.6,3.2,7.9,10.3,78.0,73.0
2025-09-23 16:00:00,2.3,2.6,7.4,8.6,77.0,71.0
2025-09-23 17:00:00,1.8,1.8,6.0,6.0,77.0,70.0
2025-09-23 18:00:00,1.1,1.1,4.0,3.9,80.0,68.0
2025-09-23 19:00:00,0.8,0.8,3.1,2.9,58.0,63.0
2025-09-23 20:00:00,0.7,0.7,2.4,2.3,65.0,59.0
2025-09-23 21:00:00,0.7,0.2,2.1,1.1,52.0,101.0
2025-09-23 22:00:00,0.6,0.3,1.9,0.6,30.0,204.0
2025-09-23 23:00:00,0.3,0.5,1.6,1.0,78.0,220.0
2025-09-24 00:00:00,0.2,0.8,0.9,1.5,162.0,217.0
2025-09-24 01:00:00,0.3,0.9,0.9,1.8,233.0,221.0
2025-09-24 02:00:00,0.8,1.0,1.0,2.1,222.0,225.0
2025-09-24 03:00:00,0.9,1.0,2.0,2.1,232.0,235.0
2025-09-24 04:00:00,1.1,1.0,2.4,2.1,230.0,232.0
2025-09-24 05:00:00,1.1,0.9,2.3,2.0,237.0,229.0
2025-09-24 06:00:00,1.1,0.9,2.4,2.1,232.0,226.0
2025-09-24 07:00:00,1.0,0.8,2.5,2.2,238.0,218.0
2025-09-24 08:00:00,0.8,0.6,2.8,2.4,236.0,210.0
2025-09-24 09:00:00,0.8,1.0,5.3,6.4,173.0,187.0
2025-09-24 10:00:00,1.4,1.8,7.1,8.4,177.0,177.0
2025-09-24 11:00:00,2.0,3.3,8.8,11.6,201.0,188.0
2025-09-24 12:00:00,2.3,4.2,7.8,12.6,216.0,203.0
2025-09-24 13:00:00,1.8,4.6,6.4,13.4,219.0,209.0
2025-09-24 14:00:00,1.8,4.4,5.8,12.6,231.0,219.0
2025-09-24 15:00:00,1.9,4.1,6.9,12.0,228.0,219.0
2025-09-24 16:00:00,1.2,3.5,4.3,10.7,220.0,227.0
2025-09-24 17:00:00,1.4,2.6,4.8,9.1,228.0,234.0
2025-09-24 18:00:00,1.8,2.2,5.3,8.3,219.0,242.0
2025-09-24 19:00:00,2.5,2.6,7.6,9.2,207.0,240.0
2025-09-24 20:00:00,1.9,3.4,7.9,11.0,232.0,238.0
2025-09-24 21:00:00,3.5,1.8,11.4,6.4,221.0,244.0
2025-09-24 22:00:00,4.2,1.8,13.4,6.8,227.0,263.0
2025-09-24 23:00:00,2.5,2.3,9.1,8.0,238.0,255.0
2025-09-25 00:00:00,5.3,2.4,16.9,8.8,247.0,249.0
2025-09-25 01:00:00,5.1,2.4,16.1,9.1,253.0,263.0
2025-09-25 02:00:00,4.6,3.1,14.5,11.0,248.0,259.0
2025-09-25 03:00:00,2.2,3.9,7.9,13.9,248.0,255.0
2025-09-25 04:00:00,2.4,3.6,8.0,13.2,243.0,256.0
2025-09-25 05:00:00,2.3,3.0,8.3,11.5,250.0,257.0
2025-09-25 06:00:00,1.9,2.5,7.1,9.9,257.0,258.0
2025-09-25 07:00:00,1.2,2.3,4.4,9.0,224.0,260.0
2025-09-25 08:00:00,1.2,2.1,2.8,8.2,222.0,261.0
2025-09-25 09:00:00,1.7,1.6,7.0,5.3,257.0,255.0
2025-09-25 10:00:00,1.7,1.6,7.3,5.9,262.0,254.0
2025-09-25 11:00:00,1.3,1.8,6.1,6.9,269.0,249.0
2025-09-25 12:00:00,1.3,1.6,5.1,7.0,260.0,242.0
2025-09-25 13:00:00,1.6,1.1,5.6,5.5,257.0,249.0
2025-09-25 14:00:00,1.9,1.1,7.5,5.9,264.0,248.0
2025-09-25 15:00:00,1.3,1.4,6.3,6.4,267.0,265.0
2025-09-25 16:00:00,0.9,1.2,3.9,5.3,287.0,263.0
2025-09-25 17:00:00,0.9,1.0,3.8,4.0,252.0,261.0
2025-09-25 18:00:00,0.5,1.0,1.5,3.1,285.0,259.0
2025-09-25 19:00:00,0.3,1.2,0.8,3.1,234.0,257.0
2025-09-25 20:00:00,0.3,1.6,0.6,3.6,221.0,255.0
2025-09-25 21:00:00,1.7,1.3,3.4,2.8,251.0,239.0
2025-09-25 22:00:00,1.8,1.6,3.4,2.9,248.0,244.0
2025-09-25 23:00:00,1.9,1.8,3.5,3.1,250.0,242.0
2025-09-26 00:00:00,2.1,1.9,3.9,3.5,245.0,247.0
2025-09-26 01:00:00,2.2,1.8,4.5,3.6,245.0,249.0
2025-09-26 02:00:00,2.3,1.9,5.0,3.6,244.0,249.0
2025-09-26 03:00:00,2.0,2.0,4.8,4.1,246.0,245.0
2025-09-26 04:00:00,2.0,2.1,5.0,4.2,247.0,245.0
2025-09-26 05:00:00,2.1,2.1,5.1,4.2,248.0,246.0
2025-09-26 06:00:00,2.1,2.0,4.9,4.0,247.0,246.0
2025-09-26 07:00:00,1.8,1.4,4.5,3.1,243.0,259.0
2025-09-26 08:00:00,1.6,0.7,4.4,1.9,243.0,271.0
2025-09-26 09:00:00,0.8,0.9,2.8,2.8,259.0,251.0
2025-09-26 10:00:00,0.6,1.0,3.5,4.5,27.0,13.0
2025-09-26 11:00:00,1.3,1.6,5.0,5.6,67.0,35.0
2025-09-26 12:00:00,1.8,1.9,6.4,6.4,69.0,46.0
2025-09-26 13:00:00,1.9,1.9,6.9,6.6,71.0,54.0
2025-09-26 14:00:00,2.1,2.1,7.0,6.8,61.0,51.0
2025-09-26 15:00:00,2.0,2.4,6.0,7.0,66.0,46.0
2025-09-26 16:00:00,2.4,2.1,6.3,5.9,76.0,51.0
2025-09-26 17:00:00,2.0,1.7,5.3,4.3,79.0,56.0
2025-09-26 18:00:00,1.2,1.2,2.8,2.9,72.0,61.0
2025-09-26 19:00:00,0.9,0.8,1.8,1.9,51.0,20.0
2025-09-26 20:00:00,0.0,0.4,1.0,1.0,0.0,338.0
2025-09-26 21:00:00,0.9,0.5,1.6,0.6,252.0,242.0
2025-09-26 22:00:00,1.1,0.4,1.8,0.8,245.0,253.0
2025-09-26 23:00:00,1.3,0.3,2.1,1.0,242.0,326.0
2025-09-27 00:00:00,1.0,0.6,1.5,1.6,231.0,16.0
2025-09-27 01:00:00,1.1,0.6,1.6,2.0,258.0,315.0
2025-09-27 02:00:00,1.0,1.1,1.6,1.5,270.0,226.0
2025-09-27 03:00:00,1.1,0.9,2.0,1.8,250.0,251.0
2025-09-27 04:00:00,1.1,0.9,1.9,1.8,241.0,248.0
2025-09-27 05:00:00,0.9,0.9,1.8,1.7,228.0,244.0
2025-09-27 06:00:00,1.0,0.9,2.0,1.8,234.0,241.0
2025-09-27 07:00:00,1.1,0.8,2.1,2.2,229.0,193.0
2025-09-27 08:00:00,0.6,0.6,2.1,2.7,241.0,145.0
2025-09-27 09:00:00,0.5,0.6,3.3,3.0,122.0,106.0
2025-09-27 10:00:00,1.5,1.2,6.3,5.0,116.0,88.0
2025-09-27 11:00:00,2.0,1.5,7.5,6.3,124.0,99.0
2025-09-27 12:00:00,2.6,2.1,8.5,7.6,125.0,110.0
2025-09-27 13:00:00,2.8,2.3,8.8,7.9,131.0,108.0
2025-09-27 14:00:00,2.6,2.8,8.3,8.9,122.0,106.0
2025-09-27 15:00:00,2.4,2.7,6.6,8.6,110.0,101.0
2025-09-27 16:00:00,2.1,2.4,5.8,7.5,111.0,105.0
2025-09-27 17:00:00,1.7,1.9,4.8,5.7,108.0,108.0
2025-09-27 18:00:00,1.3,1.6,3.4,4.6,101.0,112.0
2025-09-27 19:00:00,1.1,1.6,3.4,4.7,120.0,138.0
2025-09-27 20:00:00,1.5,1.7,4.5,5.3,168.0,164.0
2025-09-27 21:00:00,1.9,1.5,5.4,4.6,195.0,180.0
2025-09-27 22:00:00,2.0,1.7,5.9,4.6,216.0,213.0
2025-09-27 23:00:00,1.8,1.7,4.3,4.8,227.0,217.0
2025-09-28 00:00:00,1.7,1.6,3.5,4.1,231.0,216.0
2025-09-28 01:00:00,1.9,1.4,3.8,3.6,231.0,242.0
2025-09-28 02:00:00,1.9,1.6,4.0,3.0,235.0,235.0
2025-09-28 03:00:00,1.7,1.7,4.1,3.4,234.0,238.0
2025-09-28 04:00:00,1.7,1.8,4.3,3.6,236.0,237.0
2025-09-28 05:00:00,1.6,1.9,3.8,3.9,233.0,235.0
2025-09-28 06:00:00,1.4,1.9,3.4,4.1,247.0,234.0
2025-09-28 07:00:00,1.3,1.8,3.1,4.2,240.0,232.0
2025-09-28 08:00:00,1.3,1.6,3.8,4.1,251.0,230.0
2025-09-28 09:00:00,1.6,1.3,6.8,3.6,216.0,233.0
2025-09-28 10:00:00,1.6,1.2,6.1,3.4,234.0,229.0
2025-09-28 11:00:00,0.4,0.9,2.3,3.3,275.0,236.0
2025-09-28 12:00:00,0.3,1.1,2.4,3.8,258.0,223.0
2025-09-28 13:00:00,0.3,1.0,2.4,3.5,304.0,228.0
2025-09-28 14:00:00,0.4,1.0,3.4,3.6,270.0,226.0
2025-09-28 15:00:00,1.4,1.1,6.1,4.1,278.0,239.0
2025-09-28 16:00:00,0.8,1.2,2.1,4.5,349.0,237.0
2025-09-28 17:00:00,0.5,1.3,3.3,5.0,323.0,236.0
2025-09-28 18:00:00,0.4,1.4,3.5,5.1,243.0,234.0
2025-09-28 19:00:00,0.7,1.3,3.8,4.5,229.0,237.0
2025-09-28 20:00:00,1.0,1.2,3.9,3.6,233.0,239.0
2025-09-28 21:00:00,0.6,0.4,2.3,2.0,337.0,315.0
2025-09-28 22:00:00,0.9,0.6,2.5,1.9,319.0,255.0
2025-09-28 23:00:00,0.8,1.1,3.1,2.4,310.0,241.0
2025-09-29 00:00:00,0.9,1.3,3.5,2.8,278.0,247.0
2025-09-29 01:00:00,1.0,1.1,3.1,2.4,268.0,267.0
2025-09-29 02:00:00,0.8,1.1,2.4,2.4,270.0,257.0
2025-09-29 03:00:00,0.7,1.4,2.6,2.9,247.0,261.0
2025-09-29 04:00:00,0.6,1.5,1.6,2.9,300.0,260.0
2025-09-29 05:00:00,0.6,1.5,1.1,2.9,315.0,259.0
2025-09-29 06:00:00,0.8,1.5,1.4,2.9,333.0,258.0
2025-09-29 07:00:00,0.4,1.2,1.1,2.5,336.0,262.0
2025-09-29 08:00:00,0.1,0.7,0.9,2.1,63.0,266.0
2025-09-29 09:00:00,1.3,0.6,4.9,2.6,357.0,261.0
2025-09-29 10:00:00,1.7,0.9,6.1,4.0,8.0,358.0
2025-09-29 11:00:00,2.0,1.8,6.9,6.6,23.0,6.0
2025-09-29 12:00:00,2.3,2.0,7.3,7.4,35.0,24.0
2025-09-29 13:00:00,2.5,2.3,8.1,8.0,43.0,41.0
2025-09-29 14:00:00,2.9,2.1,9.0,6.6,46.0,58.0
2025-09-29 15:00:00,2.2,1.9,8.0,5.5,57.0,54.0
2025-09-29 16:00:00,2.0,1.7,6.3,4.6,61.0,61.0
2025-09-29 17:00:00,1.8,1.4,5.5,3.7,61.0,69.0
2025-09-29 18:00:00,1.1,1.1,3.4,2.8,76.0,76.0
2025-09-29 19:00:00,0.6,0.8,1.5,2.0,87.0,97.0
2025-09-29 20:00:00,0.4,0.4,0.9,1.2,125.0,118.0
2025-09-29 21:00:00,1.1,1.0,2.1,2.3,215.0,173.0
2025-09-29 22:00:00,1.7,1.4,3.0,2.6,234.0,221.0
2025-09-29 23:00:00,1.6,1.9,2.9,3.0,245.0,237.0
2025-09-30 00:00:00,1.9,2.0,3.0,3.4,234.0,235.0
2025-09-30 01:00:00,2.1,1.9,3.8,3.4,234.0,237.0
2025-09-30 02:00:00,1.9,2.0,3.9,3.6,245.0,239.0
2025-09-30 03:00:00,2.0,2.1,4.1,3.8,246.0,243.0
2025-09-30 04:00:00,2.1,2.1,4.3,3.9,247.0,243.0
2025-09-30 05:00:00,2.1,2.1,4.3,4.0,245.0,243.0
2025-09-30 06:00:00,1.9,2.0,4.4,4.1,246.0,243.0
2025-09-30 07:00:00,1.9,1.7,4.6,4.1,246.0,244.0
2025-09-30 08:00:00,1.5,1.3,4.1,4.0,245.0,246.0
2025-09-30 09:00:00,1.3,1.1,4.5,3.1,252.0,249.0
2025-09-30 10:00:00,1.3,0.8,5.5,3.9,269.0,261.0
2025-09-30 11:00:00,0.9,0.7,5.8,4.4,283.0,292.0
2025-09-30 12:00:00,0.6,0.7,4.8,4.0,270.0,302.0
2025-09-30 13:00:00,0.3,0.4,4.9,4.0,18.0,234.0
2025-09-30 14:00:00,0.8,0.6,6.0,4.1,40.0,170.0
2025-09-30 15:00:00,0.8,0.1,2.9,3.9,231.0,72.0
2025-09-30 16:00:00,1.0,0.1,2.3,3.4,212.0,52.0
2025-09-30 17:00:00,1.6,0.1,3.1,2.7,228.0,31.0
2025-09-30 18:00:00,1.4,0.3,2.6,2.3,240.0,11.0
2025-09-30 19:00:00,1.7,0.8,2.9,2.3,249.0,331.0
2025-09-30 20:00:00,1.8,1.3,3.1,2.6,250.0,290.0
2025-09-30 21:00:00,1.7,1.6,2.9,2.8,248.0,241.0
2025-09-30 22:00:00,1.9,1.8,3.3,3.3,243.0,243.0
2025-09-30 23:00:00,2.1,2.1,3.9,3.8,244.0,244.0
2025-10-01 00:00:00,2.1,2.1,4.3,4.1,243.0,244.0
2025-10-01 01:00:00,2.1,2.1,4.1,4.3,242.0,246.0
2025-10-01 02:00:00,2.1,2.0,4.1,4.3,247.0,247.0
2025-10-01 03:00:00,2.1,2.1,4.4,4.3,248.0,245.0
2025-10-01 04:00:00,2.1,2.2,4.4,4.4,248.0,245.0
2025-10-01 05:00:00,2.1,2.2,4.4,4.5,249.0,245.0
2025-10-01 06:00:00,2.1,2.2,4.6,4.6,248.0,245.0
2025-10-01 07:00:00,2.1,2.0,4.8,4.6,248.0,247.0
2025-10-01 08:00:00,1.8,1.8,4.9,4.7,246.0,249.0
2025-10-01 09:00:00,1.6,1.7,4.9,5.3,252.0,245.0
2025-10-01 10:00:00,1.0,1.3,4.3,4.9,261.0,256.0
2025-10-01 11:00:00,1.3,1.3,6.1,5.9,304.0,273.0
2025-10-01 12:00:00,1.8,2.0,6.4,7.3,318.0,294.0
2025-10-01 13:00:00,1.8,2.4,7.1,8.0,305.0,285.0
2025-10-01 14:00:00,2.1,3.1,7.3,9.5,295.0,291.0
2025-10-01 15:00:00,2.6,2.4,7.6,7.6,299.0,282.0
2025-10-01 16:00:00,2.3,2.3,6.6,6.9,293.0,277.0
2025-10-01 17:00:00,1.1,2.1,3.6,5.8,278.0,273.0
2025-10-01 18:00:00,1.3,1.9,5.0,4.9,273.0,268.0
2025-10-01 19:00:00,1.3,1.9,4.0,4.4,256.0,262.0
2025-10-01 20:00:00,1.5,1.9,2.6,4.1,248.0,256.0
2025-10-01 21:00:00,1.6,1.6,3.0,2.9,241.0,249.0
2025-10-01 22:00:00,1.8,1.9,3.5,3.1,241.0,243.0
2025-10-01 23:00:00,2.0,2.1,3.8,3.8,244.0,245.0
2025-10-02 00:00:00,2.0,2.3,3.8,4.4,247.0,245.0
2025-10-02 01:00:00,2.2,2.3,4.3,4.6,245.0,246.0
2025-10-02 02:00:00,2.2,2.1,4.4,4.6,245.0,246.0
2025-10-02 03:00:00,2.2,2.1,4.4,4.4,245.0,245.0
2025-10-02 04:00:00,2.1,2.2,4.5,4.6,244.0,243.0
2025-10-02 05:00:00,2.1,2.4,4.6,4.9,244.0,241.0
2025-10-02 06:00:00,2.0,2.4,4.5,5.0,243.0,239.0
2025-10-02 07:00:00,2.0,2.1,4.5,4.8,246.0,243.0
2025-10-02 08:00:00,1.8,1.7,4.4,4.4,247.0,246.0
2025-10-02 09:00:00,1.3,1.3,4.0,3.8,253.0,251.0
2025-10-02 10:00:00,0.6,0.5,3.6,3.8,16.0,335.0
2025-10-02 11:00:00,1.4,1.3,4.8,5.6,44.0,25.0
2025-10-02 12:00:00,1.9,1.7,6.5,5.6,50.0,38.0
2025-10-02 13:00:00,2.4,1.9,8.0,7.1,52.0,40.0
2025-10-02 14:00:00,2.4,2.5,8.0,8.4,53.0,45.0
2025-10-02 15:00:00,2.0,2.3,5.9,6.6,61.0,57.0
2025-10-02 16:00:00,1.8,2.0,5.5,5.5,61.0,64.0
2025-10-02 17:00:00,1.4,1.5,4.0,3.7,68.0,71.0
2025-10-02 18:00:00,1.1,1.1,2.6,2.3,73.0,78.0
2025-10-02 19:00:00,0.8,0.7,1.5,1.4,97.0,79.0
2025-10-02 20:00:00,0.4,0.3,1.0,0.8,118.0,80.0
2025-10-02 21:00:00,0.5,0.3,1.1,0.8,94.0,201.0
2025-10-02 22:00:00,0.3,0.5,0.6,1.0,143.0,223.0
2025-10-02 23:00:00,0.3,0.8,0.8,1.4,220.0,223.0
2025-10-03 00:00:00,0.6,1.2,1.0,2.0,215.0,207.0
2025-10-03 01:00:00,0.9,1.2,1.6,2.1,226.0,217.0
2025-10-03 02:00:00,1.0,1.0,1.8,1.6,236.0,231.0
2025-10-03 03:00:00,0.8,1.0,1.8,1.8,243.0,216.0
2025-10-03 04:00:00,0.4,0.9,0.8,1.5,222.0,228.0
2025-10-03 05:00:00,0.3,0.8,0.9,1.1,233.0,240.0
2025-10-03 06:00:00,0.3,0.7,1.3,0.9,283.0,252.0
2025-10-03 07:00:00,0.1,0.6,1.3,1.2,315.0,298.0
2025-10-03 08:00:00,0.1,0.4,1.4,1.7,53.0,343.0
2025-10-03 09:00:00,0.9,0.5,4.4,3.0,74.0,32.0
2025-10-03 10:00:00,1.6,0.9,7.5,4.4,92.0,54.0
2025-10-03 11:00:00,1.6,1.3,6.3,6.5,91.0,68.0
2025-10-03 12:00:00,1.7,1.0,7.5,5.4,89.0,48.0
2025-10-03 13:00:00,1.1,0.9,5.8,4.0,65.0,112.0
2025-10-03 14:00:00,1.3,1.1,6.0,4.3,67.0,133.0
2025-10-03 15:00:00,1.1,1.7,6.0,5.5,75.0,131.0
2025-10-03 16:00:00,0.9,1.6,4.6,5.6,90.0,106.0
2025-10-03 17:00:00,1.2,1.3,4.6,5.8,125.0,81.0
2025-10-03 18:00:00,1.2,1.1,4.5,5.9,117.0,56.0
2025-10-03 19:00:00,0.9,1.0,3.3,5.9,88.0,52.0
2025-10-03 20:00:00,0.8,1.0,2.8,5.8,51.0,47.0
2025-10-03 21:00:00,0.8,1.2,4.1,4.0,72.0,29.0
2025-10-03 22:00:00,0.7,0.9,2.5,4.1,49.0,49.0
2025-10-03 23:00:00,0.8,1.2,2.8,5.0,33.0,48.0
2025-10-04 00:00:00,0.9,1.2,2.9,5.3,28.0,45.0
2025-10-04 01:00:00,0.9,1.1,2.6,5.0,33.0,45.0
2025-10-04 02:00:00,0.8,1.2,2.6,4.6,25.0,49.0
2025-10-04 03:00:00,0.5,1.1,2.0,4.4,27.0,44.0
2025-10-04 04:00:00,0.4,1.2,1.9,4.5,17.0,35.0
2025-10-04 05:00:00,0.4,1.4,2.0,4.7,0.0,25.0
2025-10-04 06:00:00,0.6,1.4,1.9,4.9,310.0,16.0
2025-10-04 07:00:00,0.5,1.2,1.5,4.7,274.0,23.0
2025-10-04 08:00:00,0.4,0.9,1.6,4.4,308.0,29.0
2025-10-04 09:00:00,0.8,1.1,2.8,5.4,40.0,22.0
2025-10-04 10:00:00,0.8,2.3,2.8,7.8,43.0,17.0
2025-10-04 11:00:00,1.1,2.3,3.8,7.5,40.0,9.0
2025-10-04 12:00:00,1.4,2.1,5.0,6.8,34.0,11.0
2025-10-04 13:00:00,1.9,2.3,6.1,7.5,21.0,15.0
2025-10-04 14:00:00,2.2,2.6,6.9,8.1,19.0,21.0
2025-10-04 15:00:00,2.5,2.4,7.4,7.5,31.0,23.0
2025-10-04 16:00:00,2.4,2.2,7.3,7.0,24.0,21.0
2025-10-04 17:00:00,2.0,1.9,5.9,6.2,26.0,20.0
2025-10-04 18:00:00,1.4,1.5,4.1,5.3,23.0,18.0
2025-10-04 19:00:00,1.0,1.1,4.0,4.2,9.0,357.0
2025-10-04 20:00:00,1.1,0.6,4.4,3.0,349.0,336.0
2025-10-04 21:00:00,0.3,0.3,1.5,1.3,297.0,297.0
2025-10-04 22:00:00,0.4,0.6,0.8,2.0,222.0,270.0
2025-10-04 23:00:00,0.8,0.3,1.3,1.9,257.0,263.0
2025-10-05 00:00:00,0.9,0.8,1.4,1.8,262.0,223.0
2025-10-05 01:00:00,1.0,1.0,2.1,2.0,253.0,255.0
2025-10-05 02:00:00,0.9,1.6,1.5,2.6,252.0,232.0
2025-10-05 03:00:00,0.9,1.6,1.6,3.0,310.0,248.0
2025-10-05 04:00:00,0.3,1.6,1.1,2.9,254.0,247.0
2025-10-05 05:00:00,0.9,1.5,1.8,2.6,256.0,246.0
2025-10-05 06:00:00,1.4,1.3,2.4,2.3,233.0,245.0
2025-10-05 07:00:00,1.3,1.1,2.3,1.8,239.0,243.0
2025-10-05 08:00:00,0.9,0.8,2.1,1.3,242.0,241.0
2025-10-05 09:00:00,0.7,0.6,2.5,1.9,259.0,214.0
2025-10-05 10:00:00,0.5,0.8,2.6,2.8,25.0,7.0
2025-10-05 11:00:00,1.3,1.3,4.4,4.3,37.0,46.0
2025-10-05 12:00:00,1.0,1.3,3.3,4.0,50.0,62.0
2025-10-05 13:00:00,1.3,1.7,4.9,5.6,42.0,50.0
2025-10-05 14:00:00,1.8,2.1,5.5,6.0,49.0,51.0
2025-10-05 15:00:00,1.9,1.9,5.4,5.3,56.0,61.0
2025-10-05 16:00:00,2.3,1.7,6.4,4.7,46.0,68.0
2025-10-05 17:00:00,1.8,1.4,5.0,3.7,48.0,75.0
2025-10-05 18:00:00,1.4,1.1,4.3,3.0,55.0,82.0
2025-10-05 19:00:00,1.1,1.0,3.4,2.8,31.0,82.0
2025-10-05 20:00:00,1.3,0.9,3.8,2.8,13.0,83.0
2025-10-05 21:00:00,0.7,0.9,2.3,2.6,34.0,36.0
2025-10-05 22:00:00,0.8,0.9,2.5,2.9,21.0,23.0
2025-10-05 23:00:00,0.7,0.8,2.4,2.6,41.0,28.0
2025-10-06 00:00:00,0.7,1.0,2.4,3.4,45.0,27.0
2025-10-06 01:00:00,0.8,0.6,3.1,3.4,30.0,73.0
2025-10-06 02:00:00,0.6,0.9,3.1,2.9,33.0,24.0
2025-10-06 03:00:00,1.0,1.1,3.9,3.8,34.0,26.0
2025-10-06 04:00:00,1.1,1.1,4.4,4.0,51.0,30.0
2025-10-06 05:00:00,1.1,1.1,4.0,4.2,58.0,34.0
2025-10-06 06:00:00,0.9,1.2,4.3,4.4,57.0,38.0
2025-10-06 07:00:00,1.3,1.3,5.3,4.7,60.0,38.0
2025-10-06 08:00:00,1.6,1.5,6.4,5.1,57.0,38.0
2025-10-06 09:00:00,1.6,1.3,6.6,4.8,50.0,67.0
2025-10-06 10:00:00,1.9,1.5,7.3,5.6,52.0,59.0
2025-10-06 11:00:00,2.3,1.6,7.4,5.4,51.0,55.0
2025-10-06 12:00:00,2.3,1.8,8.0,6.1,51.0,56.0
2025-10-06 13:00:00,2.1,1.6,7.3,5.8,51.0,57.0
2025-10-06 14:00:00,1.9,1.3,6.8,4.8,46.0,57.0
2025-10-06 15:00:00,1.9,1.3,6.5,4.0,48.0,52.0
2025-10-06 16:00:00,1.2,1.2,4.6,4.1,53.0,51.0
2025-10-06 17:00:00,1.4,1.0,5.8,4.5,59.0,49.0
2025-10-06 18:00:00,1.4,1.0,5.9,5.0,57.0,48.0
2025-10-06 19:00:00,1.1,1.1,5.4,5.6,45.0,52.0
2025-10-06 20:00:00,1.3,1.2,6.0,6.3,43.0,56.0
2025-10-06 21:00:00,1.2,1.1,6.1,5.8,50.0,58.0
2025-10-06 22:00:00,1.3,0.9,6.6,5.8,61.0,56.0
2025-10-06 23:00:00,1.4,1.1,6.8,6.1,58.0,59.0
2025-10-07 00:00:00,1.4,1.3,6.9,6.4,63.0,58.0
2025-10-07 01:00:00,1.1,1.3,6.6,6.8,60.0,60.0
2025-10-07 02:00:00,1.0,0.9,5.6,5.6,59.0,66.0
2025-10-07 03:00:00,1.1,0.7,6.6,5.0,61.0,52.0
2025-10-07 04:00:00,1.0,0.7,6.4,4.9,59.0,58.0
2025-10-07 05:00:00,1.1,0.7,6.3,4.8,58.0,63.0
2025-10-07 06:00:00,1.1,0.8,5.9,4.8,51.0,69.0
2025-10-07 07:00:00,0.9,0.9,5.1,4.7,42.0,73.0
2025-10-07 08:00:00,1.0,0.9,5.5,4.6,57.0,78.0
2025-10-07 09:00:00,0.8,0.5,3.9,3.4,59.0,94.0
2025-10-07 10:00:00,0.8,0.7,3.1,4.4,72.0,119.0
2025-10-07 11:00:00,0.6,0.8,3.6,4.0,66.0,118.0
2025-10-07 12:00:00,0.8,0.9,3.1,3.6,52.0,94.0
2025-10-07 13:00:00,0.9,1.1,3.8,4.5,61.0,73.0
2025-10-07 14:00:00,1.1,1.1,4.1,4.1,52.0,74.0
2025-10-07 15:00:00,0.9,0.9,3.4,3.0,54.0,71.0
2025-10-07 16:00:00,0.9,0.9,2.6,2.7,39.0,64.0
2025-10-07 17:00:00,0.5,0.9,1.8,2.5,48.0,57.0
2025-10-07 18:00:00,0.6,0.8,1.6,2.1,32.0,50.0
2025-10-07 19:00:00,1.0,0.6,2.4,1.5,15.0,9.0
2025-10-07 20:00:00,0.7,0.4,2.4,0.9,11.0,329.0
2025-10-07 21:00:00,0.7,0.3,2.0,1.0,43.0,103.0
2025-10-07 22:00:00,0.9,0.2,2.3,1.3,26.0,169.0
2025-10-07 23:00:00,0.9,0.1,2.8,0.8,24.0,0.0
2025-10-08 00:00:00,0.8,0.2,2.3,1.0,30.0,189.0
2025-10-08 01:00:00,0.7,0.6,1.9,1.4,27.0,0.0
2025-10-08 02:00:00,0.6,0.7,1.5,2.0,30.0,18.0
2025-10-08 03:00:00,1.1,0.3,3.0,1.3,24.0,0.0
2025-10-08 04:00:00,1.2,0.3,3.4,1.2,25.0,5.0
2025-10-08 05:00:00,1.1,0.3,2.8,0.9,32.0,9.0
2025-10-08 06:00:00,1.1,0.3,3.1,1.1,39.0,14.0
2025-10-08 07:00:00,1.0,0.4,2.9,1.9,45.0,18.0
2025-10-08 08:00:00,1.0,0.7,3.0,3.1,36.0,21.0
2025-10-08 09:00:00,1.3,1.4,4.4,4.4,30.0,31.0
2025-10-08 10:00:00,1.4,1.6,4.5,4.3,29.0,34.0
2025-10-08 11:00:00,1.6,1.4,5.0,4.0,24.0,45.0
2025-10-08 12:00:00,1.6,1.6,5.5,4.6,28.0,35.0
2025-10-08 13:00:00,1.8,2.0,5.8,5.6,30.0,24.0
2025-10-08 14:00:00,1.8,1.9,5.3,5.5,36.0,26.0
2025-10-08 15:00:00,1.4,1.8,3.9,5.1,48.0,33.0
2025-10-08 16:00:00,1.6,1.6,4.9,4.5,33.0,36.0
2025-10-08 17:00:00,1.7,1.4,4.8,3.6,37.0,40.0
2025-10-08 18:00:00,1.6,1.2,4.4,3.0,33.0,43.0
2025-10-08 19:00:00,1.4,1.1,4.0,2.8,38.0,41.0
2025-10-08 20:00:00,1.3,1.0,3.6,2.9,40.0,38.0
2025-10-08 21:00:00,1.1,0.9,3.5,2.5,43.0,40.0
2025-10-08 22:00:00,1.0,0.9,3.1,2.9,45.0,31.0
2025-10-08 23:00:00,0.9,0.9,3.5,2.8,41.0,33.0
2025-10-09 00:00:00,0.9,0.9,3.9,3.8,36.0,28.0
2025-10-09 01:00:00,1.1,1.1,4.4,4.3,46.0,5.0
2025-10-09 02:00:00,1.0,1.1,4.5,4.8,51.0,39.0
2025-10-09 03:00:00,0.9,1.2,4.0,5.6,39.0,52.0
2025-10-09 04:00:00,1.0,1.1,4.4,5.5,39.0,47.0
2025-10-09 05:00:00,1.0,1.0,4.4,5.2,42.0,43.0
2025-10-09 06:00:00,1.1,0.9,4.6,4.9,45.0,38.0
2025-10-09 07:00:00,0.9,0.9,4.5,4.8,46.0,42.0
2025-10-09 08:00:00,1.0,1.0,4.4,4.8,41.0,46.0
2025-10-09 09:00:00,0.8,1.2,4.3,4.9,48.0,59.0
2025-10-09 10:00:00,1.1,1.3,4.6,5.3,60.0,59.0
2025-10-09 11:00:00,1.3,1.4,4.5,4.8,63.0,57.0
2025-10-09 12:00:00,1.1,1.5,3.8,4.8,63.0,54.0
2025-10-09 13:00:00,1.3,1.7,4.8,5.4,79.0,63.0
2025-10-09 14:00:00,1.5,1.6,4.9,4.8,73.0,60.0
2025-10-09 15:00:00,1.4,1.5,4.8,4.5,52.0,57.0
2025-10-09 16:00:00,1.1,1.2,3.6,3.7,51.0,51.0
2025-10-09 17:00:00,0.9,0.7,3.0,2.7,42.0,44.0
2025-10-09 18:00:00,0.9,0.4,3.0,1.9,44.0,38.0
2025-10-09 19:00:00,0.5,0.2,2.6,1.5,62.0,25.0
2025-10-09 20:00:00,0.4,0.1,2.1,1.2,95.0,13.0
2025-10-09 21:00:00,0.3,0.3,1.6,1.4,139.0,153.0
2025-10-09 22:00:00,0.3,0.6,1.5,1.6,166.0,177.0
2025-10-09 23:00:00,0.2,0.1,1.5,1.3,121.0,225.0
2025-10-10 00:00:00,0.1,0.3,1.8,2.0,0.0,45.0
2025-10-10 01:00:00,0.2,0.3,1.9,1.3,149.0,180.0
2025-10-10 02:00:00,0.1,0.2,1.5,1.3,56.0,189.0
2025-10-10 03:00:00,0.6,0.1,1.8,1.6,187.0,72.0
2025-10-10 04:00:00,0.7,0.2,1.9,1.7,183.0,112.0
2025-10-10 05:00:00,0.3,0.4,1.4,1.8,186.0,153.0
2025-10-10 06:00:00,0.3,0.6,1.4,2.1,140.0,193.0
2025-10-10 07:00:00,0.3,0.7,1.6,2.5,41.0,172.0
2025-10-10 08:00:00,0.2,0.8,1.9,3.0,63.0,151.0
2025-10-10 09:00:00,0.4,0.3,2.4,2.1,77.0,54.0
2025-10-10 10:00:00,0.6,0.4,2.6,2.8,84.0,56.0
2025-10-10 11:00:00,0.7,0.6,2.5,2.1,101.0,90.0
2025-10-10 12:00:00,0.8,0.8,4.5,2.5,73.0,101.0
2025-10-10 13:00:00,0.8,1.0,2.8,4.4,79.0,90.0
2025-10-10 14:00:00,0.8,0.9,2.8,3.9,97.0,77.0
2025-10-10 15:00:00,0.9,1.0,2.6,3.4,98.0,85.0
2025-10-10 16:00:00,0.9,0.9,2.5,3.2,105.0,89.0
2025-10-10 17:00:00,0.9,0.7,2.6,2.8,110.0,92.0
2025-10-10 18:00:00,0.8,0.6,2.4,2.5,85.0,96.0
2025-10-10 19:00:00,0.9,0.5,2.6,2.3,124.0,110.0
2025-10-10 20:00:00,0.8,0.4,2.0,2.1,133.0,124.0
2025-10-10 21:00:00,0.7,0.4,2.6,1.8,135.0,159.0
2025-10-10 22:00:00,0.3,0.8,2.1,2.3,112.0,197.0
2025-10-10 23:00:00,0.3,0.6,2.0,2.9,104.0,212.0
2025-10-11 00:00:00,0.3,0.8,2.0,3.1,131.0,190.0
2025-10-11 01:00:00,0.5,0.5,1.8,2.8,169.0,203.0
2025-10-11 02:00:00,0.4,0.7,2.6,2.9,151.0,183.0
2025-10-11 03:00:00,0.8,0.4,5.0,2.4,180.0,175.0
2025-10-11 04:00:00,1.1,0.6,5.6,3.0,188.0,183.0
2025-10-11 05:00:00,1.0,0.9,6.0,3.8,194.0,190.0
2025-10-11 06:00:00,0.9,1.1,5.5,4.5,186.0,198.0
2025-10-11 07:00:00,0.5,1.2,3.6,4.6,238.0,203.0
2025-10-11 08:00:00,0.8,1.3,2.9,4.6,215.0,208.0
2025-10-11 09:00:00,1.0,0.9,3.4,4.3,223.0,218.0
2025-10-11 10:00:00,1.3,1.1,5.0,4.0,229.0,215.0
2025-10-11 11:00:00,1.6,1.0,6.9,4.8,250.0,226.0
2025-10-11 12:00:00,1.6,1.4,7.5,5.8,262.0,239.0
2025-10-11 13:00:00,1.8,1.6,7.6,5.9,261.0,253.0
2025-10-11 14:00:00,2.0,1.6,8.5,6.6,266.0,257.0
2025-10-11 15:00:00,1.6,1.3,7.3,6.1,268.0,255.0
2025-10-11 16:00:00,1.7,1.2,7.1,5.9,261.0,258.0
2025-10-11 17:00:00,1.8,1.1,7.8,5.4,254.0,260.0
2025-10-11 18:00:00,1.8,1.0,7.6,4.9,251.0,263.0
2025-10-11 19:00:00,1.6,0.9,7.3,4.1,242.0,258.0
2025-10-11 20:00:00,1.3,0.8,6.6,3.2,234.0,254.0
2025-10-11 21:00:00,1.1,1.2,5.8,4.5,239.0,255.0
2025-10-11 22:00:00,1.0,1.3,4.3,4.5,242.0,257.0
2025-10-11 23:00:00,0.8,1.1,4.3,4.3,261.0,267.0
2025-10-12 00:00:00,1.1,0.6,4.8,3.5,243.0,257.0
2025-10-12 01:00:00,0.9,0.5,4.0,2.9,252.0,184.0
2025-10-12 02:00:00,0.1,0.6,2.4,2.8,297.0,171.0
2025-10-12 03:00:00,0.3,0.4,2.1,1.9,323.0,94.0
2025-10-12 04:00:00,1.1,0.7,2.4,2.4,35.0,77.0
2025-10-12 05:00:00,1.9,1.1,6.4,3.4,42.0,61.0
2025-10-12 06:00:00,1.8,1.5,6.3,4.5,24.0,44.0
2025-10-12 07:00:00,1.6,1.8,6.1,5.7,22.0,31.0
2025-10-12 08:00:00,2.3,2.1,7.8,7.1,23.0,18.0
2025-10-12 09:00:00,2.8,2.6,9.4,9.3,18.0,6.0
2025-10-12 10:00:00,2.8,2.8,9.9,9.5,13.0,7.0
2025-10-12 11:00:00,3.3,2.6,11.0,9.1,16.0,8.0
2025-10-12 12:00:00,3.3,2.8,10.8,9.3,12.0,17.0
2025-10-12 13:00:00,3.2,2.8,10.5,9.3,15.0,26.0
2025-10-12 14:00:00,2.8,3.1,8.9,9.6,18.0,29.0
2025-10-12 15:00:00,2.7,2.8,8.5,8.5,28.0,28.0
2025-10-12 16:00:00,2.3,2.6,7.3,8.0,36.0,32.0
2025-10-12 17:00:00,2.3,2.4,7.3,7.4,40.0,35.0
2025-10-12 18:00:00,2.0,2.1,6.3,6.8,41.0,39.0
2025-10-12 19:00:00,1.8,1.9,6.1,6.1,38.0,37.0
2025-10-12 20:00:00,1.6,1.6,5.8,5.5,46.0,36.0
2025-10-12 21:00:00,1.3,1.1,5.0,4.4,44.0,44.0
2025-10-12 22:00:00,1.1,1.1,4.5,4.5,46.0,45.0
2025-10-12 23:00:00,1.1,0.9,4.0,4.0,44.0,45.0
2025-10-13 00:00:00,1.0,0.9,3.5,3.1,40.0,39.0
2025-10-13 01:00:00,0.9,0.8,3.1,3.0,47.0,45.0
2025-10-13 02:00:00,0.8,0.9,3.1,3.4,48.0,34.0
2025-10-13 03:00:00,0.9,1.2,2.5,3.6,63.0,31.0
2025-10-13 04:00:00,0.8,1.3,2.3,3.9,59.0,39.0
2025-10-13 05:00:00,0.9,1.3,2.4,4.3,41.0,48.0
2025-10-13 06:00:00,0.8,1.4,2.4,4.6,34.0,56.0
2025-10-13 07:00:00,1.0,1.5,3.5,4.9,26.0,53.0
2025-10-13 08:00:00,1.3,1.6,4.9,5.2,30.0,51.0
2025-10-13 09:00:00,2.9,2.2,9.0,6.8,30.0,33.0
2025-10-13 10:00:00,2.3,2.3,7.3,7.1,29.0,24.0
2025-10-13 11:00:00,1.9,1.7,6.0,5.6,36.0,36.0
2025-10-13 12:00:00,1.4,1.4,5.1,5.1,42.0,34.0
2025-10-13 13:00:00,1.2,1.6,4.0,5.5,45.0,35.0
2025-10-13 14:00:00,1.6,1.5,6.5,6.0,43.0,31.0
2025-10-13 15:00:00,2.1,1.4,7.8,5.9,23.0,33.0
2025-10-13 16:00:00,2.3,1.6,7.6,6.1,21.0,32.0
2025-10-13 17:00:00,2.4,1.8,8.1,6.3,29.0,32.0
2025-10-13 18:00:00,1.8,1.9,6.3,6.3,31.0,31.0
2025-10-13 19:00:00,1.5,1.9,4.6,6.1,44.0,29.0
2025-10-13 20:00:00,1.3,1.8,4.4,5.7,36.0,27.0
2025-10-13 21:00:00,1.5,0.8,5.4,4.5,42.0,50.0
2025-10-13 22:00:00,1.4,0.8,4.9,4.9,35.0,39.0
2025-10-13 23:00:00,1.3,0.9,5.3,3.8,22.0,42.0
2025-10-14 00:00:00,1.1,0.9,4.8,4.0,18.0,55.0
2025-10-14 01:00:00,0.9,1.4,4.1,5.9,32.0,53.0
2025-10-14 02:00:00,1.1,1.6,5.1,5.4,35.0,41.0
2025-10-14 03:00:00,0.9,1.8,3.5,6.6,50.0,42.0
2025-10-14 04:00:00,1.1,1.7,4.5,6.1,48.0,41.0
2025-10-14 05:00:00,1.2,1.4,5.0,5.2,46.0,40.0
2025-10-14 06:00:00,1.7,1.3,6.6,4.6,50.0,39.0
2025-10-14 07:00:00,1.7,1.4,6.1,4.8,44.0,40.0
2025-10-14 08:00:00,1.8,1.6,6.4,5.5,42.0,40.0
2025-10-14 09:00:00,1.8,2.0,5.9,5.9,40.0,30.0
2025-10-14 10:00:00,2.2,2.5,7.0,7.4,43.0,29.0
2025-10-14 11:00:00,2.3,2.5,7.1,7.9,42.0,25.0
2025-10-14 12:00:00,2.4,2.8,7.3,8.4,39.0,27.0
2025-10-14 13:00:00,2.4,2.6,7.4,8.0,42.0,29.0
2025-10-14 14:00:00,2.1,2.6,6.9,8.1,45.0,19.0
2025-10-14 15:00:00,2.3,2.5,7.3,8.4,47.0,15.0
2025-10-14 16:00:00,2.1,2.3,7.1,8.1,45.0,17.0
2025-10-14 17:00:00,2.0,2.1,6.9,7.7,39.0,18.0
2025-10-14 18:00:00,2.0,1.9,6.4,7.0,37.0,20.0
2025-10-14 19:00:00,2.0,1.7,6.3,5.9,33.0,22.0
2025-10-14 20:00:00,1.6,1.4,5.8,4.5,32.0,25.0
2025-10-14 21:00:00,1.6,1.2,5.4,4.6,27.0,37.0
2025-10-14 22:00:00,1.2,1.2,5.1,4.6,26.0,34.0
2025-10-14 23:00:00,1.1,0.9,4.6,3.3,30.0,30.0
2025-10-15 00:00:00,0.9,0.8,3.6,3.0,26.0,18.0
2025-10-15 01:00:00,0.8,0.7,3.1,2.9,24.0,19.0
2025-10-15 02:00:00,0.6,0.5,2.8,2.9,27.0,25.0
2025-10-15 03:00:00,0.9,0.4,2.9,2.6,8.0,42.0
2025-10-15 04:00:00,0.7,0.3,2.5,2.3,13.0,358.0
2025-10-15 05:00:00,0.7,0.1,2.5,1.9,8.0,314.0
2025-10-15 06:00:00,0.8,0.1,3.0,1.8,3.0,270.0
2025-10-15 07:00:00,0.7,0.2,3.1,2.0,357.0,317.0
2025-10-15 08:00:00,0.6,0.4,3.8,2.4,15.0,4.0
2025-10-15 09:00:00,0.9,0.4,4.0,3.3,27.0,42.0
2025-10-15 10:00:00,1.1,0.8,4.3,5.0,48.0,60.0
2025-10-15 11:00:00,1.3,0.6,5.3,3.3,65.0,63.0
2025-10-15 12:00:00,1.6,0.9,6.5,4.6,73.0,67.0
2025-10-15 13:00:00,1.1,1.1,5.3,5.8,77.0,87.0
2025-10-15 14:00:00,0.8,0.8,4.0,3.6,69.0,85.0
2025-10-15 15:00:00,1.1,1.1,4.5,3.9,78.0,97.0
2025-10-15 16:00:00,1.3,1.0,4.4,3.3,76.0,85.0
2025-10-15 17:00:00,0.7,0.8,3.1,2.6,68.0,73.0
2025-10-15 18:00:00,0.9,0.6,3.4,2.1,54.0,61.0
2025-10-15 19:00:00,0.7,0.5,2.6,1.9,24.0,87.0
2025-10-15 20:00:00,0.6,0.4,2.9,1.9,11.0,113.0
2025-10-15 21:00:00,0.6,0.1,1.4,0.9,143.0,315.0
2025-10-15 22:00:00,0.4,0.3,1.4,1.4,138.0,41.0
2025-10-15 23:00:00,0.2,0.3,1.0,1.0,315.0,97.0
2025-10-16 00:00:00,0.3,0.3,1.3,0.9,73.0,126.0
2025-10-16 01:00:00,0.4,0.3,1.3,1.0,23.0,41.0
2025-10-16 02:00:00,1.1,0.6,3.0,1.5,353.0,16.0
2025-10-16 03:00:00,0.2,0.8,1.5,1.9,59.0,334.0
2025-10-16 04:00:00,0.4,0.8,2.3,1.8,347.0,317.0
2025-10-16 05:00:00,0.5,0.7,1.9,1.6,35.0,300.0
2025-10-16 06:00:00,0.3,0.7,1.3,1.5,348.0,283.0
2025-10-16 07:00:00,0.9,0.7,2.4,1.6,4.0,297.0
2025-10-16 08:00:00,0.8,0.7,2.1,1.8,33.0,312.0
2025-10-16 09:00:00,0.9,1.7,3.8,5.8,42.0,40.0
2025-10-16 10:00:00,1.4,1.9,5.0,6.3,43.0,40.0
2025-10-16 11:00:00,1.8,2.3,5.5,7.0,37.0,40.0
2025-10-16 12:00:00,2.8,2.6,8.3,7.8,26.0,39.0
2025-10-16 13:00:00,2.7,2.6,8.1,7.9,27.0,34.0
2025-10-16 14:00:00,2.9,2.4,9.1,7.8,24.0,36.0
2025-10-16 15:00:00,3.2,2.0,10.3,6.8,25.0,38.0
2025-10-16 16:00:00,3.1,1.8,9.8,6.3,31.0,35.0
2025-10-16 17:00:00,2.7,1.6,8.6,5.6,34.0,33.0
2025-10-16 18:00:00,2.4,1.4,7.8,4.9,34.0,30.0
2025-10-16 19:00:00,2.1,1.1,6.6,3.9,33.0,36.0
2025-10-16 20:00:00,1.9,0.7,6.1,2.9,31.0,42.0
2025-10-16 21:00:00,2.1,1.1,6.9,4.8,28.0,31.0
2025-10-16 22:00:00,1.4,0.7,5.3,3.3,40.0,31.0
2025-10-16 23:00:00,1.2,0.9,4.6,4.1,38.0,61.0
2025-10-17 00:00:00,0.9,0.9,4.1,3.5,47.0,37.0
2025-10-17 01:00:00,0.6,1.1,3.4,4.3,24.0,32.0
2025-10-17 02:00:00,0.6,1.1,3.6,4.1,17.0,37.0
2025-10-17 03:00:00,0.6,0.9,3.8,2.8,3.0,29.0
2025-10-17 04:00:00,0.9,0.8,4.6,2.8,25.0,35.0
2025-10-17 05:00:00,0.8,0.7,3.0,3.0,45.0,41.0
2025-10-17 06:00:00,0.4,0.6,3.1,3.1,62.0,47.0
2025-10-17 07:00:00,0.4,0.6,2.1,3.1,66.0,59.0
2025-10-17 08:00:00,0.4,0.7,2.3,3.0,48.0,70.0
2025-10-17 09:00:00,0.4,0.6,2.0,2.3,65.0,87.0
2025-10-17 10:00:00,0.6,0.6,3.5,3.6,56.0,78.0
2025-10-17 11:00:00,0.6,0.6,3.0,3.1,59.0,75.0
2025-10-17 12:00:00,0.8,0.7,4.0,3.3,104.0,103.0
2025-10-17 13:00:00,1.3,1.0,5.3,4.0,118.0,121.0
2025-10-17 14:00:00,1.4,1.1,5.0,3.5,117.0,133.0
2025-10-17 15:00:00,2.1,1.5,6.5,4.5,109.0,134.0
2025-10-17 16:00:00,1.6,1.4,4.9,4.0,114.0,136.0
2025-10-17 17:00:00,1.2,1.2,3.1,3.1,107.0,139.0
2025-10-17 18:00:00,0.6,1.1,1.9,2.8,108.0,141.0
2025-10-17 19:00:00,0.8,1.3,2.5,3.7,137.0,159.0
2025-10-17 20:00:00,1.3,1.6,3.8,5.1,161.0,178.0
2025-10-17 21:00:00,0.4,0.8,2.0,3.3,205.0,176.0
2025-10-17 22:00:00,0.9,1.3,3.5,5.1,197.0,172.0
2025-10-17 23:00:00,1.0,1.3,4.6,5.9,196.0,205.0
2025-10-18 00:00:00,1.1,0.8,4.6,4.1,224.0,228.0
2025-10-18 01:00:00,0.5,0.6,1.9,2.0,270.0,297.0
2025-10-18 02:00:00,0.5,0.9,1.3,1.9,333.0,344.0
2025-10-18 03:00:00,0.7,0.3,1.6,1.1,233.0,209.0
2025-10-18 04:00:00,0.8,0.3,1.5,0.8,247.0,258.0
2025-10-18 05:00:00,0.8,0.5,2.1,0.9,320.0,306.0
2025-10-18 06:00:00,1.9,0.7,7.1,1.6,15.0,355.0
2025-10-18 07:00:00,2.7,1.1,9.5,3.3,348.0,347.0
2025-10-18 08:00:00,1.9,1.5,7.9,5.5,337.0,340.0
2025-10-18 09:00:00,2.3,1.7,7.8,7.5,355.0,355.0
2025-10-18 10:00:00,2.2,1.9,7.4,7.0,357.0,350.0
2025-10-18 11:00:00,1.7,0.9,5.5,4.0,6.0,354.0
2025-10-18 12:00:00,2.1,2.2,6.4,7.0,12.0,357.0
2025-10-18 13:00:00,2.3,1.8,6.4,5.6,18.0,358.0
2025-10-18 14:00:00,2.8,2.1,8.4,6.0,20.0,9.0
2025-10-18 15:00:00,2.4,2.7,7.3,7.6,28.0,21.0
2025-10-18 16:00:00,2.4,2.6,6.6,7.3,30.0,24.0
2025-10-18 17:00:00,2.3,2.3,6.3,6.7,30.0,26.0
2025-10-18 18:00:00,2.1,2.1,6.1,6.1,32.0,29.0
2025-10-18 19:00:00,1.8,1.9,5.3,5.4,30.0,34.0
2025-10-18 20:00:00,1.4,1.6,4.1,4.5,38.0,38.0
2025-10-18 21:00:00,1.3,1.1,3.8,3.3,39.0,46.0
2025-10-18 22:00:00,1.0,1.0,3.1,2.9,36.0,37.0
2025-10-18 23:00:00,0.9,1.0,3.1,3.3,30.0,34.0
2025-10-19 00:00:00,1.0,1.1,3.1,3.1,22.0,33.0
2025-10-19 01:00:00,0.9,1.1,3.0,3.0,19.0,36.0
2025-10-19 02:00:00,1.3,0.9,3.9,2.8,18.0,41.0
2025-10-19 03:00:00,1.3,0.5,4.1,1.6,30.0,57.0
2025-10-19 04:00:00,1.2,0.4,3.5,1.2,42.0,30.0
2025-10-19 05:00:00,1.0,0.4,3.1,1.0,52.0,3.0
2025-10-19 06:00:00,0.8,0.4,2.8,1.1,64.0,336.0
2025-10-19 07:00:00,0.6,0.6,1.9,2.0,69.0,35.0
2025-10-19 08:00:00,0.4,0.9,1.6,3.3,69.0,95.0
2025-10-19 09:00:00,0.3,0.9,1.8,3.5,140.0,165.0
2025-10-19 10:00:00,0.8,1.3,3.4,4.8,163.0,176.0
2025-10-19 11:00:00,1.1,0.8,4.8,4.3,157.0,168.0
2025-10-19 12:00:00,0.8,0.7,4.8,4.0,187.0,191.0
2025-10-19 13:00:00,0.5,1.0,5.1,5.4,256.0,226.0
2025-10-19 14:00:00,1.3,1.8,6.6,7.0,258.0,253.0
2025-10-19 15:00:00,1.1,3.2,5.5,11.6,264.0,264.0
2025-10-19 16:00:00,1.8,2.9,6.5,9.9,268.0,268.0
2025-10-19 17:00:00,2.1,2.1,6.9,6.4,265.0,271.0
2025-10-19 18:00:00,1.9,1.4,6.3,3.6,258.0,275.0
2025-10-19 19:00:00,1.8,1.0,5.8,2.2,256.0,295.0
2025-10-19 20:00:00,1.3,0.8,2.9,1.5,254.0,315.0
2025-10-19 21:00:00,1.1,1.3,3.0,2.8,249.0,271.0
2025-10-19 22:00:00,0.8,0.6,2.0,1.9,283.0,273.0
2025-10-19 23:00:00,1.5,0.9,3.0,0.9,2.0,343.0
2025-10-20 00:00:00,2.4,2.3,6.5,6.0,8.0,0.0
2025-10-20 01:00:00,2.8,2.4,8.6,7.6,10.0,359.0
2025-10-20 02:00:00,2.3,1.9,7.1,5.5,13.0,359.0
2025-10-20 03:00:00,1.9,2.1,5.8,6.6,25.0,19.0
2025-10-20 04:00:00,1.5,2.0,4.3,6.3,32.0,25.0
2025-10-20 05:00:00,1.4,2.0,4.0,5.9,33.0,30.0
2025-10-20 06:00:00,1.8,2.0,5.4,5.6,37.0,36.0
2025-10-20 07:00:00,1.8,2.1,4.9,5.8,36.0,36.0
2025-10-20 08:00:00,1.8,2.2,5.0,6.1,35.0,36.0
2025-10-20 09:00:00,2.3,2.8,6.4,8.0,38.0,26.0
2025-10-20 10:00:00,2.6,3.1,7.1,8.5,34.0,25.0
2025-10-20 11:00:00,2.9,2.9,8.4,8.6,35.0,33.0
2025-10-20 12:00:00,2.9,2.4,8.4,7.1,34.0,37.0
2025-10-20 13:00:00,2.7,2.0,8.0,6.5,32.0,35.0
2025-10-20 14:00:00,2.6,2.1,7.5,5.6,31.0,29.0
2025-10-20 15:00:00,2.1,2.4,6.0,7.3,30.0,25.0
2025-10-20 16:00:00,2.0,2.0,5.8,6.3,31.0,27.0
2025-10-20 17:00:00,1.5,1.4,4.3,4.9,30.0,30.0
2025-10-20 18:00:00,1.1,0.9,3.8,3.6,22.0,32.0
2025-10-20 19:00:00,0.7,0.5,2.9,2.5,36.0,36.0
2025-10-20 20:00:00,0.4,0.3,2.0,1.6,16.0,41.0
2025-10-20 21:00:00,0.3,0.3,1.4,0.6,342.0,259.0
2025-10-20 22:00:00,0.4,0.6,1.3,1.1,329.0,225.0
2025-10-20 23:00:00,0.7,0.6,1.9,1.3,344.0,253.0
2025-10-21 00:00:00,0.5,0.6,1.5,1.1,310.0,243.0
2025-10-21 01:00:00,0.6,0.4,1.1,1.1,264.0,282.0
2025-10-21 02:00:00,0.8,0.6,1.0,1.8,277.0,299.0
2025-10-21 03:00:00,0.6,0.8,0.8,1.8,270.0,303.0
2025-10-21 04:00:00,0.9,0.8,1.1,1.6,260.0,303.0
2025-10-21 05:00:00,0.9,0.8,1.1,1.3,257.0,302.0
2025-10-21 06:00:00,0.9,0.7,1.3,1.1,238.0,302.0
2025-10-21 07:00:00,1.2,0.5,1.9,1.1,233.0,305.0
2025-10-21 08:00:00,1.3,0.3,3.1,1.4,229.0,308.0
2025-10-21 09:00:00,0.4,0.5,2.1,2.6,222.0,256.0
2025-10-21 10:00:00,0.6,0.4,4.4,3.5,51.0,9.0
2025-10-21 11:00:00,1.1,1.3,5.4,5.8,51.0,31.0
2025-10-21 12:00:00,1.4,2.0,6.6,7.8,58.0,42.0
2025-10-21 13:00:00,2.0,2.2,8.1,7.9,65.0,50.0
2025-10-21 14:00:00,2.3,2.1,7.1,6.0,65.0,65.0
2025-10-21 15:00:00,1.8,1.8,5.3,5.1,57.0,63.0
2025-10-21 16:00:00,1.4,1.5,4.3,4.1,63.0,52.0
2025-10-21 17:00:00,1.1,1.1,3.3,3.1,47.0,40.0
2025-10-21 18:00:00,1.1,0.8,2.6,2.4,13.0,29.0
2025-10-21 19:00:00,1.1,0.7,3.4,2.4,344.0,21.0
2025-10-21 20:00:00,0.8,0.7,3.1,2.7,342.0,13.0
2025-10-21 21:00:00,1.6,1.1,5.4,2.9,347.0,296.0
2025-10-21 22:00:00,1.6,0.8,5.4,1.6,333.0,300.0
2025-10-21 23:00:00,1.4,1.2,5.8,2.5,330.0,312.0
2025-10-22 00:00:00,1.6,1.6,6.4,3.3,338.0,296.0
2025-10-22 01:00:00,1.8,1.6,6.3,3.0,348.0,268.0
2025-10-22 02:00:00,1.4,1.9,5.5,3.3,336.0,253.0
2025-10-22 03:00:00,0.8,1.9,3.4,3.9,341.0,246.0
2025-10-22 04:00:00,0.6,2.0,3.1,3.9,311.0,249.0
2025-10-22 05:00:00,0.9,2.0,4.5,3.9,254.0,253.0
2025-10-22 06:00:00,1.1,1.9,2.4,3.9,237.0,256.0
2025-10-22 07:00:00,0.9,1.5,2.0,3.8,216.0,280.0
2025-10-22 08:00:00,0.3,1.1,1.0,3.7,315.0,305.0
2025-10-22 09:00:00,1.1,0.6,4.8,3.0,69.0,256.0
2025-10-22 10:00:00,1.3,1.1,5.3,5.0,78.0,2.0
2025-10-22 11:00:00,1.4,1.6,5.5,6.1,81.0,31.0
2025-10-22 12:00:00,1.4,1.8,5.3,7.1,77.0,43.0
2025-10-22 13:00:00,1.3,2.0,4.8,7.4,67.0,49.0
2025-10-22 14:00:00,1.1,2.5,4.0,8.5,61.0,52.0
2025-10-22 15:00:00,1.1,2.6,4.5,7.8,60.0,61.0
2025-10-22 16:00:00,0.9,2.1,4.1,6.1,61.0,69.0
2025-10-22 17:00:00,0.8,1.2,3.3,3.7,62.0,76.0
2025-10-22 18:00:00,0.6,0.6,2.9,1.9,53.0,84.0
2025-10-22 19:00:00,0.6,0.4,2.4,1.3,49.0,114.0
2025-10-22 20:00:00,0.5,0.5,2.0,1.2,60.0,144.0
2025-10-22 21:00:00,0.3,0.4,2.0,1.4,41.0,27.0
2025-10-22 22:00:00,0.4,0.3,1.8,1.0,20.0,139.0
2025-10-22 23:00:00,0.5,0.6,2.0,1.6,45.0,168.0
2025-10-23 00:00:00,0.4,0.3,1.9,1.6,45.0,258.0
2025-10-23 01:00:00,0.4,0.4,0.9,2.5,29.0,250.0
2025-10-23 02:00:00,0.4,0.9,1.0,3.3,4.0,224.0
2025-10-23 03:00:00,0.6,1.1,2.5,3.3,346.0,219.0
2025-10-23 04:00:00,0.4,1.2,1.8,3.0,336.0,230.0
2025-10-23 05:00:00,0.1,1.2,1.0,2.2,0.0,242.0
2025-10-23 06:00:00,0.2,1.2,1.0,1.8,9.0,253.0
2025-10-23 07:00:00,0.2,1.1,0.8,1.8,149.0,251.0
2025-10-23 08:00:00,0.4,0.9,1.3,2.1,175.0,249.0
2025-10-23 09:00:00,0.8,0.4,3.6,1.9,152.0,214.0
2025-10-23 10:00:00,1.2,0.5,4.6,2.8,143.0,153.0
2025-10-23 11:00:00,0.8,0.4,4.8,3.3,145.0,73.0
2025-10-23 12:00:00,0.4,1.1,4.8,6.0,99.0,48.0
2025-10-23 13:00:00,0.4,1.2,2.9,4.1,51.0,73.0
2025-10-23 14:00:00,0.6,1.4,4.0,5.0,62.0,83.0
2025-10-23 15:00:00,1.8,1.4,5.3,4.0,48.0,59.0
2025-10-23 16:00:00,1.8,1.4,5.3,3.7,49.0,48.0
2025-10-23 17:00:00,1.4,1.3,4.4,3.6,37.0,38.0
2025-10-23 18:00:00,1.1,1.1,3.6,3.3,10.0,27.0
2025-10-23 19:00:00,0.8,0.9,3.0,2.7,358.0,12.0
2025-10-23 20:00:00,0.6,0.6,2.4,1.9,14.0,357.0
2025-10-23 21:00:00,0.8,0.7,1.4,1.4,296.0,347.0
2025-10-23 22:00:00,1.1,0.8,2.0,1.8,303.0,0.0
2025-10-23 23:00:00,1.2,0.9,2.4,2.5,279.0,352.0
2025-10-24 00:00:00,1.3,0.9,2.6,3.0,253.0,330.0
2025-10-24 01:00:00,1.2,0.9,2.6,2.9,263.0,323.0
2025-10-24 02:00:00,1.3,0.9,2.9,2.6,278.0,308.0
2025-10-24 03:00:00,1.9,0.9,3.4,2.8,232.0,312.0
2025-10-24 04:00:00,1.7,1.3,3.1,4.0,230.0,335.0
2025-10-24 05:00:00,0.6,1.8,1.4,5.7,308.0,359.0
2025-10-24 06:00:00,0.9,2.1,4.1,6.8,352.0,22.0
2025-10-24 07:00:00,1.4,2.1,5.9,6.9,357.0,32.0
2025-10-24 08:00:00,1.6,1.9,7.0,6.4,8.0,42.0
2025-10-24 09:00:00,1.1,2.0,5.1,6.3,42.0,53.0
2025-10-24 10:00:00,1.2,1.8,4.6,6.4,57.0,55.0
2025-10-24 11:00:00,1.3,1.8,5.5,6.8,57.0,53.0
2025-10-24 12:00:00,1.3,1.4,6.1,4.6,80.0,55.0
2025-10-24 13:00:00,1.3,1.8,6.5,6.3,87.0,62.0
2025-10-24 14:00:00,0.8,1.4,3.4,4.8,59.0,61.0
2025-10-24 15:00:00,1.0,1.4,4.8,5.0,77.0,58.0
2025-10-24 16:00:00,0.8,1.2,2.8,4.4,53.0,50.0
2025-10-24 17:00:00,0.7,1.0,2.8,3.5,62.0,42.0
2025-10-24 18:00:00,0.6,0.8,2.0,2.9,63.0,34.0
2025-10-24 19:00:00,0.3,0.8,1.5,2.9,90.0,13.0
2025-10-24 20:00:00,0.1,0.9,0.6,3.3,124.0,352.0
2025-10-24 21:00:00,0.1,0.3,0.6,1.1,14.0,196.0
2025-10-24 22:00:00,0.2,0.6,0.6,1.6,225.0,236.0
2025-10-24 23:00:00,0.5,0.9,1.1,2.6,223.0,251.0
2025-10-25 00:00:00,0.8,1.0,1.3,2.9,249.0,250.0
2025-10-25 01:00:00,0.8,1.2,1.6,3.6,244.0,253.0
2025-10-25 02:00:00,1.0,1.2,2.0,3.3,259.0,252.0
2025-10-25 03:00:00,0.9,1.2,1.9,3.0,225.0,250.0
2025-10-25 04:00:00,0.9,1.3,2.1,3.0,241.0,249.0
2025-10-25 05:00:00,0.8,1.4,2.3,3.0,239.0,249.0
2025-10-25 06:00:00,1.1,1.4,3.3,2.8,240.0,248.0
2025-10-25 07:00:00,1.0,1.1,2.8,2.2,240.0,239.0
2025-10-25 08:00:00,0.9,0.6,2.6,1.6,237.0,230.0
2025-10-25 09:00:00,0.6,1.3,1.9,3.5,241.0,225.0
2025-10-25 10:00:00,0.4,1.0,2.8,2.8,216.0,234.0
2025-10-25 11:00:00,0.6,0.8,3.5,2.3,161.0,225.0
2025-10-25 12:00:00,0.6,0.6,3.0,1.9,140.0,267.0
2025-10-25 13:00:00,0.8,0.5,4.8,2.6,158.0,256.0
2025-10-25 14:00:00,0.6,0.6,3.8,3.5,125.0,249.0
2025-10-25 15:00:00,0.8,0.7,4.4,4.5,9.0,257.0
2025-10-25 16:00:00,0.4,0.6,2.9,3.9,48.0,304.0
2025-10-25 17:00:00,0.9,0.5,2.5,2.6,67.0,351.0
2025-10-25 18:00:00,1.2,0.4,1.9,1.6,81.0,38.0
2025-10-25 19:00:00,0.8,0.3,1.6,1.0,73.0,59.0
2025-10-25 20:00:00,0.8,0.2,1.8,0.7,69.0,80.0
2025-10-25 21:00:00,0.6,0.6,2.4,1.9,38.0,45.0
2025-10-25 22:00:00,0.5,0.2,2.4,1.3,11.0,270.0
2025-10-25 23:00:00,0.5,0.7,2.4,1.8,349.0,281.0
2025-10-26 00:00:00,0.4,0.5,1.9,1.0,325.0,270.0
2025-10-26 01:00:00,0.4,0.7,1.0,1.5,308.0,255.0
2025-10-26 02:00:00,0.7,0.9,1.4,1.4,294.0,266.0
2025-10-26 03:00:00,0.9,1.3,1.6,1.9,262.0,269.0
2025-10-26 04:00:00,1.0,1.4,1.6,2.0,263.0,267.0
2025-10-26 05:00:00,1.1,1.4,2.0,1.9,254.0,264.0
2025-10-26 06:00:00,0.9,1.3,1.5,1.9,250.0,262.0
2025-10-26 07:00:00,0.9,1.1,1.8,1.9,276.0,268.0
2025-10-26 08:00:00,0.8,0.8,2.0,1.8,263.0,273.0
2025-10-26 09:00:00,0.9,1.2,3.0,3.8,254.0,255.0
2025-10-26 10:00:00,0.7,0.9,3.0,3.5,262.0,266.0
2025-10-26 11:00:00,0.6,1.1,4.0,4.3,293.0,302.0
2025-10-26 12:00:00,2.0,1.3,7.5,5.1,306.0,313.0
2025-10-26 13:00:00,2.2,1.3,7.4,5.0,303.0,326.0
2025-10-26 14:00:00,2.4,1.5,7.8,4.5,299.0,327.0
2025-10-26 15:00:00,1.6,1.5,5.1,4.5,290.0,329.0
2025-10-26 16:00:00,1.9,1.5,5.9,5.0,277.0,306.0
2025-10-26 17:00:00,2.3,1.5,7.6,5.9,267.0,282.0
2025-10-26 18:00:00,2.9,1.5,9.3,6.4,268.0,259.0
2025-10-26 19:00:00,1.3,1.6,4.4,6.2,249.0,252.0
2025-10-26 20:00:00,1.4,1.7,3.6,5.7,251.0,244.0
2025-10-26 21:00:00,1.9,2.0,5.3,4.9,240.0,230.0
2025-10-26 22:00:00,2.1,1.9,4.6,5.8,243.0,234.0
2025-10-26 23:00:00,2.1,2.1,4.9,7.8,241.0,243.0
2025-10-27 00:00:00,2.1,2.7,5.4,9.8,230.0,265.0
2025-10-27 01:00:00,2.3,2.8,7.3,10.3,225.0,266.0
2025-10-27 02:00:00,2.7,3.1,9.0,10.9,243.0,274.0
2025-10-27 03:00:00,2.6,4.9,10.0,15.8,276.0,273.0
2025-10-27 04:00:00,4.1,4.3,14.6,14.0,273.0,272.0
2025-10-27 05:00:00,2.9,3.2,10.4,10.7,270.0,270.0
2025-10-27 06:00:00,2.8,2.4,9.5,8.3,269.0,269.0
2025-10-27 07:00:00,2.3,2.1,7.9,7.7,255.0,267.0
2025-10-27 08:00:00,2.3,2.2,8.1,7.9,252.0,265.0
2025-10-27 09:00:00,2.4,2.8,8.6,9.9,259.0,265.0
2025-10-27 10:00:00,2.9,3.2,10.6,11.3,269.0,272.0
2025-10-27 11:00:00,3.2,3.3,11.3,11.5,275.0,276.0
2025-10-27 12:00:00,3.3,3.3,11.5,11.9,272.0,277.0
2025-10-27 13:00:00,3.3,3.4,12.1,12.4,270.0,275.0
2025-10-27 14:00:00,3.4,3.4,12.3,12.5,271.0,271.0
2025-10-27 15:00:00,4.4,4.9,17.4,16.5,272.0,273.0
2025-10-27 16:00:00,5.6,5.0,16.4,16.0,274.0,277.0
2025-10-27 17:00:00,4.9,4.8,14.0,14.5,276.0,282.0
2025-10-27 18:00:00,4.8,4.4,13.3,12.8,281.0,286.0
2025-10-27 19:00:00,2.7,3.6,9.0,10.8,278.0,283.0
2025-10-27 20:00:00,1.7,2.6,6.8,8.5,277.0,281.0
2025-10-27 21:00:00,2.1,2.1,7.6,7.0,278.0,271.0
2025-10-27 22:00:00,2.0,1.8,7.4,6.3,272.0,271.0
2025-10-27 23:00:00,1.8,1.6,6.9,5.8,265.0,262.0
2025-10-28 00:00:00,1.6,1.3,6.3,4.8,254.0,252.0
2025-10-28 01:00:00,1.5,1.4,5.4,4.1,245.0,245.0
2025-10-28 02:00:00,1.7,1.6,5.0,3.3,243.0,247.0
2025-10-28 03:00:00,1.9,1.7,4.9,3.3,248.0,246.0
2025-10-28 04:00:00,1.9,1.8,4.4,3.4,248.0,246.0
2025-10-28 05:00:00,2.0,1.9,4.5,3.7,248.0,245.0
2025-10-28 06:00:00,2.1,2.0,4.4,4.1,244.0,245.0
2025-10-28 07:00:00,2.3,2.0,4.6,4.6,242.0,245.0
2025-10-28 08:00:00,1.9,2.0,4.9,5.1,244.0,246.0
2025-10-28 09:00:00,1.9,1.9,6.5,6.3,247.0,244.0
2025-10-28 10:00:00,1.6,1.6,6.3,6.9,255.0,261.0
2025-10-28 11:00:00,1.4,2.0,6.6,7.9,274.0,295.0
2025-10-28 12:00:00,2.0,3.2,7.6,10.4,299.0,313.0
2025-10-28 13:00:00,3.2,3.7,10.3,11.1,304.0,311.0
2025-10-28 14:00:00,3.3,3.9,9.9,11.5,302.0,304.0
2025-10-28 15:00:00,3.7,4.1,11.5,11.5,286.0,296.0
2025-10-28 16:00:00,2.8,3.6,8.4,10.2,280.0,287.0
2025-10-28 17:00:00,2.3,2.7,6.5,8.2,281.0,279.0
2025-10-28 18:00:00,1.6,2.0,5.9,6.6,267.0,270.0
2025-10-28 19:00:00,1.4,1.7,5.0,5.8,250.0,259.0
2025-10-28 20:00:00,1.4,1.6,4.4,5.4,231.0,248.0
2025-10-28 21:00:00,1.4,1.3,4.0,3.4,239.0,234.0
2025-10-28 22:00:00,1.4,1.4,3.0,2.8,242.0,236.0
2025-10-28 23:00:00,1.6,1.4,3.0,2.8,248.0,255.0
2025-10-29 00:00:00,1.8,1.8,3.0,3.4,247.0,245.0
2025-10-29 01:00:00,1.9,2.0,3.3,3.6,246.0,246.0
2025-10-29 02:00:00,2.1,2.1,3.6,3.9,242.0,246.0
2025-10-29 03:00:00,2.1,2.3,4.0,4.1,247.0,243.0
2025-10-29 04:00:00,2.2,2.4,4.0,4.3,246.0,243.0
2025-10-29 05:00:00,2.2,2.4,4.1,4.5,246.0,242.0
2025-10-29 06:00:00,2.2,2.3,4.3,4.6,243.0,242.0
2025-10-29 07:00:00,2.2,2.1,4.4,4.4,241.0,241.0
2025-10-29 08:00:00,1.9,1.7,4.4,4.0,240.0,241.0
2025-10-29 09:00:00,1.5,1.5,4.0,4.1,234.0,238.0
2025-10-29 10:00:00,1.0,1.1,3.9,4.1,223.0,239.0
2025-10-29 11:00:00,0.3,0.8,4.4,4.8,333.0,273.0
2025-10-29 12:00:00,0.8,0.4,5.1,5.1,24.0,315.0
2025-10-29 13:00:00,0.9,0.2,5.5,4.6,60.0,45.0
2025-10-29 14:00:00,1.4,0.5,6.1,3.0,86.0,113.0
2025-10-29 15:00:00,1.6,0.7,5.8,3.3,107.0,108.0
2025-10-29 16:00:00,1.7,0.9,5.0,2.6,111.0,116.0
2025-10-29 17:00:00,1.8,1.2,3.6,2.0,117.0,123.0
2025-10-29 18:00:00,2.1,1.4,4.5,1.8,150.0,131.0
2025-10-29 19:00:00,2.4,1.7,6.9,2.4,182.0,163.0
2025-10-29 20:00:00,2.2,1.9,6.5,3.4,209.0,196.0
2025-10-29 21:00:00,2.1,2.4,3.9,4.8,230.0,223.0
2025-10-29 22:00:00,2.1,2.1,3.9,4.4,239.0,237.0
2025-10-29 23:00:00,2.3,2.2,4.4,4.5,239.0,239.0
2025-10-30 00:00:00,2.3,2.3,4.4,4.6,243.0,240.0
2025-10-30 01:00:00,2.3,2.3,4.6,4.5,245.0,244.0
2025-10-30 02:00:00,2.3,2.3,4.9,4.8,244.0,243.0
2025-10-30 03:00:00,2.4,2.4,5.1,5.0,243.0,243.0
2025-10-30 04:00:00,2.3,2.4,5.3,5.1,247.0,243.0
2025-10-30 05:00:00,2.4,2.4,5.3,5.3,248.0,244.0
2025-10-30 06:00:00,2.4,2.4,5.4,5.3,244.0,244.0
2025-10-30 07:00:00,2.4,2.3,5.1,5.1,242.0,244.0
2025-10-30 08:00:00,2.1,2.1,4.8,4.9,241.0,244.0
2025-10-30 09:00:00,1.8,1.8,4.5,4.5,245.0,243.0
2025-10-30 10:00:00,1.4,1.4,4.5,4.1,245.0,241.0
2025-10-30 11:00:00,1.4,1.4,5.1,5.0,247.0,243.0
2025-10-30 12:00:00,1.3,1.6,5.4,6.3,267.0,252.0
2025-10-30 13:00:00,1.1,1.6,5.3,6.8,272.0,259.0
2025-10-30 14:00:00,0.9,1.5,4.8,6.0,262.0,263.0
2025-10-30 15:00:00,1.3,1.4,5.1,5.1,259.0,252.0
2025-10-30 16:00:00,1.4,1.5,3.8,4.5,251.0,248.0
2025-10-30 17:00:00,1.6,1.7,3.3,3.8,249.0,244.0
2025-10-30 18:00:00,1.8,1.8,3.4,3.4,247.0,240.0
2025-10-30 19:00:00,1.9,1.9,3.4,3.6,255.0,241.0
2025-10-30 20:00:00,1.9,2.0,3.5,4.0,250.0,243.0
2025-10-30 21:00:00,2.1,1.9,4.4,3.8,246.0,246.0
2025-10-30 22:00:00,2.3,2.1,4.6,4.0,244.0,245.0
2025-10-30 23:00:00,2.3,2.3,4.6,4.4,246.0,245.0
2025-10-31 00:00:00,2.3,2.4,4.8,4.9,248.0,243.0
2025-10-31 01:00:00,2.3,2.5,4.6,5.1,249.0,247.0
2025-10-31 02:00:00,2.5,2.6,5.1,5.4,247.0,246.0
2025-10-31 03:00:00,2.1,2.4,4.1,5.3,246.0,248.0
2025-10-31 04:00:00,2.1,2.5,3.5,5.3,241.0,247.0
2025-10-31 05:00:00,1.6,2.6,2.8,5.3,240.0,246.0
2025-10-31 06:00:00,1.2,2.6,2.4,5.0,241.0,245.0
2025-10-31 07:00:00,0.7,2.2,2.4,4.3,257.0,238.0
2025-10-31 08:00:00,0.8,1.7,2.8,3.5,259.0,232.0
2025-10-31 09:00:00,0.4,1.4,1.6,3.3,285.0,226.0
2025-10-31 10:00:00,1.4,0.7,5.9,2.8,34.0,202.0
2025-10-31 11:00:00,2.2,0.9,7.0,4.6,49.0,148.0
2025-10-31 12:00:00,2.1,0.9,7.0,5.1,54.0,112.0
2025-10-31 13:00:00,2.3,1.2,7.4,5.8,54.0,110.0
2025-10-31 14:00:00,2.6,1.1,8.1,4.5,59.0,93.0
2025-10-31 15:00:00,2.4,1.1,7.4,4.0,57.0,93.0
2025-10-31 16:00:00,1.9,1.1,5.5,3.3,50.0,77.0
2025-10-31 17:00:00,1.3,1.1,3.1,2.4,47.0,60.0
2025-10-31 18:00:00,0.9,1.1,1.4,1.9,41.0,44.0
2025-10-31 19:00:00,0.7,1.2,1.1,2.0,38.0,346.0
2025-10-31 20:00:00,0.5,1.4,1.0,2.4,323.0,289.0
2025-10-31 21:00:00,1.4,1.0,2.0,1.6,248.0,238.0
2025-10-31 22:00:00,1.9,1.1,3.0,2.1,246.0,257.0
2025-10-31 23:00:00,1.8,1.6,3.4,2.8,238.0,255.0
2025-11-01 00:00:00,1.7,2.1,3.8,3.8,245.0,245.0
2025-11-01 01:00:00,1.9,2.0,3.6,3.8,243.0,248.0
2025-11-01 02:00:00,1.9,2.1,4.1,4.3,248.0,253.0
2025-11-01 03:00:00,1.7,2.1,3.9,4.4,250.0,248.0
2025-11-01 04:00:00,1.8,2.0,3.9,4.6,233.0,245.0
2025-11-01 05:00:00,2.1,2.0,5.4,5.0,241.0,243.0
2025-11-01 06:00:00,2.1,2.1,5.9,5.9,248.0,240.0
2025-11-01 07:00:00,2.1,2.5,6.3,8.0,253.0,247.0
2025-11-01 08:00:00,1.8,3.2,7.0,10.8,258.0,254.0
2025-11-01 09:00:00,2.3,2.6,9.0,9.8,261.0,264.0
2025-11-01 10:00:00,3.5,3.3,12.5,11.3,272.0,276.0
2025-11-01 11:00:00,3.7,3.8,12.8,12.6,276.0,280.0
2025-11-01 12:00:00,4.0,4.2,13.3,13.6,279.0,282.0
2025-11-01 13:00:00,4.1,4.4,13.8,14.1,277.0,282.0
2025-11-01 14:00:00,4.1,4.4,13.5,14.0,278.0,283.0
2025-11-01 15:00:00,5.0,5.4,15.0,15.4,280.0,284.0
2025-11-01 16:00:00,5.0,4.6,14.0,13.3,280.0,276.0
2025-11-01 17:00:00,3.1,3.3,9.0,10.1,276.0,269.0
2025-11-01 18:00:00,2.2,2.4,7.1,7.8,266.0,261.0
2025-11-01 19:00:00,2.1,2.2,6.8,7.5,249.0,255.0
2025-11-01 20:00:00,2.3,2.4,6.8,8.1,238.0,248.0
2025-11-01 21:00:00,2.1,2.1,6.8,6.6,229.0,235.0
2025-11-01 22:00:00,2.3,2.2,7.3,7.1,235.0,233.0
2025-11-01 23:00:00,2.0,2.1,7.1,7.4,235.0,231.0
2025-11-02 00:00:00,2.1,2.4,7.4,8.3,238.0,235.0
2025-11-02 01:00:00,2.2,2.0,7.5,7.8,239.0,236.0
2025-11-02 02:00:00,2.5,3.1,7.1,9.8,224.0,236.0
2025-11-02 03:00:00,3.1,2.8,10.0,10.4,268.0,256.0
2025-11-02 04:00:00,4.1,3.1,12.6,10.9,264.0,258.0
2025-11-02 05:00:00,4.5,3.4,14.1,11.3,262.0,260.0
2025-11-02 06:00:00,4.6,3.8,14.6,11.9,269.0,262.0
2025-11-02 07:00:00,4.8,4.2,15.1,12.9,268.0,263.0
2025-11-02 08:00:00,5.6,4.6,17.4,14.0,269.0,263.0
2025-11-02 09:00:00,6.9,7.2,20.4,21.8,271.0,268.0
2025-11-02 10:00:00,7.5,7.4,22.0,22.5,273.0,269.0
2025-11-02 11:00:00,7.3,7.7,21.5,23.0,275.0,270.0
2025-11-02 12:00:00,6.7,7.6,20.0,22.5,274.0,271.0
2025-11-02 13:00:00,6.0,7.2,18.1,21.3,277.0,272.0
2025-11-02 14:00:00,6.7,6.6,18.9,19.8,280.0,275.0
2025-11-02 15:00:00,6.2,7.1,17.3,19.6,283.0,280.0
2025-11-02 16:00:00,5.8,6.1,16.1,17.2,286.0,281.0
2025-11-02 17:00:00,4.9,4.8,13.8,14.2,286.0,283.0
2025-11-02 18:00:00,4.9,3.7,13.9,11.5,281.0,284.0
2025-11-02 19:00:00,3.8,2.8,11.1,9.2,282.0,276.0
2025-11-02 20:00:00,2.7,2.1,8.8,7.2,282.0,267.0
2025-11-02 21:00:00,2.2,1.8,7.5,6.0,285.0,259.0
2025-11-02 22:00:00,1.6,1.6,5.6,4.6,259.0,249.0
2025-11-02 23:00:00,1.4,1.6,4.0,3.5,261.0,257.0
2025-11-03 00:00:00,1.9,1.5,5.5,3.4,297.0,261.0
2025-11-03 01:00:00,1.6,1.6,6.3,3.3,277.0,268.0
2025-11-03 02:00:00,1.2,1.6,7.8,4.8,284.0,283.0
2025-11-03 03:00:00,1.4,0.9,8.1,3.1,317.0,234.0
2025-11-03 04:00:00,1.9,0.8,8.6,2.8,333.0,242.0
2025-11-03 05:00:00,1.6,0.8,7.9,2.3,324.0,249.0
2025-11-03 06:00:00,1.3,0.8,7.0,2.1,320.0,257.0
2025-11-03 07:00:00,1.1,0.6,6.1,2.0,324.0,254.0
2025-11-03 08:00:00,0.7,0.3,4.6,2.1,285.0,251.0
2025-11-03 09:00:00,1.8,1.0,5.3,5.5,25.0,358.0
2025-11-03 10:00:00,2.5,2.1,7.6,7.8,33.0,27.0
2025-11-03 11:00:00,2.6,2.7,8.4,8.8,38.0,39.0
2025-11-03 12:00:00,2.5,2.7,8.1,8.9,43.0,50.0
2025-11-03 13:00:00,2.4,2.4,8.3,8.3,47.0,56.0
2025-11-03 14:00:00,2.3,2.2,7.6,7.6,53.0,66.0
2025-11-03 15:00:00,2.1,2.0,6.4,6.0,73.0,77.0
2025-11-03 16:00:00,1.7,1.6,4.5,4.4,92.0,93.0
2025-11-03 17:00:00,0.9,1.1,2.5,2.8,92.0,108.0
2025-11-03 18:00:00,0.6,0.9,2.0,2.0,145.0,124.0
2025-11-03 19:00:00,1.2,1.2,2.9,3.0,185.0,150.0
2025-11-03 20:00:00,1.3,1.8,3.1,4.9,198.0,177.0
2025-11-03 21:00:00,2.1,1.9,5.4,4.5,192.0,209.0
2025-11-03 22:00:00,1.8,1.9,5.5,4.1,207.0,224.0
2025-11-03 23:00:00,1.3,1.6,4.3,2.9,231.0,232.0
2025-11-04 00:00:00,1.1,1.6,2.8,2.9,235.0,236.0
2025-11-04 01:00:00,1.3,1.6,2.9,2.9,234.0,238.0
2025-11-04 02:00:00,1.6,1.8,3.0,3.4,235.0,240.0
2025-11-04 03:00:00,1.2,1.9,3.1,3.8,245.0,236.0
2025-11-04 04:00:00,1.6,2.0,3.1,4.0,237.0,235.0
2025-11-04 05:00:00,1.8,2.2,3.4,4.1,235.0,234.0
2025-11-04 06:00:00,1.9,2.2,3.9,4.3,236.0,233.0
2025-11-04 07:00:00,2.0,2.0,3.9,4.4,238.0,235.0
2025-11-04 08:00:00,1.9,1.7,4.0,4.5,237.0,236.0
2025-11-04 09:00:00,1.6,1.5,4.1,4.6,230.0,236.0
2025-11-04 10:00:00,1.6,1.2,6.0,5.8,232.0,244.0
2025-11-04 11:00:00,1.9,1.8,8.0,7.8,250.0,251.0
2025-11-04 12:00:00,2.1,2.3,8.5,8.8,259.0,254.0
2025-11-04 13:00:00,2.2,2.4,8.5,8.8,259.0,256.0
2025-11-04 14:00:00,2.1,2.2,7.8,7.8,259.0,259.0
2025-11-04 15:00:00,1.9,1.9,7.0,7.0,259.0,262.0
2025-11-04 16:00:00,2.2,1.8,8.0,5.8,258.0,251.0
2025-11-04 17:00:00,1.6,1.7,4.1,4.4,241.0,241.0
2025-11-04 18:00:00,1.6,1.7,3.1,3.5,231.0,230.0
2025-11-04 19:00:00,1.6,1.8,3.4,3.5,238.0,236.0
2025-11-04 20:00:00,1.9,2.0,3.6,3.9,243.0,242.0
2025-11-04 21:00:00,2.1,2.3,4.1,4.1,246.0,248.0
2025-11-04 22:00:00,2.2,2.3,4.1,4.3,243.0,248.0
2025-11-04 23:00:00,2.2,2.3,4.3,4.5,246.0,249.0
2025-11-05 00:00:00,2.3,2.3,4.5,4.5,249.0,248.0
2025-11-05 01:00:00,2.3,2.4,4.6,4.6,248.0,248.0
2025-11-05 02:00:00,2.4,2.4,4.9,4.8,248.0,246.0
2025-11-05 03:00:00,2.5,2.4,5.3,4.8,241.0,244.0
2025-11-05 04:00:00,2.6,2.5,5.4,4.9,241.0,242.0
2025-11-05 05:00:00,2.6,2.6,5.5,5.0,243.0,241.0
2025-11-05 06:00:00,2.6,2.6,5.3,5.0,243.0,239.0
2025-11-05 07:00:00,2.6,2.3,5.0,4.6,244.0,236.0
2025-11-05 08:00:00,2.1,1.9,4.1,4.1,240.0,233.0
2025-11-05 09:00:00,1.1,1.4,2.8,3.5,231.0,234.0
2025-11-05 10:00:00,0.1,0.5,1.9,2.3,45.0,217.0
2025-11-05 11:00:00,0.9,0.6,4.8,3.9,94.0,84.0
2025-11-05 12:00:00,1.2,1.0,5.5,5.0,81.0,85.0
2025-11-05 13:00:00,1.8,1.4,6.5,6.0,63.0,62.0
2025-11-05 14:00:00,2.1,1.9,7.3,6.8,61.0,63.0
2025-11-05 15:00:00,2.8,2.3,7.9,7.1,61.0,73.0
2025-11-05 16:00:00,2.6,2.0,6.8,5.7,55.0,67.0
2025-11-05 17:00:00,1.7,1.3,3.8,3.6,50.0,62.0
2025-11-05 18:00:00,1.3,0.8,2.6,1.9,40.0,56.0
2025-11-05 19:00:00,1.3,0.5,2.4,1.2,15.0,110.0
2025-11-05 20:00:00,1.1,0.2,2.5,0.9,5.0,165.0
2025-11-05 21:00:00,0.3,0.6,1.1,1.1,354.0,0.0
2025-11-05 22:00:00,0.4,0.4,0.8,1.0,290.0,0.0
2025-11-05 23:00:00,0.6,0.7,1.0,1.3,276.0,304.0
2025-11-06 00:00:00,1.2,1.1,1.6,1.9,260.0,251.0
2025-11-06 01:00:00,1.8,1.6,3.0,3.5,252.0,241.0
2025-11-06 02:00:00,1.9,1.7,3.9,3.6,245.0,241.0
2025-11-06 03:00:00,1.9,1.8,4.1,4.1,246.0,241.0
2025-11-06 04:00:00,2.1,2.0,4.3,4.4,248.0,242.0
2025-11-06 05:00:00,2.1,2.1,4.4,4.5,247.0,243.0
2025-11-06 06:00:00,2.2,2.1,4.5,4.5,243.0,244.0
2025-11-06 07:00:00,2.2,2.0,4.8,4.3,245.0,242.0
2025-11-06 08:00:00,2.1,1.7,5.0,4.0,244.0,241.0
2025-11-06 09:00:00,1.6,1.6,4.1,3.8,241.0,244.0
2025-11-06 10:00:00,1.4,0.8,4.0,2.6,231.0,243.0
2025-11-06 11:00:00,0.3,0.6,3.0,3.5,259.0,31.0
2025-11-06 12:00:00,1.2,1.3,5.4,5.3,31.0,41.0
2025-11-06 13:00:00,1.6,1.9,6.3,6.5,46.0,43.0
2025-11-06 14:00:00,2.0,1.8,6.5,6.0,53.0,44.0
2025-11-06 15:00:00,2.1,2.1,6.5,6.4,55.0,41.0
2025-11-06 16:00:00,2.1,1.9,5.8,5.3,55.0,45.0
2025-11-06 17:00:00,0.9,1.6,1.9,3.7,46.0,50.0
2025-11-06 18:00:00,0.5,1.3,1.1,2.4,58.0,54.0
2025-11-06 19:00:00,0.8,1.0,1.4,1.7,45.0,48.0
2025-11-06 20:00:00,0.8,0.8,1.3,1.3,37.0,42.0
2025-11-06 21:00:00,0.4,0.6,0.6,1.0,29.0,13.0
2025-11-06 22:00:00,0.1,0.1,0.8,0.8,270.0,207.0
2025-11-06 23:00:00,1.1,0.9,2.1,1.5,220.0,221.0
2025-11-07 00:00:00,1.6,1.3,3.0,2.4,239.0,232.0
2025-11-07 01:00:00,1.7,1.8,3.0,3.4,245.0,229.0
2025-11-07 02:00:00,1.8,1.7,3.1,3.1,245.0,239.0
2025-11-07 03:00:00,2.2,1.9,4.0,3.4,238.0,239.0
2025-11-07 04:00:00,2.3,1.9,4.1,3.4,235.0,239.0
2025-11-07 05:00:00,2.4,1.9,4.4,3.4,234.0,239.0
2025-11-07 06:00:00,2.3,1.8,4.0,3.3,236.0,239.0
2025-11-07 07:00:00,2.3,1.7,3.6,3.1,230.0,241.0
2025-11-07 08:00:00,1.9,1.5,3.1,3.0,229.0,242.0
2025-11-07 09:00:00,1.7,1.3,4.0,2.5,227.0,217.0
2025-11-07 10:00:00,0.9,0.3,3.1,1.8,205.0,225.0
2025-11-07 11:00:00,1.1,1.3,4.8,5.8,134.0,100.0
2025-11-07 12:00:00,1.4,2.1,5.8,7.8,120.0,79.0
2025-11-07 13:00:00,1.9,2.9,7.1,9.0,84.0,83.0
2025-11-07 14:00:00,2.9,2.9,9.3,9.3,82.0,68.0
2025-11-07 15:00:00,2.9,2.3,9.3,6.8,77.0,69.0
2025-11-07 16:00:00,2.2,2.0,7.0,6.2,71.0,64.0
2025-11-07 17:00:00,1.3,1.7,4.4,5.6,62.0,59.0
2025-11-07 18:00:00,1.0,1.3,3.4,4.9,60.0,54.0
2025-11-07 19:00:00,0.8,1.0,2.4,4.2,50.0,68.0
2025-11-07 20:00:00,0.5,0.8,1.8,3.6,75.0,82.0
2025-11-07 21:00:00,0.2,0.6,1.5,3.0,27.0,119.0
2025-11-07 22:00:00,0.2,0.6,1.1,2.8,79.0,139.0
2025-11-07 23:00:00,0.0,0.4,0.9,3.1,90.0,114.0
2025-11-08 00:00:00,0.1,0.8,1.3,3.6,56.0,103.0
2025-11-08 01:00:00,0.6,0.4,2.4,2.8,32.0,65.0
2025-11-08 02:00:00,0.3,0.4,1.4,1.5,30.0,121.0
2025-11-08 03:00:00,0.9,0.3,1.9,1.0,262.0,146.0
2025-11-08 04:00:00,0.7,0.3,2.1,0.9,267.0,155.0
2025-11-08 05:00:00,0.8,0.5,2.5,1.1,251.0,165.0
2025-11-08 06:00:00,1.1,0.6,2.6,1.5,246.0,174.0
2025-11-08 07:00:00,1.1,0.7,2.3,1.9,257.0,168.0
2025-11-08 08:00:00,0.9,0.7,2.3,2.4,242.0,163.0
2025-11-08 09:00:00,0.9,0.4,2.4,1.9,270.0,170.0
2025-11-08 10:00:00,0.6,1.3,2.3,5.3,246.0,164.0
2025-11-08 11:00:00,0.1,2.1,1.9,6.9,104.0,149.0
2025-11-08 12:00:00,0.7,1.9,3.9,6.5,155.0,157.0
2025-11-08 13:00:00,0.8,2.7,2.9,8.6,128.0,165.0
2025-11-08 14:00:00,1.3,2.5,4.0,7.9,188.0,171.0
2025-11-08 15:00:00,1.0,2.3,4.8,6.3,180.0,166.0
2025-11-08 16:00:00,0.6,2.0,3.1,5.6,207.0,175.0
2025-11-08 17:00:00,0.4,1.7,2.3,4.7,135.0,183.0
2025-11-08 18:00:00,0.4,1.4,2.6,4.1,119.0,192.0
2025-11-08 19:00:00,0.2,1.5,1.9,4.4,270.0,198.0
2025-11-08 20:00:00,0.6,1.7,2.0,5.0,216.0,203.0
2025-11-08 21:00:00,0.9,1.5,3.8,4.4,193.0,209.0
2025-11-08 22:00:00,1.1,1.4,3.5,4.0,225.0,214.0
2025-11-08 23:00:00,1.2,1.4,2.9,4.0,243.0,218.0
2025-11-09 00:00:00,1.5,1.4,3.0,4.1,233.0,222.0
2025-11-09 01:00:00,1.6,1.5,2.8,4.4,243.0,234.0
2025-11-09 02:00:00,1.8,1.5,3.1,3.8,239.0,221.0
2025-11-09 03:00:00,1.9,1.2,3.5,2.4,242.0,232.0
2025-11-09 04:00:00,1.9,1.2,3.6,2.2,249.0,234.0
2025-11-09 05:00:00,1.9,1.3,4.1,2.2,247.0,236.0
2025-11-09 06:00:00,1.9,1.3,4.1,2.4,247.0,238.0
2025-11-09 07:00:00,2.0,1.3,4.6,2.7,243.0,241.0
2025-11-09 08:00:00,1.9,1.3,5.0,3.3,244.0,243.0
2025-11-09 09:00:00,1.9,1.5,6.0,4.5,249.0,245.0
2025-11-09 10:00:00,2.3,1.8,8.9,6.4,255.0,254.0
2025-11-09 11:00:00,2.8,2.0,11.0,8.4,266.0,265.0
2025-11-09 12:00:00,3.3,2.8,12.1,9.9,268.0,257.0
2025-11-09 13:00:00,3.2,2.4,12.0,9.9,275.0,255.0
2025-11-09 14:00:00,3.9,2.4,12.1,9.9,277.0,272.0
2025-11-09 15:00:00,4.6,4.1,12.8,11.1,271.0,277.0
2025-11-09 16:00:00,4.8,3.8,13.4,10.1,276.0,272.0
2025-11-09 17:00:00,4.7,3.1,13.4,8.5,275.0,266.0
2025-11-09 18:00:00,3.7,2.6,10.0,7.5,271.0,261.0
2025-11-09 19:00:00,3.3,2.4,11.0,7.5,261.0,259.0
2025-11-09 20:00:00,3.1,2.4,10.3,8.0,265.0,257.0
2025-11-09 21:00:00,3.1,2.8,10.5,10.0,255.0,261.0
2025-11-09 22:00:00,3.4,3.1,11.5,10.4,256.0,268.0
2025-11-09 23:00:00,3.4,3.3,11.4,11.0,269.0,271.0
2025-11-10 00:00:00,3.8,3.8,12.4,11.9,282.0,276.0
2025-11-10 01:00:00,4.3,3.9,13.6,11.5,283.0,278.0
2025-11-10 02:00:00,3.3,3.3,10.9,10.8,286.0,270.0
2025-11-10 03:00:00,2.8,3.2,9.4,10.5,280.0,272.0
2025-11-10 04:00:00,2.7,3.0,9.1,10.1,269.0,268.0
2025-11-10 05:00:00,3.3,2.8,11.1,9.7,266.0,263.0
2025-11-10 06:00:00,3.9,2.7,13.1,9.4,265.0,259.0
2025-11-10 07:00:00,3.4,2.6,11.5,9.4,259.0,260.0
2025-11-10 08:00:00,2.6,2.6,9.1,9.5,249.0,261.0
2025-11-10 09:00:00,3.0,3.4,10.5,12.3,255.0,261.0
2025-11-10 10:00:00,2.8,3.0,9.9,10.6,258.0,260.0
2025-11-10 11:00:00,2.5,2.8,9.1,9.9,262.0,263.0
2025-11-10 12:00:00,2.5,2.7,9.1,10.0,269.0,268.0
2025-11-10 13:00:00,2.1,2.4,8.3,9.0,273.0,266.0
2025-11-10 14:00:00,1.9,2.0,7.6,7.8,267.0,264.0
2025-11-10 15:00:00,1.8,1.8,6.9,7.0,258.0,253.0
2025-11-10 16:00:00,2.0,1.8,6.4,6.2,252.0,251.0
2025-11-10 17:00:00,1.9,1.9,5.9,5.6,250.0,250.0
2025-11-10 18:00:00,2.3,2.0,6.4,5.3,244.0,248.0
2025-11-10 19:00:00,2.2,2.2,6.1,5.4,245.0,247.0
2025-11-10 20:00:00,2.4,2.4,6.9,5.8,246.0,246.0
2025-11-10 21:00:00,2.3,2.4,5.9,6.0,247.0,244.0
2025-11-10 22:00:00,2.5,2.6,6.1,6.1,246.0,245.0
2025-11-10 23:00:00,2.6,2.6,6.4,6.4,248.0,246.0
2025-11-11 00:00:00,2.7,2.6,6.5,6.4,246.0,246.0
2025-11-11 01:00:00,2.5,2.6,6.5,6.3,248.0,245.0
2025-11-11 02:00:00,2.6,2.5,6.3,6.1,247.0,247.0
2025-11-11 03:00:00,2.4,2.5,5.9,5.9,248.0,244.0
2025-11-11 04:00:00,2.2,2.5,5.1,5.8,247.0,245.0
2025-11-11 05:00:00,2.1,2.4,4.4,5.8,247.0,245.0
2025-11-11 06:00:00,2.0,2.4,4.0,5.8,244.0,246.0
2025-11-11 07:00:00,2.0,2.3,4.0,5.7,244.0,247.0
2025-11-11 08:00:00,1.9,2.3,4.1,5.6,246.0,247.0
2025-11-11 09:00:00,1.7,1.4,4.5,3.6,249.0,250.0
2025-11-11 10:00:00,1.4,1.1,4.6,3.5,250.0,251.0
2025-11-11 11:00:00,1.0,0.6,4.1,3.3,259.0,273.0
2025-11-11 12:00:00,0.9,0.9,4.6,4.3,304.0,322.0
2025-11-11 13:00:00,1.0,1.3,4.8,4.9,326.0,339.0
2025-11-11 14:00:00,1.3,1.1,4.8,4.6,348.0,352.0
2025-11-11 15:00:00,1.0,1.1,3.9,3.8,353.0,3.0
2025-11-11 16:00:00,1.0,0.9,3.0,3.0,40.0,34.0
2025-11-11 17:00:00,1.1,0.7,2.1,2.0,62.0,65.0
2025-11-11 18:00:00,0.3,0.6,1.1,1.5,78.0,96.0
2025-11-11 19:00:00,0.9,1.0,2.5,2.0,234.0,136.0
2025-11-11 20:00:00,1.5,1.6,2.6,2.9,223.0,177.0
2025-11-11 21:00:00,1.7,2.1,3.4,3.8,212.0,226.0
2025-11-11 22:00:00,2.0,2.2,3.3,3.9,242.0,234.0
2025-11-11 23:00:00,2.3,2.4,3.5,4.3,241.0,238.0
2025-11-12 00:00:00,2.4,2.3,4.0,4.3,237.0,238.0
2025-11-12 01:00:00,2.4,2.4,4.0,4.4,239.0,235.0
2025-11-12 02:00:00,2.3,2.4,4.3,4.4,240.0,237.0
2025-11-12 03:00:00,2.3,2.3,3.9,4.5,242.0,239.0
2025-11-12 04:00:00,2.4,2.3,4.1,4.5,241.0,241.0
2025-11-12 05:00:00,2.5,2.3,4.5,4.5,243.0,243.0
2025-11-12 06:00:00,2.3,2.3,4.6,4.5,246.0,245.0
2025-11-12 07:00:00,2.2,2.2,4.4,4.4,249.0,244.0
2025-11-12 08:00:00,2.1,2.0,4.4,4.3,243.0,244.0
2025-11-12 09:00:00,1.5,1.8,3.9,4.4,239.0,243.0
2025-11-12 10:00:00,1.1,1.3,3.4,4.0,241.0,246.0
2025-11-12 11:00:00,1.5,1.4,5.5,5.1,234.0,245.0
2025-11-12 12:00:00,1.5,1.6,6.1,5.9,247.0,243.0
2025-11-12 13:00:00,1.6,1.3,6.9,5.9,261.0,261.0
2025-11-12 14:00:00,1.4,1.1,6.3,5.4,269.0,267.0
2025-11-12 15:00:00,1.6,1.0,6.3,4.4,261.0,279.0
2025-11-12 16:00:00,2.4,1.0,8.0,3.7,262.0,267.0
2025-11-12 17:00:00,1.5,1.2,3.9,2.9,245.0,255.0
2025-11-12 18:00:00,1.8,1.4,3.4,2.6,240.0,243.0
2025-11-12 19:00:00,2.0,1.8,3.6,3.1,245.0,244.0
2025-11-12 20:00:00,2.3,2.3,4.1,4.1,245.0,246.0
2025-11-12 21:00:00,2.4,2.6,4.6,5.6,249.0,247.0
2025-11-12 22:00:00,2.5,2.6,5.0,5.9,244.0,247.0
2025-11-12 23:00:00,2.6,2.8,5.5,6.0,244.0,245.0
2025-11-13 00:00:00,2.6,2.7,5.6,6.0,247.0,246.0
2025-11-13 01:00:00,2.6,2.6,5.8,5.9,247.0,247.0
2025-11-13 02:00:00,2.6,2.5,5.8,5.5,247.0,248.0
2025-11-13 03:00:00,2.6,2.4,5.9,5.1,247.0,248.0
2025-11-13 04:00:00,2.6,2.4,5.9,5.1,247.0,246.0
2025-11-13 05:00:00,2.6,2.4,5.9,5.3,246.0,244.0
2025-11-13 06:00:00,2.6,2.3,5.6,5.3,245.0,242.0
2025-11-13 07:00:00,2.6,2.1,5.8,4.9,244.0,239.0
2025-11-13 08:00:00,2.4,1.8,5.6,4.3,245.0,237.0
2025-11-13 09:00:00,2.1,1.7,5.5,4.5,249.0,247.0
2025-11-13 10:00:00,1.8,1.6,5.9,6.1,248.0,253.0
2025-11-13 11:00:00,2.0,1.9,7.0,7.6,256.0,258.0
2025-11-13 12:00:00,2.2,2.3,7.8,8.5,258.0,267.0
2025-11-13 13:00:00,1.9,2.3,7.6,7.8,267.0,268.0
2025-11-13 14:00:00,1.8,1.8,7.3,7.0,267.0,258.0
2025-11-13 15:00:00,2.6,1.3,7.6,5.6,271.0,257.0
2025-11-13 16:00:00,2.3,1.4,8.4,4.9,265.0,254.0
2025-11-13 17:00:00,1.5,1.6,4.1,4.3,257.0,251.0
2025-11-13 18:00:00,1.7,1.8,4.1,3.8,237.0,248.0
2025-11-13 19:00:00,1.8,1.9,3.5,3.5,240.0,248.0
2025-11-13 20:00:00,1.9,1.9,3.4,3.3,246.0,248.0
2025-11-13 21:00:00,2.1,1.9,4.0,3.5,247.0,250.0
2025-11-13 22:00:00,2.1,2.3,4.3,4.1,249.0,246.0
2025-11-13 23:00:00,2.4,2.4,4.6,4.9,246.0,246.0
2025-11-14 00:00:00,2.6,2.5,5.6,5.3,245.0,246.0
2025-11-14 01:00:00,2.5,2.6,5.4,5.8,247.0,245.0
2025-11-14 02:00:00,2.4,2.6,4.8,5.9,247.0,246.0
2025-11-14 03:00:00,2.4,2.6,4.8,5.5,245.0,247.0
2025-11-14 04:00:00,2.4,2.6,4.8,5.4,248.0,246.0
2025-11-14 05:00:00,2.5,2.5,4.9,5.1,245.0,246.0
2025-11-14 06:00:00,2.5,2.4,4.9,4.9,245.0,245.0
2025-11-14 07:00:00,2.4,2.3,4.8,4.6,245.0,246.0
2025-11-14 08:00:00,2.1,2.1,4.6,4.4,247.0,246.0
2025-11-14 09:00:00,1.8,1.8,4.4,4.4,249.0,248.0
2025-11-14 10:00:00,1.2,1.3,4.0,4.3,256.0,251.0
2025-11-14 11:00:00,0.8,0.7,4.6,4.4,261.0,267.0
2025-11-14 12:00:00,1.3,1.0,6.3,5.9,263.0,272.0
2025-11-14 13:00:00,1.7,1.3,7.4,5.8,275.0,283.0
2025-11-14 14:00:00,2.1,1.3,8.1,5.8,279.0,287.0
2025-11-14 15:00:00,1.6,1.2,6.4,5.0,276.0,285.0
2025-11-14 16:00:00,2.1,1.3,6.5,4.4,266.0,273.0
2025-11-14 17:00:00,1.3,1.4,3.9,3.7,255.0,261.0
2025-11-14 18:00:00,1.6,1.5,3.9,3.3,256.0,249.0
2025-11-14 19:00:00,1.8,1.7,4.3,3.3,258.0,248.0
2025-11-14 20:00:00,1.8,1.9,3.8,3.5,253.0,246.0
2025-11-14 21:00:00,1.7,1.9,3.4,3.5,254.0,250.0
2025-11-14 22:00:00,2.0,2.1,3.5,3.6,251.0,252.0
2025-11-14 23:00:00,2.3,2.3,4.3,4.3,250.0,251.0
2025-11-15 00:00:00,2.3,2.3,4.6,4.6,248.0,247.0
2025-11-15 01:00:00,2.3,2.3,4.3,4.6,251.0,248.0
2025-11-15 02:00:00,2.2,2.3,4.1,4.6,252.0,249.0
2025-11-15 03:00:00,2.3,2.3,4.5,4.9,248.0,249.0
2025-11-15 04:00:00,2.3,2.4,4.5,5.0,246.0,248.0
2025-11-15 05:00:00,2.3,2.4,4.5,5.0,246.0,246.0
2025-11-15 06:00:00,2.4,2.4,4.5,5.0,247.0,245.0
2025-11-15 07:00:00,2.3,2.3,4.6,4.9,249.0,245.0
2025-11-15 08:00:00,2.1,2.1,4.4,4.7,246.0,245.0
2025-11-15 09:00:00,1.9,1.9,4.6,4.8,246.0,247.0
2025-11-15 10:00:00,1.3,1.5,3.8,4.6,248.0,248.0
2025-11-15 11:00:00,0.7,0.9,3.3,3.6,265.0,264.0
2025-11-15 12:00:00,0.5,0.5,3.9,3.4,277.0,302.0
2025-11-15 13:00:00,0.1,0.1,2.8,2.8,323.0,0.0
2025-11-15 14:00:00,0.2,0.4,3.4,3.6,252.0,189.0
2025-11-15 15:00:00,0.7,0.3,2.6,3.0,45.0,202.0
2025-11-15 16:00:00,0.4,0.5,1.1,2.6,51.0,214.0
2025-11-15 17:00:00,0.4,0.8,1.1,2.0,86.0,226.0
2025-11-15 18:00:00,0.2,1.1,0.6,1.9,219.0,238.0
2025-11-15 19:00:00,1.1,1.5,1.6,2.5,234.0,242.0
2025-11-15 20:00:00,1.8,2.0,2.6,3.6,242.0,246.0
2025-11-15 21:00:00,1.9,2.3,2.9,4.0,245.0,250.0
2025-11-15 22:00:00,2.3,2.4,3.5,4.5,248.0,248.0
2025-11-15 23:00:00,2.3,2.4,3.9,4.9,251.0,247.0
2025-11-16 00:00:00,2.4,2.5,4.1,5.1,248.0,245.0
2025-11-16 01:00:00,2.6,2.5,4.6,5.3,245.0,243.0
2025-11-16 02:00:00,2.8,2.6,5.3,5.3,243.0,242.0
2025-11-16 03:00:00,2.7,2.5,5.1,5.3,243.0,243.0
2025-11-16 04:00:00,2.8,2.5,5.5,5.2,241.0,245.0
2025-11-16 05:00:00,2.8,2.5,5.5,5.1,243.0,246.0
2025-11-16 06:00:00,2.8,2.5,5.5,5.0,244.0,248.0
2025-11-16 07:00:00,2.7,2.4,5.5,4.8,245.0,247.0
2025-11-16 08:00:00,2.4,2.2,5.4,4.7,248.0,246.0
2025-11-16 09:00:00,2.1,2.1,5.1,5.0,245.0,246.0
2025-11-16 10:00:00,1.8,1.8,4.9,4.6,246.0,245.0
2025-11-16 11:00:00,1.7,1.4,6.5,4.4,249.0,248.0
2025-11-16 12:00:00,2.6,2.3,9.1,8.4,248.0,249.0
2025-11-16 13:00:00,3.3,3.1,10.9,10.8,249.0,249.0
2025-11-16 14:00:00,3.6,3.6,11.6,11.8,247.0,248.0
2025-11-16 15:00:00,4.3,4.1,13.5,12.9,249.0,248.0
2025-11-16 16:00:00,4.8,4.2,14.6,13.3,247.0,249.0
2025-11-16 17:00:00,4.5,4.1,14.1,13.3,251.0,251.0
2025-11-16 18:00:00,4.4,4.1,14.1,13.3,251.0,252.0
2025-11-16 19:00:00,4.6,4.2,14.5,13.7,252.0,253.0
2025-11-16 20:00:00,4.4,4.3,13.6,14.3,251.0,254.0
2025-11-16 21:00:00,4.4,3.2,14.0,10.6,254.0,247.0
2025-11-16 22:00:00,4.5,3.2,14.9,11.3,255.0,249.0
2025-11-16 23:00:00,4.3,3.2,14.6,11.1,258.0,248.0
2025-11-17 00:00:00,4.8,3.5,15.6,12.3,259.0,256.0
2025-11-17 01:00:00,4.9,3.7,15.8,12.8,259.0,261.0
2025-11-17 02:00:00,4.6,3.8,15.1,13.4,260.0,263.0
2025-11-17 03:00:00,4.9,3.7,15.5,12.8,259.0,260.0
2025-11-17 04:00:00,4.5,3.6,15.1,12.6,265.0,262.0
2025-11-17 05:00:00,4.4,3.5,14.5,12.2,261.0,265.0
2025-11-17 06:00:00,3.6,3.3,12.5,11.6,264.0,267.0
2025-11-17 07:00:00,2.6,2.9,9.4,10.7,260.0,265.0
2025-11-17 08:00:00,2.1,2.5,8.5,9.6,257.0,264.0
2025-11-17 09:00:00,2.1,2.1,8.6,8.9,256.0,261.0
2025-11-17 10:00:00,2.3,2.6,9.3,10.3,265.0,265.0
2025-11-17 11:00:00,2.8,2.7,10.8,10.6,266.0,267.0
2025-11-17 12:00:00,2.9,3.2,11.1,12.1,269.0,273.0
2025-11-17 13:00:00,3.1,3.4,11.9,12.6,273.0,272.0
2025-11-17 14:00:00,3.2,3.8,11.9,12.9,270.0,270.0
2025-11-17 15:00:00,3.8,3.6,11.5,12.8,272.0,269.0
2025-11-17 16:00:00,3.6,3.4,11.8,12.0,269.0,266.0
2025-11-17 17:00:00,3.3,3.1,11.3,10.7,265.0,264.0
2025-11-17 18:00:00,3.3,2.8,11.0,9.6,261.0,261.0
2025-11-17 19:00:00,2.9,2.6,10.3,8.8,259.0,256.0
2025-11-17 20:00:00,2.9,2.4,9.9,8.0,256.0,251.0
2025-11-17 21:00:00,2.6,2.6,8.6,8.6,251.0,252.0
2025-11-17 22:00:00,2.5,2.3,8.3,7.5,250.0,247.0
2025-11-17 23:00:00,2.4,2.1,7.4,6.8,250.0,248.0
2025-11-18 00:00:00,2.4,2.2,7.1,7.0,248.0,247.0
2025-11-18 01:00:00,2.5,2.2,7.4,7.0,252.0,249.0
2025-11-18 02:00:00,2.8,2.3,8.1,7.1,252.0,247.0
2025-11-18 03:00:00,2.5,2.3,7.4,7.3,250.0,248.0
2025-11-18 04:00:00,2.6,2.3,7.6,7.1,251.0,248.0
2025-11-18 05:00:00,2.6,2.2,7.8,6.9,249.0,249.0
2025-11-18 06:00:00,2.5,2.3,8.1,7.1,250.0,249.0
2025-11-18 07:00:00,2.6,2.5,8.6,8.0,252.0,251.0
2025-11-18 08:00:00,2.7,2.8,9.4,9.3,253.0,254.0
2025-11-18 09:00:00,3.1,2.9,11.0,10.3,258.0,257.0
2025-11-18 10:00:00,3.5,3.1,12.4,11.3,264.0,261.0
2025-11-18 11:00:00,4.0,3.4,13.6,12.4,270.0,266.0
2025-11-18 12:00:00,4.4,3.8,14.6,13.1,275.0,274.0
2025-11-18 13:00:00,4.1,4.1,13.8,14.0,281.0,277.0
2025-11-18 14:00:00,3.5,3.8,11.9,13.1,286.0,277.0
2025-11-18 15:00:00,2.7,3.2,9.8,11.1,288.0,280.0
2025-11-18 16:00:00,3.1,2.7,9.4,9.4,287.0,277.0
2025-11-18 17:00:00,2.7,2.0,7.6,7.3,285.0,274.0
2025-11-18 18:00:00,1.6,1.5,4.8,5.5,271.0,271.0
2025-11-18 19:00:00,1.4,1.2,4.0,4.1,264.0,262.0
2025-11-18 20:00:00,1.3,1.1,3.6,3.0,245.0,252.0
2025-11-18 21:00:00,1.3,1.3,2.8,2.8,240.0,240.0
2025-11-18 22:00:00,1.6,1.4,3.3,2.9,240.0,245.0
2025-11-18 23:00:00,1.6,1.6,3.4,3.1,240.0,241.0
2025-11-19 00:00:00,1.6,1.7,3.4,3.4,240.0,242.0
2025-11-19 01:00:00,1.7,1.8,3.5,3.9,240.0,243.0
2025-11-19 02:00:00,1.7,1.9,3.6,4.1,246.0,244.0
2025-11-19 03:00:00,1.9,1.8,4.5,4.4,251.0,246.0
2025-11-19 04:00:00,2.0,1.9,4.6,4.6,249.0,246.0
2025-11-19 05:00:00,2.0,2.0,4.8,4.7,245.0,247.0
2025-11-19 06:00:00,2.1,2.0,4.8,4.8,246.0,247.0
2025-11-19 07:00:00,2.1,2.0,4.8,5.0,248.0,248.0
2025-11-19 08:00:00,2.0,2.0,5.0,5.2,250.0,248.0
2025-11-19 09:00:00,1.9,2.1,5.4,6.0,249.0,251.0
2025-11-19 10:00:00,1.4,1.9,4.6,6.0,254.0,253.0
2025-11-19 11:00:00,0.9,1.7,4.8,5.9,235.0,256.0
2025-11-19 12:00:00,1.0,1.9,5.6,7.0,217.0,258.0
2025-11-19 13:00:00,0.8,1.9,5.3,7.0,222.0,263.0
2025-11-19 14:00:00,0.9,1.9,4.9,6.8,232.0,265.0
2025-11-19 15:00:00,0.8,1.9,4.4,6.3,249.0,263.0
2025-11-19 16:00:00,1.1,1.9,4.0,5.7,265.0,255.0
2025-11-19 17:00:00,1.8,1.9,4.1,4.9,259.0,248.0
2025-11-19 18:00:00,2.3,1.9,4.8,4.5,255.0,240.0
2025-11-19 19:00:00,2.3,2.0,5.1,4.6,254.0,242.0
2025-11-19 20:00:00,1.9,2.2,4.6,5.1,248.0,245.0
2025-11-19 21:00:00,2.3,2.3,5.3,5.5,246.0,246.0
2025-11-19 22:00:00,2.3,2.4,5.6,5.9,248.0,245.0
2025-11-19 23:00:00,2.4,2.6,6.1,6.4,248.0,247.0
2025-11-20 00:00:00,2.5,2.5,6.4,6.4,247.0,247.0
2025-11-20 01:00:00,2.5,2.6,6.4,6.6,247.0,247.0
2025-11-20 02:00:00,2.6,2.7,6.9,6.8,249.0,247.0
2025-11-20 03:00:00,2.6,2.7,6.9,6.9,248.0,248.0
2025-11-20 04:00:00,2.8,2.8,7.0,7.0,248.0,247.0
2025-11-20 05:00:00,2.8,2.8,7.3,7.2,247.0,247.0
2025-11-20 06:00:00,2.8,2.9,7.4,7.5,246.0,246.0
2025-11-20 07:00:00,2.8,2.9,7.4,8.0,246.0,246.0
2025-11-20 08:00:00,2.8,2.8,7.4,8.6,245.0,245.0
2025-11-20 09:00:00,2.8,2.9,8.9,9.1,243.0,243.0
2025-11-20 10:00:00,3.1,3.1,10.8,10.4,250.0,251.0
2025-11-20 11:00:00,3.8,3.3,12.6,11.4,256.0,256.0
2025-11-20 12:00:00,4.4,3.7,14.6,12.9,261.0,259.0
2025-11-20 13:00:00,4.4,3.8,14.9,13.6,260.0,262.0
2025-11-20 14:00:00,3.9,3.6,13.8,12.9,258.0,261.0
2025-11-20 15:00:00,3.4,3.4,11.8,12.4,248.0,254.0
2025-11-20 16:00:00,3.3,3.1,11.6,11.8,250.0,255.0
2025-11-20 17:00:00,3.1,2.8,12.0,11.0,256.0,257.0
2025-11-20 18:00:00,3.4,2.6,12.1,10.5,254.0,258.0
2025-11-20 19:00:00,3.5,2.7,12.6,10.6,256.0,258.0
2025-11-20 20:00:00,3.4,2.9,12.4,11.0,261.0,258.0
2025-11-20 21:00:00,3.5,3.4,12.4,11.6,262.0,261.0
2025-11-20 22:00:00,3.5,3.2,12.0,11.4,263.0,263.0
2025-11-20 23:00:00,3.3,3.1,11.6,11.0,261.0,259.0
2025-11-21 00:00:00,3.0,3.1,10.4,11.1,259.0,260.0
2025-11-21 01:00:00,2.7,3.1,8.6,10.6,254.0,256.0
2025-11-21 02:00:00,2.5,2.7,7.3,8.9,252.0,253.0
2025-11-21 03:00:00,2.4,2.6,5.4,8.1,248.0,253.0
2025-11-21 04:00:00,2.3,2.6,5.3,7.3,249.0,252.0
2025-11-21 05:00:00,2.3,2.6,5.6,6.6,245.0,251.0
2025-11-21 06:00:00,2.4,2.6,6.1,6.4,246.0,250.0
2025-11-21 07:00:00,2.4,2.6,6.1,6.9,246.0,251.0
2025-11-21 08:00:00,2.3,2.6,5.9,7.8,248.0,252.0
2025-11-21 09:00:00,2.4,2.5,7.5,8.0,246.0,248.0
2025-11-21 10:00:00,2.4,2.5,8.6,9.1,253.0,255.0
2025-11-21 11:00:00,2.8,2.8,10.6,10.5,257.0,262.0
2025-11-21 12:00:00,3.5,3.3,12.4,12.0,260.0,262.0
2025-11-21 13:00:00,4.3,3.6,13.9,13.1,265.0,264.0
2025-11-21 14:00:00,3.9,4.2,14.8,15.4,266.0,267.0
2025-11-21 15:00:00,6.6,4.7,19.6,15.6,269.0,269.0
2025-11-21 16:00:00,6.4,4.2,20.5,14.3,269.0,265.0
2025-11-21 17:00:00,3.8,3.3,14.1,11.9,264.0,260.0
2025-11-21 18:00:00,3.4,2.6,11.8,9.9,259.0,256.0
2025-11-21 19:00:00,2.8,2.4,10.4,8.9,253.0,252.0
2025-11-21 20:00:00,2.5,2.3,8.8,8.2,249.0,249.0
2025-11-21 21:00:00,2.3,2.7,7.8,8.4,247.0,244.0
2025-11-21 22:00:00,2.1,2.6,7.0,7.5,247.0,245.0
2025-11-21 23:00:00,2.1,2.6,6.6,6.3,248.0,244.0
2025-11-22 00:00:00,2.3,2.6,6.4,6.3,250.0,245.0
2025-11-22 01:00:00,2.3,2.6,4.9,6.3,250.0,244.0
2025-11-22 02:00:00,2.5,2.6,5.4,6.3,251.0,245.0
2025-11-22 03:00:00,2.4,2.6,5.6,6.0,246.0,245.0
2025-11-22 04:00:00,2.4,2.6,5.6,5.8,246.0,244.0
2025-11-22 05:00:00,2.4,2.5,5.6,5.6,246.0,244.0
2025-11-22 06:00:00,2.4,2.4,5.6,5.5,244.0,243.0
2025-11-22 07:00:00,2.5,2.3,5.6,5.3,245.0,244.0
2025-11-22 08:00:00,2.4,2.1,5.8,5.1,244.0,244.0
2025-11-22 09:00:00,2.1,2.2,5.8,6.4,246.0,245.0
2025-11-22 10:00:00,2.3,2.5,7.5,7.9,248.0,250.0
2025-11-22 11:00:00,2.4,2.6,8.6,8.5,254.0,254.0
2025-11-22 12:00:00,2.4,3.0,9.5,10.0,254.0,254.0
2025-11-22 13:00:00,3.1,2.8,11.8,9.6,257.0,253.0
2025-11-22 14:00:00,2.4,3.3,8.9,11.5,254.0,257.0
2025-11-22 15:00:00,2.2,2.8,8.3,9.0,256.0,257.0
2025-11-22 16:00:00,3.9,2.5,12.3,7.9,261.0,252.0
2025-11-22 17:00:00,3.1,2.1,9.3,6.5,263.0,246.0
2025-11-22 18:00:00,2.1,1.8,7.3,5.5,253.0,241.0
2025-11-22 19:00:00,1.9,1.9,6.0,5.2,243.0,244.0
2025-11-22 20:00:00,1.9,2.1,5.8,5.4,243.0,248.0
2025-11-22 21:00:00,2.4,2.3,5.9,5.5,248.0,247.0
2025-11-22 22:00:00,2.6,2.5,6.1,5.6,243.0,245.0
2025-11-22 23:00:00,2.5,2.4,5.9,5.8,246.0,247.0
2025-11-23 00:00:00,2.5,2.6,6.0,5.9,246.0,245.0
2025-11-23 01:00:00,2.6,2.5,6.1,6.1,243.0,244.0
2025-11-23 02:00:00,2.6,2.6,6.3,6.4,243.0,246.0
2025-11-23 03:00:00,2.6,2.6,6.4,6.3,246.0,245.0
2025-11-23 04:00:00,2.6,2.5,6.4,6.1,243.0,244.0
2025-11-23 05:00:00,2.4,2.3,5.8,5.7,244.0,244.0
2025-11-23 06:00:00,2.4,2.2,5.4,5.3,243.0,243.0
2025-11-23 07:00:00,2.3,2.1,5.4,4.9,244.0,241.0
2025-11-23 08:00:00,2.2,1.9,5.6,4.5,239.0,239.0
2025-11-23 09:00:00,1.8,1.9,5.3,5.3,238.0,242.0
2025-11-23 10:00:00,1.6,1.6,5.1,5.1,235.0,242.0
2025-11-23 11:00:00,1.9,1.8,7.8,6.0,246.0,243.0
2025-11-23 12:00:00,2.8,1.6,11.0,5.9,256.0,248.0
2025-11-23 13:00:00,3.5,2.1,12.0,7.8,259.0,254.0
2025-11-23 14:00:00,2.9,2.1,11.6,7.5,258.0,254.0
2025-11-23 15:00:00,1.6,1.8,6.0,6.4,243.0,248.0
2025-11-23 16:00:00,2.1,1.7,6.4,6.1,240.0,245.0
2025-11-23 17:00:00,1.8,1.6,6.4,5.5,237.0,242.0
2025-11-23 18:00:00,1.3,1.6,5.3,5.1,242.0,239.0
2025-11-23 19:00:00,1.4,1.7,5.3,4.9,232.0,239.0
2025-11-23 20:00:00,1.4,1.8,4.9,4.7,227.0,240.0
2025-11-23 21:00:00,1.9,1.8,4.4,4.6,238.0,229.0
2025-11-23 22:00:00,1.7,1.6,4.0,4.3,236.0,230.0
2025-11-23 23:00:00,1.9,1.6,4.8,4.5,237.0,232.0
2025-11-24 00:00:00,2.0,1.7,4.6,4.6,237.0,227.0
2025-11-24 01:00:00,1.8,1.8,4.3,4.4,241.0,233.0
2025-11-24 02:00:00,1.8,1.8,4.0,4.3,238.0,247.0
2025-11-24 03:00:00,2.0,1.7,4.6,3.8,233.0,239.0
2025-11-24 04:00:00,1.6,1.6,3.8,3.6,249.0,241.0
2025-11-24 05:00:00,1.8,1.5,4.0,3.5,238.0,244.0
2025-11-24 06:00:00,2.1,1.4,5.1,3.6,239.0,246.0
2025-11-24 07:00:00,1.9,1.5,4.4,3.9,246.0,245.0
2025-11-24 08:00:00,1.9,1.7,4.8,4.4,242.0,244.0
2025-11-24 09:00:00,1.6,1.7,4.9,4.5,240.0,230.0
2025-11-24 10:00:00,1.8,1.6,7.4,6.3,239.0,233.0
2025-11-24 11:00:00,2.1,2.1,8.8,8.0,249.0,238.0
2025-11-24 12:00:00,2.6,2.5,10.3,9.4,257.0,248.0
2025-11-24 13:00:00,2.6,2.8,10.1,10.5,259.0,254.0
2025-11-24 14:00:00,2.6,2.7,9.9,10.4,260.0,259.0
2025-11-24 15:00:00,2.9,2.8,10.8,10.1,260.0,257.0
2025-11-24 16:00:00,3.3,2.5,10.1,8.9,256.0,251.0
2025-11-24 17:00:00,2.5,2.0,8.5,7.3,247.0,245.0
2025-11-24 18:00:00,2.3,1.6,7.8,5.9,246.0,239.0
2025-11-24 19:00:00,2.0,1.4,7.0,5.2,244.0,233.0
2025-11-24 20:00:00,1.9,1.3,5.9,4.8,241.0,226.0
2025-11-24 21:00:00,2.1,1.5,6.9,5.6,241.0,230.0
2025-11-24 22:00:00,2.1,1.6,6.6,5.6,240.0,231.0
2025-11-24 23:00:00,2.2,1.7,7.0,5.8,239.0,235.0
2025-11-25 00:00:00,1.9,1.8,6.3,6.3,237.0,237.0
2025-11-25 01:00:00,2.2,1.6,6.9,5.9,248.0,239.0
2025-11-25 02:00:00,2.4,1.4,7.3,5.4,249.0,245.0
2025-11-25 03:00:00,2.3,1.3,8.1,4.8,252.0,224.0
2025-11-25 04:00:00,1.9,1.3,7.0,3.6,243.0,221.0
2025-11-25 05:00:00,1.9,1.4,7.1,2.4,248.0,219.0
2025-11-25 06:00:00,1.6,1.7,6.0,2.6,249.0,216.0
2025-11-25 07:00:00,1.4,2.3,5.4,5.5,236.0,226.0
2025-11-25 08:00:00,0.9,3.2,4.3,9.9,222.0,236.0
2025-11-25 09:00:00,1.1,4.4,2.8,14.9,231.0,254.0
2025-11-25 10:00:00,2.0,4.8,6.3,14.9,235.0,249.0
2025-11-25 11:00:00,1.2,5.1,4.8,16.0,229.0,258.0
2025-11-25 12:00:00,1.6,4.9,7.3,16.0,279.0,271.0
2025-11-25 13:00:00,1.0,5.5,5.3,16.8,297.0,281.0
2025-11-25 14:00:00,0.7,5.5,4.0,16.9,302.0,274.0
2025-11-25 15:00:00,4.7,5.4,15.4,16.6,262.0,272.0
2025-11-25 16:00:00,4.3,4.7,13.9,14.6,268.0,274.0
2025-11-25 17:00:00,4.3,3.6,13.6,11.8,268.0,275.0
2025-11-25 18:00:00,3.9,2.7,13.0,9.3,265.0,277.0
2025-11-25 19:00:00,3.1,2.2,10.5,7.5,262.0,268.0
2025-11-25 20:00:00,2.3,1.8,8.1,6.1,264.0,260.0
2025-11-25 21:00:00,0.8,1.5,4.4,5.0,272.0,258.0
2025-11-25 22:00:00,0.9,1.4,4.6,4.4,262.0,257.0
2025-11-25 23:00:00,0.8,1.4,3.3,3.9,265.0,258.0
2025-11-26 00:00:00,0.8,1.4,3.3,3.9,279.0,254.0
2025-11-26 01:00:00,0.9,1.7,2.8,4.4,280.0,253.0
2025-11-26 02:00:00,0.9,1.9,2.5,4.9,268.0,253.0
2025-11-26 03:00:00,0.8,1.9,2.1,4.6,268.0,251.0
2025-11-26 04:00:00,0.9,2.0,2.5,5.0,251.0,250.0
2025-11-26 05:00:00,1.1,2.1,2.9,5.4,249.0,248.0
2025-11-26 06:00:00,1.5,2.2,3.9,5.8,249.0,247.0
2025-11-26 07:00:00,1.7,2.3,4.3,6.1,250.0,248.0
2025-11-26 08:00:00,1.8,2.4,4.6,6.4,247.0,250.0
2025-11-26 09:00:00,1.7,1.5,4.8,4.1,253.0,255.0
2025-11-26 10:00:00,1.4,1.4,4.8,4.9,254.0,254.0
2025-11-26 11:00:00,1.4,1.4,5.4,5.4,252.0,260.0
2025-11-26 12:00:00,1.5,1.4,6.0,5.9,248.0,253.0
2025-11-26 13:00:00,1.4,1.6,5.9,6.4,253.0,257.0
2025-11-26 14:00:00,1.2,1.5,5.3,6.1,256.0,256.0
2025-11-26 15:00:00,1.6,1.2,5.6,5.3,265.0,255.0
2025-11-26 16:00:00,1.5,1.2,4.8,4.6,276.0,261.0
2025-11-26 17:00:00,1.9,1.3,5.0,3.7,275.0,268.0
2025-11-26 18:00:00,1.9,1.4,5.0,3.1,256.0,274.0
2025-11-26 19:00:00,2.3,1.5,6.6,3.1,246.0,267.0
2025-11-26 20:00:00,2.0,1.7,5.8,3.4,247.0,260.0
2025-11-26 21:00:00,2.1,1.6,5.4,3.6,249.0,243.0
2025-11-26 22:00:00,2.0,1.8,5.5,3.6,250.0,245.0
2025-11-26 23:00:00,2.0,1.9,5.4,3.9,248.0,246.0
2025-11-27 00:00:00,2.2,2.1,6.0,4.5,248.0,250.0
2025-11-27 01:00:00,2.2,2.2,6.3,5.6,250.0,250.0
2025-11-27 02:00:00,2.3,1.9,6.8,4.8,250.0,249.0
2025-11-27 03:00:00,2.1,1.9,6.6,4.6,242.0,246.0
2025-11-27 04:00:00,2.0,2.1,5.4,5.2,243.0,245.0
2025-11-27 05:00:00,1.8,2.3,4.6,6.1,237.0,244.0
2025-11-27 06:00:00,1.8,2.5,4.5,6.6,226.0,243.0
2025-11-27 07:00:00,1.8,2.2,4.4,5.8,224.0,238.0
2025-11-27 08:00:00,1.8,1.9,4.4,4.7,215.0,234.0
2025-11-27 09:00:00,1.6,2.9,4.1,9.6,214.0,229.0
2025-11-27 10:00:00,2.0,6.0,5.4,17.9,222.0,223.0
2025-11-27 11:00:00,4.1,8.0,12.5,23.0,226.0,236.0
2025-11-27 12:00:00,6.6,7.1,19.3,20.8,229.0,250.0
2025-11-27 13:00:00,7.3,8.6,21.4,24.1,232.0,254.0
2025-11-27 14:00:00,6.4,9.1,18.8,25.0,248.0,258.0
2025-11-27 15:00:00,6.9,9.3,20.9,27.0,250.0,259.0
2025-11-27 16:00:00,6.9,8.5,21.8,25.3,255.0,262.0
2025-11-27 17:00:00,7.0,7.0,21.1,22.0,259.0,264.0
2025-11-27 18:00:00,6.6,5.9,19.9,19.3,262.0,267.0
2025-11-27 19:00:00,5.3,5.6,17.0,18.2,268.0,267.0
2025-11-27 20:00:00,5.4,5.7,17.1,17.8,269.0,267.0
2025-11-27 21:00:00,4.6,4.8,14.8,14.1,273.0,272.0
2025-11-27 22:00:00,5.9,4.6,19.1,15.5,273.0,266.0
2025-11-27 23:00:00,6.1,5.1,18.6,17.6,270.0,264.0
2025-11-28 00:00:00,6.0,5.0,18.6,15.8,267.0,263.0
2025-11-28 01:00:00,6.3,4.9,19.4,15.3,262.0,261.0
2025-11-28 02:00:00,5.6,4.4,17.6,14.4,262.0,262.0
2025-11-28 03:00:00,4.4,3.9,14.6,12.5,260.0,257.0
2025-11-28 04:00:00,3.5,3.5,11.9,11.2,258.0,255.0
2025-11-28 05:00:00,3.0,3.1,10.5,9.8,254.0,252.0
2025-11-28 06:00:00,2.4,2.8,7.5,8.8,250.0,250.0
2025-11-28 07:00:00,2.3,2.6,6.9,8.2,247.0,249.0
2025-11-28 08:00:00,2.1,2.6,5.8,8.0,244.0,247.0
2025-11-28 09:00:00,2.3,2.6,6.8,7.4,246.0,248.0
2025-11-28 10:00:00,2.1,2.3,7.1,7.4,245.0,250.0
2025-11-28 11:00:00,1.9,2.1,7.4,7.3,253.0,255.0
2025-11-28 12:00:00,1.8,2.1,7.4,8.0,255.0,258.0
2025-11-28 13:00:00,1.8,2.1,7.4,8.1,262.0,261.0
2025-11-28 14:00:00,1.4,1.8,6.5,7.1,268.0,260.0
2025-11-28 15:00:00,0.9,1.4,4.9,6.0,276.0,258.0
2025-11-28 16:00:00,0.6,1.4,3.4,5.3,255.0,252.0
2025-11-28 17:00:00,1.1,1.6,3.8,4.5,232.0,245.0
2025-11-28 18:00:00,1.6,1.8,4.0,4.1,241.0,239.0
2025-11-28 19:00:00,1.9,2.0,4.3,4.2,237.0,241.0
2025-11-28 20:00:00,1.9,2.2,4.1,4.7,245.0,243.0
2025-11-28 21:00:00,2.0,2.2,4.6,4.8,243.0,244.0
2025-11-28 22:00:00,2.2,2.3,5.1,5.3,245.0,246.0
2025-11-28 23:00:00,2.3,2.3,5.4,5.4,246.0,246.0
2025-11-29 00:00:00,2.3,2.3,5.4,5.4,249.0,246.0
2025-11-29 01:00:00,2.3,2.3,5.0,5.3,248.0,248.0
2025-11-29 02:00:00,2.3,2.4,4.9,5.1,247.0,248.0
2025-11-29 03:00:00,2.3,2.4,4.9,5.1,246.0,248.0
2025-11-29 04:00:00,2.3,2.4,4.9,5.0,246.0,246.0
2025-11-29 05:00:00,2.4,2.4,5.0,5.0,247.0,244.0
2025-11-29 06:00:00,2.4,2.4,5.0,4.9,247.0,242.0
2025-11-29 07:00:00,2.4,2.3,4.9,4.7,245.0,243.0
2025-11-29 08:00:00,2.4,2.1,4.8,4.5,243.0,245.0
2025-11-29 09:00:00,1.9,2.0,4.6,4.9,246.0,247.0
2025-11-29 10:00:00,1.5,1.6,4.1,4.3,246.0,248.0
2025-11-29 11:00:00,1.4,1.4,5.5,5.1,249.0,246.0
2025-11-29 12:00:00,1.8,1.9,7.3,7.4,247.0,243.0
2025-11-29 13:00:00,2.0,2.0,8.4,8.0,248.0,245.0
2025-11-29 14:00:00,2.1,1.8,8.9,7.6,254.0,247.0
2025-11-29 15:00:00,1.8,1.6,8.1,7.4,257.0,249.0
2025-11-29 16:00:00,2.0,1.7,8.5,7.6,248.0,243.0
2025-11-29 17:00:00,2.3,1.9,9.1,8.0,240.0,237.0
2025-11-29 18:00:00,2.8,2.1,10.6,8.4,242.0,231.0
2025-11-29 19:00:00,3.6,2.2,13.0,8.9,249.0,236.0
2025-11-29 20:00:00,4.1,2.4,14.5,9.4,254.0,241.0
2025-11-29 21:00:00,3.4,4.2,12.8,14.5,261.0,257.0
2025-11-29 22:00:00,3.8,4.2,13.8,15.1,262.0,258.0
2025-11-29 23:00:00,4.0,4.2,14.9,15.3,262.0,260.0
2025-11-30 00:00:00,4.1,4.1,15.3,15.0,259.0,259.0
2025-11-30 01:00:00,4.1,3.9,14.9,14.5,257.0,257.0
2025-11-30 02:00:00,3.8,3.7,13.8,13.4,256.0,254.0
2025-11-30 03:00:00,2.8,3.4,11.4,12.1,255.0,251.0
2025-11-30 04:00:00,2.5,3.1,10.1,11.1,255.0,251.0
2025-11-30 05:00:00,1.9,2.7,8.4,10.1,252.0,250.0
2025-11-30 06:00:00,1.9,2.3,7.1,9.1,250.0,250.0
2025-11-30 07:00:00,1.8,1.9,6.5,7.8,253.0,250.0
2025-11-30 08:00:00,1.6,1.6,5.8,6.4,249.0,250.0
2025-11-30 09:00:00,1.3,1.8,5.3,5.3,237.0,234.0
2025-11-30 10:00:00,1.3,1.4,5.9,5.3,233.0,232.0
2025-11-30 11:00:00,1.2,1.6,6.0,6.1,241.0,236.0
2025-11-30 12:00:00,1.8,1.8,7.4,7.0,248.0,238.0
2025-11-30 13:00:00,1.8,1.8,7.6,6.8,253.0,234.0
2025-11-30 14:00:00,1.8,1.4,7.6,6.0,251.0,241.0
2025-11-30 15:00:00,1.6,1.3,7.0,5.5,247.0,249.0
2025-11-30 16:00:00,2.1,1.2,7.4,5.1,244.0,239.0
2025-11-30 17:00:00,1.9,1.2,7.0,4.8,242.0,230.0
2025-11-30 18:00:00,1.9,1.4,8.1,5.3,244.0,220.0
2025-11-30 19:00:00,3.1,1.9,10.8,6.9,245.0,228.0
2025-11-30 20:00:00,4.1,2.7,13.3,9.1,245.0,235.0
2025-11-30 21:00:00,5.3,5.1,16.5,15.9,247.0,247.0
2025-11-30 22:00:00,6.3,5.8,19.0,18.0,248.0,248.0
2025-11-30 23:00:00,6.9,6.4,20.6,19.3,250.0,248.0
2025-12-01 00:00:00,7.4,6.8,22.1,20.3,252.0,250.0
2025-12-01 01:00:00,7.3,7.1,22.0,21.4,253.0,250.0
2025-12-01 02:00:00,7.3,7.4,22.0,22.3,253.0,251.0
2025-12-01 03:00:00,7.5,7.0,22.5,21.6,253.0,253.0
2025-12-01 04:00:00,7.3,6.2,21.6,19.7,257.0,258.0
2025-12-01 05:00:00,6.9,5.0,20.8,16.8,261.0,262.0
2025-12-01 06:00:00,5.4,3.9,17.6,14.0,269.0,267.0
2025-12-01 07:00:00,4.2,3.1,14.4,11.5,267.0,266.0
2025-12-01 08:00:00,2.8,2.4,10.3,9.1,260.0,264.0
2025-12-01 09:00:00,1.9,1.6,7.8,6.8,265.0,259.0
2025-12-01 10:00:00,1.2,1.8,6.5,7.0,272.0,261.0
2025-12-01 11:00:00,1.4,1.9,7.3,7.8,269.0,252.0
2025-12-01 12:00:00,1.6,1.9,7.8,8.3,262.0,261.0
2025-12-01 13:00:00,1.9,1.9,8.3,8.3,265.0,265.0
2025-12-01 14:00:00,2.1,1.9,8.1,7.9,267.0,262.0
2025-12-01 15:00:00,1.6,2.1,6.5,7.5,261.0,255.0
2025-12-01 16:00:00,1.5,2.0,5.4,6.7,257.0,252.0
2025-12-01 17:00:00,1.6,1.9,4.6,5.6,257.0,249.0
2025-12-01 18:00:00,1.6,1.8,4.1,4.9,258.0,246.0
2025-12-01 19:00:00,1.9,1.9,4.3,4.8,246.0,247.0
2025-12-01 20:00:00,2.0,2.1,4.5,5.1,241.0,247.0
2025-12-01 21:00:00,2.1,2.3,4.8,5.5,246.0,248.0
2025-12-01 22:00:00,2.4,2.4,5.5,6.0,248.0,249.0
2025-12-01 23:00:00,2.4,2.4,5.8,6.0,248.0,248.0
2025-12-02 00:00:00,2.4,2.4,5.8,6.0,247.0,250.0
2025-12-02 01:00:00,2.3,2.4,5.5,6.1,250.0,250.0
2025-12-02 02:00:00,2.3,2.4,5.4,5.9,247.0,248.0
2025-12-02 03:00:00,2.1,2.3,5.1,5.6,248.0,248.0
2025-12-02 04:00:00,1.9,2.2,4.6,5.0,253.0,247.0
2025-12-02 05:00:00,1.5,2.0,3.8,4.1,257.0,247.0
2025-12-02 06:00:00,1.3,1.8,2.8,3.6,253.0,246.0
2025-12-02 07:00:00,1.4,1.7,2.6,3.5,239.0,245.0
2025-12-02 08:00:00,1.4,1.7,2.8,3.7,244.0,244.0
2025-12-02 09:00:00,1.4,1.3,3.6,3.4,247.0,243.0
2025-12-02 10:00:00,1.2,1.0,3.9,4.8,256.0,253.0
2025-12-02 11:00:00,1.3,1.3,5.3,6.0,267.0,275.0
2025-12-02 12:00:00,1.4,1.5,5.6,6.8,266.0,263.0
2025-12-02 13:00:00,1.4,1.9,5.9,8.0,265.0,262.0
2025-12-02 14:00:00,1.8,2.3,7.4,9.3,265.0,269.0
2025-12-02 15:00:00,2.4,2.8,8.6,9.5,256.0,267.0
2025-12-02 16:00:00,3.8,3.7,11.3,11.6,259.0,267.0
2025-12-02 17:00:00,2.9,4.8,9.4,14.0,255.0,267.0
2025-12-02 18:00:00,3.5,5.4,10.6,15.3,242.0,267.0
2025-12-02 19:00:00,4.0,5.0,13.4,14.6,255.0,265.0
2025-12-02 20:00:00,3.1,4.0,10.6,12.9,258.0,264.0
2025-12-02 21:00:00,3.4,3.0,12.1,11.0,260.0,262.0
2025-12-02 22:00:00,3.1,3.0,11.6,10.5,262.0,259.0
2025-12-02 23:00:00,3.3,3.2,11.9,11.0,257.0,258.0
2025-12-03 00:00:00,3.1,3.3,11.5,11.0,260.0,260.0
2025-12-03 01:00:00,3.4,3.3,11.8,10.6,260.0,255.0
2025-12-03 02:00:00,3.6,3.4,12.0,11.1,258.0,256.0
2025-12-03 03:00:00,3.6,3.4,12.4,11.4,258.0,257.0
2025-12-03 04:00:00,3.1,3.3,11.4,10.9,261.0,261.0
2025-12-03 05:00:00,2.7,3.1,10.0,10.0,265.0,265.0
2025-12-03 06:00:00,2.7,2.9,9.4,9.4,271.0,269.0
2025-12-03 07:00:00,2.7,2.6,9.6,8.8,269.0,271.0
2025-12-03 08:00:00,3.1,2.2,11.1,8.5,265.0,272.0
2025-12-03 09:00:00,2.6,3.1,10.0,11.4,274.0,273.0
2025-12-03 10:00:00,3.4,3.4,12.0,11.8,278.0,287.0
2025-12-03 11:00:00,4.5,4.6,14.6,14.3,278.0,287.0
2025-12-03 12:00:00,5.8,5.8,17.6,17.6,279.0,282.0
2025-12-03 13:00:00,6.7,6.9,20.1,20.6,274.0,278.0
2025-12-03 14:00:00,7.6,7.6,22.8,21.5,270.0,280.0
2025-12-03 15:00:00,7.4,7.6,21.8,21.4,271.0,279.0
2025-12-03 16:00:00,7.4,7.4,22.4,21.0,271.0,277.0
2025-12-03 17:00:00,6.4,6.7,19.3,19.8,266.0,275.0
2025-12-03 18:00:00,5.9,5.9,18.5,18.0,266.0,273.0
2025-12-03 19:00:00,4.9,4.8,16.1,15.1,269.0,269.0
2025-12-03 20:00:00,3.9,3.5,13.1,11.6,266.0,264.0
2025-12-03 21:00:00,3.9,3.0,13.1,10.5,265.0,260.0
2025-12-03 22:00:00,2.8,2.5,10.0,9.3,260.0,253.0
2025-12-03 23:00:00,2.5,2.5,9.1,9.0,256.0,251.0
2025-12-04 00:00:00,2.3,2.2,8.4,7.5,253.0,249.0
2025-12-04 01:00:00,2.0,2.3,6.4,7.1,251.0,251.0
2025-12-04 02:00:00,2.2,2.3,6.4,6.1,250.0,250.0
2025-12-04 03:00:00,2.1,2.4,5.5,6.3,246.0,249.0
2025-12-04 04:00:00,2.2,2.4,5.8,6.2,247.0,249.0
2025-12-04 05:00:00,2.3,2.4,6.0,6.3,250.0,250.0
2025-12-04 06:00:00,2.4,2.4,6.1,6.5,250.0,250.0
2025-12-04 07:00:00,2.4,2.4,6.6,7.0,251.0,249.0
2025-12-04 08:00:00,2.5,2.3,6.8,7.6,249.0,249.0
2025-12-04 09:00:00,2.5,2.4,8.3,7.5,250.0,246.0
2025-12-04 10:00:00,2.9,2.4,10.0,8.4,261.0,251.0
2025-12-04 11:00:00,3.4,2.6,11.9,9.3,263.0,259.0
2025-12-04 12:00:00,3.3,3.1,11.9,11.0,264.0,261.0
2025-12-04 13:00:00,3.3,3.0,11.8,10.8,262.0,261.0
2025-12-04 14:00:00,2.9,2.8,11.0,10.1,258.0,254.0
2025-12-04 15:00:00,2.3,2.6,8.9,9.0,250.0,247.0
2025-12-04 16:00:00,2.5,3.0,8.5,10.0,241.0,247.0
2025-12-04 17:00:00,2.8,3.6,8.6,11.6,239.0,246.0
2025-12-04 18:00:00,3.1,4.1,10.1,12.9,243.0,246.0
2025-12-04 19:00:00,3.9,4.4,12.0,13.5,242.0,243.0
2025-12-04 20:00:00,4.7,4.5,14.4,13.7,244.0,240.0
2025-12-04 21:00:00,4.8,4.6,15.1,14.9,245.0,251.0
2025-12-04 22:00:00,5.3,4.7,16.1,14.9,253.0,254.0
2025-12-04 23:00:00,6.2,4.7,18.4,15.0,269.0,260.0
2025-12-05 00:00:00,6.5,4.8,19.5,14.8,264.0,267.0
2025-12-05 01:00:00,5.1,5.1,15.9,15.6,266.0,272.0
2025-12-05 02:00:00,4.1,4.6,13.8,14.4,268.0,270.0
2025-12-05 03:00:00,3.9,3.4,12.9,11.5,271.0,268.0
2025-12-05 04:00:00,3.3,3.0,11.0,10.1,266.0,261.0
2025-12-05 05:00:00,2.7,2.6,9.0,8.5,259.0,253.0
2025-12-05 06:00:00,2.5,2.3,8.1,7.4,256.0,246.0
2025-12-05 07:00:00,2.2,2.1,6.8,6.8,247.0,245.0
2025-12-05 08:00:00,2.2,2.1,6.5,6.7,249.0,244.0
2025-12-05 09:00:00,2.5,2.1,7.4,6.4,249.0,247.0
2025-12-05 10:00:00,2.4,2.1,7.3,6.5,248.0,247.0
2025-12-05 11:00:00,2.3,2.0,7.8,6.9,250.0,250.0
2025-12-05 12:00:00,2.4,2.3,8.6,7.9,250.0,251.0
2025-12-05 13:00:00,2.8,2.7,9.8,9.5,247.0,252.0
2025-12-05 14:00:00,2.8,2.6,10.1,9.3,253.0,249.0
2025-12-05 15:00:00,2.3,2.3,7.4,7.4,248.0,245.0
2025-12-05 16:00:00,2.4,2.4,7.1,7.0,240.0,246.0
2025-12-05 17:00:00,2.4,2.5,7.1,6.5,242.0,246.0
2025-12-05 18:00:00,2.3,2.6,5.8,6.3,248.0,247.0
2025-12-05 19:00:00,2.4,2.7,6.1,6.5,248.0,247.0
2025-12-05 20:00:00,2.6,2.8,6.4,7.0,248.0,246.0
2025-12-05 21:00:00,2.7,2.8,7.1,7.1,246.0,245.0
2025-12-05 22:00:00,2.7,2.9,7.3,7.4,246.0,248.0
2025-12-05 23:00:00,2.6,2.8,6.9,7.3,248.0,248.0
2025-12-06 00:00:00,2.7,2.8,6.9,7.0,246.0,247.0
2025-12-06 01:00:00,2.6,2.8,6.9,6.9,246.0,248.0
2025-12-06 02:00:00,2.7,2.8,6.8,6.9,246.0,249.0
2025-12-06 03:00:00,2.6,2.7,6.5,6.8,249.0,250.0
2025-12-06 04:00:00,2.6,2.7,6.5,6.8,250.0,249.0
2025-12-06 05:00:00,2.6,2.6,6.6,6.9,249.0,249.0
2025-12-06 06:00:00,2.6,2.6,6.5,6.9,246.0,248.0
2025-12-06 07:00:00,2.5,2.5,6.5,6.7,243.0,245.0
2025-12-06 08:00:00,2.4,2.3,6.6,6.4,240.0,243.0
2025-12-06 09:00:00,2.1,2.4,6.1,6.6,237.0,237.0
2025-12-06 10:00:00,2.1,2.0,8.0,7.6,235.0,238.0
2025-12-06 11:00:00,2.7,2.3,10.4,8.8,248.0,241.0
2025-12-06 12:00:00,3.1,2.6,10.4,10.0,250.0,243.0
2025-12-06 13:00:00,2.6,2.8,10.1,10.6,249.0,245.0
2025-12-06 14:00:00,2.4,2.8,9.5,10.5,245.0,247.0
2025-12-06 15:00:00,3.7,3.0,12.3,10.5,248.0,247.0
2025-12-06 16:00:00,3.6,3.0,12.1,10.4,254.0,248.0
2025-12-06 17:00:00,2.9,3.0,10.4,10.1,253.0,248.0
2025-12-06 18:00:00,2.5,2.9,9.8,9.9,248.0,249.0
2025-12-06 19:00:00,2.8,2.8,10.4,9.7,240.0,244.0
2025-12-06 20:00:00,2.7,2.6,10.5,9.6,246.0,240.0
2025-12-06 21:00:00,2.5,1.9,9.6,8.4,253.0,238.0
2025-12-06 22:00:00,2.7,2.2,9.9,9.3,256.0,256.0
2025-12-06 23:00:00,2.6,2.4,9.5,9.5,258.0,252.0
2025-12-07 00:00:00,2.7,2.3,9.6,9.6,257.0,253.0
2025-12-07 01:00:00,2.9,2.3,10.0,9.8,254.0,257.0
2025-12-07 02:00:00,2.6,2.3,9.8,9.3,253.0,255.0
2025-12-07 03:00:00,2.5,2.6,10.0,9.4,255.0,256.0
2025-12-07 04:00:00,2.6,2.5,9.6,9.1,251.0,253.0
2025-12-07 05:00:00,2.4,2.4,9.1,8.8,249.0,250.0
2025-12-07 06:00:00,2.2,2.3,8.8,8.5,247.0,247.0
2025-12-07 07:00:00,2.2,2.1,8.6,8.2,252.0,245.0
2025-12-07 08:00:00,2.3,2.0,8.9,7.9,253.0,244.0
2025-12-07 09:00:00,2.3,2.1,9.0,8.3,248.0,250.0
2025-12-07 10:00:00,2.3,2.1,9.4,8.8,254.0,254.0
2025-12-07 11:00:00,2.4,2.3,9.9,9.3,259.0,260.0
2025-12-07 12:00:00,2.8,2.7,10.9,10.6,258.0,260.0
2025-12-07 13:00:00,3.7,3.2,12.9,11.8,256.0,256.0
2025-12-07 14:00:00,4.1,3.9,13.3,13.4,256.0,255.0
2025-12-07 15:00:00,4.7,4.4,14.8,14.3,253.0,255.0
2025-12-07 16:00:00,4.7,4.8,14.6,15.2,251.0,254.0
2025-12-07 17:00:00,4.3,5.1,13.6,16.0,248.0,252.0
2025-12-07 18:00:00,4.7,5.4,15.0,16.9,244.0,251.0
2025-12-07 19:00:00,5.0,6.0,15.8,18.2,247.0,252.0
2025-12-07 20:00:00,5.1,6.6,15.9,19.7,248.0,253.0
2025-12-07 21:00:00,4.8,6.3,14.9,19.4,249.0,258.0
2025-12-07 22:00:00,4.6,6.8,15.1,20.4,252.0,260.0
2025-12-07 23:00:00,4.6,6.3,14.9,19.1,260.0,265.0
2025-12-08 00:00:00,5.3,5.7,16.9,17.9,264.0,270.0
2025-12-08 01:00:00,5.9,4.7,18.1,15.6,267.0,269.0
2025-12-08 02:00:00,5.4,4.1,17.6,13.8,269.0,272.0
2025-12-08 03:00:00,4.9,3.4,16.0,12.1,277.0,273.0
2025-12-08 04:00:00,3.2,2.8,11.1,10.2,282.0,267.0
2025-12-08 05:00:00,2.6,2.2,9.5,8.3,281.0,262.0
2025-12-08 06:00:00,2.3,1.8,8.5,7.0,279.0,256.0
2025-12-08 07:00:00,2.1,1.6,7.8,6.4,269.0,253.0
2025-12-08 08:00:00,2.1,1.6,7.6,6.2,258.0,251.0
2025-12-08 09:00:00,1.6,2.1,5.8,7.4,246.0,255.0
2025-12-08 10:00:00,1.6,1.9,6.9,7.6,261.0,264.0
2025-12-08 11:00:00,1.8,2.1,7.5,8.0,279.0,282.0
2025-12-08 12:00:00,1.8,2.3,7.4,8.4,288.0,295.0
2025-12-08 13:00:00,1.9,2.3,7.4,8.3,295.0,294.0
2025-12-08 14:00:00,2.8,2.1,9.8,8.0,289.0,288.0
2025-12-08 15:00:00,2.2,2.1,7.8,7.5,272.0,275.0
2025-12-08 16:00:00,3.8,2.1,10.4,7.3,270.0,267.0
2025-12-08 17:00:00,3.8,2.1,10.5,7.1,266.0,259.0
2025-12-08 18:00:00,1.9,2.1,6.3,6.8,258.0,251.0
2025-12-08 19:00:00,2.1,2.1,6.5,6.2,248.0,250.0
2025-12-08 20:00:00,2.1,2.1,6.0,5.5,245.0,248.0
2025-12-08 21:00:00,2.1,2.1,5.1,5.1,246.0,248.0
2025-12-08 22:00:00,2.1,2.1,5.4,5.4,246.0,246.0
2025-12-08 23:00:00,2.2,2.1,5.5,5.4,246.0,245.0
2025-12-09 00:00:00,2.3,2.1,5.6,5.4,245.0,244.0
2025-12-09 01:00:00,2.3,2.1,5.6,5.3,245.0,245.0
2025-12-09 02:00:00,2.3,2.1,5.6,5.1,246.0,245.0
2025-12-09 03:00:00,2.2,2.2,5.6,5.1,245.0,243.0
2025-12-09 04:00:00,2.2,2.2,5.6,5.1,244.0,243.0
2025-12-09 05:00:00,2.2,2.2,5.5,5.1,243.0,243.0
2025-12-09 06:00:00,2.1,2.2,5.3,5.1,245.0,243.0
2025-12-09 07:00:00,2.1,2.1,5.1,5.0,245.0,244.0
2025-12-09 08:00:00,1.9,2.0,5.1,5.0,246.0,246.0
2025-12-09 09:00:00,2.2,1.9,7.0,5.3,246.0,243.0
2025-12-09 10:00:00,2.4,2.1,8.3,6.1,254.0,249.0
2025-12-09 11:00:00,2.8,2.1,9.9,7.5,262.0,256.0
2025-12-09 12:00:00,2.8,2.3,9.9,8.5,264.0,259.0
2025-12-09 13:00:00,2.6,2.4,10.0,8.9,268.0,258.0
2025-12-09 14:00:00,2.7,2.3,9.6,8.4,268.0,258.0
2025-12-09 15:00:00,2.5,2.6,9.0,8.4,268.0,260.0
2025-12-09 16:00:00,2.3,2.5,7.9,7.9,258.0,255.0
2025-12-09 17:00:00,2.2,2.4,7.1,7.3,252.0,250.0
2025-12-09 18:00:00,2.3,2.3,7.3,6.8,248.0,245.0
2025-12-09 19:00:00,2.3,2.3,7.3,6.5,245.0,244.0
2025-12-09 20:00:00,2.3,2.3,7.1,6.4,243.0,244.0
2025-12-09 21:00:00,2.3,2.4,5.5,5.9,243.0,243.0
2025-12-09 22:00:00,2.3,2.4,5.5,6.0,244.0,242.0
2025-12-09 23:00:00,2.4,2.5,5.6,6.1,244.0,242.0
2025-12-10 00:00:00,2.4,2.5,5.8,5.9,244.0,242.0
2025-12-10 01:00:00,2.5,2.5,5.9,6.0,243.0,243.0
2025-12-10 02:00:00,2.5,2.5,5.9,5.9,244.0,242.0
2025-12-10 03:00:00,2.4,2.4,5.8,5.8,243.0,243.0
2025-12-10 04:00:00,2.4,2.3,5.9,5.6,244.0,243.0
2025-12-10 05:00:00,2.4,2.3,5.6,5.4,245.0,244.0
2025-12-10 06:00:00,2.3,2.2,5.1,5.3,244.0,244.0
2025-12-10 07:00:00,2.3,2.2,5.3,5.2,242.0,245.0
2025-12-10 08:00:00,2.3,2.1,5.4,5.1,249.0,247.0
2025-12-10 09:00:00,1.9,1.9,4.9,5.0,243.0,240.0
2025-12-10 10:00:00,1.6,1.7,4.4,5.4,242.0,244.0
2025-12-10 11:00:00,1.6,1.5,5.8,5.6,248.0,251.0
2025-12-10 12:00:00,1.9,1.6,7.4,6.1,253.0,254.0
2025-12-10 13:00:00,2.1,1.8,8.0,6.6,249.0,252.0
2025-12-10 14:00:00,2.0,2.1,7.4,7.5,241.0,254.0
2025-12-10 15:00:00,2.1,1.8,7.3,6.6,250.0,251.0
2025-12-10 16:00:00,1.5,1.8,5.6,6.5,232.0,240.0
2025-12-10 17:00:00,1.6,1.9,5.6,6.3,228.0,229.0
2025-12-10 18:00:00,1.5,1.8,5.4,6.0,219.0,218.0
2025-12-10 19:00:00,1.7,1.6,6.1,5.6,218.0,220.0
2025-12-10 20:00:00,1.6,1.4,5.6,5.1,206.0,222.0
2025-12-10 21:00:00,1.7,1.3,3.8,3.9,229.0,232.0
2025-12-10 22:00:00,2.0,1.3,4.4,4.1,232.0,223.0
2025-12-10 23:00:00,2.3,1.8,5.1,4.9,236.0,225.0
2025-12-11 00:00:00,2.6,1.6,6.3,5.3,247.0,254.0
2025-12-11 01:00:00,2.6,1.4,6.5,5.3,250.0,264.0
2025-12-11 02:00:00,3.0,1.9,7.8,5.8,250.0,255.0
2025-12-11 03:00:00,3.0,2.1,7.6,5.8,244.0,264.0
2025-12-11 04:00:00,2.9,2.4,7.8,6.4,247.0,257.0
2025-12-11 05:00:00,2.8,2.7,9.0,7.1,253.0,249.0
2025-12-11 06:00:00,3.9,2.9,12.9,7.8,251.0,242.0
2025-12-11 07:00:00,3.3,2.9,11.6,8.4,260.0,253.0
2025-12-11 08:00:00,2.8,2.7,10.0,8.9,264.0,263.0
2025-12-11 09:00:00,2.9,3.6,10.3,12.8,255.0,258.0
2025-12-11 10:00:00,2.6,2.2,10.0,8.5,268.0,288.0
2025-12-11 11:00:00,2.3,1.6,9.3,7.0,276.0,273.0
2025-12-11 12:00:00,2.7,1.9,8.6,7.4,280.0,288.0
2025-12-11 13:00:00,3.4,2.6,11.3,8.5,284.0,284.0
2025-12-11 14:00:00,3.6,2.8,12.0,9.5,284.0,288.0
2025-12-11 15:00:00,2.6,2.8,9.0,9.4,283.0,289.0
2025-12-11 16:00:00,2.8,2.9,9.1,9.2,281.0,302.0
2025-12-11 17:00:00,2.6,2.9,8.6,8.5,282.0,314.0
2025-12-11 18:00:00,2.1,2.8,6.1,7.9,287.0,327.0
2025-12-11 19:00:00,2.1,2.7,5.5,7.3,294.0,346.0
2025-12-11 20:00:00,1.9,2.5,5.1,6.7,298.0,6.0
2025-12-11 21:00:00,1.4,2.0,3.4,5.8,329.0,332.0
2025-12-11 22:00:00,1.9,1.8,5.5,5.8,2.0,18.0
2025-12-11 23:00:00,1.6,1.4,5.0,4.4,19.0,22.0
2025-12-12 00:00:00,1.8,1.6,5.8,4.3,15.0,17.0
2025-12-12 01:00:00,4.5,3.4,13.6,10.0,10.0,12.0
2025-12-12 02:00:00,2.4,2.8,8.8,10.0,357.0,1.0
2025-12-12 03:00:00,1.3,1.3,5.9,5.6,335.0,330.0
2025-12-12 04:00:00,1.1,1.2,4.4,4.8,328.0,350.0
2025-12-12 05:00:00,0.4,1.1,3.0,3.6,348.0,9.0
2025-12-12 06:00:00,0.6,1.1,2.5,2.9,3.0,29.0
2025-12-12 07:00:00,0.2,1.2,2.3,3.1,288.0,32.0
2025-12-12 08:00:00,0.4,1.3,2.0,3.8,266.0,36.0
2025-12-12 09:00:00,0.9,1.4,3.5,4.8,16.0,56.0
2025-12-12 10:00:00,1.1,1.4,4.1,5.1,39.0,60.0
2025-12-12 11:00:00,1.1,1.3,4.1,5.0,67.0,62.0
2025-12-12 12:00:00,1.2,1.4,4.3,5.6,72.0,67.0
2025-12-12 13:00:00,1.3,1.5,4.6,5.5,77.0,71.0
2025-12-12 14:00:00,1.5,1.6,5.4,5.3,82.0,85.0
2025-12-12 15:00:00,1.9,1.6,5.9,5.0,86.0,92.0
2025-12-12 16:00:00,1.7,1.4,5.8,4.1,89.0,118.0
2025-12-12 17:00:00,1.4,1.1,4.5,3.0,93.0,144.0
2025-12-12 18:00:00,1.1,0.9,3.5,2.4,104.0,170.0
2025-12-12 19:00:00,1.0,1.1,2.9,2.6,121.0,184.0
2025-12-12 20:00:00,1.3,1.4,3.1,3.4,144.0,197.0
2025-12-12 21:00:00,1.1,1.7,2.4,4.0,177.0,208.0
2025-12-12 22:00:00,1.6,1.6,3.3,3.8,190.0,210.0
2025-12-12 23:00:00,1.5,1.5,3.6,3.6,210.0,217.0
2025-12-13 00:00:00,1.7,1.4,4.1,4.5,223.0,222.0
2025-12-13 01:00:00,1.6,1.3,4.4,4.4,221.0,233.0
2025-12-13 02:00:00,1.5,1.3,4.1,4.4,222.0,233.0
2025-12-13 03:00:00,1.3,1.3,3.0,4.4,238.0,242.0
2025-12-13 04:00:00,1.3,1.5,3.1,5.0,236.0,238.0
2025-12-13 05:00:00,1.3,1.8,3.5,5.9,246.0,235.0
2025-12-13 06:00:00,1.8,2.0,3.5,6.4,232.0,231.0
2025-12-13 07:00:00,2.0,2.0,5.4,6.1,234.0,234.0
2025-12-13 08:00:00,1.8,2.0,5.1,5.4,241.0,236.0
2025-12-13 09:00:00,1.7,1.5,4.3,4.9,235.0,223.0
2025-12-13 10:00:00,1.2,1.3,4.0,4.9,245.0,223.0
2025-12-13 11:00:00,1.5,1.7,5.1,5.6,206.0,208.0
2025-12-13 12:00:00,1.4,1.2,5.1,4.8,200.0,192.0
2025-12-13 13:00:00,1.8,1.1,6.9,5.3,207.0,180.0
2025-12-13 14:00:00,1.8,1.6,6.5,6.8,210.0,205.0
2025-12-13 15:00:00,1.4,1.6,6.5,5.9,177.0,210.0
2025-12-13 16:00:00,1.6,1.3,6.3,5.2,194.0,221.0
2025-12-13 17:00:00,0.9,0.9,3.3,4.1,244.0,232.0
2025-12-13 18:00:00,0.9,0.7,2.4,3.3,258.0,243.0
2025-12-13 19:00:00,0.9,0.8,3.0,3.0,233.0,244.0
2025-12-13 20:00:00,1.2,1.0,3.4,3.0,228.0,244.0
2025-12-13 21:00:00,1.5,0.8,4.0,2.9,236.0,236.0
2025-12-13 22:00:00,1.8,1.0,5.1,3.1,254.0,242.0
2025-12-13 23:00:00,2.1,1.6,6.4,5.0,249.0,251.0
2025-12-14 00:00:00,2.6,2.0,8.8,6.8,264.0,265.0
2025-12-14 01:00:00,2.9,2.6,10.4,8.8,279.0,279.0
2025-12-14 02:00:00,3.1,2.8,10.5,9.3,279.0,282.0
2025-12-14 03:00:00,2.8,2.4,9.6,8.3,269.0,280.0
2025-12-14 04:00:00,3.2,2.5,10.9,8.6,263.0,271.0
2025-12-14 05:00:00,3.4,2.7,11.8,8.9,262.0,262.0
2025-12-14 06:00:00,4.0,2.8,13.5,9.3,263.0,253.0
2025-12-14 07:00:00,3.8,2.9,12.9,10.0,261.0,256.0
2025-12-14 08:00:00,2.9,3.1,10.3,10.8,260.0,259.0
2025-12-14 09:00:00,2.6,2.9,9.1,10.4,260.0,261.0
2025-12-14 10:00:00,2.6,2.8,8.6,10.0,259.0,265.0
2025-12-14 11:00:00,2.6,2.8,8.8,9.4,261.0,265.0
2025-12-14 12:00:00,2.7,2.8,9.3,9.9,263.0,266.0
2025-12-14 13:00:00,3.0,2.9,9.9,10.4,262.0,268.0
2025-12-14 14:00:00,2.9,2.8,10.0,9.9,260.0,269.0
2025-12-14 15:00:00,2.7,2.9,8.6,9.6,261.0,268.0
2025-12-14 16:00:00,2.8,2.8,9.0,9.1,260.0,264.0
2025-12-14 17:00:00,2.4,2.7,7.8,8.5,255.0,259.0
2025-12-14 18:00:00,2.7,2.6,8.5,8.1,252.0,255.0
2025-12-14 19:00:00,2.6,2.5,8.5,8.0,249.0,254.0
2025-12-14 20:00:00,2.6,2.5,8.3,8.1,248.0,254.0
2025-12-14 21:00:00,2.4,2.5,7.9,8.4,251.0,252.0
2025-12-14 22:00:00,2.2,2.5,7.1,8.1,247.0,248.0
2025-12-14 23:00:00,2.2,2.5,6.9,7.8,247.0,249.0
2025-12-15 00:00:00,2.3,2.5,6.9,6.4,245.0,250.0
2025-12-15 01:00:00,2.3,2.6,7.0,6.8,246.0,249.0
2025-12-15 02:00:00,2.4,2.8,6.3,7.0,246.0,248.0
2025-12-15 03:00:00,2.4,2.8,6.4,7.1,248.0,248.0
2025-12-15 04:00:00,2.5,2.8,6.5,7.1,249.0,247.0
2025-12-15 05:00:00,2.4,2.8,6.4,7.0,246.0,246.0
2025-12-15 06:00:00,2.4,2.7,6.1,6.9,245.0,245.0
2025-12-15 07:00:00,2.4,2.6,5.9,6.7,244.0,245.0
2025-12-15 08:00:00,2.4,2.4,5.9,6.6,244.0,244.0
2025-12-15 09:00:00,2.3,2.5,6.1,6.5,247.0,245.0
2025-12-15 10:00:00,2.5,2.6,7.5,8.5,248.0,247.0
2025-12-15 11:00:00,2.6,2.7,8.4,8.8,251.0,250.0
2025-12-15 12:00:00,2.8,2.6,9.0,8.8,252.0,252.0
2025-12-15 13:00:00,2.8,2.8,9.5,9.1,255.0,252.0
2025-12-15 14:00:00,2.6,2.7,8.5,9.1,253.0,251.0
2025-12-15 15:00:00,2.8,2.9,8.6,9.3,251.0,248.0
2025-12-15 16:00:00,2.4,2.8,7.6,8.9,249.0,248.0
2025-12-15 17:00:00,2.3,2.6,7.5,8.2,243.0,248.0
2025-12-15 18:00:00,2.0,2.4,6.6,7.5,241.0,248.0
2025-12-15 19:00:00,1.9,2.4,6.0,6.9,233.0,248.0
2025-12-15 20:00:00,2.1,2.4,5.5,6.4,232.0,247.0
2025-12-15 21:00:00,2.3,2.1,7.1,5.4,242.0,247.0
2025-12-15 22:00:00,2.1,2.2,6.9,5.4,240.0,245.0
2025-12-15 23:00:00,2.1,2.4,6.3,6.0,242.0,246.0
2025-12-16 00:00:00,2.0,2.3,5.6,5.4,242.0,244.0
2025-12-16 01:00:00,2.0,2.1,5.6,5.5,242.0,244.0
2025-12-16 02:00:00,2.3,2.3,5.8,5.9,249.0,237.0
2025-12-16 03:00:00,2.3,2.1,6.0,6.1,243.0,240.0
2025-12-16 04:00:00,2.3,2.0,6.0,6.0,242.0,242.0
2025-12-16 05:00:00,1.9,2.0,5.3,5.9,233.0,244.0
2025-12-16 06:00:00,1.8,1.9,4.5,5.6,227.0,246.0
2025-12-16 07:00:00,1.6,1.7,4.4,5.2,230.0,243.0
2025-12-16 08:00:00,1.5,1.5,4.1,4.7,222.0,239.0
2025-12-16 09:00:00,1.7,1.6,4.4,4.6,230.0,234.0
2025-12-16 10:00:00,1.5,1.6,4.4,4.6,227.0,234.0
2025-12-16 11:00:00,1.3,1.3,5.1,5.9,235.0,233.0
2025-12-16 12:00:00,1.2,1.4,5.8,6.4,243.0,236.0
2025-12-16 13:00:00,1.4,1.7,6.1,6.6,245.0,253.0
2025-12-16 14:00:00,1.4,1.5,6.4,6.5,251.0,270.0
2025-12-16 15:00:00,1.3,1.3,5.8,6.3,255.0,270.0
2025-12-16 16:00:00,0.9,1.2,4.4,5.8,252.0,259.0
2025-12-16 17:00:00,1.0,1.1,4.9,5.1,237.0,248.0
2025-12-16 18:00:00,0.8,1.1,3.9,4.5,227.0,237.0
2025-12-16 19:00:00,1.0,1.1,3.4,4.0,203.0,242.0
2025-12-16 20:00:00,1.3,1.2,3.0,3.6,216.0,247.0
2025-12-16 21:00:00,1.6,0.9,3.9,2.1,233.0,224.0
2025-12-16 22:00:00,1.7,1.1,4.0,2.4,243.0,231.0
2025-12-16 23:00:00,1.6,0.9,4.3,2.9,245.0,248.0
2025-12-17 00:00:00,1.6,1.1,3.9,2.9,243.0,250.0
2025-12-17 01:00:00,1.5,1.4,3.6,2.9,248.0,249.0
2025-12-17 02:00:00,1.6,1.4,3.4,2.6,253.0,253.0
2025-12-17 03:00:00,1.4,1.1,3.4,2.4,243.0,262.0
2025-12-17 04:00:00,1.4,1.4,3.6,3.0,247.0,261.0
2025-12-17 05:00:00,1.3,1.8,3.3,3.9,251.0,259.0
2025-12-17 06:00:00,1.5,2.0,3.4,4.5,253.0,258.0
2025-12-17 07:00:00,1.4,1.9,3.1,4.4,252.0,255.0
2025-12-17 08:00:00,1.3,1.6,2.9,4.1,254.0,253.0
2025-12-17 09:00:00,1.3,1.5,4.0,3.8,245.0,254.0
2025-12-17 10:00:00,1.6,1.6,5.5,5.9,248.0,260.0
2025-12-17 11:00:00,1.6,1.8,6.0,6.3,258.0,262.0
2025-12-17 12:00:00,1.6,2.6,6.5,9.4,268.0,289.0
2025-12-17 13:00:00,1.8,3.5,7.3,10.3,279.0,332.0
2025-12-17 14:00:00,1.8,2.9,7.0,8.6,282.0,345.0
2025-12-17 15:00:00,1.8,2.4,6.8,7.0,293.0,357.0
2025-12-17 16:00:00,2.1,1.7,6.5,4.9,325.0,43.0
2025-12-17 17:00:00,1.6,0.8,4.4,2.5,344.0,89.0
2025-12-17 18:00:00,0.6,0.3,2.9,1.0,357.0,135.0
2025-12-17 19:00:00,0.7,0.6,2.1,1.5,270.0,171.0
2025-12-17 20:00:00,1.5,1.4,3.4,2.9,252.0,208.0
2025-12-17 21:00:00,1.9,0.7,4.3,2.1,250.0,285.0
2025-12-17 22:00:00,2.0,0.8,4.9,2.3,249.0,265.0
2025-12-17 23:00:00,2.1,1.1,4.8,3.1,247.0,251.0
2025-12-18 00:00:00,2.2,1.7,5.1,4.3,245.0,247.0
2025-12-18 01:00:00,2.2,1.8,5.4,4.5,247.0,244.0
2025-12-18 02:00:00,2.2,1.9,5.5,4.6,245.0,248.0
2025-12-18 03:00:00,2.3,1.8,5.6,4.5,246.0,248.0
2025-12-18 04:00:00,2.3,1.9,5.8,4.6,244.0,248.0
2025-12-18 05:00:00,2.3,2.1,5.6,4.8,247.0,249.0
2025-12-18 06:00:00,2.3,2.2,5.5,5.0,246.0,249.0
2025-12-18 07:00:00,2.4,2.2,5.8,5.1,245.0,249.0
2025-12-18 08:00:00,2.4,2.2,5.8,5.3,249.0,249.0
2025-12-18 09:00:00,2.3,2.3,6.0,5.8,246.0,246.0
2025-12-18 10:00:00,2.3,2.2,6.1,6.0,247.0,247.0
2025-12-18 11:00:00,1.9,1.9,5.4,5.5,248.0,251.0
2025-12-18 12:00:00,1.4,1.7,4.8,5.5,249.0,253.0
2025-12-18 13:00:00,1.4,1.6,5.4,5.8,258.0,258.0
2025-12-18 14:00:00,1.1,1.2,5.0,4.8,259.0,258.0
2025-12-18 15:00:00,0.7,1.3,3.3,4.5,245.0,261.0
2025-12-18 16:00:00,0.6,1.2,2.0,3.7,267.0,259.0
2025-12-18 17:00:00,0.9,1.2,1.6,2.8,260.0,257.0
2025-12-18 18:00:00,1.3,1.3,2.0,2.3,260.0,255.0
2025-12-18 19:00:00,1.7,1.6,2.8,2.6,257.0,253.0
2025-12-18 20:00:00,1.9,2.0,3.4,3.4,255.0,250.0
2025-12-18 21:00:00,2.2,2.1,4.0,4.0,247.0,246.0
2025-12-18 22:00:00,2.3,2.3,4.6,4.3,247.0,246.0
2025-12-18 23:00:00,2.4,2.4,5.0,4.8,249.0,246.0
2025-12-19 00:00:00,2.4,2.4,5.1,5.0,247.0,246.0
2025-12-19 01:00:00,2.4,2.4,5.3,5.1,249.0,246.0
2025-12-19 02:00:00,2.4,2.4,5.4,5.1,248.0,250.0
2025-12-19 03:00:00,2.4,2.4,5.5,5.1,250.0,252.0
2025-12-19 04:00:00,2.5,2.4,5.6,5.2,246.0,250.0
2025-12-19 05:00:00,2.6,2.4,5.9,5.3,247.0,249.0
2025-12-19 06:00:00,2.6,2.4,6.1,5.4,244.0,247.0
2025-12-19 07:00:00,2.5,2.4,6.1,5.4,246.0,248.0
2025-12-19 08:00:00,2.6,2.3,6.5,5.5,247.0,249.0
2025-12-19 09:00:00,2.4,2.4,6.8,7.1,249.0,246.0
2025-12-19 10:00:00,2.5,2.3,8.9,8.8,244.0,245.0
2025-12-19 11:00:00,2.6,2.3,10.1,9.3,243.0,244.0
2025-12-19 12:00:00,2.8,2.3,11.0,9.5,252.0,253.0
2025-12-19 13:00:00,2.8,2.5,11.1,10.0,257.0,257.0
2025-12-19 14:00:00,2.7,2.8,10.8,11.3,258.0,255.0
2025-12-19 15:00:00,2.6,2.8,10.3,10.9,257.0,254.0
2025-12-19 16:00:00,2.3,2.6,9.1,10.2,252.0,253.0
2025-12-19 17:00:00,1.9,2.3,7.9,9.0,256.0,252.0
2025-12-19 18:00:00,1.8,2.1,7.1,7.9,253.0,251.0
2025-12-19 19:00:00,2.1,2.1,5.8,7.1,255.0,252.0
2025-12-19 20:00:00,2.3,2.3,6.0,6.3,252.0,252.0
2025-12-19 21:00:00,2.2,2.5,5.6,7.0,258.0,252.0
2025-12-19 22:00:00,1.9,2.6,5.3,6.9,252.0,258.0
2025-12-19 23:00:00,2.1,2.4,5.4,6.0,243.0,259.0
2025-12-20 00:00:00,2.1,2.6,5.5,6.1,251.0,251.0
2025-12-20 01:00:00,2.0,2.4,5.0,5.9,243.0,250.0
2025-12-20 02:00:00,2.4,2.4,5.0,5.8,233.0,249.0
2025-12-20 03:00:00,2.3,2.3,5.0,5.6,234.0,245.0
2025-12-20 04:00:00,2.3,2.3,4.9,5.7,229.0,246.0
2025-12-20 05:00:00,2.3,2.3,5.4,5.9,228.0,246.0
2025-12-20 06:00:00,2.2,2.3,5.5,5.9,231.0,247.0
2025-12-20 07:00:00,2.1,2.3,5.5,5.5,229.0,244.0
2025-12-20 08:00:00,2.1,2.2,5.5,5.0,234.0,241.0
2025-12-20 09:00:00,2.4,2.3,6.0,4.8,235.0,218.0
2025-12-20 10:00:00,1.9,2.1,5.8,4.9,249.0,222.0
2025-12-20 11:00:00,1.6,1.5,5.6,4.8,263.0,233.0
2025-12-20 12:00:00,1.6,1.4,7.3,5.3,262.0,227.0
2025-12-20 13:00:00,1.8,1.5,7.6,5.1,259.0,239.0
2025-12-20 14:00:00,1.8,1.5,7.9,6.1,244.0,239.0
2025-12-20 15:00:00,1.8,1.8,7.3,7.0,242.0,254.0
2025-12-20 16:00:00,1.7,1.8,7.3,7.0,246.0,253.0
2025-12-20 17:00:00,2.0,1.8,7.5,6.8,245.0,252.0
2025-12-20 18:00:00,1.7,1.8,6.6,6.5,242.0,251.0
2025-12-20 19:00:00,1.9,1.7,6.4,6.1,229.0,253.0
2025-12-20 20:00:00,1.9,1.5,7.4,5.7,250.0,256.0
2025-12-20 21:00:00,1.3,1.8,5.4,7.0,242.0,255.0
2025-12-20 22:00:00,1.9,1.8,6.3,6.3,244.0,241.0
2025-12-20 23:00:00,1.8,1.9,6.4,6.3,242.0,242.0
2025-12-21 00:00:00,1.9,1.8,6.4,6.6,234.0,252.0
2025-12-21 01:00:00,2.3,2.0,7.6,7.6,248.0,258.0
2025-12-21 02:00:00,2.5,2.2,8.8,8.3,253.0,258.0
2025-12-21 03:00:00,2.9,2.3,10.6,8.8,266.0,260.0
2025-12-21 04:00:00,2.8,2.2,10.5,8.5,262.0,259.0
2025-12-21 05:00:00,2.6,1.9,10.0,7.7,263.0,258.0
2025-12-21 06:00:00,2.1,1.7,8.4,6.9,261.0,257.0
2025-12-21 07:00:00,2.1,1.5,7.5,6.3,260.0,257.0
2025-12-21 08:00:00,2.4,1.4,8.3,5.7,258.0,257.0
2025-12-21 09:00:00,2.9,2.3,10.3,7.6,262.0,251.0
2025-12-21 10:00:00,2.3,2.1,8.1,7.4,264.0,254.0
2025-12-21 11:00:00,2.0,1.9,7.8,7.6,277.0,257.0
2025-12-21 12:00:00,2.1,1.9,7.9,7.4,293.0,266.0
2025-12-21 13:00:00,2.0,1.9,7.4,7.5,300.0,276.0
2025-12-21 14:00:00,1.7,1.8,6.6,7.4,302.0,284.0
2025-12-21 15:00:00,1.2,1.4,5.0,5.8,299.0,285.0
2025-12-21 16:00:00,1.1,1.5,4.4,5.3,288.0,272.0
2025-12-21 17:00:00,1.6,1.6,5.1,4.8,262.0,260.0
2025-12-21 18:00:00,2.1,1.8,5.1,4.5,252.0,247.0
2025-12-21 19:00:00,2.1,1.9,5.9,4.5,243.0,247.0
2025-12-21 20:00:00,1.8,1.9,4.8,4.6,245.0,248.0
2025-12-21 21:00:00,2.0,1.9,5.1,4.5,252.0,248.0
2025-12-21 22:00:00,1.9,2.1,4.5,4.9,253.0,247.0
2025-12-21 23:00:00,1.9,2.1,4.8,5.3,250.0,249.0
2025-12-22 00:00:00,2.0,2.3,5.1,5.9,248.0,252.0
2025-12-22 01:00:00,2.2,2.4,5.5,6.0,250.0,251.0
2025-12-22 02:00:00,2.2,2.5,5.5,6.1,249.0,250.0
2025-12-22 03:00:00,2.1,2.4,5.0,5.8,254.0,249.0
2025-12-22 04:00:00,1.8,2.3,3.9,5.2,252.0,248.0
2025-12-22 05:00:00,1.8,2.1,3.5,4.3,249.0,246.0
2025-12-22 06:00:00,1.6,1.9,3.1,3.6,251.0,245.0
2025-12-22 07:00:00,1.5,1.7,2.8,3.2,245.0,243.0
2025-12-22 08:00:00,1.4,1.5,2.6,2.9,241.0,240.0
2025-12-22 09:00:00,0.9,1.4,2.3,3.0,243.0,243.0
2025-12-22 10:00:00,0.3,0.6,2.1,2.0,204.0,242.0
2025-12-22 11:00:00,0.6,0.4,3.9,3.3,87.0,60.0
2025-12-22 12:00:00,1.0,1.1,4.8,4.9,94.0,69.0
2025-12-22 13:00:00,1.3,1.4,5.3,5.9,86.0,80.0
2025-12-22 14:00:00,1.4,1.6,5.4,6.1,80.0,83.0
2025-12-22 15:00:00,1.1,1.8,3.9,5.9,90.0,90.0
2025-12-22 16:00:00,1.5,1.4,3.9,4.5,85.0,117.0
2025-12-22 17:00:00,1.3,0.7,3.0,2.4,72.0,145.0
2025-12-22 18:00:00,0.8,0.3,1.9,1.0,111.0,172.0
2025-12-22 19:00:00,0.1,0.5,0.9,1.0,127.0,194.0
2025-12-22 20:00:00,0.6,0.9,1.1,1.7,218.0,217.0
2025-12-22 21:00:00,1.1,1.4,1.4,2.4,224.0,232.0
2025-12-22 22:00:00,1.4,1.4,2.8,2.8,238.0,238.0
2025-12-22 23:00:00,1.3,1.6,4.3,2.8,257.0,236.0
2025-12-23 00:00:00,1.3,1.6,3.4,2.9,240.0,234.0
2025-12-23 01:00:00,1.4,1.7,4.3,3.0,241.0,236.0
2025-12-23 02:00:00,1.7,1.7,5.1,3.1,230.0,239.0
2025-12-23 03:00:00,1.4,1.6,3.5,3.3,255.0,251.0
2025-12-23 04:00:00,1.6,1.5,3.4,3.3,240.0,248.0
2025-12-23 05:00:00,1.7,1.3,3.6,3.4,242.0,244.0
2025-12-23 06:00:00,2.1,1.2,5.4,3.5,223.0,241.0
2025-12-23 07:00:00,2.1,1.2,6.8,3.8,222.0,237.0
2025-12-23 08:00:00,1.8,1.3,5.9,4.3,237.0,233.0
2025-12-23 09:00:00,2.1,1.7,6.4,4.3,223.0,230.0
2025-12-23 10:00:00,1.7,1.6,6.6,5.6,236.0,226.0
2025-12-23 11:00:00,0.9,1.3,4.9,5.9,250.0,224.0
2025-12-23 12:00:00,1.2,1.4,5.6,7.3,211.0,184.0
2025-12-23 13:00:00,2.0,2.8,7.6,10.0,190.0,187.0
2025-12-23 14:00:00,2.4,2.6,7.5,9.5,195.0,188.0
2025-12-23 15:00:00,2.6,2.5,7.5,8.4,201.0,184.0
2025-12-23 16:00:00,2.1,2.6,5.6,7.8,193.0,189.0
2025-12-23 17:00:00,2.1,2.5,5.8,6.8,190.0,193.0
2025-12-23 18:00:00,1.1,2.3,3.3,5.8,218.0,198.0
2025-12-23 19:00:00,1.6,2.0,3.4,4.9,199.0,203.0
2025-12-23 20:00:00,1.5,1.6,3.6,4.1,205.0,208.0
2025-12-23 21:00:00,1.0,0.9,3.3,3.1,259.0,252.0
2025-12-23 22:00:00,0.9,0.8,3.3,2.5,283.0,281.0
2025-12-23 23:00:00,0.9,0.6,2.9,2.1,294.0,270.0
2025-12-24 00:00:00,0.9,0.5,2.6,1.0,274.0,238.0
2025-12-24 01:00:00,1.1,0.8,2.4,1.1,247.0,235.0
2025-12-24 02:00:00,1.3,0.7,2.6,1.0,242.0,262.0
2025-12-24 03:00:00,1.4,0.8,3.0,1.3,246.0,259.0
2025-12-24 04:00:00,1.2,1.0,2.3,1.7,247.0,249.0
2025-12-24 05:00:00,1.2,1.3,2.1,2.1,248.0,239.0
2025-12-24 06:00:00,1.3,1.4,2.3,2.4,248.0,229.0
2025-12-24 07:00:00,1.5,1.3,2.3,2.2,243.0,269.0
2025-12-24 08:00:00,1.4,1.0,2.3,1.8,252.0,310.0
2025-12-24 09:00:00,1.7,0.7,3.4,1.1,256.0,273.0
2025-12-24 10:00:00,1.3,0.3,3.4,0.9,264.0,310.0
2025-12-24 11:00:00,0.9,0.9,3.0,2.1,293.0,18.0
2025-12-24 12:00:00,0.8,1.6,2.6,3.8,343.0,29.0
2025-12-24 13:00:00,1.6,1.6,4.4,3.8,33.0,35.0
2025-12-24 14:00:00,1.8,1.8,5.0,4.5,39.0,33.0
2025-12-24 15:00:00,2.1,2.3,5.5,6.6,40.0,19.0
2025-12-24 16:00:00,2.3,2.1,5.9,6.3,36.0,21.0
2025-12-24 17:00:00,2.2,1.7,5.4,5.5,32.0,23.0
2025-12-24 18:00:00,1.6,1.3,4.6,4.5,35.0,25.0
2025-12-24 19:00:00,0.7,0.9,2.4,3.2,30.0,358.0
2025-12-24 20:00:00,0.5,0.5,1.5,1.8,11.0,331.0
2025-12-24 21:00:00,0.4,0.3,1.8,1.0,270.0,323.0
2025-12-24 22:00:00,0.6,1.0,1.8,2.4,246.0,268.0
2025-12-24 23:00:00,0.9,1.6,1.8,3.4,244.0,255.0
2025-12-25 00:00:00,1.6,2.0,2.8,4.5,251.0,256.0
2025-12-25 01:00:00,2.0,1.9,3.8,4.8,255.0,258.0
2025-12-25 02:00:00,2.0,1.9,4.6,4.8,256.0,256.0
2025-12-25 03:00:00,2.1,2.1,4.5,5.0,252.0,255.0
2025-12-25 04:00:00,1.9,2.0,4.9,5.0,253.0,255.0
2025-12-25 05:00:00,1.9,1.9,4.6,4.8,256.0,254.0
2025-12-25 06:00:00,1.6,1.9,4.4,4.9,255.0,254.0
2025-12-25 07:00:00,1.7,1.9,4.8,5.1,247.0,255.0
2025-12-25 08:00:00,1.8,1.9,5.1,5.4,258.0,257.0
2025-12-25 09:00:00,2.0,2.1,6.3,6.5,264.0,259.0
2025-12-25 10:00:00,2.8,2.3,9.1,7.9,272.0,260.0
2025-12-25 11:00:00,3.1,3.0,10.9,10.3,276.0,272.0
2025-12-25 12:00:00,4.1,3.6,13.4,11.6,281.0,281.0
2025-12-25 13:00:00,5.0,4.9,15.8,14.5,280.0,289.0
2025-12-25 14:00:00,6.6,5.1,20.0,14.6,279.0,288.0
2025-12-25 15:00:00,6.4,5.1,18.1,14.6,281.0,288.0
2025-12-25 16:00:00,6.0,5.4,16.8,15.2,283.0,283.0
2025-12-25 17:00:00,5.8,5.7,16.3,15.6,280.0,278.0
2025-12-25 18:00:00,6.1,5.7,17.0,15.6,275.0,273.0
2025-12-25 19:00:00,6.5,5.3,18.3,14.9,276.0,272.0
2025-12-25 20:00:00,4.7,4.8,14.9,13.8,277.0,271.0
2025-12-25 21:00:00,4.8,4.3,14.6,13.0,274.0,272.0
2025-12-25 22:00:00,4.8,4.0,15.0,12.8,272.0,270.0
2025-12-25 23:00:00,4.7,4.3,14.4,12.8,272.0,272.0
2025-12-26 00:00:00,4.1,4.7,13.5,14.6,270.0,273.0
2025-12-26 01:00:00,4.2,3.9,12.6,12.5,272.0,272.0
2025-12-26 02:00:00,3.8,3.7,12.3,12.1,269.0,272.0
2025-12-26 03:00:00,3.2,3.3,10.6,11.1,269.0,273.0
2025-12-26 04:00:00,2.8,2.8,9.0,9.4,265.0,269.0
2025-12-26 05:00:00,2.6,2.3,8.4,7.6,260.0,265.0
2025-12-26 06:00:00,2.4,2.0,7.9,6.4,256.0,261.0
2025-12-26 07:00:00,2.3,1.9,7.0,6.1,254.0,260.0
2025-12-26 08:00:00,2.3,2.0,7.1,6.4,253.0,259.0
2025-12-26 09:00:00,2.2,2.3,7.3,7.3,251.0,253.0
2025-12-26 10:00:00,2.1,2.3,7.5,7.8,254.0,255.0
2025-12-26 11:00:00,2.6,2.2,9.5,8.0,257.0,258.0
2025-12-26 12:00:00,2.7,2.3,10.1,9.0,263.0,263.0
2025-12-26 13:00:00,2.7,2.5,10.3,9.6,270.0,267.0
2025-12-26 14:00:00,2.6,2.5,10.0,9.5,269.0,269.0
2025-12-26 15:00:00,2.6,2.4,9.8,8.9,269.0,267.0
2025-12-26 16:00:00,2.2,2.3,8.4,8.1,261.0,258.0
2025-12-26 17:00:00,2.1,2.0,7.1,7.1,250.0,248.0
2025-12-26 18:00:00,2.3,1.9,7.8,6.3,249.0,239.0
2025-12-26 19:00:00,2.4,1.9,8.3,6.1,248.0,240.0
2025-12-26 20:00:00,2.1,2.0,7.1,6.2,245.0,242.0
2025-12-26 21:00:00,2.1,2.0,6.9,6.3,246.0,243.0
2025-12-26 22:00:00,2.1,2.1,6.8,6.5,246.0,246.0
2025-12-26 23:00:00,2.1,2.3,6.9,6.8,243.0,246.0
2025-12-27 00:00:00,2.2,2.3,6.8,6.8,245.0,247.0
2025-12-27 01:00:00,2.3,2.4,7.4,7.1,245.0,247.0
2025-12-27 02:00:00,2.4,2.4,7.8,6.8,246.0,248.0
2025-12-27 03:00:00,2.5,2.4,8.3,7.4,246.0,247.0
2025-12-27 04:00:00,2.4,2.4,8.6,7.3,248.0,247.0
2025-12-27 05:00:00,2.6,2.4,9.3,7.1,249.0,247.0
2025-12-27 06:00:00,2.6,2.4,9.6,7.1,248.0,247.0
2025-12-27 07:00:00,2.6,2.4,9.1,7.4,251.0,246.0
2025-12-27 08:00:00,2.6,2.3,8.8,7.9,248.0,244.0
2025-12-27 09:00:00,2.3,2.5,7.8,8.1,250.0,245.0
2025-12-27 10:00:00,2.3,2.7,8.4,9.5,254.0,253.0
2025-12-27 11:00:00,2.4,3.2,9.4,10.9,260.0,260.0
2025-12-27 12:00:00,2.8,3.2,10.4,11.5,260.0,263.0
2025-12-27 13:00:00,2.6,3.1,10.0,11.4,261.0,263.0
2025-12-27 14:00:00,2.0,2.8,8.5,10.5,264.0,266.0
2025-12-27 15:00:00,1.9,2.6,8.4,10.1,257.0,267.0
2025-12-27 16:00:00,2.0,2.3,8.4,9.1,257.0,260.0
2025-12-27 17:00:00,2.4,2.0,9.3,7.8,261.0,252.0
2025-12-27 18:00:00,2.3,1.8,8.4,6.8,256.0,245.0
2025-12-27 19:00:00,2.1,1.7,7.8,6.3,247.0,244.0
2025-12-27 20:00:00,1.9,1.7,6.9,6.0,241.0,243.0
2025-12-27 21:00:00,1.9,2.1,6.9,7.4,245.0,243.0
2025-12-27 22:00:00,2.1,2.3,7.3,7.4,245.0,245.0
2025-12-27 23:00:00,2.0,2.3,6.8,7.0,246.0,248.0
2025-12-28 00:00:00,2.2,2.3,6.9,6.6,248.0,250.0
2025-12-28 01:00:00,2.2,2.3,6.9,5.5,247.0,249.0
2025-12-28 02:00:00,2.1,2.4,6.8,5.5,250.0,249.0
2025-12-28 03:00:00,2.3,2.4,5.5,5.8,251.0,245.0
2025-12-28 04:00:00,2.3,2.4,5.6,5.8,250.0,245.0
2025-12-28 05:00:00,2.3,2.4,5.6,5.8,246.0,245.0
2025-12-28 06:00:00,2.3,2.4,5.4,5.8,251.0,245.0
2025-12-28 07:00:00,2.2,2.2,5.3,5.5,250.0,244.0
2025-12-28 08:00:00,2.2,2.0,5.4,5.2,251.0,242.0
2025-12-28 09:00:00,1.9,1.9,5.6,5.3,247.0,244.0
2025-12-28 10:00:00,2.1,2.0,7.9,6.6,256.0,252.0
2025-12-28 11:00:00,2.6,2.0,9.6,7.6,260.0,257.0
2025-12-28 12:00:00,2.8,2.0,10.3,8.0,258.0,258.0
2025-12-28 13:00:00,2.7,2.2,10.4,8.9,255.0,259.0
2025-12-28 14:00:00,2.4,2.3,9.4,9.0,253.0,254.0
2025-12-28 15:00:00,2.5,3.6,9.8,13.8,250.0,257.0
2025-12-28 16:00:00,2.1,3.1,8.8,12.0,246.0,246.0
2025-12-28 17:00:00,2.0,2.3,7.8,8.7,240.0,234.0
2025-12-28 18:00:00,1.9,1.6,7.6,6.0,236.0,223.0
2025-12-28 19:00:00,1.9,1.4,7.6,4.7,235.0,220.0
2025-12-28 20:00:00,1.9,1.5,7.6,4.0,230.0,216.0
2025-12-28 21:00:00,1.8,2.1,7.0,7.6,227.0,230.0
2025-12-28 22:00:00,1.9,2.3,6.9,7.6,231.0,227.0
2025-12-28 23:00:00,2.1,1.6,7.6,6.8,233.0,227.0
2025-12-29 00:00:00,2.3,1.6,8.4,6.6,235.0,233.0
2025-12-29 01:00:00,2.5,1.8,9.3,7.8,238.0,252.0
2025-12-29 02:00:00,2.6,2.4,9.6,8.4,245.0,250.0
2025-12-29 03:00:00,3.0,2.2,11.0,7.9,252.0,248.0
2025-12-29 04:00:00,3.3,2.3,11.9,8.4,254.0,251.0
2025-12-29 05:00:00,3.8,2.3,12.9,8.9,254.0,255.0
2025-12-29 06:00:00,3.6,2.4,12.4,9.3,254.0,258.0
2025-12-29 07:00:00,3.6,2.4,12.3,9.1,252.0,256.0
2025-12-29 08:00:00,4.2,2.4,13.4,8.8,247.0,254.0
2025-12-29 09:00:00,3.6,3.7,12.1,12.3,245.0,243.0
2025-12-29 10:00:00,4.1,4.6,12.8,14.4,248.0,248.0
2025-12-29 11:00:00,4.8,5.6,14.6,17.4,250.0,253.0
2025-12-29 12:00:00,5.1,6.0,14.6,18.5,255.0,257.0
2025-12-29 13:00:00,6.1,6.6,17.9,19.4,256.0,255.0
2025-12-29 14:00:00,5.9,6.9,16.5,21.0,255.0,257.0
2025-12-29 15:00:00,5.3,6.4,16.4,19.0,255.0,257.0
2025-12-29 16:00:00,5.3,5.6,16.4,17.2,255.0,260.0
2025-12-29 17:00:00,4.4,4.5,14.0,14.7,260.0,263.0
2025-12-29 18:00:00,3.3,3.6,11.6,12.6,266.0,266.0
2025-12-29 19:00:00,2.7,3.3,10.0,11.6,269.0,267.0
2025-12-29 20:00:00,2.3,3.2,9.3,11.1,265.0,267.0
2025-12-29 21:00:00,2.4,3.3,8.0,11.0,259.0,261.0
2025-12-29 22:00:00,2.1,2.9,6.6,10.3,255.0,262.0
2025-12-29 23:00:00,2.1,2.5,5.8,8.8,250.0,259.0
2025-12-30 00:00:00,1.9,2.1,5.3,7.3,249.0,256.0
2025-12-30 01:00:00,1.6,1.9,4.5,6.1,251.0,244.0
2025-12-30 02:00:00,1.5,1.9,4.4,5.5,248.0,245.0
2025-12-30 03:00:00,1.6,1.7,3.4,4.9,241.0,247.0
2025-12-30 04:00:00,1.6,1.7,3.6,4.6,239.0,244.0
2025-12-30 05:00:00,1.5,1.6,3.6,4.6,239.0,242.0
2025-12-30 06:00:00,1.6,1.6,3.8,4.6,241.0,239.0
2025-12-30 07:00:00,1.5,1.5,3.4,4.6,246.0,240.0
2025-12-30 08:00:00,1.4,1.3,3.4,4.6,244.0,240.0
2025-12-30 09:00:00,1.2,1.4,4.9,5.8,248.0,252.0
2025-12-30 10:00:00,1.3,1.8,5.9,7.4,273.0,271.0
2025-12-30 11:00:00,1.9,2.3,7.5,8.9,295.0,280.0
2025-12-30 12:00:00,2.4,2.8,8.8,10.1,293.0,281.0
2025-12-30 13:00:00,2.7,2.9,9.5,10.4,291.0,279.0
2025-12-30 14:00:00,2.6,2.8,9.1,10.4,286.0,278.0
2025-12-30 15:00:00,3.2,2.6,10.5,10.0,288.0,277.0
2025-12-30 16:00:00,3.9,2.4,12.4,9.2,283.0,275.0
2025-12-30 17:00:00,3.8,2.3,11.0,8.3,280.0,274.0
2025-12-30 18:00:00,2.1,2.2,7.3,7.8,273.0,272.0
2025-12-30 19:00:00,2.1,2.4,7.3,8.4,266.0,269.0
2025-12-30 20:00:00,2.0,2.7,7.0,9.4,255.0,265.0
2025-12-30 21:00:00,1.8,2.7,6.4,9.6,251.0,263.0
2025-12-30 22:00:00,1.9,2.8,6.9,10.0,253.0,266.0
2025-12-30 23:00:00,1.9,2.8,7.4,10.3,256.0,266.0
2025-12-31 00:00:00,2.2,2.7,8.1,9.9,258.0,269.0
2025-12-31 01:00:00,2.7,2.6,9.8,9.4,268.0,276.0
2025-12-31 02:00:00,2.8,2.3,9.9,8.1,274.0,278.0
2025-12-31 03:00:00,2.9,2.1,10.3,7.8,275.0,271.0
2025-12-31 04:00:00,2.7,2.0,9.6,7.5,276.0,269.0
2025-12-31 05:00:00,2.7,2.0,9.5,7.4,272.0,266.0
2025-12-31 06:00:00,2.4,2.0,8.8,7.3,265.0,264.0
2025-12-31 07:00:00,2.2,1.9,7.4,7.1,261.0,260.0
2025-12-31 08:00:00,1.9,1.9,6.9,6.9,255.0,255.0
2025-12-31 09:00:00,1.9,2.4,7.4,9.0,258.0,260.0
2025-12-31 10:00:00,2.1,2.6,8.0,9.6,263.0,264.0
2025-12-31 11:00:00,2.4,2.8,9.4,10.5,268.0,269.0
2025-12-31 12:00:00,2.8,2.9,10.3,10.6,271.0,273.0
2025-12-31 13:00:00,2.8,2.9,10.3,10.6,273.0,277.0
2025-12-31 14:00:00,2.5,2.8,9.6,10.1,276.0,277.0
2025-12-31 15:00:00,2.3,2.6,8.6,9.4,279.0,273.0
2025-12-31 16:00:00,2.2,2.5,7.9,9.0,274.0,267.0
2025-12-31 17:00:00,2.0,2.4,7.0,8.5,262.0,261.0
2025-12-31 18:00:00,2.3,2.4,7.8,8.3,256.0,255.0
2025-12-31 19:00:00,2.4,2.5,8.4,8.4,256.0,254.0
2025-12-31 20:00:00,2.7,2.6,9.0,8.6,256.0,252.0
2025-12-31 21:00:00,2.4,2.4,7.9,7.9,249.0,249.0
2025-12-31 22:00:00,2.4,2.3,8.1,7.6,249.0,250.0
2025-12-31 23:00:00,2.3,2.3,8.1,7.5,252.0,247.0
2026-01-01 00:00:00,2.4,2.3,8.4,7.6,255.0,247.0
2026-01-01 01:00:00,2.4,2.5,8.1,8.1,256.0,249.0
2026-01-01 02:00:00,2.3,2.3,7.5,7.3,251.0,247.0
2026-01-01 03:00:00,2.3,2.3,7.8,7.4,252.0,249.0
2026-01-01 04:00:00,2.1,2.2,6.6,7.1,253.0,249.0
2026-01-01 05:00:00,2.0,2.2,6.1,6.6,248.0,249.0
2026-01-01 06:00:00,2.0,2.1,6.0,6.3,250.0,249.0
2026-01-01 07:00:00,1.9,2.0,5.8,6.2,246.0,249.0
2026-01-01 08:00:00,1.9,1.9,5.8,6.2,246.0,249.0
2026-01-01 09:00:00,2.3,2.1,7.1,7.1,247.0,249.0
2026-01-01 10:00:00,2.4,1.9,8.4,6.9,251.0,253.0
2026-01-01 11:00:00,2.5,2.1,9.1,8.4,257.0,260.0
2026-01-01 12:00:00,2.5,2.4,9.4,9.4,262.0,265.0
2026-01-01 13:00:00,2.6,2.6,9.6,10.0,266.0,267.0
2026-01-01 14:00:00,2.5,2.7,9.6,10.1,270.0,271.0
2026-01-01 15:00:00,2.4,2.6,9.0,9.8,268.0,270.0
2026-01-01 16:00:00,2.3,3.2,8.4,11.0,264.0,270.0
2026-01-01 17:00:00,2.6,3.9,7.6,12.5,265.0,271.0
2026-01-01 18:00:00,3.6,4.3,10.1,13.3,269.0,271.0
2026-01-01 19:00:00,3.1,4.0,9.6,12.9,268.0,268.0
2026-01-01 20:00:00,2.6,3.4,8.9,11.8,262.0,266.0
2026-01-01 21:00:00,3.8,2.5,11.9,8.3,269.0,259.0
2026-01-01 22:00:00,2.6,2.3,8.3,8.0,266.0,263.0
2026-01-01 23:00:00,2.5,2.2,8.4,7.6,265.0,264.0
