time,wind_speed_10m_previous_day1,wind_speed_10m_previous_day2,wind_direction_10m_previous_day1,wind_direction_10m_previous_day2
2024-01-01 00:00:00,3.5,2.73,31,28
2024-01-01 01:00:00,3.44,2.72,36,36
2024-01-01 02:00:00,3.2,2.77,39,41
2024-01-01 03:00:00,3.12,2.69,40,42
2024-01-01 04:00:00,2.86,2.41,36,42
2024-01-01 05:00:00,2.69,2.12,42,45
2024-01-01 06:00:00,2.48,1.91,43,47
2024-01-01 07:00:00,2.41,1.72,48,54
2024-01-01 08:00:00,2.3,1.52,56,67
2024-01-01 09:00:00,2.15,2.21,68,72
2024-01-01 10:00:00,2.26,2.11,77,85
2024-01-01 11:00:00,2.11,1.8,85,90
2024-01-01 12:00:00,1.55,1.08,105,124
2024-01-01 13:00:00,1.08,1.03,158,209
2024-01-01 14:00:00,1.08,1.56,202,230
2024-01-01 15:00:00,1.49,2.01,200,243
2024-01-01 16:00:00,1.7,2.33,220,245
2024-01-01 17:00:00,1.7,2.1,230,245
2024-01-01 18:00:00,2.19,2.28,227,232
2024-01-01 19:00:00,2.62,2.83,227,228
2024-01-01 20:00:00,3.14,3.44,233,234
2024-01-01 21:00:00,3.8,3.61,235,236
2024-01-01 22:00:00,4.17,4.43,240,242
2024-01-01 23:00:00,4.39,4.98,240,248
2024-01-02 00:00:00,4.79,5.16,241,248
2024-01-02 01:00:00,5.19,5.7,242,248
2024-01-02 02:00:00,5.32,5.92,244,248
2024-01-02 03:00:00,5.7,5.85,248,250
2024-01-02 04:00:00,6.29,5.66,252,253
2024-01-02 05:00:00,6.84,5.6,255,254
2024-01-02 06:00:00,7.31,5.34,253,257
2024-01-02 07:00:00,7.13,5.04,255,256
2024-01-02 08:00:00,6.75,5.65,258,257
2024-01-02 09:00:00,6.81,6.49,260,260
2024-01-02 10:00:00,6.76,6.79,262,261
2024-01-02 11:00:00,6.73,6.89,265,261
2024-01-02 12:00:00,6.62,6.81,266,260
2024-01-02 13:00:00,6.52,6.4,266,260
2024-01-02 14:00:00,6.23,6.22,264,259
2024-01-02 15:00:00,5.94,6.43,263,258
2024-01-02 16:00:00,5.56,6.28,262,261
2024-01-02 17:00:00,5.26,6.03,261,264
2024-01-02 18:00:00,5.36,5.73,261,264
2024-01-02 19:00:00,5.54,5.56,263,262
2024-01-02 20:00:00,5.1,5.25,268,262
2024-01-02 21:00:00,3.9,5.04,270,263
2024-01-02 22:00:00,3.3,5.04,270,263
2024-01-02 23:00:00,3.11,5.04,264,263
2024-01-03 00:00:00,3.41,4.8,267,268
2024-01-03 01:00:00,4.0,4.6,267,269
2024-01-03 02:00:00,4.51,4.4,266,269
2024-01-03 03:00:00,4.4,4.1,267,271
2024-01-03 04:00:00,4.3,3.9,269,271
2024-01-03 05:00:00,4.21,3.71,266,273
2024-01-03 06:00:00,4.22,3.8,265,272
2024-01-03 07:00:00,4.4,3.9,267,269
2024-01-03 08:00:00,4.6,4.1,269,269
2024-01-03 09:00:00,4.12,4.62,276,275
2024-01-03 10:00:00,4.72,5.02,275,276
2024-01-03 11:00:00,5.05,5.64,278,277
2024-01-03 12:00:00,5.3,6.04,281,277
2024-01-03 13:00:00,5.28,6.33,280,275
2024-01-03 14:00:00,5.46,6.14,278,277
2024-01-03 15:00:00,5.46,5.77,278,279
2024-01-03 16:00:00,5.43,5.85,276,278
2024-01-03 17:00:00,4.95,5.51,278,274
2024-01-03 18:00:00,4.54,5.43,278,276
2024-01-03 19:00:00,4.85,5.61,278,274
2024-01-03 20:00:00,5.02,5.04,276,277
2024-01-03 21:00:00,4.46,4.63,286,276
2024-01-03 22:00:00,4.04,4.22,279,275
2024-01-03 23:00:00,3.9,4.01,271,274
2024-01-04 00:00:00,3.7,3.9,268,271
2024-01-04 01:00:00,3.71,3.71,267,267
2024-01-04 02:00:00,3.71,3.34,265,261
2024-01-04 03:00:00,3.45,3.18,260,257
2024-01-04 04:00:00,3.3,2.94,256,252
2024-01-04 05:00:00,3.23,2.97,254,250
2024-01-04 06:00:00,3.26,3.07,252,251
2024-01-04 07:00:00,3.35,3.23,253,254
2024-01-04 08:00:00,3.52,3.26,255,252
2024-01-04 09:00:00,3.28,3.55,258,260
2024-01-04 10:00:00,3.57,3.91,259,266
2024-01-04 11:00:00,3.92,4.2,264,267
2024-01-04 12:00:00,4.41,4.5,266,267
2024-01-04 13:00:00,4.93,4.83,264,264
2024-01-04 14:00:00,5.06,4.87,261,261
2024-01-04 15:00:00,4.81,4.71,258,258
2024-01-04 16:00:00,4.78,4.78,254,254
2024-01-04 17:00:00,4.96,4.96,251,251
2024-01-04 18:00:00,5.28,5.19,251,251
2024-01-04 19:00:00,6.04,5.47,254,252
2024-01-04 20:00:00,6.28,6.07,256,253
2024-01-04 21:00:00,6.4,6.65,256,254
2024-01-04 22:00:00,6.43,6.74,255,255
2024-01-04 23:00:00,6.93,6.62,252,255
2024-01-05 00:00:00,8.04,6.99,253,253
2024-01-05 01:00:00,9.26,7.94,256,253
2024-01-05 02:00:00,10.09,9.0,256,255
2024-01-05 03:00:00,10.36,9.97,257,257
2024-01-05 04:00:00,10.2,10.1,259,259
2024-01-05 05:00:00,9.87,9.88,259,259
2024-01-05 06:00:00,9.47,9.87,259,259
2024-01-05 07:00:00,9.24,9.57,260,259
2024-01-05 08:00:00,9.03,9.24,260,260
2024-01-05 09:00:00,8.94,8.68,260,262
2024-01-05 10:00:00,8.81,8.91,261,261
2024-01-05 11:00:00,8.81,8.83,261,260
2024-01-05 12:00:00,8.6,8.57,261,263
2024-01-05 13:00:00,8.17,8.13,262,265
2024-01-05 14:00:00,7.64,7.52,264,266
2024-01-05 15:00:00,6.83,6.51,265,266
2024-01-05 16:00:00,5.93,5.51,264,267
2024-01-05 17:00:00,5.15,4.63,262,264
2024-01-05 18:00:00,4.98,4.34,260,262
2024-01-05 19:00:00,5.38,4.62,260,265
2024-01-05 20:00:00,5.46,4.5,262,270
2024-01-05 21:00:00,5.74,4.52,263,265
2024-01-05 22:00:00,5.45,4.33,263,263
2024-01-05 23:00:00,5.14,4.14,263,262
2024-01-06 00:00:00,4.73,4.06,264,260
2024-01-06 01:00:00,4.42,3.86,265,260
2024-01-06 02:00:00,4.42,3.93,265,263
2024-01-06 03:00:00,4.31,3.91,266,266
2024-01-06 04:00:00,4.11,3.71,266,267
2024-01-06 05:00:00,3.82,3.51,264,267
2024-01-06 06:00:00,3.73,3.5,262,268
2024-01-06 07:00:00,3.73,3.4,262,268
2024-01-06 08:00:00,3.63,3.21,262,266
2024-01-06 09:00:00,3.81,3.41,265,267
2024-01-06 10:00:00,4.1,3.6,271,270
2024-01-06 11:00:00,4.42,3.91,275,273
2024-01-06 12:00:00,4.52,4.3,275,273
2024-01-06 13:00:00,4.72,4.6,275,271
2024-01-06 14:00:00,4.82,4.8,275,271
2024-01-06 15:00:00,4.53,4.6,276,272
2024-01-06 16:00:00,4.12,4.31,276,274
2024-01-06 17:00:00,3.5,3.8,270,268
2024-01-06 18:00:00,3.34,3.72,261,264
2024-01-06 19:00:00,3.51,3.71,267,267
2024-01-06 20:00:00,3.41,3.61,267,265
2024-01-06 21:00:00,3.01,3.7,264,272
2024-01-06 22:00:00,3.31,3.6,267,272
2024-01-06 23:00:00,3.31,3.5,267,270
2024-01-07 00:00:00,3.31,3.4,267,270
2024-01-07 01:00:00,3.5,3.6,270,272
2024-01-07 02:00:00,3.7,4.2,272,273
2024-01-07 03:00:00,4.0,4.51,273,274
2024-01-07 04:00:00,4.0,4.82,271,275
2024-01-07 05:00:00,4.1,5.11,269,273
2024-01-07 06:00:00,4.2,5.31,270,273
2024-01-07 07:00:00,4.1,5.61,270,273
2024-01-07 08:00:00,4.2,6.41,270,274
2024-01-07 09:00:00,6.87,5.31,278,273
2024-01-07 10:00:00,7.28,6.42,279,274
2024-01-07 11:00:00,7.65,7.52,277,275
2024-01-07 12:00:00,7.84,7.72,276,274
2024-01-07 13:00:00,8.04,7.52,276,275
2024-01-07 14:00:00,7.85,7.34,277,276
2024-01-07 15:00:00,7.57,7.16,278,277
2024-01-07 16:00:00,7.27,6.89,278,279
2024-01-07 17:00:00,6.87,6.48,278,279
2024-01-07 18:00:00,6.49,5.98,280,280
2024-01-07 19:00:00,6.2,5.67,280,279
2024-01-07 20:00:00,5.69,5.16,280,279
2024-01-07 21:00:00,5.28,5.26,280,279
2024-01-07 22:00:00,4.77,4.85,280,278
2024-01-07 23:00:00,4.26,4.34,279,278
2024-01-08 00:00:00,3.83,3.71,277,275
2024-01-08 01:00:00,3.5,3.3,272,268
2024-01-08 02:00:00,3.21,2.94,265,260
2024-01-08 03:00:00,2.98,2.67,256,257
2024-01-08 04:00:00,2.94,2.82,252,253
2024-01-08 05:00:00,2.94,2.88,252,250
2024-01-08 06:00:00,2.88,2.82,250,247
2024-01-08 07:00:00,2.92,2.97,248,250
2024-01-08 08:00:00,2.88,2.91,250,254
2024-01-08 09:00:00,2.4,2.86,253,258
2024-01-08 10:00:00,2.6,3.01,268,266
2024-01-08 11:00:00,2.9,3.2,272,268
2024-01-08 12:00:00,3.1,3.6,272,272
2024-01-08 13:00:00,3.5,3.8,270,270
2024-01-08 14:00:00,3.7,3.8,268,268
2024-01-08 15:00:00,3.81,3.71,267,267
2024-01-08 16:00:00,3.81,3.62,265,264
2024-01-08 17:00:00,3.83,3.65,263,261
2024-01-08 18:00:00,4.1,3.98,257,258
2024-01-08 19:00:00,4.73,4.26,257,261
2024-01-08 20:00:00,5.14,4.39,257,258
2024-01-08 21:00:00,5.75,5.63,257,258
2024-01-08 22:00:00,5.51,5.73,258,258
2024-01-08 23:00:00,5.3,5.53,259,257
2024-01-09 00:00:00,5.2,5.53,259,257
2024-01-09 01:00:00,5.1,5.53,259,257
2024-01-09 02:00:00,4.88,5.2,259,259
2024-01-09 03:00:00,4.46,4.47,261,260
2024-01-09 04:00:00,4.04,3.98,261,258
2024-01-09 05:00:00,3.86,3.69,260,257
2024-01-09 06:00:00,3.83,3.52,263,255
2024-01-09 07:00:00,3.83,3.2,263,250
2024-01-09 08:00:00,3.85,3.22,261,244
2024-01-09 09:00:00,3.54,3.23,262,254
2024-01-09 10:00:00,3.88,3.79,258,252
2024-01-09 11:00:00,4.37,4.02,254,251
2024-01-09 12:00:00,4.9,4.46,253,254
2024-01-09 13:00:00,5.1,4.49,254,249
2024-01-09 14:00:00,4.9,4.16,250,246
2024-01-09 15:00:00,4.49,4.22,249,248
2024-01-09 16:00:00,3.9,4.2,247,245
2024-01-09 17:00:00,4.03,4.16,247,243
2024-01-09 18:00:00,4.11,4.34,244,244
2024-01-09 19:00:00,4.08,4.34,239,244
2024-01-09 20:00:00,3.91,4.11,238,244
2024-01-09 21:00:00,1.1,1.96,270,255
2024-01-09 22:00:00,0.71,1.8,262,267
2024-01-09 23:00:00,0.71,1.55,315,285
2024-01-10 00:00:00,0.89,1.63,333,317
2024-01-10 01:00:00,1.33,0.64,347,309
2024-01-10 02:00:00,0.6,0.94,360,328
2024-01-10 03:00:00,1.63,1.5,11,360
2024-01-10 04:00:00,2.16,2.06,34,14
2024-01-10 05:00:00,3.24,2.79,9,21
2024-01-10 06:00:00,3.3,3.08,14,13
2024-01-10 07:00:00,3.61,2.38,14,22
2024-01-10 08:00:00,3.47,1.71,12,21
2024-01-10 09:00:00,3.42,3.0,38,26
2024-01-10 10:00:00,3.54,4.6,47,42
2024-01-10 11:00:00,3.18,4.39,46,41
2024-01-10 12:00:00,3.26,4.26,43,39
2024-01-10 13:00:00,3.41,4.02,40,35
2024-01-10 14:00:00,3.19,3.64,41,32
2024-01-10 15:00:00,2.84,3.22,39,30
2024-01-10 16:00:00,2.36,2.78,36,30
2024-01-10 17:00:00,1.77,2.2,43,30
2024-01-10 18:00:00,1.03,1.3,61,23
2024-01-10 19:00:00,0.94,1.63,122,11
2024-01-10 20:00:00,1.8,1.3,177,4
2024-01-10 21:00:00,1.61,0.91,187,84
2024-01-10 22:00:00,2.12,1.84,225,193
2024-01-10 23:00:00,2.72,2.27,234,221
2024-01-11 00:00:00,3.58,3.13,247,243
2024-01-11 01:00:00,4.2,3.89,258,252
2024-01-11 02:00:00,4.59,4.18,259,253
2024-01-11 03:00:00,4.88,4.54,259,256
2024-01-11 04:00:00,5.08,5.12,260,258
2024-01-11 05:00:00,5.12,5.32,258,258
2024-01-11 06:00:00,5.92,5.65,258,257
2024-01-11 07:00:00,5.89,5.85,260,257
2024-01-11 08:00:00,6.33,5.53,258,257
2024-01-11 09:00:00,6.32,5.49,259,260
2024-01-11 10:00:00,6.99,5.73,261,258
2024-01-11 11:00:00,7.36,6.53,263,259
2024-01-11 12:00:00,7.38,7.04,261,259
2024-01-11 13:00:00,7.69,6.99,257,261
2024-01-11 14:00:00,8.22,7.08,257,257
2024-01-11 15:00:00,8.45,7.62,259,256
2024-01-11 16:00:00,9.14,8.42,260,257
2024-01-11 17:00:00,9.82,9.49,261,258
2024-01-11 18:00:00,10.21,10.16,262,260
2024-01-11 19:00:00,10.42,10.14,261,260
2024-01-11 20:00:00,10.41,10.1,262,259
2024-01-11 21:00:00,8.86,9.85,264,264
2024-01-11 22:00:00,8.84,9.43,265,265
2024-01-11 23:00:00,8.51,9.0,267,268
2024-01-12 00:00:00,8.0,8.4,271,269
2024-01-12 01:00:00,7.7,7.8,271,271
2024-01-12 02:00:00,7.51,7.14,272,276
2024-01-12 03:00:00,7.21,6.48,272,279
2024-01-12 04:00:00,6.81,6.02,273,281
2024-01-12 05:00:00,6.43,5.71,275,281
2024-01-12 06:00:00,5.89,5.67,280,279
2024-01-12 07:00:00,5.51,5.74,282,277
2024-01-12 08:00:00,5.57,5.42,279,275
2024-01-12 09:00:00,5.69,5.35,280,278
2024-01-12 10:00:00,5.43,5.18,283,280
2024-01-12 11:00:00,5.14,5.08,283,280
2024-01-12 12:00:00,5.0,5.16,282,279
2024-01-12 13:00:00,4.95,5.25,278,278
2024-01-12 14:00:00,5.12,5.43,276,276
2024-01-12 15:00:00,5.22,5.52,274,275
2024-01-12 16:00:00,5.3,5.51,272,273
2024-01-12 17:00:00,5.2,5.3,270,270
2024-01-12 18:00:00,5.0,5.01,269,267
2024-01-12 19:00:00,4.9,4.72,268,265
2024-01-12 20:00:00,4.8,4.43,268,264
2024-01-12 21:00:00,5.0,4.7,272,271
2024-01-12 22:00:00,4.91,4.6,274,272
2024-01-12 23:00:00,4.93,4.4,276,273
2024-01-13 00:00:00,5.25,4.41,278,274
2024-01-13 01:00:00,5.49,4.33,280,277
2024-01-13 02:00:00,5.71,4.36,281,279
2024-01-13 03:00:00,5.73,4.41,282,283
2024-01-13 04:00:00,5.63,4.34,282,285
2024-01-13 05:00:00,5.53,4.18,283,287
2024-01-13 06:00:00,5.34,4.08,283,287
2024-01-13 07:00:00,5.07,3.96,285,286
2024-01-13 08:00:00,4.21,3.74,288,286
2024-01-13 09:00:00,4.16,4.09,294,292
2024-01-13 10:00:00,3.56,3.48,308,309
2024-01-13 11:00:00,3.05,2.97,328,318
2024-01-13 12:00:00,2.88,2.58,340,324
2024-01-13 13:00:00,2.42,2.15,353,332
2024-01-13 14:00:00,1.77,1.58,16,342
2024-01-13 15:00:00,1.43,1.06,65,49
2024-01-13 16:00:00,1.75,1.2,103,95
2024-01-13 17:00:00,1.43,1.46,115,106
2024-01-13 18:00:00,1.73,1.71,170,159
2024-01-13 19:00:00,1.91,2.12,186,188
2024-01-13 20:00:00,2.15,1.99,202,198
2024-01-13 21:00:00,2.77,2.25,229,201
2024-01-13 22:00:00,3.81,2.42,240,218
2024-01-13 23:00:00,4.7,3.24,241,236
2024-01-14 00:00:00,5.59,4.03,243,240
2024-01-14 01:00:00,5.68,4.47,244,243
2024-01-14 02:00:00,5.28,5.01,245,244
2024-01-14 03:00:00,5.19,5.23,245,244
2024-01-14 04:00:00,5.32,4.83,244,243
2024-01-14 05:00:00,5.61,4.65,248,242
2024-01-14 06:00:00,6.15,4.52,248,242
2024-01-14 07:00:00,6.91,4.79,248,244
2024-01-14 08:00:00,7.97,5.37,250,243
2024-01-14 09:00:00,8.08,8.35,248,251
2024-01-14 10:00:00,8.95,8.67,250,249
2024-01-14 11:00:00,9.43,8.42,253,246
2024-01-14 12:00:00,9.24,7.41,254,238
2024-01-14 13:00:00,8.57,6.88,253,234
2024-01-14 14:00:00,7.91,6.71,254,237
2024-01-14 15:00:00,6.56,7.67,249,263
2024-01-14 16:00:00,6.63,7.61,247,267
2024-01-14 17:00:00,7.31,8.21,273,268
2024-01-14 18:00:00,6.61,7.92,267,266
2024-01-14 19:00:00,5.56,7.4,278,271
2024-01-14 20:00:00,4.93,6.54,276,276
2024-01-14 21:00:00,3.22,5.0,277,268
2024-01-14 22:00:00,2.33,4.02,280,264
2024-01-14 23:00:00,2.1,3.14,295,261
2024-01-15 00:00:00,2.16,2.67,326,257
2024-01-15 01:00:00,2.33,2.31,335,252
2024-01-15 02:00:00,2.31,2.06,342,256
2024-01-15 03:00:00,2.31,1.9,342,270
2024-01-15 04:00:00,2.15,1.9,338,273
2024-01-15 05:00:00,2.02,1.9,327,267
2024-01-15 06:00:00,1.78,2.16,308,257
2024-01-15 07:00:00,1.9,2.4,270,253
2024-01-15 08:00:00,2.55,2.82,259,253
2024-01-15 09:00:00,2.38,2.2,255,270
2024-01-15 10:00:00,3.01,3.01,266,266
2024-01-15 11:00:00,3.71,4.02,273,264
2024-01-15 12:00:00,4.03,4.72,277,265
2024-01-15 13:00:00,4.34,5.0,278,268
2024-01-15 14:00:00,4.53,5.1,276,270
2024-01-15 15:00:00,4.63,5.1,276,271
2024-01-15 16:00:00,4.52,5.0,275,271
2024-01-15 17:00:00,4.5,5.1,273,272
2024-01-15 18:00:00,4.4,5.2,271,271
2024-01-15 19:00:00,4.4,5.2,270,269
2024-01-15 20:00:00,4.3,5.0,269,270
2024-01-15 21:00:00,3.61,4.0,273,270
2024-01-15 22:00:00,3.3,3.8,270,268
2024-01-15 23:00:00,2.8,3.41,268,267
2024-01-16 00:00:00,2.33,3.03,260,262
2024-01-16 01:00:00,1.87,2.55,254,259
2024-01-16 02:00:00,1.58,2.26,252,257
2024-01-16 03:00:00,1.36,2.09,253,253
2024-01-16 04:00:00,1.4,2.06,270,247
2024-01-16 05:00:00,1.61,2.01,263,243
2024-01-16 06:00:00,1.12,2.0,260,233
2024-01-16 07:00:00,1.1,2.2,275,231
2024-01-16 08:00:00,0.6,2.28,270,232
2024-01-16 09:00:00,1.82,1.92,81,242
2024-01-16 10:00:00,1.1,1.58,95,252
2024-01-16 11:00:00,0.61,1.32,99,261
2024-01-16 12:00:00,0.45,1.4,243,270
2024-01-16 13:00:00,1.0,2.3,264,268
2024-01-16 14:00:00,1.41,2.6,278,272
2024-01-16 15:00:00,1.61,3.01,277,266
2024-01-16 16:00:00,2.3,3.11,270,264
2024-01-16 17:00:00,2.2,3.24,267,261
2024-01-16 18:00:00,2.53,3.85,252,261
2024-01-16 19:00:00,3.13,3.75,253,261
2024-01-16 20:00:00,3.07,3.4,251,256
2024-01-16 21:00:00,3.62,3.48,246,252
2024-01-16 22:00:00,4.12,3.42,247,249
2024-01-16 23:00:00,4.25,3.68,246,248
2024-01-17 00:00:00,4.39,4.16,246,246
2024-01-17 01:00:00,4.66,4.74,247,245
2024-01-17 02:00:00,5.11,5.39,247,248
2024-01-17 03:00:00,5.79,5.88,249,252
2024-01-17 04:00:00,6.2,6.11,252,255
2024-01-17 05:00:00,6.39,5.95,253,253
2024-01-17 06:00:00,6.38,5.82,256,254
2024-01-17 07:00:00,6.26,6.2,253,252
2024-01-17 08:00:00,6.55,5.95,251,250
2024-01-17 09:00:00,7.03,7.69,255,254
2024-01-17 10:00:00,7.25,7.93,255,256
2024-01-17 11:00:00,7.71,7.16,257,258
2024-01-17 12:00:00,6.67,6.32,257,259
2024-01-17 13:00:00,6.69,6.05,261,262
2024-01-17 14:00:00,4.85,5.53,262,264
2024-01-17 15:00:00,3.57,4.67,259,260
2024-01-17 16:00:00,3.67,4.27,253,254
2024-01-17 17:00:00,3.51,4.62,250,252
2024-01-17 18:00:00,3.64,4.27,249,254
2024-01-17 19:00:00,4.14,4.71,250,258
2024-01-17 20:00:00,4.68,5.18,254,260
2024-01-17 21:00:00,4.51,3.83,257,255
2024-01-17 22:00:00,4.3,3.61,258,256
2024-01-17 23:00:00,4.44,3.08,256,257
2024-01-18 00:00:00,4.78,3.1,254,255
2024-01-18 01:00:00,3.88,2.45,258,258
2024-01-18 02:00:00,3.22,2.12,263,262
2024-01-18 03:00:00,3.11,2.42,264,263
2024-01-18 04:00:00,2.33,1.82,260,261
2024-01-18 05:00:00,2.02,1.62,250,248
2024-01-18 06:00:00,1.42,1.43,231,258
2024-01-18 07:00:00,1.03,1.4,241,274
2024-01-18 08:00:00,0.9,1.32,270,279
2024-01-18 09:00:00,0.1,1.41,270,82
2024-01-18 10:00:00,1.17,1.8,70,87
2024-01-18 11:00:00,1.33,2.0,77,90
2024-01-18 12:00:00,1.7,1.8,62,71
2024-01-18 13:00:00,2.19,2.42,47,60
2024-01-18 14:00:00,2.95,2.9,28,46
2024-01-18 15:00:00,3.45,3.42,30,38
2024-01-18 16:00:00,3.34,3.33,51,49
2024-01-18 17:00:00,3.67,3.22,61,54
2024-01-18 18:00:00,4.25,4.37,66,70
2024-01-18 19:00:00,4.25,4.46,66,74
2024-01-18 20:00:00,4.35,4.56,67,75
2024-01-18 21:00:00,4.53,4.59,68,74
2024-01-18 22:00:00,4.46,4.56,70,75
2024-01-18 23:00:00,4.37,4.44,70,76
2024-01-19 00:00:00,4.27,4.49,69,73
2024-01-19 01:00:00,4.31,4.49,68,73
2024-01-19 02:00:00,4.27,4.46,69,74
2024-01-19 03:00:00,4.22,4.37,68,74
2024-01-19 04:00:00,4.11,4.33,64,71
2024-01-19 05:00:00,3.94,4.22,66,68
2024-01-19 06:00:00,4.03,4.03,67,67
2024-01-19 07:00:00,4.27,4.2,69,65
2024-01-19 08:00:00,4.33,4.3,71,65
2024-01-19 09:00:00,4.09,4.4,68,69
2024-01-19 10:00:00,4.24,4.49,71,69
2024-01-19 11:00:00,4.4,4.4,73,69
2024-01-19 12:00:00,4.18,4.4,73,69
2024-01-19 13:00:00,4.02,4.72,71,69
2024-01-19 14:00:00,3.92,4.72,71,69
2024-01-19 15:00:00,3.99,4.62,68,68
2024-01-19 16:00:00,4.03,4.81,67,69
2024-01-19 17:00:00,3.89,4.84,72,72
2024-01-19 18:00:00,3.86,4.93,73,72
2024-01-19 19:00:00,4.21,4.81,72,73
2024-01-19 20:00:00,4.14,4.93,70,72
2024-01-19 21:00:00,4.94,5.15,69,72
2024-01-19 22:00:00,4.78,5.07,70,75
2024-01-19 23:00:00,4.81,5.02,73,77
2024-01-20 00:00:00,4.9,5.04,73,83
2024-01-20 01:00:00,5.06,5.26,72,81
2024-01-20 02:00:00,5.17,5.38,75,80
2024-01-20 03:00:00,5.04,5.3,76,79
2024-01-20 04:00:00,5.32,5.59,74,80
2024-01-20 05:00:00,5.2,5.51,79,78
2024-01-20 06:00:00,5.22,5.44,78,73
2024-01-20 07:00:00,5.22,5.7,78,75
2024-01-20 08:00:00,5.12,5.89,78,75
2024-01-20 09:00:00,5.39,5.89,75,75
2024-01-20 10:00:00,5.14,5.92,77,74
2024-01-20 11:00:00,5.51,5.92,74,74
2024-01-20 12:00:00,5.89,5.91,75,71
2024-01-20 13:00:00,5.1,6.11,74,69
2024-01-20 14:00:00,5.22,6.05,73,68
2024-01-20 15:00:00,5.44,5.78,73,67
2024-01-20 16:00:00,5.69,5.82,72,61
2024-01-20 17:00:00,5.89,5.95,69,61
2024-01-20 18:00:00,5.69,6.0,72,60
2024-01-20 19:00:00,5.76,5.82,70,55
2024-01-20 20:00:00,5.66,5.66,73,58
2024-01-20 21:00:00,5.99,5.41,62,62
2024-01-20 22:00:00,5.59,5.24,61,61
2024-01-20 23:00:00,5.35,5.02,69,59
2024-01-21 00:00:00,5.11,4.99,67,57
2024-01-21 01:00:00,5.39,4.52,59,55
2024-01-21 02:00:00,5.55,4.39,56,47
2024-01-21 03:00:00,5.39,4.55,59,40
2024-01-21 04:00:00,5.06,4.32,60,42
2024-01-21 05:00:00,4.83,4.1,56,45
2024-01-21 06:00:00,4.64,3.75,53,48
2024-01-21 07:00:00,4.44,3.75,59,46
2024-01-21 08:00:00,4.22,3.61,59,44
2024-01-21 09:00:00,3.98,4.28,51,53
2024-01-21 10:00:00,3.83,4.06,49,52
2024-01-21 11:00:00,3.69,3.62,49,51
2024-01-21 12:00:00,3.41,3.32,50,46
2024-01-21 13:00:00,2.97,2.91,48,41
2024-01-21 14:00:00,2.55,2.72,48,36
2024-01-21 15:00:00,2.2,2.44,51,35
2024-01-21 16:00:00,1.92,2.14,51,37
2024-01-21 17:00:00,1.64,1.84,52,41
2024-01-21 18:00:00,1.43,1.42,65,51
2024-01-21 19:00:00,1.4,1.43,86,65
2024-01-21 20:00:00,1.49,1.5,110,86
2024-01-21 21:00:00,1.41,1.42,172,129
2024-01-21 22:00:00,1.89,1.61,212,173
2024-01-21 23:00:00,2.64,2.25,233,212
2024-01-22 00:00:00,3.85,3.41,242,230
2024-01-22 01:00:00,4.65,4.53,251,248
2024-01-22 02:00:00,5.68,5.65,256,257
2024-01-22 03:00:00,6.51,6.33,259,265
2024-01-22 04:00:00,7.73,7.24,265,264
2024-01-22 05:00:00,8.32,7.95,266,264
2024-01-22 06:00:00,8.51,8.23,268,265
2024-01-22 07:00:00,8.8,8.41,269,268
2024-01-22 08:00:00,9.2,8.4,270,269
2024-01-22 09:00:00,9.1,9.1,269,271
2024-01-22 10:00:00,9.1,8.9,271,269
2024-01-22 11:00:00,8.8,8.81,270,268
2024-01-22 12:00:00,8.81,9.0,268,268
2024-01-22 13:00:00,9.0,9.21,268,267
2024-01-22 14:00:00,9.31,9.42,267,266
2024-01-22 15:00:00,9.51,9.2,267,268
2024-01-22 16:00:00,9.51,8.8,267,270
2024-01-22 17:00:00,9.11,8.11,267,273
2024-01-22 18:00:00,8.7,7.51,269,273
2024-01-22 19:00:00,8.2,7.31,271,273
2024-01-22 20:00:00,7.72,7.3,274,272
2024-01-22 21:00:00,7.6,7.6,271,270
2024-01-22 22:00:00,7.5,7.5,268,269
2024-01-22 23:00:00,7.41,7.5,268,269
2024-01-23 00:00:00,7.41,7.4,268,268
2024-01-23 01:00:00,7.2,7.3,268,268
2024-01-23 02:00:00,7.1,7.21,268,268
2024-01-23 03:00:00,7.1,7.2,268,268
2024-01-23 04:00:00,7.2,7.3,269,268
2024-01-23 05:00:00,7.2,7.3,269,268
2024-01-23 06:00:00,7.3,7.3,268,268
2024-01-23 07:00:00,7.3,7.3,268,269
2024-01-23 08:00:00,7.41,7.4,268,269
2024-01-23 09:00:00,7.4,7.6,269,269
2024-01-23 10:00:00,7.5,7.7,270,270
2024-01-23 11:00:00,7.7,7.8,270,271
2024-01-23 12:00:00,8.0,7.9,271,271
2024-01-23 13:00:00,8.3,8.0,271,271
2024-01-23 14:00:00,8.1,8.01,271,272
2024-01-23 15:00:00,7.81,8.01,273,273
2024-01-23 16:00:00,7.51,7.92,273,274
2024-01-23 17:00:00,7.31,7.52,273,275
2024-01-23 18:00:00,7.21,7.03,272,276
2024-01-23 19:00:00,7.42,6.84,274,276
2024-01-23 20:00:00,7.42,6.62,274,274
2024-01-23 21:00:00,7.21,6.2,272,271
2024-01-23 22:00:00,7.01,6.2,272,270
2024-01-23 23:00:00,6.81,6.2,273,269
2024-01-24 00:00:00,6.6,6.11,272,267
2024-01-24 01:00:00,6.4,6.01,272,266
2024-01-24 02:00:00,6.3,6.12,270,265
2024-01-24 03:00:00,6.3,6.22,269,265
2024-01-24 04:00:00,6.5,6.02,270,265
2024-01-24 05:00:00,6.51,6.03,274,264
2024-01-24 06:00:00,6.3,6.22,272,265
2024-01-24 07:00:00,6.3,5.9,271,268
2024-01-24 08:00:00,6.3,5.7,271,269
2024-01-24 09:00:00,6.32,6.74,275,276
2024-01-24 10:00:00,6.54,6.81,276,280
2024-01-24 11:00:00,6.55,6.94,277,282
2024-01-24 12:00:00,6.66,6.82,278,281
2024-01-24 13:00:00,6.68,6.81,279,280
2024-01-24 14:00:00,6.38,6.73,279,281
2024-01-24 15:00:00,6.15,6.4,277,280
2024-01-24 16:00:00,5.94,6.08,277,279
2024-01-24 17:00:00,5.62,5.67,275,279
2024-01-24 18:00:00,5.32,5.26,274,279
2024-01-24 19:00:00,5.22,5.05,274,278
2024-01-24 20:00:00,5.11,4.74,273,277
2024-01-24 21:00:00,4.4,4.6,270,272
2024-01-24 22:00:00,4.11,4.3,266,270
2024-01-24 23:00:00,4.02,4.3,264,269
2024-01-25 00:00:00,3.93,4.2,263,269
2024-01-25 01:00:00,3.83,4.3,263,269
2024-01-25 02:00:00,3.73,4.2,262,267
2024-01-25 03:00:00,3.63,4.01,262,266
2024-01-25 04:00:00,3.52,3.91,263,266
2024-01-25 05:00:00,3.41,3.92,265,264
2024-01-25 06:00:00,3.42,3.82,263,264
2024-01-25 07:00:00,3.54,3.83,262,263
2024-01-25 08:00:00,3.73,3.83,262,263
2024-01-25 09:00:00,3.71,4.1,267,269
2024-01-25 10:00:00,4.11,4.22,274,275
2024-01-25 11:00:00,4.14,4.23,278,277
2024-01-25 12:00:00,3.96,4.33,280,277
2024-01-25 13:00:00,3.96,4.52,280,275
2024-01-25 14:00:00,4.13,4.71,277,274
2024-01-25 15:00:00,4.5,4.8,270,272
2024-01-25 16:00:00,5.1,4.9,268,272
2024-01-25 17:00:00,5.21,4.9,267,271
2024-01-25 18:00:00,5.11,4.7,267,269
2024-01-25 19:00:00,5.2,4.8,269,269
2024-01-25 20:00:00,5.2,4.8,269,269
2024-01-25 21:00:00,5.0,4.9,268,268
2024-01-25 22:00:00,4.7,4.8,268,269
2024-01-25 23:00:00,4.5,4.8,267,271
2024-01-26 00:00:00,4.3,4.6,269,272
2024-01-26 01:00:00,4.2,4.3,267,271
2024-01-26 02:00:00,4.0,4.1,267,270
2024-01-26 03:00:00,3.91,4.3,266,269
2024-01-26 04:00:00,4.01,4.6,266,269
2024-01-26 05:00:00,4.0,4.7,267,271
2024-01-26 06:00:00,4.2,4.7,267,272
2024-01-26 07:00:00,4.3,4.6,269,272
2024-01-26 08:00:00,4.2,4.3,270,271
2024-01-26 09:00:00,4.3,4.3,271,271
2024-01-26 10:00:00,4.75,4.52,278,275
2024-01-26 11:00:00,5.05,4.71,278,274
2024-01-26 12:00:00,5.02,5.1,276,272
2024-01-26 13:00:00,5.2,5.5,271,272
2024-01-26 14:00:00,5.6,5.6,269,272
2024-01-26 15:00:00,5.7,5.51,271,273
2024-01-26 16:00:00,5.31,5.01,273,273
2024-01-26 17:00:00,4.9,4.7,272,271
2024-01-26 18:00:00,4.4,4.6,269,269
2024-01-26 19:00:00,4.4,4.6,269,268
2024-01-26 20:00:00,4.3,4.6,270,269
2024-01-26 21:00:00,4.0,4.2,269,269
2024-01-26 22:00:00,3.9,4.3,269,270
2024-01-26 23:00:00,3.9,4.0,270,267
2024-01-27 00:00:00,4.0,3.82,270,264
2024-01-27 01:00:00,4.2,3.65,269,261
2024-01-27 02:00:00,4.3,3.65,269,261
2024-01-27 03:00:00,4.5,3.55,267,260
2024-01-27 04:00:00,4.6,3.44,268,262
2024-01-27 05:00:00,4.51,3.54,266,262
2024-01-27 06:00:00,4.42,3.44,265,262
2024-01-27 07:00:00,4.33,3.44,263,262
2024-01-27 08:00:00,4.33,3.42,263,263
2024-01-27 09:00:00,4.13,4.5,263,270
2024-01-27 10:00:00,4.9,4.8,269,272
2024-01-27 11:00:00,5.6,5.21,269,273
2024-01-27 12:00:00,5.8,5.5,268,272
2024-01-27 13:00:00,5.7,5.7,269,270
2024-01-27 14:00:00,5.6,5.5,269,269
2024-01-27 15:00:00,5.4,5.0,269,269
2024-01-27 16:00:00,5.1,4.71,269,266
2024-01-27 17:00:00,4.7,4.34,268,262
2024-01-27 18:00:00,4.41,4.08,266,259
2024-01-27 19:00:00,4.3,3.95,269,261
2024-01-27 20:00:00,3.8,4.02,272,264
2024-01-27 21:00:00,2.9,3.9,268,270
2024-01-27 22:00:00,2.67,3.51,257,267
2024-01-27 23:00:00,2.67,3.21,257,266
2024-01-28 00:00:00,2.84,3.11,260,266
2024-01-28 01:00:00,2.93,3.1,262,270
2024-01-28 02:00:00,3.01,3.21,264,274
2024-01-28 03:00:00,3.14,3.1,261,270
2024-01-28 04:00:00,3.26,3.11,259,264
2024-01-28 05:00:00,3.13,3.04,263,261
2024-01-28 06:00:00,3.13,2.86,263,258
2024-01-28 07:00:00,3.16,2.98,259,256
2024-01-28 08:00:00,2.96,3.13,258,253
2024-01-28 09:00:00,2.53,2.94,261,260
2024-01-28 10:00:00,3.0,3.3,270,270
2024-01-28 11:00:00,3.21,3.61,274,275
2024-01-28 12:00:00,3.11,3.83,274,277
2024-01-28 13:00:00,3.11,4.02,276,276
2024-01-28 14:00:00,3.41,4.02,273,276
2024-01-28 15:00:00,3.5,4.01,272,274
2024-01-28 16:00:00,3.5,3.81,272,273
2024-01-28 17:00:00,3.3,3.5,268,272
2024-01-28 18:00:00,2.84,3.03,260,262
2024-01-28 19:00:00,2.6,2.96,254,258
2024-01-28 20:00:00,2.47,3.04,249,261
2024-01-28 21:00:00,2.62,2.96,252,258
2024-01-28 22:00:00,2.53,2.79,252,255
2024-01-28 23:00:00,2.38,2.66,248,250
2024-01-29 00:00:00,2.56,2.66,249,250
2024-01-29 01:00:00,2.72,2.75,253,251
2024-01-29 02:00:00,2.75,3.01,251,255
2024-01-29 03:00:00,2.82,3.08,253,257
2024-01-29 04:00:00,2.91,3.18,254,257
2024-01-29 05:00:00,2.98,3.16,256,259
2024-01-29 06:00:00,3.08,3.16,257,259
2024-01-29 07:00:00,3.1,3.18,255,257
2024-01-29 08:00:00,3.01,3.18,255,257
2024-01-29 09:00:00,3.14,3.06,261,259
2024-01-29 10:00:00,3.31,3.21,267,266
2024-01-29 11:00:00,3.5,3.4,272,272
2024-01-29 12:00:00,3.52,3.61,277,275
2024-01-29 13:00:00,3.63,3.71,278,275
2024-01-29 14:00:00,3.62,3.7,276,272
2024-01-29 15:00:00,3.51,3.7,275,270
2024-01-29 16:00:00,3.5,3.5,272,270
2024-01-29 17:00:00,3.4,3.4,268,270
2024-01-29 18:00:00,3.2,3.2,268,268
2024-01-29 19:00:00,2.9,3.01,268,264
2024-01-29 20:00:00,2.57,2.84,257,260
2024-01-29 21:00:00,2.89,2.89,256,256
2024-01-29 22:00:00,2.94,2.62,252,252
2024-01-29 23:00:00,2.85,2.34,252,250
2024-01-30 00:00:00,2.66,2.44,250,251
2024-01-30 01:00:00,2.44,2.5,251,254
2024-01-30 02:00:00,2.21,2.6,252,254
2024-01-30 03:00:00,1.88,2.38,245,255
2024-01-30 04:00:00,1.79,1.94,243,258
2024-01-30 05:00:00,2.02,1.53,237,259
2024-01-30 06:00:00,1.86,1.52,234,247
2024-01-30 07:00:00,1.84,1.25,229,241
2024-01-30 08:00:00,1.71,0.67,173,207
2024-01-30 09:00:00,2.6,2.18,178,196
2024-01-30 10:00:00,0.99,0.61,135,189
2024-01-30 11:00:00,0.61,0.41,99,166
2024-01-30 12:00:00,1.36,1.08,107,124
2024-01-30 13:00:00,1.72,1.55,126,105
2024-01-30 14:00:00,1.84,1.84,131,103
2024-01-30 15:00:00,1.3,1.08,122,112
2024-01-30 16:00:00,1.17,1.21,110,114
2024-01-30 17:00:00,1.03,0.72,119,146
2024-01-30 18:00:00,2.18,0.92,164,229
2024-01-30 19:00:00,2.84,2.12,190,188
2024-01-30 20:00:00,2.92,2.5,211,217
2024-01-30 21:00:00,3.0,3.05,206,221
2024-01-30 22:00:00,3.69,2.9,221,224
2024-01-30 23:00:00,3.83,2.86,221,234
2024-01-31 00:00:00,3.84,3.05,231,229
2024-01-31 01:00:00,4.16,3.69,246,229
2024-01-31 02:00:00,5.2,4.05,247,237
2024-01-31 03:00:00,5.41,4.34,251,241
2024-01-31 04:00:00,5.9,5.0,259,254
2024-01-31 05:00:00,4.12,4.37,256,254
2024-01-31 06:00:00,3.35,3.45,253,253
2024-01-31 07:00:00,3.4,1.79,256,243
2024-01-31 08:00:00,3.45,1.86,253,234
2024-01-31 09:00:00,3.98,3.54,258,254
2024-01-31 10:00:00,4.26,3.79,261,252
2024-01-31 11:00:00,4.46,3.74,261,254
2024-01-31 12:00:00,4.18,3.61,259,251
2024-01-31 13:00:00,4.28,3.64,259,254
2024-01-31 14:00:00,4.28,3.51,259,250
2024-01-31 15:00:00,4.13,3.38,263,251
2024-01-31 16:00:00,3.72,2.97,264,250
2024-01-31 17:00:00,3.16,2.56,259,249
2024-01-31 18:00:00,3.07,2.34,251,250
2024-01-31 19:00:00,2.94,2.35,252,258
2024-01-31 20:00:00,3.22,2.22,263,262
2024-01-31 21:00:00,4.2,2.97,270,250
2024-01-31 22:00:00,4.6,3.51,270,250
2024-01-31 23:00:00,4.7,3.67,270,253
2024-02-01 00:00:00,4.6,2.91,269,266
2024-02-01 01:00:00,4.4,2.38,269,292
2024-02-01 02:00:00,4.51,1.2,266,312
2024-02-01 03:00:00,3.9,2.01,271,6
2024-02-01 04:00:00,2.5,0.5,270,360
2024-02-01 05:00:00,1.71,1.56,263,50
2024-02-01 06:00:00,1.75,2.82,329,27
2024-02-01 07:00:00,2.51,4.58,355,54
2024-02-01 08:00:00,3.0,5.28,37,65
2024-02-01 09:00:00,2.9,4.39,44,66
2024-02-01 10:00:00,3.5,4.85,53,68
2024-02-01 11:00:00,3.62,5.12,66,73
2024-02-01 12:00:00,4.02,4.88,71,75
2024-02-01 13:00:00,3.98,4.85,72,76
2024-02-01 14:00:00,4.02,4.68,71,74
2024-02-01 15:00:00,3.98,4.78,72,74
2024-02-01 16:00:00,3.64,4.63,74,76
2024-02-01 17:00:00,3.81,4.46,76,74
2024-02-01 18:00:00,3.71,4.34,76,75
2024-02-01 19:00:00,3.96,4.15,74,75
2024-02-01 20:00:00,3.77,3.92,79,71
2024-02-01 21:00:00,3.77,3.31,79,85
2024-02-01 22:00:00,3.34,3.31,81,87
2024-02-01 23:00:00,3.11,3.11,84,94
2024-02-02 00:00:00,2.91,2.53,86,99
2024-02-02 01:00:00,2.51,1.91,85,96
2024-02-02 02:00:00,2.4,1.68,88,107
2024-02-02 03:00:00,2.4,1.79,92,117
2024-02-02 04:00:00,2.32,1.72,97,126
2024-02-02 05:00:00,2.18,1.63,106,133
2024-02-02 06:00:00,2.02,1.56,110,140
2024-02-02 07:00:00,1.97,1.52,114,157
2024-02-02 08:00:00,1.97,1.73,120,170
2024-02-02 09:00:00,2.08,1.79,125,117
2024-02-02 10:00:00,1.7,1.75,135,121
2024-02-02 11:00:00,0.8,1.28,180,129
2024-02-02 12:00:00,1.0,0.41,264,104
2024-02-02 13:00:00,1.26,0.36,288,326
2024-02-02 14:00:00,1.39,0.5,291,323
2024-02-02 15:00:00,1.22,0.67,305,27
2024-02-02 16:00:00,1.14,1.03,308,61
2024-02-02 17:00:00,0.7,1.55,360,75
2024-02-02 18:00:00,1.53,1.81,79,84
2024-02-02 19:00:00,1.88,1.9,115,93
2024-02-02 20:00:00,2.12,2.1,135,115
2024-02-02 21:00:00,2.41,2.02,132,160
2024-02-02 22:00:00,2.19,2.11,133,149
2024-02-02 23:00:00,2.2,2.25,141,148
2024-02-03 00:00:00,2.19,2.3,137,146
2024-02-03 01:00:00,2.06,2.24,151,153
2024-02-03 02:00:00,1.92,2.01,152,153
2024-02-03 03:00:00,2.01,2.11,153,149
2024-02-03 04:00:00,2.15,2.2,152,141
2024-02-03 05:00:00,2.33,2.41,149,138
2024-02-03 06:00:00,2.39,2.56,147,141
2024-02-03 07:00:00,2.44,2.48,145,137
2024-02-03 08:00:00,2.52,2.4,146,135
2024-02-03 09:00:00,2.06,2.28,119,142
2024-02-03 10:00:00,2.52,2.42,124,142
2024-02-03 11:00:00,2.56,2.7,129,141
2024-02-03 12:00:00,2.56,2.7,129,129
2024-02-03 13:00:00,2.42,2.55,114,138
2024-02-03 14:00:00,2.35,2.42,102,128
2024-02-03 15:00:00,2.2,2.47,90,104
2024-02-03 16:00:00,2.31,2.4,85,92
2024-02-03 17:00:00,2.12,2.0,82,93
2024-02-03 18:00:00,1.5,1.32,86,99
2024-02-03 19:00:00,1.5,1.33,90,103
2024-02-03 20:00:00,1.53,1.65,122,104
2024-02-03 21:00:00,2.04,1.56,101,135
2024-02-03 22:00:00,1.75,1.57,121,153
2024-02-03 23:00:00,1.78,1.63,142,169
2024-02-04 00:00:00,1.75,1.61,149,187
2024-02-04 01:00:00,1.94,1.55,168,195
2024-02-04 02:00:00,1.75,1.17,167,200
2024-02-04 03:00:00,1.58,0.81,162,187
2024-02-04 04:00:00,1.4,0.1,180,90
2024-02-04 05:00:00,0.5,0.5,217,37
2024-02-04 06:00:00,0.98,1.0,246,6
2024-02-04 07:00:00,1.14,1.4,285,4
2024-02-04 08:00:00,1.42,1.0,309,354
2024-02-04 09:00:00,1.2,0.1,265,360
2024-02-04 10:00:00,0.64,0.22,309,27
2024-02-04 11:00:00,0.71,0.78,8,50
2024-02-04 12:00:00,0.81,1.7,30,62
2024-02-04 13:00:00,1.46,2.09,74,73
2024-02-04 14:00:00,1.81,2.47,84,76
2024-02-04 15:00:00,2.31,2.77,85,64
2024-02-04 16:00:00,2.4,2.66,73,56
2024-02-04 17:00:00,2.21,2.42,72,60
2024-02-04 18:00:00,1.75,2.18,77,74
2024-02-04 19:00:00,1.9,2.28,87,75
2024-02-04 20:00:00,2.22,2.85,82,72
2024-02-04 21:00:00,2.69,2.42,105,83
2024-02-04 22:00:00,3.0,2.86,88,78
2024-02-04 23:00:00,2.79,3.2,75,76
2024-02-05 00:00:00,2.83,3.72,82,84
2024-02-05 01:00:00,2.75,3.93,80,83
2024-02-05 02:00:00,2.96,4.01,78,86
2024-02-05 03:00:00,3.28,4.14,78,82
2024-02-05 04:00:00,3.61,4.9,76,78
2024-02-05 05:00:00,4.18,5.38,73,80
2024-02-05 06:00:00,4.98,6.07,80,81
2024-02-05 07:00:00,6.17,6.3,82,80
2024-02-05 08:00:00,6.61,6.82,80,79
2024-02-05 09:00:00,6.46,6.69,74,76
2024-02-05 10:00:00,6.39,6.99,73,77
2024-02-05 11:00:00,6.2,7.08,69,77
2024-02-05 12:00:00,6.18,7.03,67,75
2024-02-05 13:00:00,6.31,6.68,63,73
2024-02-05 14:00:00,6.04,6.52,61,69
2024-02-05 15:00:00,5.59,6.31,61,65
2024-02-05 16:00:00,5.39,6.31,59,63
2024-02-05 17:00:00,5.37,5.99,61,62
2024-02-05 18:00:00,5.19,5.91,62,62
2024-02-05 19:00:00,4.65,5.64,62,65
2024-02-05 20:00:00,3.98,5.23,62,64
2024-02-05 21:00:00,3.47,4.58,44,58
2024-02-05 22:00:00,2.98,3.72,40,54
2024-02-05 23:00:00,2.75,3.3,33,55
2024-02-06 00:00:00,2.82,2.91,27,49
2024-02-06 01:00:00,2.51,2.42,23,38
2024-02-06 02:00:00,2.12,2.2,19,30
2024-02-06 03:00:00,1.82,2.16,9,34
2024-02-06 04:00:00,1.51,2.1,8,25
2024-02-06 05:00:00,1.22,1.84,9,22
2024-02-06 06:00:00,1.62,1.33,22,13
2024-02-06 07:00:00,1.75,0.95,24,342
2024-02-06 08:00:00,1.44,0.94,34,302
2024-02-06 09:00:00,1.06,0.32,41,108
2024-02-06 10:00:00,0.86,0.71,54,278
2024-02-06 11:00:00,0.14,1.84,45,283
2024-02-06 12:00:00,0.95,2.43,288,279
2024-02-06 13:00:00,1.68,2.73,287,278
2024-02-06 14:00:00,2.35,2.92,282,276
2024-02-06 15:00:00,2.82,2.91,276,274
2024-02-06 16:00:00,2.9,2.8,268,272
2024-02-06 17:00:00,2.7,2.7,268,270
2024-02-06 18:00:00,2.2,2.4,270,268
2024-02-06 19:00:00,2.3,2.4,268,268
2024-02-06 20:00:00,2.5,2.6,272,272
2024-02-06 21:00:00,1.92,3.03,261,278
2024-02-06 22:00:00,2.02,3.01,261,276
2024-02-06 23:00:00,2.24,3.31,260,275
2024-02-07 00:00:00,2.35,3.41,258,273
2024-02-07 01:00:00,2.89,3.31,256,275
2024-02-07 02:00:00,2.92,3.01,264,274
2024-02-07 03:00:00,2.9,2.71,272,274
2024-02-07 04:00:00,2.3,2.3,270,268
2024-02-07 05:00:00,1.94,1.9,258,267
2024-02-07 06:00:00,1.73,1.75,260,257
2024-02-07 07:00:00,1.77,1.58,254,252
2024-02-07 08:00:00,1.52,1.46,247,254
2024-02-07 09:00:00,1.04,1.36,287,253
2024-02-07 10:00:00,0.67,1.3,333,274
2024-02-07 11:00:00,1.46,0.51,74,349
2024-02-07 12:00:00,2.32,1.25,83,61
2024-02-07 13:00:00,2.33,1.55,80,75
2024-02-07 14:00:00,2.28,1.9,75,72
2024-02-07 15:00:00,2.28,2.33,67,65
2024-02-07 16:00:00,2.12,2.46,71,63
2024-02-07 17:00:00,1.99,2.01,72,63
2024-02-07 18:00:00,1.4,1.12,86,80
2024-02-07 19:00:00,1.22,0.89,99,117
2024-02-07 20:00:00,1.49,1.17,132,110
2024-02-07 21:00:00,1.33,1.43,167,168
2024-02-07 22:00:00,1.84,1.96,209,195
2024-02-07 23:00:00,1.98,2.47,229,212
2024-02-08 00:00:00,1.94,2.14,235,217
2024-02-08 01:00:00,1.94,2.26,235,225
2024-02-08 02:00:00,2.01,2.27,243,229
2024-02-08 03:00:00,2.28,2.55,247,225
2024-02-08 04:00:00,2.65,2.41,259,228
2024-02-08 05:00:00,2.53,2.58,261,234
2024-02-08 06:00:00,2.44,2.87,251,241
2024-02-08 07:00:00,2.53,2.92,252,248
2024-02-08 08:00:00,2.6,2.82,247,253
2024-02-08 09:00:00,2.69,2.79,255,255
2024-02-08 10:00:00,3.13,3.1,263,268
2024-02-08 11:00:00,3.5,3.4,268,272
2024-02-08 12:00:00,3.6,3.6,270,272
2024-02-08 13:00:00,3.5,3.7,270,270
2024-02-08 14:00:00,3.5,3.6,268,272
2024-02-08 15:00:00,3.4,3.21,268,274
2024-02-08 16:00:00,3.4,2.71,268,274
2024-02-08 17:00:00,3.2,2.2,270,273
2024-02-08 18:00:00,3.0,2.28,270,255
2024-02-08 19:00:00,2.84,2.1,260,245
2024-02-08 20:00:00,2.6,2.11,254,239
2024-02-08 21:00:00,2.37,2.42,242,246
2024-02-08 22:00:00,2.47,2.25,238,238
2024-02-08 23:00:00,2.66,2.2,236,231
2024-02-09 00:00:00,2.52,2.27,236,221
2024-02-09 01:00:00,2.42,2.26,240,225
2024-02-09 02:00:00,2.6,2.22,247,234
2024-02-09 03:00:00,3.01,2.42,249,240
2024-02-09 04:00:00,2.94,2.92,252,248
2024-02-09 05:00:00,3.1,3.01,255,249
2024-02-09 06:00:00,3.28,3.23,258,248
2024-02-09 07:00:00,3.34,3.4,261,256
2024-02-09 08:00:00,3.63,3.47,262,258
2024-02-09 09:00:00,3.63,3.22,262,263
2024-02-09 10:00:00,3.9,3.6,269,268
2024-02-09 11:00:00,4.4,4.1,269,270
2024-02-09 12:00:00,4.81,4.5,266,270
2024-02-09 13:00:00,5.12,4.8,266,268
2024-02-09 14:00:00,5.41,5.01,266,267
2024-02-09 15:00:00,5.41,5.11,267,267
2024-02-09 16:00:00,5.4,5.11,268,267
2024-02-09 17:00:00,5.41,5.12,267,266
2024-02-09 18:00:00,5.41,5.22,267,265
2024-02-09 19:00:00,5.7,5.71,268,266
2024-02-09 20:00:00,5.7,5.8,268,268
2024-02-09 21:00:00,5.7,5.51,268,267
2024-02-09 22:00:00,5.6,5.31,268,267
2024-02-09 23:00:00,5.41,5.11,267,267
2024-02-10 00:00:00,5.1,4.82,268,265
2024-02-10 01:00:00,4.9,4.62,268,265
2024-02-10 02:00:00,4.8,4.51,268,266
2024-02-10 03:00:00,4.8,4.6,269,268
2024-02-10 04:00:00,4.9,4.7,269,268
2024-02-10 05:00:00,4.9,4.62,268,265
2024-02-10 06:00:00,4.8,4.72,269,265
2024-02-10 07:00:00,4.7,4.71,269,266
2024-02-10 08:00:00,4.6,4.5,271,269
2024-02-10 09:00:00,4.82,4.5,265,270
2024-02-10 10:00:00,5.3,4.84,268,263
2024-02-10 11:00:00,5.2,5.56,268,262
2024-02-10 12:00:00,5.1,5.42,268,265
2024-02-10 13:00:00,5.12,5.22,264,265
2024-02-10 14:00:00,5.32,4.8,266,268
2024-02-10 15:00:00,5.22,4.6,266,270
2024-02-10 16:00:00,5.1,4.21,268,274
2024-02-10 17:00:00,4.8,3.4,270,268
2024-02-10 18:00:00,3.9,1.99,269,252
2024-02-10 19:00:00,3.41,1.78,265,232
2024-02-10 20:00:00,2.65,1.94,259,235
2024-02-10 21:00:00,3.32,1.75,263,239
2024-02-10 22:00:00,2.96,1.66,258,237
2024-02-10 23:00:00,2.6,1.89,254,238
2024-02-11 00:00:00,2.31,1.61,252,240
2024-02-11 01:00:00,2.44,1.77,251,254
2024-02-11 02:00:00,2.62,2.01,252,264
2024-02-11 03:00:00,2.75,2.6,251,270
2024-02-11 04:00:00,2.91,3.24,254,279
2024-02-11 05:00:00,3.18,2.9,257,268
2024-02-11 06:00:00,3.35,3.01,260,264
2024-02-11 07:00:00,3.65,3.21,261,265
2024-02-11 08:00:00,3.86,3.41,260,265
2024-02-11 09:00:00,4.16,4.1,260,270
2024-02-11 10:00:00,4.31,4.7,266,271
2024-02-11 11:00:00,4.9,5.31,270,273
2024-02-11 12:00:00,5.7,5.8,269,272
2024-02-11 13:00:00,6.31,6.51,266,273
2024-02-11 14:00:00,7.01,7.31,267,272
2024-02-11 15:00:00,6.9,7.1,268,272
2024-02-11 16:00:00,7.1,6.9,269,270
2024-02-11 17:00:00,6.4,6.5,268,268
2024-02-11 18:00:00,5.91,5.9,267,268
2024-02-11 19:00:00,5.7,5.8,269,269
2024-02-11 20:00:00,5.4,5.8,271,271
2024-02-11 21:00:00,5.4,5.7,271,271
2024-02-11 22:00:00,5.2,5.2,271,271
2024-02-11 23:00:00,4.91,5.0,274,272
2024-02-12 00:00:00,4.62,4.8,275,272
2024-02-12 01:00:00,4.32,4.5,275,271
2024-02-12 02:00:00,3.9,4.2,271,269
2024-02-12 03:00:00,3.34,4.11,261,266
2024-02-12 04:00:00,3.3,4.04,256,261
2024-02-12 05:00:00,3.16,4.06,252,260
2024-02-12 06:00:00,3.16,4.06,252,260
2024-02-12 07:00:00,3.2,4.06,250,260
2024-02-12 08:00:00,3.32,4.06,249,260
2024-02-12 09:00:00,2.73,3.61,242,256
2024-02-12 10:00:00,3.01,3.95,255,261
2024-02-12 11:00:00,3.44,4.11,262,266
2024-02-12 12:00:00,3.83,4.41,263,266
2024-02-12 13:00:00,4.14,4.73,262,264
2024-02-12 14:00:00,4.37,5.05,259,262
2024-02-12 15:00:00,4.49,5.06,258,261
2024-02-12 16:00:00,4.51,4.81,257,258
2024-02-12 17:00:00,4.56,4.66,255,255
2024-02-12 18:00:00,4.74,4.84,252,252
2024-02-12 19:00:00,4.93,5.12,252,253
2024-02-12 20:00:00,5.19,5.54,251,253
2024-02-12 21:00:00,5.73,6.07,254,253
2024-02-12 22:00:00,5.98,6.39,252,253
2024-02-12 23:00:00,6.51,6.36,252,254
2024-02-13 00:00:00,6.77,6.46,254,254
2024-02-13 01:00:00,6.65,6.77,254,254
2024-02-13 02:00:00,6.58,7.09,253,254
2024-02-13 03:00:00,6.71,7.31,253,253
2024-02-13 04:00:00,6.58,7.28,253,254
2024-02-13 05:00:00,6.8,7.18,253,254
2024-02-13 06:00:00,6.93,7.21,252,253
2024-02-13 07:00:00,6.77,7.24,251,252
2024-02-13 08:00:00,6.84,7.31,249,251
2024-02-13 09:00:00,8.42,8.54,250,249
2024-02-13 10:00:00,8.38,8.79,250,251
2024-02-13 11:00:00,8.13,8.73,251,252
2024-02-13 12:00:00,8.22,8.32,252,254
2024-02-13 13:00:00,8.63,7.86,252,255
2024-02-13 14:00:00,8.54,7.54,252,255
2024-02-13 15:00:00,7.94,7.38,251,254
2024-02-13 16:00:00,7.24,7.4,252,254
2024-02-13 17:00:00,7.18,7.47,254,254
2024-02-13 18:00:00,6.94,7.28,255,254
2024-02-13 19:00:00,6.74,7.6,255,254
2024-02-13 20:00:00,6.71,7.72,253,253
2024-02-13 21:00:00,6.64,7.56,252,250
2024-02-13 22:00:00,7.05,7.8,252,247
2024-02-13 23:00:00,7.34,8.39,253,248
2024-02-14 00:00:00,7.65,8.7,253,251
2024-02-14 01:00:00,7.79,8.7,254,251
2024-02-14 02:00:00,7.43,8.48,253,251
2024-02-14 03:00:00,7.34,8.19,253,250
2024-02-14 04:00:00,7.79,8.1,254,250
2024-02-14 05:00:00,8.08,8.04,255,249
2024-02-14 06:00:00,8.49,8.04,255,249
2024-02-14 07:00:00,8.96,8.32,254,250
2024-02-14 08:00:00,9.04,8.57,252,251
2024-02-14 09:00:00,7.96,7.38,258,245
2024-02-14 10:00:00,7.84,6.86,259,251
2024-02-14 11:00:00,7.94,6.16,259,257
2024-02-14 12:00:00,7.47,6.17,258,253
2024-02-14 13:00:00,7.23,6.5,256,256
2024-02-14 14:00:00,7.42,6.82,256,256
2024-02-14 15:00:00,7.28,7.78,254,252
2024-02-14 16:00:00,6.94,8.54,255,254
2024-02-14 17:00:00,6.39,8.2,253,254
2024-02-14 18:00:00,6.65,7.84,254,253
2024-02-14 19:00:00,7.02,7.53,253,253
2024-02-14 20:00:00,7.18,6.58,251,250
2024-02-14 21:00:00,3.68,3.88,248,235
2024-02-14 22:00:00,3.26,3.94,252,234
2024-02-14 23:00:00,3.05,3.85,247,242
2024-02-15 00:00:00,3.81,3.81,240,247
2024-02-15 01:00:00,4.03,4.78,240,250
2024-02-15 02:00:00,4.1,4.97,236,255
2024-02-15 03:00:00,4.85,4.61,238,257
2024-02-15 04:00:00,5.23,3.77,244,259
2024-02-15 05:00:00,5.38,3.21,252,266
2024-02-15 06:00:00,5.71,3.2,259,268
2024-02-15 07:00:00,5.25,2.75,262,280
2024-02-15 08:00:00,4.0,2.85,271,288
2024-02-15 09:00:00,3.01,3.61,266,273
2024-02-15 10:00:00,2.5,2.73,254,278
2024-02-15 11:00:00,3.54,1.75,299,329
2024-02-15 12:00:00,3.73,2.72,340,343
2024-02-15 13:00:00,2.65,3.05,349,337
2024-02-15 14:00:00,3.14,3.74,338,344
2024-02-15 15:00:00,2.21,3.08,342,347
2024-02-15 16:00:00,3.49,1.99,336,18
2024-02-15 17:00:00,3.92,3.0,354,2
2024-02-15 18:00:00,3.45,2.97,17,20
2024-02-15 19:00:00,3.23,3.22,22,30
2024-02-15 20:00:00,2.66,3.05,20,32
2024-02-15 21:00:00,3.54,2.82,16,17
2024-02-15 22:00:00,3.38,2.62,19,18
2024-02-15 23:00:00,3.32,2.47,21,21
2024-02-16 00:00:00,3.36,2.55,23,26
2024-02-16 01:00:00,2.68,2.1,27,25
2024-02-16 02:00:00,2.39,1.66,33,33
2024-02-16 03:00:00,2.27,1.56,41,45
2024-02-16 04:00:00,2.12,1.91,45,47
2024-02-16 05:00:00,2.06,1.89,51,58
2024-02-16 06:00:00,1.97,1.88,60,65
2024-02-16 07:00:00,1.84,1.61,68,83
2024-02-16 08:00:00,1.94,1.66,78,123
2024-02-16 09:00:00,1.87,1.84,106,119
2024-02-16 10:00:00,1.75,1.52,121,157
2024-02-16 11:00:00,1.14,1.42,165,219
2024-02-16 12:00:00,1.13,1.9,225,252
2024-02-16 13:00:00,1.87,2.14,254,259
2024-02-16 14:00:00,2.35,2.09,258,253
2024-02-16 15:00:00,2.53,2.4,252,253
2024-02-16 16:00:00,2.85,2.72,252,253
2024-02-16 17:00:00,2.6,2.69,254,255
2024-02-16 18:00:00,2.09,2.09,253,253
2024-02-16 19:00:00,2.52,2.22,236,234
2024-02-16 20:00:00,3.3,3.06,235,232
2024-02-16 21:00:00,3.47,3.64,237,238
2024-02-16 22:00:00,3.71,3.8,243,243
2024-02-16 23:00:00,4.03,4.16,247,243
2024-02-17 00:00:00,4.12,4.25,247,246
2024-02-17 01:00:00,4.25,4.48,246,246
2024-02-17 02:00:00,4.3,4.61,245,246
2024-02-17 03:00:00,4.07,4.62,245,248
2024-02-17 04:00:00,4.12,4.52,247,252
2024-02-17 05:00:00,4.27,4.3,249,252
2024-02-17 06:00:00,4.62,4.21,248,252
2024-02-17 07:00:00,4.81,4.33,249,251
2024-02-17 08:00:00,5.0,4.96,250,251
2024-02-17 09:00:00,4.71,4.66,253,255
2024-02-17 10:00:00,4.78,4.74,254,252
2024-02-17 11:00:00,4.95,4.55,256,251
2024-02-17 12:00:00,4.75,4.62,255,252
2024-02-17 13:00:00,4.27,4.49,254,253
2024-02-17 14:00:00,3.7,4.4,251,253
2024-02-17 15:00:00,3.42,4.11,249,252
2024-02-17 16:00:00,3.29,3.86,250,253
2024-02-17 17:00:00,3.13,3.61,253,256
2024-02-17 18:00:00,3.26,3.37,252,258
2024-02-17 19:00:00,3.96,3.55,249,248
2024-02-17 20:00:00,4.18,3.72,249,246
2024-02-17 21:00:00,4.09,3.94,248,246
2024-02-17 22:00:00,3.86,3.94,249,246
2024-02-17 23:00:00,3.58,3.89,247,244
2024-02-18 00:00:00,3.49,3.89,243,241
2024-02-18 01:00:00,3.62,4.0,242,238
2024-02-18 02:00:00,3.94,4.13,240,238
2024-02-18 03:00:00,4.08,4.22,239,239
2024-02-18 04:00:00,4.0,4.19,238,237
2024-02-18 05:00:00,3.94,4.14,240,233
2024-02-18 06:00:00,3.89,4.05,241,230
2024-02-18 07:00:00,3.69,4.32,237,228
2024-02-18 08:00:00,3.64,4.6,233,228
2024-02-18 09:00:00,4.18,3.83,228,229
2024-02-18 10:00:00,4.16,3.41,235,230
2024-02-18 11:00:00,4.0,3.75,233,228
2024-02-18 12:00:00,3.92,4.06,232,232
2024-02-18 13:00:00,3.84,4.12,231,231
2024-02-18 14:00:00,3.76,4.04,230,228
2024-02-18 15:00:00,3.75,4.1,228,225
2024-02-18 16:00:00,3.68,4.03,227,224
2024-02-18 17:00:00,3.25,3.98,225,219
2024-02-18 18:00:00,3.28,4.77,218,213
2024-02-18 19:00:00,3.69,5.46,213,215
2024-02-18 20:00:00,4.53,5.63,211,213
2024-02-18 21:00:00,5.02,5.72,211,216
2024-02-18 22:00:00,5.47,5.6,211,215
2024-02-18 23:00:00,5.68,6.47,206,219
2024-02-19 00:00:00,6.26,6.91,200,214
2024-02-19 01:00:00,6.31,6.57,205,206
2024-02-19 02:00:00,6.75,6.91,205,211
2024-02-19 03:00:00,6.62,6.1,207,198
2024-02-19 04:00:00,5.73,7.53,192,199
2024-02-19 05:00:00,6.67,8.23,193,201
2024-02-19 06:00:00,7.43,9.39,200,207
2024-02-19 07:00:00,6.71,8.66,213,230
2024-02-19 08:00:00,6.36,8.98,225,225
2024-02-19 09:00:00,4.59,8.0,250,233
2024-02-19 10:00:00,5.45,6.9,263,240
2024-02-19 11:00:00,5.41,6.95,258,247
2024-02-19 12:00:00,6.06,6.89,257,244
2024-02-19 13:00:00,6.0,5.69,259,246
2024-02-19 14:00:00,5.87,5.26,256,249
2024-02-19 15:00:00,6.53,5.41,255,251
2024-02-19 16:00:00,6.6,5.22,256,250
2024-02-19 17:00:00,6.38,5.17,261,255
2024-02-19 18:00:00,5.02,4.75,265,262
2024-02-19 19:00:00,4.1,4.5,271,270
2024-02-19 20:00:00,4.1,4.14,267,278
2024-02-19 21:00:00,1.21,3.71,294,267
2024-02-19 22:00:00,1.61,3.14,353,261
2024-02-19 23:00:00,1.3,2.63,32,279
2024-02-20 00:00:00,2.25,1.84,58,292
2024-02-20 01:00:00,2.48,1.61,47,7
2024-02-20 02:00:00,3.14,2.19,59,43
2024-02-20 03:00:00,3.53,2.78,65,52
2024-02-20 04:00:00,3.94,3.08,63,54
2024-02-20 05:00:00,3.89,3.36,64,60
2024-02-20 06:00:00,4.24,4.11,75,72
2024-02-20 07:00:00,4.73,3.94,77,66
2024-02-20 08:00:00,4.55,4.39,81,66
2024-02-20 09:00:00,4.71,5.0,73,74
2024-02-20 10:00:00,4.87,4.37,71,74
2024-02-20 11:00:00,4.81,4.44,73,76
2024-02-20 12:00:00,4.97,5.0,75,78
2024-02-20 13:00:00,5.1,5.18,79,80
2024-02-20 14:00:00,5.08,5.3,80,79
2024-02-20 15:00:00,5.16,5.07,81,75
2024-02-20 16:00:00,5.15,4.95,82,76
2024-02-20 17:00:00,4.83,5.1,84,79
2024-02-20 18:00:00,4.73,5.23,84,83
2024-02-20 19:00:00,4.88,5.3,79,89
2024-02-20 20:00:00,5.32,5.26,85,81
2024-02-20 21:00:00,5.35,5.2,82,89
2024-02-20 22:00:00,5.46,5.3,82,92
2024-02-20 23:00:00,5.32,5.1,86,92
2024-02-21 00:00:00,5.32,5.5,85,90
2024-02-21 01:00:00,5.12,5.6,86,90
2024-02-21 02:00:00,5.12,5.6,86,90
2024-02-21 03:00:00,5.23,5.81,83,86
2024-02-21 04:00:00,5.66,6.01,82,87
2024-02-21 05:00:00,5.77,6.21,81,87
2024-02-21 06:00:00,5.76,6.45,82,83
2024-02-21 07:00:00,6.1,6.75,80,83
2024-02-21 08:00:00,6.07,6.89,81,81
2024-02-21 09:00:00,6.55,6.64,74,84
2024-02-21 10:00:00,6.61,6.45,72,83
2024-02-21 11:00:00,6.67,6.32,71,79
2024-02-21 12:00:00,6.4,6.24,76,74
2024-02-21 13:00:00,6.11,6.42,75,72
2024-02-21 14:00:00,6.4,6.55,76,74
2024-02-21 15:00:00,6.59,6.69,68,76
2024-02-21 16:00:00,6.64,6.77,72,77
2024-02-21 17:00:00,6.46,6.77,74,77
2024-02-21 18:00:00,6.55,6.87,74,77
2024-02-21 19:00:00,6.32,6.74,79,72
2024-02-21 20:00:00,6.12,6.68,79,73
2024-02-21 21:00:00,6.29,6.41,72,79
2024-02-21 22:00:00,6.07,6.32,73,79
2024-02-21 23:00:00,5.85,5.68,70,76
2024-02-22 00:00:00,6.02,5.7,69,75
2024-02-22 01:00:00,6.04,5.91,66,71
2024-02-22 02:00:00,5.95,6.33,63,69
2024-02-22 03:00:00,6.0,5.83,60,68
2024-02-22 04:00:00,6.02,6.45,58,66
2024-02-22 05:00:00,5.97,6.44,59,64
2024-02-22 06:00:00,5.94,6.44,57,64
2024-02-22 07:00:00,5.86,6.31,63,63
2024-02-22 08:00:00,6.04,5.99,61,62
2024-02-22 09:00:00,5.46,6.08,62,65
2024-02-22 10:00:00,5.37,5.95,63,63
2024-02-22 11:00:00,5.29,5.68,68,64
2024-02-22 12:00:00,5.32,5.82,62,61
2024-02-22 13:00:00,5.06,5.11,65,59
2024-02-22 14:00:00,5.11,5.55,59,64
2024-02-22 15:00:00,4.52,5.24,62,66
2024-02-22 16:00:00,4.12,4.83,61,63
2024-02-22 17:00:00,4.03,4.58,60,58
2024-02-22 18:00:00,3.76,4.22,61,59
2024-02-22 19:00:00,3.54,4.12,61,61
2024-02-22 20:00:00,3.62,3.89,62,61
2024-02-22 21:00:00,3.67,3.71,61,63
2024-02-22 22:00:00,3.81,3.94,60,63
2024-02-22 23:00:00,3.47,3.86,57,59
2024-02-23 00:00:00,3.38,3.67,56,61
2024-02-23 01:00:00,3.55,3.62,58,62
2024-02-23 02:00:00,3.58,3.41,54,58
2024-02-23 03:00:00,3.44,3.5,54,59
2024-02-23 04:00:00,3.58,3.33,54,57
2024-02-23 05:00:00,3.64,3.38,53,56
2024-02-23 06:00:00,3.66,3.33,55,57
2024-02-23 07:00:00,3.77,3.36,58,60
2024-02-23 08:00:00,3.86,3.5,59,59
2024-02-23 09:00:00,3.97,4.05,56,70
2024-02-23 10:00:00,4.3,4.11,59,72
2024-02-23 11:00:00,4.41,4.05,57,70
2024-02-23 12:00:00,4.3,4.12,54,67
2024-02-23 13:00:00,4.34,3.98,52,65
2024-02-23 14:00:00,4.14,3.71,53,63
2024-02-23 15:00:00,4.0,3.45,53,60
2024-02-23 16:00:00,3.78,3.54,53,61
2024-02-23 17:00:00,3.36,3.35,53,63
2024-02-23 18:00:00,2.94,3.23,55,68
2024-02-23 19:00:00,3.0,3.2,64,70
2024-02-23 20:00:00,3.09,3.01,65,75
2024-02-23 21:00:00,3.66,2.85,55,72
2024-02-23 22:00:00,3.91,3.04,58,73
2024-02-23 23:00:00,4.16,3.35,63,73
2024-02-24 00:00:00,4.16,3.04,66,73
2024-02-24 01:00:00,4.22,2.73,68,82
2024-02-24 02:00:00,4.37,3.13,70,83
2024-02-24 03:00:00,4.43,2.84,72,80
2024-02-24 04:00:00,4.81,2.77,73,77
2024-02-24 05:00:00,4.46,3.18,74,77
2024-02-24 06:00:00,4.05,3.04,74,81
2024-02-24 07:00:00,3.67,2.8,79,88
2024-02-24 08:00:00,3.75,2.65,81,101
2024-02-24 09:00:00,4.23,3.5,83,90
2024-02-24 10:00:00,4.42,3.9,85,91
2024-02-24 11:00:00,4.53,4.1,84,93
2024-02-24 12:00:00,4.24,3.82,82,96
2024-02-24 13:00:00,3.93,3.16,83,101
2024-02-24 14:00:00,3.45,2.73,80,98
2024-02-24 15:00:00,3.44,2.51,82,95
2024-02-24 16:00:00,3.54,2.6,82,92
2024-02-24 17:00:00,3.41,2.3,85,92
2024-02-24 18:00:00,3.1,2.4,92,92
2024-02-24 19:00:00,2.9,2.4,92,90
2024-02-24 20:00:00,2.91,1.75,94,103
2024-02-24 21:00:00,2.8,2.53,92,108
2024-02-24 22:00:00,2.72,2.24,96,117
2024-02-24 23:00:00,2.21,1.97,95,120
2024-02-25 00:00:00,2.11,1.7,95,118
2024-02-25 01:00:00,1.96,1.39,105,120
2024-02-25 02:00:00,1.84,1.2,112,132
2024-02-25 03:00:00,1.7,1.08,118,124
2024-02-25 04:00:00,1.94,1.1,125,90
2024-02-25 05:00:00,2.1,1.52,90,67
2024-02-25 06:00:00,1.97,1.97,60,60
2024-02-25 07:00:00,2.02,2.01,70,63
2024-02-25 08:00:00,1.84,1.93,77,69
2024-02-25 09:00:00,1.72,2.06,54,76
2024-02-25 10:00:00,1.49,2.45,48,78
2024-02-25 11:00:00,1.36,2.43,54,81
2024-02-25 12:00:00,1.13,2.16,45,77
2024-02-25 13:00:00,1.14,2.02,38,70
2024-02-25 14:00:00,1.5,2.33,37,65
2024-02-25 15:00:00,1.64,2.42,38,60
2024-02-25 16:00:00,1.98,2.44,49,55
2024-02-25 17:00:00,1.91,2.42,43,52
2024-02-25 18:00:00,1.63,2.16,43,56
2024-02-25 19:00:00,1.13,1.58,45,55
2024-02-25 20:00:00,1.2,1.78,42,52
2024-02-25 21:00:00,1.14,1.21,15,66
2024-02-25 22:00:00,0.82,1.12,14,80
2024-02-25 23:00:00,0.5,0.81,360,97
2024-02-26 00:00:00,0.71,0.9,352,90
2024-02-26 01:00:00,0.81,1.28,353,51
2024-02-26 02:00:00,0.81,2.36,353,36
2024-02-26 03:00:00,1.0,2.68,354,27
2024-02-26 04:00:00,1.12,1.9,350,3
2024-02-26 05:00:00,1.2,1.65,5,14
2024-02-26 06:00:00,1.39,1.55,21,15
2024-02-26 07:00:00,1.48,1.53,28,11
2024-02-26 08:00:00,1.8,2.14,34,37
2024-02-26 09:00:00,2.64,2.02,37,33
2024-02-26 10:00:00,2.83,2.8,42,35
2024-02-26 11:00:00,2.98,3.22,40,36
2024-02-26 12:00:00,2.78,3.26,38,40
2024-02-26 13:00:00,2.91,3.25,41,45
2024-02-26 14:00:00,2.98,3.25,40,45
2024-02-26 15:00:00,2.86,3.4,36,47
2024-02-26 16:00:00,2.78,3.26,38,47
2024-02-26 17:00:00,2.5,2.97,37,48
2024-02-26 18:00:00,2.08,2.41,35,48
2024-02-26 19:00:00,1.86,2.05,36,47
2024-02-26 20:00:00,2.55,2.72,42,54
2024-02-26 21:00:00,1.84,2.62,41,43
2024-02-26 22:00:00,2.83,2.62,45,47
2024-02-26 23:00:00,3.26,3.0,50,53
2024-02-27 00:00:00,3.2,3.11,51,57
2024-02-27 01:00:00,3.28,3.14,52,59
2024-02-27 02:00:00,3.08,3.22,54,60
2024-02-27 03:00:00,2.97,3.4,57,62
2024-02-27 04:00:00,3.05,3.09,58,65
2024-02-27 05:00:00,2.95,3.14,62,68
2024-02-27 06:00:00,3.04,3.26,63,72
2024-02-27 07:00:00,3.18,3.23,62,74
2024-02-27 08:00:00,3.53,3.52,65,75
2024-02-27 09:00:00,3.85,3.89,65,72
2024-02-27 10:00:00,4.09,3.96,68,74
2024-02-27 11:00:00,3.99,3.93,68,75
2024-02-27 12:00:00,3.45,3.4,68,76
2024-02-27 13:00:00,2.79,2.86,69,78
2024-02-27 14:00:00,2.12,2.3,71,88
2024-02-27 15:00:00,1.73,1.7,80,93
2024-02-27 16:00:00,1.9,1.7,72,90
2024-02-27 17:00:00,2.1,1.9,87,93
2024-02-27 18:00:00,2.01,1.75,96,103
2024-02-27 19:00:00,2.02,1.97,110,114
2024-02-27 20:00:00,1.84,1.98,131,135
2024-02-27 21:00:00,2.06,1.86,129,144
2024-02-27 22:00:00,2.28,2.06,128,157
2024-02-27 23:00:00,2.55,2.33,135,155
2024-02-28 00:00:00,2.66,2.42,146,156
2024-02-28 01:00:00,2.31,2.35,162,168
2024-02-28 02:00:00,2.4,2.3,180,178
2024-02-28 03:00:00,2.56,2.46,201,207
2024-02-28 04:00:00,2.75,2.77,213,229
2024-02-28 05:00:00,2.91,2.19,221,227
2024-02-28 06:00:00,3.12,2.22,230,234
2024-02-28 07:00:00,2.48,2.08,230,235
2024-02-28 08:00:00,1.8,1.91,236,223
2024-02-28 09:00:00,2.1,0.64,245,219
2024-02-28 10:00:00,2.41,0.63,265,288
2024-02-28 11:00:00,2.84,0.73,280,344
2024-02-28 12:00:00,3.06,0.7,281,360
2024-02-28 13:00:00,3.13,0.72,277,56
2024-02-28 14:00:00,3.2,1.17,270,59
2024-02-28 15:00:00,3.31,1.77,267,74
2024-02-28 16:00:00,3.0,2.1,268,87
2024-02-28 17:00:00,2.7,1.71,268,97
2024-02-28 18:00:00,2.1,1.58,267,125
2024-02-28 19:00:00,1.84,1.71,257,159
2024-02-28 20:00:00,1.66,1.8,237,180
2024-02-28 21:00:00,2.31,2.05,252,227
2024-02-28 22:00:00,2.4,2.33,253,227
2024-02-28 23:00:00,2.4,2.55,253,225
2024-02-29 00:00:00,2.35,2.16,258,236
2024-02-29 01:00:00,2.31,2.15,252,242
2024-02-29 02:00:00,2.18,2.01,254,243
2024-02-29 03:00:00,2.26,1.79,257,243
2024-02-29 04:00:00,1.96,1.73,255,260
2024-02-29 05:00:00,1.32,1.0,279,276
2024-02-29 06:00:00,1.02,0.72,349,326
2024-02-29 07:00:00,1.86,0.91,36,6
2024-02-29 08:00:00,1.93,1.75,69,103
2024-02-29 09:00:00,1.65,0.82,76,76
2024-02-29 10:00:00,2.0,1.58,87,108
2024-02-29 11:00:00,2.02,2.0,99,127
2024-02-29 12:00:00,2.2,2.06,90,141
2024-02-29 13:00:00,2.2,1.78,87,142
2024-02-29 14:00:00,1.4,1.63,86,137
2024-02-29 15:00:00,1.2,0.98,90,114
2024-02-29 16:00:00,0.8,1.08,90,112
2024-02-29 17:00:00,0.7,1.2,90,90
2024-02-29 18:00:00,0.14,1.17,315,110
2024-02-29 19:00:00,1.71,1.12,277,153
2024-02-29 20:00:00,2.0,1.5,267,184
2024-02-29 21:00:00,2.73,1.62,262,248
2024-02-29 22:00:00,3.6,2.1,270,245
2024-02-29 23:00:00,3.7,2.32,272,263
2024-03-01 00:00:00,4.44,2.75,278,280
2024-03-01 01:00:00,4.96,2.79,279,285
2024-03-01 02:00:00,5.39,2.69,281,301
2024-03-01 03:00:00,5.43,2.77,283,296
2024-03-01 04:00:00,5.02,4.11,283,296
2024-03-01 05:00:00,4.59,4.53,281,292
2024-03-01 06:00:00,4.49,4.66,282,285
2024-03-01 07:00:00,4.96,4.94,279,277
2024-03-01 08:00:00,5.92,5.46,282,278
2024-03-01 09:00:00,7.18,5.61,286,281
2024-03-01 10:00:00,7.35,5.99,285,285
2024-03-01 11:00:00,7.62,6.11,284,285
2024-03-01 12:00:00,7.5,6.33,283,286
2024-03-01 13:00:00,7.41,6.33,280,286
2024-03-01 14:00:00,7.4,6.33,279,286
2024-03-01 15:00:00,7.33,6.21,281,285
2024-03-01 16:00:00,6.91,6.14,284,282
2024-03-01 17:00:00,6.29,5.94,288,283
2024-03-01 18:00:00,5.48,5.53,285,283
2024-03-01 19:00:00,5.2,5.39,281,281
2024-03-01 20:00:00,4.69,5.2,281,281
2024-03-01 21:00:00,4.83,4.84,283,277
2024-03-01 22:00:00,4.37,4.54,281,278
2024-03-01 23:00:00,4.23,4.42,277,275
2024-03-02 00:00:00,4.32,4.31,275,274
2024-03-02 01:00:00,4.41,4.2,274,270
2024-03-02 02:00:00,4.61,4.1,274,269
2024-03-02 03:00:00,4.91,4.1,274,267
2024-03-02 04:00:00,5.11,4.21,273,266
2024-03-02 05:00:00,4.9,4.22,272,265
2024-03-02 06:00:00,5.0,4.13,270,263
2024-03-02 07:00:00,5.41,4.24,267,262
2024-03-02 08:00:00,5.81,5.12,266,266
2024-03-02 09:00:00,5.83,6.33,264,265
2024-03-02 10:00:00,5.95,6.86,262,262
2024-03-02 11:00:00,5.97,6.69,256,261
2024-03-02 12:00:00,6.77,6.91,254,256
2024-03-02 13:00:00,7.43,7.28,253,254
2024-03-02 14:00:00,8.04,7.67,253,255
2024-03-02 15:00:00,8.42,7.97,250,252
2024-03-02 16:00:00,8.58,7.75,249,250
2024-03-02 17:00:00,8.95,7.91,252,254
2024-03-02 18:00:00,9.43,7.91,253,254
2024-03-02 19:00:00,9.52,8.07,253,253
2024-03-02 20:00:00,9.62,8.19,253,252
2024-03-02 21:00:00,9.55,8.93,250,257
2024-03-02 22:00:00,9.12,8.86,255,259
2024-03-02 23:00:00,8.94,8.71,260,261
2024-03-03 00:00:00,8.98,8.47,262,263
2024-03-03 01:00:00,8.76,8.02,263,266
2024-03-03 02:00:00,8.44,7.41,265,268
2024-03-03 03:00:00,7.61,7.0,268,268
2024-03-03 04:00:00,6.8,6.7,271,269
2024-03-03 05:00:00,6.81,6.4,273,271
2024-03-03 06:00:00,6.2,5.8,272,272
2024-03-03 07:00:00,5.32,5.7,274,272
2024-03-03 08:00:00,4.71,5.6,274,272
2024-03-03 09:00:00,4.77,3.71,280,275
2024-03-03 10:00:00,4.47,3.6,280,272
2024-03-03 11:00:00,4.42,3.71,275,267
2024-03-03 12:00:00,4.7,4.04,270,261
2024-03-03 13:00:00,5.02,4.57,265,260
2024-03-03 14:00:00,5.15,5.02,262,257
2024-03-03 15:00:00,5.36,5.56,261,262
2024-03-03 16:00:00,5.26,5.53,261,264
2024-03-03 17:00:00,4.75,5.32,262,265
2024-03-03 18:00:00,3.95,4.54,261,262
2024-03-03 19:00:00,3.96,4.44,260,262
2024-03-03 20:00:00,4.64,4.84,263,263
2024-03-03 21:00:00,5.6,4.93,270,264
2024-03-03 22:00:00,6.1,4.95,270,262
2024-03-03 23:00:00,6.01,5.1,273,259
2024-03-04 00:00:00,5.2,5.3,271,259
2024-03-04 01:00:00,4.5,5.59,271,260
2024-03-04 02:00:00,4.2,5.77,270,261
2024-03-04 03:00:00,4.1,5.54,273,263
2024-03-04 04:00:00,4.12,5.33,276,264
2024-03-04 05:00:00,3.81,5.22,275,265
2024-03-04 06:00:00,3.31,4.94,267,263
2024-03-04 07:00:00,2.45,4.77,258,260
2024-03-04 08:00:00,1.94,4.67,258,260
2024-03-04 09:00:00,1.81,3.75,264,261
2024-03-04 10:00:00,2.4,3.73,268,262
2024-03-04 11:00:00,2.5,3.62,272,264
2024-03-04 12:00:00,2.5,3.61,272,265
2024-03-04 13:00:00,2.3,3.73,272,262
2024-03-04 14:00:00,2.24,3.41,260,267
2024-03-04 15:00:00,2.12,3.01,251,264
2024-03-04 16:00:00,1.8,2.55,251,259
2024-03-04 17:00:00,1.17,1.79,250,243
2024-03-04 18:00:00,1.77,1.25,223,209
2024-03-04 19:00:00,2.3,2.02,214,189
2024-03-04 20:00:00,2.72,2.21,216,198
2024-03-04 21:00:00,2.78,2.28,218,209
2024-03-04 22:00:00,2.5,2.37,217,208
2024-03-04 23:00:00,2.48,2.46,220,207
2024-03-05 00:00:00,2.44,2.59,215,208
2024-03-05 01:00:00,2.22,2.86,216,216
2024-03-05 02:00:00,2.13,2.76,221,224
2024-03-05 03:00:00,1.72,1.53,216,238
2024-03-05 04:00:00,1.35,1.3,222,203
2024-03-05 05:00:00,2.63,1.51,81,172
2024-03-05 06:00:00,2.27,1.27,131,135
2024-03-05 07:00:00,2.72,2.24,144,100
2024-03-05 08:00:00,2.97,2.4,132,90
2024-03-05 09:00:00,3.79,3.57,108,108
2024-03-05 10:00:00,4.06,4.65,100,99
2024-03-05 11:00:00,4.61,4.81,94,86
2024-03-05 12:00:00,5.0,5.76,89,82
2024-03-05 13:00:00,4.82,5.84,85,83
2024-03-05 14:00:00,4.39,5.66,78,82
2024-03-05 15:00:00,4.43,5.49,72,80
2024-03-05 16:00:00,4.79,5.34,64,77
2024-03-05 17:00:00,4.79,5.19,64,71
2024-03-05 18:00:00,4.92,5.16,66,68
2024-03-05 19:00:00,5.73,5.06,65,65
2024-03-05 20:00:00,6.04,5.83,74,68
2024-03-05 21:00:00,4.88,5.53,64,77
2024-03-05 22:00:00,4.83,5.63,63,73
2024-03-05 23:00:00,4.48,5.63,51,70
2024-03-06 00:00:00,4.46,5.74,44,67
2024-03-06 01:00:00,4.33,5.55,40,64
2024-03-06 02:00:00,4.34,5.59,38,63
2024-03-06 03:00:00,3.94,5.32,36,62
2024-03-06 04:00:00,3.86,4.89,31,59
2024-03-06 05:00:00,4.03,4.92,30,61
2024-03-06 06:00:00,4.03,4.48,30,61
2024-03-06 07:00:00,3.72,4.17,24,60
2024-03-06 08:00:00,3.62,3.94,24,66
2024-03-06 09:00:00,3.49,3.92,24,19
2024-03-06 10:00:00,3.14,3.62,22,24
2024-03-06 11:00:00,2.88,3.53,20,25
2024-03-06 12:00:00,2.88,3.48,20,18
2024-03-06 13:00:00,2.82,3.35,23,10
2024-03-06 14:00:00,2.77,3.18,26,13
2024-03-06 15:00:00,2.78,2.89,30,14
2024-03-06 16:00:00,2.66,2.64,34,25
2024-03-06 17:00:00,2.84,2.51,39,29
2024-03-06 18:00:00,2.62,2.69,43,42
2024-03-06 19:00:00,2.4,2.77,45,41
2024-03-06 20:00:00,2.34,2.77,50,41
2024-03-06 21:00:00,2.52,2.02,56,57
2024-03-06 22:00:00,2.46,2.28,63,61
2024-03-06 23:00:00,2.51,2.35,67,78
2024-03-07 00:00:00,2.28,2.4,75,107
2024-03-07 01:00:00,2.01,2.33,84,121
2024-03-07 02:00:00,2.12,2.42,82,114
2024-03-07 03:00:00,2.02,2.8,110,125
2024-03-07 04:00:00,2.44,2.41,109,138
2024-03-07 05:00:00,2.33,2.44,115,145
2024-03-07 06:00:00,2.08,2.33,125,149
2024-03-07 07:00:00,1.98,1.97,135,150
2024-03-07 08:00:00,1.78,1.8,128,146
2024-03-07 09:00:00,2.22,2.08,126,145
2024-03-07 10:00:00,2.4,1.58,135,162
2024-03-07 11:00:00,2.27,1.7,139,220
2024-03-07 12:00:00,1.8,2.61,161,238
2024-03-07 13:00:00,1.12,2.62,190,227
2024-03-07 14:00:00,2.41,2.64,228,233
2024-03-07 15:00:00,3.14,3.01,239,249
2024-03-07 16:00:00,3.16,2.6,252,254
2024-03-07 17:00:00,3.11,2.61,264,274
2024-03-07 18:00:00,3.21,2.5,274,270
2024-03-07 19:00:00,2.8,2.35,272,258
2024-03-07 20:00:00,2.73,2.21,278,265
2024-03-07 21:00:00,1.79,1.8,297,289
2024-03-07 22:00:00,2.01,2.42,276,277
2024-03-07 23:00:00,2.6,2.94,272,280
2024-03-08 00:00:00,3.35,2.96,280,282
2024-03-08 01:00:00,3.67,2.92,281,276
2024-03-08 02:00:00,3.98,3.16,288,281
2024-03-08 03:00:00,4.14,3.11,290,276
2024-03-08 04:00:00,3.57,3.2,288,270
2024-03-08 05:00:00,3.01,3.44,285,278
2024-03-08 06:00:00,2.84,3.55,280,280
2024-03-08 07:00:00,2.92,3.85,276,279
2024-03-08 08:00:00,3.73,4.12,278,276
2024-03-08 09:00:00,4.54,4.2,278,271
2024-03-08 10:00:00,5.26,4.83,279,276
2024-03-08 11:00:00,6.15,5.74,277,277
2024-03-08 12:00:00,6.33,6.18,282,279
2024-03-08 13:00:00,6.57,6.26,283,278
2024-03-08 14:00:00,6.53,6.46,285,278
2024-03-08 15:00:00,6.24,6.36,286,278
2024-03-08 16:00:00,5.88,6.26,288,278
2024-03-08 17:00:00,5.19,5.97,289,279
2024-03-08 18:00:00,4.02,5.33,289,276
2024-03-08 19:00:00,3.37,4.92,282,275
2024-03-08 20:00:00,3.16,4.69,288,281
2024-03-08 21:00:00,3.83,4.49,303,287
2024-03-08 22:00:00,3.66,3.86,305,291
2024-03-08 23:00:00,3.72,3.8,306,297
2024-03-09 00:00:00,3.33,3.28,311,301
2024-03-09 01:00:00,3.18,2.88,316,304
2024-03-09 02:00:00,2.83,2.56,318,301
2024-03-09 03:00:00,2.62,2.39,317,303
2024-03-09 04:00:00,2.42,2.27,322,311
2024-03-09 05:00:00,2.2,2.15,330,332
2024-03-09 06:00:00,2.15,2.14,338,349
2024-03-09 07:00:00,2.12,2.2,341,357
2024-03-09 08:00:00,1.77,1.9,344,3
2024-03-09 09:00:00,2.34,2.01,340,354
2024-03-09 10:00:00,2.55,2.02,334,351
2024-03-09 11:00:00,2.52,2.01,326,333
2024-03-09 12:00:00,2.41,2.0,312,323
2024-03-09 13:00:00,2.53,1.8,288,304
2024-03-09 14:00:00,3.14,2.12,279,278
2024-03-09 15:00:00,3.41,2.6,275,272
2024-03-09 16:00:00,3.3,2.91,272,266
2024-03-09 17:00:00,2.8,2.52,270,263
2024-03-09 18:00:00,1.87,1.61,254,240
2024-03-09 19:00:00,2.25,2.05,238,223
2024-03-09 20:00:00,3.18,2.47,257,238
2024-03-09 21:00:00,3.01,3.83,255,263
2024-03-09 22:00:00,3.61,3.81,265,267
2024-03-09 23:00:00,3.7,3.52,268,263
2024-03-10 00:00:00,3.21,3.34,266,261
2024-03-10 01:00:00,2.75,3.14,260,261
2024-03-10 02:00:00,2.67,2.86,257,258
2024-03-10 03:00:00,2.69,2.86,255,258
2024-03-10 04:00:00,2.67,2.86,257,258
2024-03-10 05:00:00,2.75,2.79,260,255
2024-03-10 06:00:00,2.75,2.72,260,253
2024-03-10 07:00:00,2.65,2.67,259,257
2024-03-10 08:00:00,2.55,2.55,259,259
2024-03-10 09:00:00,2.22,2.52,262,263
2024-03-10 10:00:00,2.6,2.93,272,278
2024-03-10 11:00:00,3.03,2.94,278,280
2024-03-10 12:00:00,3.21,3.03,275,278
2024-03-10 13:00:00,3.5,3.21,272,275
2024-03-10 14:00:00,3.7,3.5,268,272
2024-03-10 15:00:00,3.71,3.61,265,265
2024-03-10 16:00:00,3.55,3.77,260,259
2024-03-10 17:00:00,3.38,3.51,251,250
2024-03-10 18:00:00,3.27,3.36,247,247
2024-03-10 19:00:00,4.3,4.24,252,251
2024-03-10 20:00:00,4.49,4.59,258,259
2024-03-10 21:00:00,4.13,4.26,263,261
2024-03-10 22:00:00,4.1,4.04,267,261
2024-03-10 23:00:00,3.92,4.08,264,259
2024-03-11 00:00:00,3.85,4.26,261,261
2024-03-11 01:00:00,3.98,4.54,258,256
2024-03-11 02:00:00,4.27,5.17,254,255
2024-03-11 03:00:00,4.95,5.61,256,259
2024-03-11 04:00:00,5.65,5.81,257,259
2024-03-11 05:00:00,5.58,5.65,255,257
2024-03-11 06:00:00,5.29,5.55,255,256
2024-03-11 07:00:00,5.12,5.65,258,257
2024-03-11 08:00:00,5.0,5.26,258,256
2024-03-11 09:00:00,4.63,4.81,256,253
2024-03-11 10:00:00,4.05,4.24,250,251
2024-03-11 11:00:00,3.99,4.37,248,250
2024-03-11 12:00:00,4.22,4.72,248,249
2024-03-11 13:00:00,4.35,5.09,247,250
2024-03-11 14:00:00,4.52,5.28,245,251
2024-03-11 15:00:00,4.57,4.88,247,247
2024-03-11 16:00:00,4.22,3.89,248,241
2024-03-11 17:00:00,3.51,3.08,250,234
2024-03-11 18:00:00,2.46,2.28,243,232
2024-03-11 19:00:00,2.36,2.4,234,225
2024-03-11 20:00:00,2.26,2.62,225,227
2024-03-11 21:00:00,2.5,1.97,233,210
2024-03-11 22:00:00,2.7,2.52,231,214
2024-03-11 23:00:00,3.11,2.69,237,222
2024-03-12 00:00:00,4.03,2.78,247,232
2024-03-12 01:00:00,3.61,2.39,256,237
2024-03-12 02:00:00,2.89,2.37,256,242
2024-03-12 03:00:00,2.65,2.06,259,241
2024-03-12 04:00:00,2.2,1.64,267,218
2024-03-12 05:00:00,1.7,1.34,273,207
2024-03-12 06:00:00,1.9,1.72,273,216
2024-03-12 07:00:00,1.87,1.53,286,212
2024-03-12 08:00:00,1.28,1.1,321,175
2024-03-12 09:00:00,1.82,1.79,351,297
2024-03-12 10:00:00,2.11,1.2,5,355
2024-03-12 11:00:00,2.4,1.7,2,28
2024-03-12 12:00:00,2.92,2.77,354,13
2024-03-12 13:00:00,2.92,3.04,6,17
2024-03-12 14:00:00,2.91,3.23,4,16
2024-03-12 15:00:00,3.45,3.45,10,30
2024-03-12 16:00:00,3.38,3.71,19,27
2024-03-12 17:00:00,3.67,3.67,17,26
2024-03-12 18:00:00,3.51,3.76,20,29
2024-03-12 19:00:00,2.62,3.54,18,29
2024-03-12 20:00:00,1.63,3.45,11,30
2024-03-12 21:00:00,1.71,2.06,339,29
2024-03-12 22:00:00,1.97,1.97,330,30
2024-03-12 23:00:00,1.77,2.09,313,17
2024-03-13 00:00:00,1.73,1.8,280,341
2024-03-13 01:00:00,2.21,1.7,275,298
2024-03-13 02:00:00,2.6,2.38,270,255
2024-03-13 03:00:00,3.16,2.53,259,252
2024-03-13 04:00:00,3.05,3.2,247,256
2024-03-13 05:00:00,3.45,3.54,248,254
2024-03-13 06:00:00,3.96,3.93,249,255
2024-03-13 07:00:00,3.36,3.7,247,251
2024-03-13 08:00:00,2.75,3.16,251,252
2024-03-13 09:00:00,3.2,2.82,270,264
2024-03-13 10:00:00,4.11,3.7,274,272
2024-03-13 11:00:00,4.9,4.4,272,271
2024-03-13 12:00:00,5.5,5.2,271,268
2024-03-13 13:00:00,5.7,5.72,270,265
2024-03-13 14:00:00,6.22,6.14,265,263
2024-03-13 15:00:00,6.81,6.43,267,265
2024-03-13 16:00:00,7.01,6.63,267,265
2024-03-13 17:00:00,7.22,6.52,266,266
2024-03-13 18:00:00,7.22,6.31,266,266
2024-03-13 19:00:00,6.94,6.21,264,266
2024-03-13 20:00:00,6.66,6.21,262,267
2024-03-13 21:00:00,6.45,6.23,263,264
2024-03-13 22:00:00,6.05,6.04,262,263
2024-03-13 23:00:00,5.97,6.03,261,264
2024-03-14 00:00:00,5.95,6.02,262,265
2024-03-14 01:00:00,5.95,5.91,262,266
2024-03-14 02:00:00,5.93,5.71,264,266
2024-03-14 03:00:00,5.82,5.51,265,267
2024-03-14 04:00:00,5.64,5.11,263,267
2024-03-14 05:00:00,5.54,4.92,263,265
2024-03-14 06:00:00,5.15,4.95,262,262
2024-03-14 07:00:00,4.64,5.16,263,261
2024-03-14 08:00:00,4.22,5.23,265,263
2024-03-14 09:00:00,4.4,4.5,267,267
2024-03-14 10:00:00,4.4,4.7,269,271
2024-03-14 11:00:00,4.4,4.9,273,271
2024-03-14 12:00:00,4.5,5.0,271,271
2024-03-14 13:00:00,4.5,5.2,270,269
2024-03-14 14:00:00,4.51,5.51,266,266
2024-03-14 15:00:00,4.63,5.5,264,268
2024-03-14 16:00:00,4.62,5.5,265,271
2024-03-14 17:00:00,4.62,5.1,265,270
2024-03-14 18:00:00,4.03,4.51,263,266
2024-03-14 19:00:00,4.24,4.53,255,264
2024-03-14 20:00:00,4.69,4.53,259,264
2024-03-14 21:00:00,4.47,4.94,260,263
2024-03-14 22:00:00,4.37,4.96,254,261
2024-03-14 23:00:00,4.56,4.96,255,261
2024-03-15 00:00:00,5.0,5.14,258,263
2024-03-15 01:00:00,5.26,5.22,261,265
2024-03-15 02:00:00,5.38,5.32,260,266
2024-03-15 03:00:00,5.47,5.32,261,265
2024-03-15 04:00:00,5.57,5.32,261,265
2024-03-15 05:00:00,5.76,5.43,262,264
2024-03-15 06:00:00,5.84,5.64,263,263
2024-03-15 07:00:00,6.04,5.74,263,263
2024-03-15 08:00:00,6.23,6.03,264,264
2024-03-15 09:00:00,6.63,6.23,265,264
2024-03-15 10:00:00,6.94,6.61,264,267
2024-03-15 11:00:00,7.32,7.2,265,268
2024-03-15 12:00:00,7.81,7.7,267,269
2024-03-15 13:00:00,8.01,7.8,268,269
2024-03-15 14:00:00,7.8,7.7,269,269
2024-03-15 15:00:00,7.6,7.51,268,268
2024-03-15 16:00:00,7.21,7.11,267,267
2024-03-15 17:00:00,6.72,6.43,266,265
2024-03-15 18:00:00,6.05,5.56,262,262
2024-03-15 19:00:00,5.56,4.9,262,258
2024-03-15 20:00:00,5.16,4.61,261,257
2024-03-15 21:00:00,5.1,4.49,259,253
2024-03-15 22:00:00,4.55,4.34,261,255
2024-03-15 23:00:00,4.03,3.88,263,258
2024-03-16 00:00:00,3.5,3.44,268,262
2024-03-16 01:00:00,3.26,3.06,259,259
2024-03-16 02:00:00,2.82,2.38,253,255
2024-03-16 03:00:00,2.6,1.87,254,254
2024-03-16 04:00:00,2.45,1.96,258,255
2024-03-16 05:00:00,2.14,1.99,259,252
2024-03-16 06:00:00,1.22,1.58,261,252
2024-03-16 07:00:00,1.44,1.22,236,261
2024-03-16 08:00:00,1.72,0.4,216,270
2024-03-16 09:00:00,0.51,1.33,191,257
2024-03-16 10:00:00,0.45,1.2,153,265
2024-03-16 11:00:00,1.48,1.73,242,260
2024-03-16 12:00:00,2.75,2.53,260,252
2024-03-16 13:00:00,3.16,3.32,252,254
2024-03-16 14:00:00,3.4,3.29,246,250
2024-03-16 15:00:00,3.44,3.54,244,254
2024-03-16 16:00:00,3.45,3.45,248,253
2024-03-16 17:00:00,3.27,3.65,247,261
2024-03-16 18:00:00,3.69,4.0,257,257
2024-03-16 19:00:00,4.92,4.9,257,258
2024-03-16 20:00:00,4.41,4.3,257,267
2024-03-16 21:00:00,3.2,3.71,250,267
2024-03-16 22:00:00,4.08,4.71,259,266
2024-03-16 23:00:00,5.29,6.14,255,258
2024-03-17 00:00:00,5.75,6.73,257,259
2024-03-17 01:00:00,5.77,7.68,256,262
2024-03-17 02:00:00,6.84,8.56,255,263
2024-03-17 03:00:00,8.28,7.85,258,263
2024-03-17 04:00:00,8.98,6.82,258,266
2024-03-17 05:00:00,9.39,6.59,258,260
2024-03-17 06:00:00,9.01,6.77,261,262
2024-03-17 07:00:00,8.75,6.83,264,265
2024-03-17 08:00:00,8.63,6.5,265,268
2024-03-17 09:00:00,8.6,6.0,269,269
2024-03-17 10:00:00,8.21,5.9,272,269
2024-03-17 11:00:00,7.27,5.54,278,277
2024-03-17 12:00:00,6.43,4.78,282,290
2024-03-17 13:00:00,5.8,3.89,285,296
2024-03-17 14:00:00,5.35,2.41,291,318
2024-03-17 15:00:00,4.88,2.22,293,54
2024-03-17 16:00:00,4.38,2.86,297,65
2024-03-17 17:00:00,3.64,2.56,302,59
2024-03-17 18:00:00,2.42,2.28,300,61
2024-03-17 19:00:00,2.1,1.94,295,55
2024-03-17 20:00:00,2.25,1.77,302,47
2024-03-17 21:00:00,2.15,1.8,298,360
2024-03-17 22:00:00,2.46,1.7,297,3
2024-03-17 23:00:00,2.42,1.71,300,7
2024-03-18 00:00:00,2.15,1.81,298,354
2024-03-18 01:00:00,1.92,2.24,298,350
2024-03-18 02:00:00,2.25,2.4,328,2
2024-03-18 03:00:00,2.72,2.34,6,20
2024-03-18 04:00:00,2.73,2.6,24,23
2024-03-18 05:00:00,2.3,2.52,34,34
2024-03-18 06:00:00,2.19,2.36,47,36
2024-03-18 07:00:00,2.14,2.36,53,36
2024-03-18 08:00:00,2.02,2.41,57,42
2024-03-18 09:00:00,1.33,2.51,77,61
2024-03-18 10:00:00,0.41,2.4,104,73
2024-03-18 11:00:00,1.1,1.8,270,87
2024-03-18 12:00:00,2.52,1.17,277,121
2024-03-18 13:00:00,3.42,0.67,277,207
2024-03-18 14:00:00,4.0,2.4,273,268
2024-03-18 15:00:00,4.2,3.1,270,272
2024-03-18 16:00:00,4.22,3.21,265,266
2024-03-18 17:00:00,4.0,2.93,271,262
2024-03-18 18:00:00,3.71,2.75,265,251
2024-03-18 19:00:00,3.69,3.32,257,249
2024-03-18 20:00:00,3.79,3.57,258,252
2024-03-18 21:00:00,4.16,3.95,260,261
2024-03-18 22:00:00,3.95,3.72,261,264
2024-03-18 23:00:00,4.06,3.54,260,262
2024-03-19 00:00:00,4.18,3.57,259,259
2024-03-19 01:00:00,4.41,3.71,257,256
2024-03-19 02:00:00,4.63,4.08,256,253
2024-03-19 03:00:00,4.75,4.72,255,249
2024-03-19 04:00:00,4.74,5.44,252,250
2024-03-19 05:00:00,4.94,5.61,249,248
2024-03-19 06:00:00,5.25,5.66,252,249
2024-03-19 07:00:00,5.51,5.91,254,251
2024-03-19 08:00:00,5.54,6.17,253,253
2024-03-19 09:00:00,5.91,6.63,251,259
2024-03-19 10:00:00,5.66,6.69,249,256
2024-03-19 11:00:00,5.12,6.77,253,257
2024-03-19 12:00:00,3.5,5.97,270,256
2024-03-19 13:00:00,4.11,5.89,244,249
2024-03-19 14:00:00,4.32,5.99,257,237
2024-03-19 15:00:00,5.07,5.05,248,278
2024-03-19 16:00:00,4.92,6.26,275,262
2024-03-19 17:00:00,4.3,6.25,269,263
2024-03-19 18:00:00,4.28,5.76,259,262
2024-03-19 19:00:00,4.54,6.04,256,263
2024-03-19 20:00:00,4.75,6.23,262,264
2024-03-19 21:00:00,5.42,5.81,265,259
2024-03-19 22:00:00,3.98,6.4,295,256
2024-03-19 23:00:00,2.66,6.62,326,266
2024-03-20 00:00:00,2.78,4.62,308,288
2024-03-20 01:00:00,3.22,3.1,300,291
2024-03-20 02:00:00,3.57,4.2,288,282
2024-03-20 03:00:00,3.22,5.05,334,278
2024-03-20 04:00:00,3.23,5.18,338,280
2024-03-20 05:00:00,4.53,4.4,354,287
2024-03-20 06:00:00,3.1,3.61,339,304
2024-03-20 07:00:00,3.61,4.9,318,1
2024-03-20 08:00:00,3.62,4.31,332,356
2024-03-20 09:00:00,4.05,4.03,320,353
2024-03-20 10:00:00,3.64,4.02,339,341
2024-03-20 11:00:00,3.08,3.94,347,330
2024-03-20 12:00:00,2.28,3.76,322,299
2024-03-20 13:00:00,1.63,4.68,317,290
2024-03-20 14:00:00,1.7,4.79,3,296
2024-03-20 15:00:00,1.14,4.25,15,300
2024-03-20 16:00:00,1.06,4.11,41,296
2024-03-20 17:00:00,0.42,3.72,45,294
2024-03-20 18:00:00,1.7,2.95,298,294
2024-03-20 19:00:00,2.31,1.87,275,286
2024-03-20 20:00:00,2.92,2.83,276,278
2024-03-20 21:00:00,2.51,2.41,275,275
2024-03-20 22:00:00,2.9,2.9,270,272
2024-03-20 23:00:00,3.1,3.1,268,270
2024-03-21 00:00:00,2.92,3.0,264,268
2024-03-21 01:00:00,2.84,2.92,260,264
2024-03-21 02:00:00,2.96,2.73,258,262
2024-03-21 03:00:00,2.89,2.65,256,259
2024-03-21 04:00:00,2.91,2.35,254,258
2024-03-21 05:00:00,2.91,2.09,254,253
2024-03-21 06:00:00,2.79,1.99,255,252
2024-03-21 07:00:00,2.65,1.75,259,257
2024-03-21 08:00:00,2.65,1.79,281,297
2024-03-21 09:00:00,2.88,2.41,290,318
2024-03-21 10:00:00,2.72,2.8,306,325
2024-03-21 11:00:00,2.69,2.94,312,325
2024-03-21 12:00:00,2.64,2.91,307,311
2024-03-21 13:00:00,2.91,3.08,297,306
2024-03-21 14:00:00,3.18,3.0,294,307
2024-03-21 15:00:00,3.14,2.64,292,307
2024-03-21 16:00:00,3.01,2.56,285,291
2024-03-21 17:00:00,2.21,2.91,275,274
2024-03-21 18:00:00,0.41,2.62,194,263
2024-03-21 19:00:00,1.98,1.88,135,245
2024-03-21 20:00:00,2.32,2.47,187,238
2024-03-21 21:00:00,2.4,2.8,180,235
2024-03-21 22:00:00,2.41,2.82,185,247
2024-03-21 23:00:00,2.66,2.64,200,241
2024-03-22 00:00:00,2.87,2.95,209,242
2024-03-22 01:00:00,3.0,3.05,210,238
2024-03-22 02:00:00,2.82,3.11,207,237
2024-03-22 03:00:00,2.73,3.16,208,235
2024-03-22 04:00:00,2.09,2.77,197,229
2024-03-22 05:00:00,2.47,2.48,194,223
2024-03-22 06:00:00,2.52,2.06,187,203
2024-03-22 07:00:00,3.11,2.22,176,188
2024-03-22 08:00:00,4.12,2.38,186,202
2024-03-22 09:00:00,4.3,3.9,181,203
2024-03-22 10:00:00,5.23,4.66,187,203
2024-03-22 11:00:00,5.45,4.81,187,201
2024-03-22 12:00:00,5.45,5.06,187,198
2024-03-22 13:00:00,5.53,5.28,193,199
2024-03-22 14:00:00,6.07,5.52,200,202
2024-03-22 15:00:00,6.04,5.82,204,204
2024-03-22 16:00:00,5.59,6.14,207,210
2024-03-22 17:00:00,5.39,6.01,202,223
2024-03-22 18:00:00,5.25,6.24,211,229
2024-03-22 19:00:00,6.5,7.29,217,227
2024-03-22 20:00:00,7.25,8.66,219,220
2024-03-22 21:00:00,8.56,8.7,226,226
2024-03-22 22:00:00,8.82,8.66,235,234
2024-03-22 23:00:00,8.23,8.41,244,242
2024-03-23 00:00:00,7.91,8.45,254,249
2024-03-23 01:00:00,7.47,8.39,262,255
2024-03-23 02:00:00,7.01,7.63,267,259
2024-03-23 03:00:00,6.7,7.03,269,264
2024-03-23 04:00:00,6.21,6.93,273,265
2024-03-23 05:00:00,5.73,6.5,276,269
2024-03-23 06:00:00,5.23,6.12,277,275
2024-03-23 07:00:00,5.21,5.14,273,277
2024-03-23 08:00:00,4.9,4.3,272,270
2024-03-23 09:00:00,4.21,4.75,274,262
2024-03-23 10:00:00,3.73,4.32,278,265
2024-03-23 11:00:00,3.61,4.0,275,269
2024-03-23 12:00:00,3.6,4.01,272,266
2024-03-23 13:00:00,3.5,3.91,270,267
2024-03-23 14:00:00,3.3,3.6,270,268
2024-03-23 15:00:00,2.4,3.1,272,272
2024-03-23 16:00:00,2.02,2.6,261,268
2024-03-23 17:00:00,0.94,1.61,238,263
2024-03-23 18:00:00,1.2,1.06,132,229
2024-03-23 19:00:00,1.63,1.61,133,210
2024-03-23 20:00:00,1.98,2.19,131,227
2024-03-23 21:00:00,1.84,2.37,151,208
2024-03-23 22:00:00,1.92,0.28,152,225
2024-03-23 23:00:00,2.2,2.51,129,113
2024-03-24 00:00:00,2.34,2.5,130,127
2024-03-24 01:00:00,2.28,2.14,119,143
2024-03-24 02:00:00,2.44,2.76,109,134
2024-03-24 03:00:00,2.69,2.73,105,118
2024-03-24 04:00:00,2.75,3.14,100,121
2024-03-24 05:00:00,2.93,2.95,98,118
2024-03-24 06:00:00,3.26,3.2,101,110
2024-03-24 07:00:00,3.26,3.26,101,108
2024-03-24 08:00:00,3.44,3.4,98,104
2024-03-24 09:00:00,3.49,4.4,103,89
2024-03-24 10:00:00,3.69,4.6,103,88
2024-03-24 11:00:00,3.55,4.73,100,84
2024-03-24 12:00:00,3.61,4.08,93,79
2024-03-24 13:00:00,3.61,4.22,95,76
2024-03-24 14:00:00,3.51,4.06,95,80
2024-03-24 15:00:00,3.52,3.73,97,82
2024-03-24 16:00:00,3.3,3.61,90,87
2024-03-24 17:00:00,3.1,3.34,88,81
2024-03-24 18:00:00,3.2,3.14,88,81
2024-03-24 19:00:00,3.01,3.3,94,90
2024-03-24 20:00:00,3.16,3.31,101,93
2024-03-24 21:00:00,3.35,3.16,100,101
2024-03-24 22:00:00,3.54,3.01,98,105
2024-03-24 23:00:00,3.57,2.67,101,103
2024-03-25 00:00:00,3.44,2.98,98,104
2024-03-25 01:00:00,3.5,2.77,92,116
2024-03-25 02:00:00,3.31,3.01,87,111
2024-03-25 03:00:00,3.44,3.31,82,115
2024-03-25 04:00:00,3.81,3.18,85,114
2024-03-25 05:00:00,4.24,3.31,82,93
2024-03-25 06:00:00,4.02,3.41,71,85
2024-03-25 07:00:00,4.44,3.83,76,75
2024-03-25 08:00:00,4.92,4.24,77,75
2024-03-25 09:00:00,5.12,4.93,73,72
2024-03-25 10:00:00,5.25,5.32,72,74
2024-03-25 11:00:00,5.22,5.32,73,74
2024-03-25 12:00:00,4.66,4.9,75,70
2024-03-25 13:00:00,4.95,5.2,76,79
2024-03-25 14:00:00,5.0,5.26,70,76
2024-03-25 15:00:00,4.07,4.54,62,76
2024-03-25 16:00:00,4.08,5.63,73,70
2024-03-25 17:00:00,4.44,6.02,82,75
2024-03-25 18:00:00,4.98,5.85,80,73
2024-03-25 19:00:00,4.95,6.17,76,73
2024-03-25 20:00:00,5.26,5.73,76,78
2024-03-25 21:00:00,5.13,6.36,69,82
2024-03-25 22:00:00,5.54,6.5,73,91
2024-03-25 23:00:00,5.82,6.5,74,88
2024-03-26 00:00:00,5.82,6.75,74,97
2024-03-26 01:00:00,6.02,5.93,79,96
2024-03-26 02:00:00,6.53,6.3,79,80
2024-03-26 03:00:00,6.79,6.33,76,78
2024-03-26 04:00:00,5.82,6.2,74,72
2024-03-26 05:00:00,6.05,5.41,68,78
2024-03-26 06:00:00,5.96,6.33,67,74
2024-03-26 07:00:00,5.51,6.04,61,71
2024-03-26 08:00:00,5.58,5.72,54,63
2024-03-26 09:00:00,5.62,4.84,51,60
2024-03-26 10:00:00,5.2,4.14,52,53
2024-03-26 11:00:00,4.6,3.52,48,55
2024-03-26 12:00:00,4.46,3.69,44,41
2024-03-26 13:00:00,3.89,3.68,29,22
2024-03-26 14:00:00,3.74,2.95,34,28
2024-03-26 15:00:00,3.34,2.42,51,30
2024-03-26 16:00:00,2.69,1.88,45,25
2024-03-26 17:00:00,2.15,1.3,28,32
2024-03-26 18:00:00,1.2,1.21,5,294
2024-03-26 19:00:00,0.82,1.12,14,260
2024-03-26 20:00:00,0.78,1.61,220,240
2024-03-26 21:00:00,0.82,1.62,284,248
2024-03-26 22:00:00,1.1,2.47,270,249
2024-03-26 23:00:00,1.81,2.64,264,245
2024-03-27 00:00:00,2.5,2.72,254,253
2024-03-27 01:00:00,2.55,2.57,259,257
2024-03-27 02:00:00,2.75,2.65,251,259
2024-03-27 03:00:00,2.66,2.5,250,254
2024-03-27 04:00:00,2.5,2.28,254,247
2024-03-27 05:00:00,2.1,2.38,245,248
2024-03-27 06:00:00,1.72,2.42,234,246
2024-03-27 07:00:00,1.91,2.19,227,246
2024-03-27 08:00:00,1.64,2.06,232,247
2024-03-27 09:00:00,1.8,2.26,251,257
2024-03-27 10:00:00,2.02,2.43,261,261
2024-03-27 11:00:00,2.06,2.63,256,261
2024-03-27 12:00:00,2.24,2.86,260,258
2024-03-27 13:00:00,2.94,3.13,260,263
2024-03-27 14:00:00,2.98,3.63,256,262
2024-03-27 15:00:00,3.01,3.75,255,261
2024-03-27 16:00:00,3.23,3.67,254,259
2024-03-27 17:00:00,2.97,3.7,250,251
2024-03-27 18:00:00,2.55,3.44,244,244
2024-03-27 19:00:00,3.08,3.47,234,237
2024-03-27 20:00:00,3.36,3.91,233,238
2024-03-27 21:00:00,3.55,3.4,238,242
2024-03-27 22:00:00,4.02,3.4,243,246
2024-03-27 23:00:00,4.02,3.94,243,240
2024-03-28 00:00:00,4.57,4.06,247,232
2024-03-28 01:00:00,3.81,4.1,256,236
2024-03-28 02:00:00,3.74,4.16,254,235
2024-03-28 03:00:00,3.41,3.45,238,240
2024-03-28 04:00:00,3.83,3.04,221,224
2024-03-28 05:00:00,3.78,3.75,217,224
2024-03-28 06:00:00,2.8,4.95,215,225
2024-03-28 07:00:00,3.8,5.12,207,231
2024-03-28 08:00:00,4.39,4.33,204,236
2024-03-28 09:00:00,4.47,4.6,220,236
2024-03-28 10:00:00,4.0,4.3,233,239
2024-03-28 11:00:00,3.72,4.83,239,236
2024-03-28 12:00:00,3.86,5.74,233,229
2024-03-28 13:00:00,4.88,7.42,227,233
2024-03-28 14:00:00,5.02,7.32,226,238
2024-03-28 15:00:00,4.66,6.57,235,244
2024-03-28 16:00:00,4.12,5.29,231,248
2024-03-28 17:00:00,3.98,5.35,231,249
2024-03-28 18:00:00,3.86,5.6,239,254
2024-03-28 19:00:00,4.22,6.26,248,257
2024-03-28 20:00:00,5.04,6.58,256,261
2024-03-28 21:00:00,3.92,7.2,264,268
2024-03-28 22:00:00,5.41,7.4,266,269
2024-03-28 23:00:00,6.3,7.5,269,270
2024-03-29 00:00:00,7.5,7.22,269,265
2024-03-29 01:00:00,8.1,7.36,269,263
2024-03-29 02:00:00,7.94,7.37,264,262
2024-03-29 03:00:00,7.38,6.68,261,261
2024-03-29 04:00:00,6.49,5.89,260,260
2024-03-29 05:00:00,5.94,4.88,263,259
2024-03-29 06:00:00,5.04,3.79,256,252
2024-03-29 07:00:00,4.62,4.4,252,253
2024-03-29 08:00:00,5.12,3.98,253,252
2024-03-29 09:00:00,4.56,5.1,244,244
2024-03-29 10:00:00,5.51,5.82,241,241
2024-03-29 11:00:00,5.6,7.38,251,243
2024-03-29 12:00:00,6.57,8.93,244,248
2024-03-29 13:00:00,7.95,9.69,249,248
2024-03-29 14:00:00,7.98,9.28,248,248
2024-03-29 15:00:00,8.17,9.46,248,250
2024-03-29 16:00:00,8.44,9.65,251,253
2024-03-29 17:00:00,8.74,9.56,254,254
2024-03-29 18:00:00,8.71,9.53,255,255
2024-03-29 19:00:00,8.66,9.26,256,256
2024-03-29 20:00:00,8.85,8.77,260,259
2024-03-29 21:00:00,9.19,9.44,262,260
2024-03-29 22:00:00,9.36,8.88,263,262
2024-03-29 23:00:00,9.14,8.35,265,264
2024-03-30 00:00:00,8.61,7.71,267,267
2024-03-30 01:00:00,7.8,7.0,269,268
2024-03-30 02:00:00,7.1,6.1,270,270
2024-03-30 03:00:00,6.3,5.1,270,268
2024-03-30 04:00:00,5.81,4.14,266,262
2024-03-30 05:00:00,5.71,3.74,259,254
2024-03-30 06:00:00,5.48,3.7,255,251
2024-03-30 07:00:00,5.68,3.89,256,252
2024-03-30 08:00:00,5.94,4.18,257,253
2024-03-30 09:00:00,4.92,5.66,257,262
2024-03-30 10:00:00,4.49,5.67,253,261
2024-03-30 11:00:00,4.75,5.39,255,259
2024-03-30 12:00:00,5.22,5.14,253,257
2024-03-30 13:00:00,5.63,5.14,253,257
2024-03-30 14:00:00,6.31,5.16,255,248
2024-03-30 15:00:00,6.82,5.48,256,249
2024-03-30 16:00:00,6.75,5.85,258,250
2024-03-30 17:00:00,6.56,6.17,262,250
2024-03-30 18:00:00,6.23,6.24,264,248
2024-03-30 19:00:00,5.94,6.39,263,250
2024-03-30 20:00:00,5.64,7.01,263,256
2024-03-30 21:00:00,4.62,7.57,265,258
2024-03-30 22:00:00,4.7,7.47,268,258
2024-03-30 23:00:00,4.6,7.26,271,258
2024-03-31 00:00:00,4.2,6.92,273,259
2024-03-31 01:00:00,4.1,6.49,273,260
2024-03-31 02:00:00,4.1,6.07,273,261
2024-03-31 03:00:00,3.6,5.77,268,256
2024-03-31 04:00:00,3.34,5.41,261,258
2024-03-31 05:00:00,3.31,4.81,265,258
2024-03-31 06:00:00,3.51,4.41,267,257
2024-03-31 07:00:00,3.62,3.96,264,260
2024-03-31 08:00:00,4.21,3.62,266,276
2024-03-31 09:00:00,4.41,4.41,283,283
2024-03-31 10:00:00,4.14,4.18,290,291
2024-03-31 11:00:00,3.89,4.07,288,295
2024-03-31 12:00:00,4.12,3.85,284,298
2024-03-31 13:00:00,4.43,4.07,276,295
2024-03-31 14:00:00,4.64,4.24,277,289
2024-03-31 15:00:00,4.98,4.22,280,284
2024-03-31 16:00:00,4.77,4.14,280,278
2024-03-31 17:00:00,4.44,3.91,278,273
2024-03-31 18:00:00,3.91,3.41,274,267
2024-03-31 19:00:00,3.0,2.63,268,261
2024-03-31 20:00:00,3.0,2.69,268,255
2024-03-31 21:00:00,2.51,3.06,247,259
2024-03-31 22:00:00,2.6,3.1,247,255
2024-03-31 23:00:00,2.53,3.3,252,256
2024-04-01 00:00:00,2.43,3.49,261,257
2024-04-01 01:00:00,2.6,3.35,268,260
2024-04-01 02:00:00,3.0,3.18,270,257
2024-04-01 03:00:00,3.4,3.1,268,255
2024-04-01 04:00:00,3.32,3.18,277,257
2024-04-01 05:00:00,3.04,3.44,287,262
2024-04-01 06:00:00,2.72,3.73,287,262
2024-04-01 07:00:00,2.53,3.91,279,267
2024-04-01 08:00:00,2.88,3.92,290,276
2024-04-01 09:00:00,4.65,5.04,289,284
2024-04-01 10:00:00,5.1,4.92,286,283
2024-04-01 11:00:00,5.44,4.79,287,281
2024-04-01 12:00:00,5.57,4.87,288,279
2024-04-01 13:00:00,5.58,5.12,285,276
2024-04-01 14:00:00,5.67,5.4,279,272
2024-04-01 15:00:00,5.94,5.2,277,272
2024-04-01 16:00:00,5.73,4.8,276,270
2024-04-01 17:00:00,5.3,4.41,272,266
2024-04-01 18:00:00,5.0,4.04,269,261
2024-04-01 19:00:00,4.71,3.47,266,258
2024-04-01 20:00:00,4.82,3.59,265,257
2024-04-01 21:00:00,4.33,4.84,263,263
2024-04-01 22:00:00,4.26,4.47,261,260
2024-04-01 23:00:00,3.96,3.98,254,258
2024-04-02 00:00:00,4.11,3.81,252,256
2024-04-02 01:00:00,4.08,3.69,253,257
2024-04-02 02:00:00,3.86,3.47,253,258
2024-04-02 03:00:00,3.48,3.26,252,252
2024-04-02 04:00:00,3.26,3.01,243,255
2024-04-02 05:00:00,3.35,1.39,243,249
2024-04-02 06:00:00,3.22,0.8,244,270
2024-04-02 07:00:00,2.28,0.61,232,261
2024-04-02 08:00:00,1.08,0.42,158,135
2024-04-02 09:00:00,2.25,0.41,122,76
2024-04-02 10:00:00,1.56,1.81,140,96
2024-04-02 11:00:00,1.0,2.56,180,111
2024-04-02 12:00:00,1.55,3.01,195,111
2024-04-02 13:00:00,2.19,3.29,227,110
2024-04-02 14:00:00,2.94,2.95,235,114
2024-04-02 15:00:00,3.05,2.82,229,113
2024-04-02 16:00:00,2.97,2.62,228,137
2024-04-02 17:00:00,2.76,2.34,224,130
2024-04-02 18:00:00,2.62,2.12,227,135
2024-04-02 19:00:00,2.34,2.06,220,157
2024-04-02 20:00:00,2.75,1.55,213,165
2024-04-02 21:00:00,2.28,3.49,203,207
2024-04-02 22:00:00,2.24,4.0,207,212
2024-04-02 23:00:00,2.61,4.76,212,219
2024-04-03 00:00:00,2.94,4.03,215,224
2024-04-03 01:00:00,2.92,3.25,218,225
2024-04-03 02:00:00,2.62,2.62,220,230
2024-04-03 03:00:00,2.06,0.98,219,246
2024-04-03 04:00:00,1.53,1.9,212,93
2024-04-03 05:00:00,1.52,2.42,157,83
2024-04-03 06:00:00,2.55,2.5,138,92
2024-04-03 07:00:00,2.48,2.57,140,103
2024-04-03 08:00:00,1.66,3.08,123,103
2024-04-03 09:00:00,2.85,3.55,108,100
2024-04-03 10:00:00,3.41,3.51,95,95
2024-04-03 11:00:00,3.4,3.52,90,83
2024-04-03 12:00:00,2.75,3.28,80,78
2024-04-03 13:00:00,3.41,3.47,87,78
2024-04-03 14:00:00,3.6,3.3,90,76
2024-04-03 15:00:00,3.71,2.72,85,73
2024-04-03 16:00:00,2.92,2.18,59,74
2024-04-03 17:00:00,3.26,1.8,72,71
2024-04-03 18:00:00,3.0,1.63,53,79
2024-04-03 19:00:00,2.78,1.49,52,70
2024-04-03 20:00:00,2.75,1.36,57,73
2024-04-03 21:00:00,2.26,2.09,45,73
2024-04-03 22:00:00,1.39,2.67,60,77
2024-04-03 23:00:00,1.84,2.31,77,72
2024-04-04 00:00:00,1.78,2.42,52,52
2024-04-04 01:00:00,1.84,2.77,13,49
2024-04-04 02:00:00,1.97,3.26,30,47
2024-04-04 03:00:00,2.39,3.89,33,46
2024-04-04 04:00:00,2.46,4.5,27,53
2024-04-04 05:00:00,3.14,4.6,37,56
2024-04-04 06:00:00,3.33,4.74,33,48
2024-04-04 07:00:00,4.39,4.88,41,43
2024-04-04 08:00:00,4.68,5.09,48,45
2024-04-04 09:00:00,4.4,4.32,51,48
2024-04-04 10:00:00,4.47,4.34,56,52
2024-04-04 11:00:00,4.44,4.33,54,50
2024-04-04 12:00:00,4.08,4.05,54,50
2024-04-04 13:00:00,3.72,4.0,54,53
2024-04-04 14:00:00,3.48,3.74,51,56
2024-04-04 15:00:00,3.12,3.38,50,56
2024-04-04 16:00:00,2.97,3.47,57,57
2024-04-04 17:00:00,2.95,3.18,66,62
2024-04-04 18:00:00,2.72,2.91,73,74
2024-04-04 19:00:00,2.0,2.41,87,85
2024-04-04 20:00:00,1.8,2.1,124,93
2024-04-04 21:00:00,2.02,1.84,123,131
2024-04-04 22:00:00,1.89,1.7,148,140
2024-04-04 23:00:00,2.34,1.48,160,118
2024-04-05 00:00:00,2.47,1.66,159,115
2024-04-05 01:00:00,2.56,1.97,159,114
2024-04-05 02:00:00,2.5,2.25,164,122
2024-04-05 03:00:00,2.5,2.56,164,129
2024-04-05 04:00:00,2.53,2.77,162,131
2024-04-05 05:00:00,2.5,2.97,164,132
2024-04-05 06:00:00,2.66,3.19,160,139
2024-04-05 07:00:00,2.42,2.98,156,130
2024-04-05 08:00:00,1.64,2.56,142,121
2024-04-05 09:00:00,2.51,2.69,119,132
2024-04-05 10:00:00,2.25,2.41,122,132
2024-04-05 11:00:00,1.44,1.78,124,142
2024-04-05 12:00:00,0.5,0.89,127,153
2024-04-05 13:00:00,0.3,0.8,270,270
2024-04-05 14:00:00,0.73,1.41,254,278
2024-04-05 15:00:00,1.91,2.24,264,260
2024-04-05 16:00:00,3.11,2.8,264,268
2024-04-05 17:00:00,3.51,2.7,267,268
2024-04-05 18:00:00,3.03,2.45,262,258
2024-04-05 19:00:00,2.69,2.01,248,243
2024-04-05 20:00:00,2.79,2.44,255,235
2024-04-05 21:00:00,3.52,3.18,255,246
2024-04-05 22:00:00,3.57,3.32,259,254
2024-04-05 23:00:00,3.37,3.61,258,267
2024-04-06 00:00:00,3.77,3.2,248,268
2024-04-06 01:00:00,4.02,3.61,251,267
2024-04-06 02:00:00,4.05,3.81,254,267
2024-04-06 03:00:00,3.88,3.81,258,265
2024-04-06 04:00:00,3.79,3.61,258,267
2024-04-06 05:00:00,3.65,3.67,261,259
2024-04-06 06:00:00,3.57,3.57,259,259
2024-04-06 07:00:00,3.22,3.3,263,256
2024-04-06 08:00:00,3.71,2.9,265,270
2024-04-06 09:00:00,3.71,4.1,273,270
2024-04-06 10:00:00,3.62,3.91,276,273
2024-04-06 11:00:00,3.49,3.3,283,272
2024-04-06 12:00:00,3.49,3.41,283,273
2024-04-06 13:00:00,3.79,3.6,282,272
2024-04-06 14:00:00,4.12,3.81,276,275
2024-04-06 15:00:00,4.22,3.9,275,269
2024-04-06 16:00:00,4.0,3.82,273,264
2024-04-06 17:00:00,3.71,3.81,267,265
2024-04-06 18:00:00,4.03,4.44,263,262
2024-04-06 19:00:00,4.41,4.83,266,264
2024-04-06 20:00:00,4.5,4.6,269,270
2024-04-06 21:00:00,4.2,4.91,267,266
2024-04-06 22:00:00,4.3,4.82,267,265
2024-04-06 23:00:00,4.1,4.5,267,270
2024-04-07 00:00:00,3.91,4.31,266,266
2024-04-07 01:00:00,3.7,4.41,268,266
2024-04-07 02:00:00,3.6,4.32,268,265
2024-04-07 03:00:00,3.4,4.31,268,266
2024-04-07 04:00:00,3.04,4.1,261,267
2024-04-07 05:00:00,2.85,3.52,252,263
2024-04-07 06:00:00,2.73,2.86,246,258
2024-04-07 07:00:00,2.25,2.69,249,255
2024-04-07 08:00:00,2.1,2.6,267,268
2024-04-07 09:00:00,3.26,3.52,281,285
2024-04-07 10:00:00,3.32,3.16,286,288
2024-04-07 11:00:00,3.14,2.91,292,286
2024-04-07 12:00:00,3.07,3.18,289,283
2024-04-07 13:00:00,3.26,3.61,281,275
2024-04-07 14:00:00,3.82,4.01,276,274
2024-04-07 15:00:00,3.91,4.0,274,273
2024-04-07 16:00:00,3.9,3.9,269,270
2024-04-07 17:00:00,3.61,3.51,265,267
2024-04-07 18:00:00,3.31,2.89,267,256
2024-04-07 19:00:00,3.14,2.95,261,246
2024-04-07 20:00:00,3.54,3.42,262,249
2024-04-07 21:00:00,2.77,2.94,257,260
2024-04-07 22:00:00,2.77,3.11,257,274
2024-04-07 23:00:00,2.72,2.73,253,262
2024-04-08 00:00:00,2.96,2.67,258,257
2024-04-08 01:00:00,3.04,2.43,261,261
2024-04-08 02:00:00,3.13,2.2,263,270
2024-04-08 03:00:00,3.11,2.04,266,259
2024-04-08 04:00:00,3.11,1.61,264,240
2024-04-08 05:00:00,2.77,1.49,257,250
2024-04-08 06:00:00,2.31,1.14,252,285
2024-04-08 07:00:00,1.34,0.73,243,344
2024-04-08 08:00:00,0.64,1.22,309,99
2024-04-08 09:00:00,1.34,1.72,297,36
2024-04-08 10:00:00,1.22,2.66,325,56
2024-04-08 11:00:00,0.5,3.0,53,64
2024-04-08 12:00:00,0.6,2.88,90,56
2024-04-08 13:00:00,0.94,2.75,58,57
2024-04-08 14:00:00,1.53,2.68,58,63
2024-04-08 15:00:00,2.15,2.44,68,55
2024-04-08 16:00:00,2.55,2.44,79,55
2024-04-08 17:00:00,1.9,1.98,93,49
2024-04-08 18:00:00,1.32,1.06,99,49
2024-04-08 19:00:00,1.32,1.3,171,94
2024-04-08 20:00:00,1.6,1.91,176,84
2024-04-08 21:00:00,2.04,1.22,79,145
2024-04-08 22:00:00,1.91,0.61,84,279
2024-04-08 23:00:00,2.02,2.09,57,343
2024-04-09 00:00:00,3.0,2.5,26,74
2024-04-09 01:00:00,3.86,2.11,37,85
2024-04-09 02:00:00,4.46,2.76,48,46
2024-04-09 03:00:00,4.62,3.68,51,45
2024-04-09 04:00:00,4.61,4.08,49,54
2024-04-09 05:00:00,4.91,4.24,57,56
2024-04-09 06:00:00,4.94,4.42,58,52
2024-04-09 07:00:00,4.96,4.9,56,51
2024-04-09 08:00:00,5.08,5.3,54,58
2024-04-09 09:00:00,5.37,5.28,45,65
2024-04-09 10:00:00,5.45,5.14,46,63
2024-04-09 11:00:00,5.38,4.88,47,62
2024-04-09 12:00:00,5.23,4.61,47,60
2024-04-09 13:00:00,4.88,4.39,47,60
2024-04-09 14:00:00,4.46,4.16,48,63
2024-04-09 15:00:00,3.97,3.71,49,63
2024-04-09 16:00:00,3.56,3.68,52,68
2024-04-09 17:00:00,3.02,3.3,56,76
2024-04-09 18:00:00,2.36,3.14,54,81
2024-04-09 19:00:00,2.43,2.9,81,88
2024-04-09 20:00:00,2.21,2.7,95,92
2024-04-09 21:00:00,2.08,2.82,125,113
2024-04-09 22:00:00,1.98,2.72,131,126
2024-04-09 23:00:00,2.52,2.55,146,132
2024-04-10 00:00:00,2.28,2.48,157,133
2024-04-10 01:00:00,2.3,2.36,178,144
2024-04-10 02:00:00,2.53,1.94,198,168
2024-04-10 03:00:00,2.41,1.87,222,196
2024-04-10 04:00:00,2.16,2.33,236,223
2024-04-10 05:00:00,2.16,2.7,236,231
2024-04-10 06:00:00,2.44,2.83,235,238
2024-04-10 07:00:00,2.69,3.14,239,248
2024-04-10 08:00:00,3.2,2.88,256,250
2024-04-10 09:00:00,3.31,3.65,267,261
2024-04-10 10:00:00,3.61,4.03,267,263
2024-04-10 11:00:00,3.41,4.12,267,264
2024-04-10 12:00:00,3.11,4.12,264,264
2024-04-10 13:00:00,3.03,3.91,262,266
2024-04-10 14:00:00,3.54,3.71,262,265
2024-04-10 15:00:00,4.02,3.85,264,261
2024-04-10 16:00:00,4.14,3.96,262,260
2024-04-10 17:00:00,4.1,3.96,257,260
2024-04-10 18:00:00,3.81,3.88,256,258
2024-04-10 19:00:00,3.06,3.74,259,254
2024-04-10 20:00:00,2.97,3.98,250,252
2024-04-10 21:00:00,3.86,2.94,253,252
2024-04-10 22:00:00,3.41,2.69,267,248
2024-04-10 23:00:00,3.16,2.93,259,262
2024-04-11 00:00:00,3.18,3.35,257,260
2024-04-11 01:00:00,3.13,3.24,253,261
2024-04-11 02:00:00,2.79,3.01,249,249
2024-04-11 03:00:00,2.15,2.47,242,238
2024-04-11 04:00:00,2.33,3.0,239,244
2024-04-11 05:00:00,2.38,2.75,255,251
2024-04-11 06:00:00,2.96,2.47,258,249
2024-04-11 07:00:00,1.92,2.33,242,245
2024-04-11 08:00:00,2.15,3.2,248,250
2024-04-11 09:00:00,2.01,2.98,264,256
2024-04-11 10:00:00,2.04,2.46,259,243
2024-04-11 11:00:00,2.28,2.16,285,236
2024-04-11 12:00:00,2.42,2.25,277,249
2024-04-11 13:00:00,2.43,1.79,261,243
2024-04-11 14:00:00,2.42,1.2,277,275
2024-04-11 15:00:00,2.25,1.3,291,328
2024-04-11 16:00:00,1.93,1.3,291,328
2024-04-11 17:00:00,1.39,1.77,300,313
2024-04-11 18:00:00,0.36,0.94,304,32
2024-04-11 19:00:00,1.02,1.0,169,53
2024-04-11 20:00:00,1.94,1.2,235,132
2024-04-11 21:00:00,1.98,2.15,229,158
2024-04-11 22:00:00,2.47,2.16,238,167
2024-04-11 23:00:00,2.95,2.16,246,193
2024-04-12 00:00:00,2.79,1.98,249,225
2024-04-12 01:00:00,2.85,2.42,252,246
2024-04-12 02:00:00,2.66,2.57,250,257
2024-04-12 03:00:00,2.51,2.06,247,247
2024-04-12 04:00:00,2.66,1.92,250,242
2024-04-12 05:00:00,2.62,1.57,252,243
2024-04-12 06:00:00,2.82,1.44,253,236
2024-04-12 07:00:00,2.67,1.2,257,222
2024-04-12 08:00:00,2.55,1.08,259,248
2024-04-12 09:00:00,2.2,1.8,267,267
2024-04-12 10:00:00,2.4,1.9,270,270
2024-04-12 11:00:00,2.5,2.01,270,276
2024-04-12 12:00:00,2.7,2.31,270,275
2024-04-12 13:00:00,3.0,2.6,270,272
2024-04-12 14:00:00,3.3,3.01,272,274
2024-04-12 15:00:00,3.4,3.31,272,273
2024-04-12 16:00:00,3.3,3.4,268,272
2024-04-12 17:00:00,3.11,3.0,264,270
2024-04-12 18:00:00,2.82,2.61,264,266
2024-04-12 19:00:00,2.65,2.45,259,258
2024-04-12 20:00:00,2.84,2.55,260,259
2024-04-12 21:00:00,2.79,3.8,255,268
2024-04-12 22:00:00,2.45,3.51,258,265
2024-04-12 23:00:00,2.31,3.14,252,261
2024-04-13 00:00:00,2.33,2.96,245,258
2024-04-13 01:00:00,2.37,3.08,242,257
2024-04-13 02:00:00,2.37,2.98,242,256
2024-04-13 03:00:00,2.28,3.08,247,257
2024-04-13 04:00:00,2.56,3.18,249,257
2024-04-13 05:00:00,2.6,3.3,254,256
2024-04-13 06:00:00,2.55,3.1,259,255
2024-04-13 07:00:00,2.55,3.06,259,259
2024-04-13 08:00:00,2.41,3.01,265,264
2024-04-13 09:00:00,2.35,2.8,282,272
2024-04-13 10:00:00,2.16,2.82,283,276
2024-04-13 11:00:00,1.63,2.5,281,272
2024-04-13 12:00:00,1.1,2.52,265,263
2024-04-13 13:00:00,0.2,2.83,90,262
2024-04-13 14:00:00,1.65,3.16,76,259
2024-04-13 15:00:00,2.0,3.28,87,258
2024-04-13 16:00:00,1.6,3.1,94,255
2024-04-13 17:00:00,0.81,2.69,97,255
2024-04-13 18:00:00,0.2,2.04,270,259
2024-04-13 19:00:00,1.86,1.92,234,242
2024-04-13 20:00:00,2.33,2.28,223,232
2024-04-13 21:00:00,2.36,2.2,234,240
2024-04-13 22:00:00,2.48,2.08,230,235
2024-04-13 23:00:00,2.69,1.86,228,234
2024-04-14 00:00:00,2.83,1.98,225,229
2024-04-14 01:00:00,2.83,2.44,228,235
2024-04-14 02:00:00,2.56,2.33,231,227
2024-04-14 03:00:00,2.34,2.55,230,228
2024-04-14 04:00:00,2.14,2.55,233,228
2024-04-14 05:00:00,1.98,2.19,229,227
2024-04-14 06:00:00,1.92,2.05,219,227
2024-04-14 07:00:00,1.2,1.7,222,220
2024-04-14 08:00:00,0.92,1.72,103,216
2024-04-14 09:00:00,2.22,1.98,98,131
2024-04-14 10:00:00,2.85,2.58,108,144
2024-04-14 11:00:00,3.36,2.33,120,155
2024-04-14 12:00:00,3.25,2.1,135,177
2024-04-14 13:00:00,2.92,2.46,149,207
2024-04-14 14:00:00,2.88,2.61,146,212
2024-04-14 15:00:00,2.85,2.51,162,203
2024-04-14 16:00:00,2.83,2.67,188,193
2024-04-14 17:00:00,2.82,2.38,207,195
2024-04-14 18:00:00,2.25,2.16,212,214
2024-04-14 19:00:00,1.73,1.84,190,193
2024-04-14 20:00:00,2.52,2.79,187,195
2024-04-14 21:00:00,2.77,2.9,193,182
2024-04-14 22:00:00,3.13,3.21,187,185
2024-04-14 23:00:00,3.28,3.77,192,191
2024-04-15 00:00:00,3.47,4.5,192,183
2024-04-15 01:00:00,3.81,5.06,183,171
2024-04-15 02:00:00,4.31,4.56,176,165
2024-04-15 03:00:00,4.03,4.37,173,160
2024-04-15 04:00:00,3.72,5.15,174,172
2024-04-15 05:00:00,3.52,5.22,173,176
2024-04-15 06:00:00,3.86,4.64,170,173
2024-04-15 07:00:00,5.34,6.83,167,175
2024-04-15 08:00:00,6.26,6.94,172,165
2024-04-15 09:00:00,5.22,7.8,175,181
2024-04-15 10:00:00,6.14,8.02,187,184
2024-04-15 11:00:00,6.61,7.98,183,195
2024-04-15 12:00:00,7.14,7.34,186,204
2024-04-15 13:00:00,7.13,7.88,186,213
2024-04-15 14:00:00,7.02,8.04,191,215
2024-04-15 15:00:00,7.38,7.64,196,217
2024-04-15 16:00:00,6.75,7.57,205,226
2024-04-15 17:00:00,6.32,6.26,215,243
2024-04-15 18:00:00,5.73,6.36,226,251
2024-04-15 19:00:00,4.58,5.61,238,248
2024-04-15 20:00:00,3.98,5.26,245,256
2024-04-15 21:00:00,4.11,5.09,244,250
2024-04-15 22:00:00,4.24,4.81,262,253
2024-04-15 23:00:00,3.71,5.53,265,257
2024-04-16 00:00:00,4.21,6.06,266,257
2024-04-16 01:00:00,4.21,5.89,266,260
2024-04-16 02:00:00,4.14,5.53,262,264
2024-04-16 03:00:00,4.2,5.91,258,266
2024-04-16 04:00:00,4.32,6.5,257,268
2024-04-16 05:00:00,5.0,6.61,258,267
2024-04-16 06:00:00,4.87,5.8,261,269
2024-04-16 07:00:00,4.03,5.2,263,268
2024-04-16 08:00:00,3.64,6.04,254,263
2024-04-16 09:00:00,3.61,6.63,256,265
2024-04-16 10:00:00,4.56,6.41,255,266
2024-04-16 11:00:00,5.46,6.21,256,267
2024-04-16 12:00:00,6.66,5.9,262,270
2024-04-16 13:00:00,6.4,5.7,269,270
2024-04-16 14:00:00,6.1,5.9,271,269
2024-04-16 15:00:00,5.51,6.1,273,270
2024-04-16 16:00:00,5.2,6.2,272,270
2024-04-16 17:00:00,4.9,6.3,268,268
2024-04-16 18:00:00,4.32,6.61,265,267
2024-04-16 19:00:00,3.63,6.7,262,268
2024-04-16 20:00:00,3.69,6.3,257,268
2024-04-16 21:00:00,4.95,5.23,256,263
2024-04-16 22:00:00,4.57,4.49,260,258
2024-04-16 23:00:00,3.93,3.86,255,253
2024-04-17 00:00:00,3.4,3.74,256,254
2024-04-17 01:00:00,3.04,3.65,261,261
2024-04-17 02:00:00,3.13,3.51,263,265
2024-04-17 03:00:00,2.73,3.11,262,274
2024-04-17 04:00:00,2.31,2.8,252,268
2024-04-17 05:00:00,1.87,2.24,254,260
2024-04-17 06:00:00,1.53,1.7,259,242
2024-04-17 07:00:00,1.33,1.0,283,233
2024-04-17 08:00:00,1.63,0.61,317,9
2024-04-17 09:00:00,1.52,1.86,337,54
2024-04-17 10:00:00,1.63,1.53,11,58
2024-04-17 11:00:00,0.71,1.14,8,75
2024-04-17 12:00:00,0.78,1.36,50,73
2024-04-17 13:00:00,0.5,1.65,53,76
2024-04-17 14:00:00,0.32,1.8,18,87
2024-04-17 15:00:00,0.8,2.06,90,104
2024-04-17 16:00:00,1.63,1.92,101,118
2024-04-17 17:00:00,1.71,1.48,111,118
2024-04-17 18:00:00,1.53,1.27,122,135
2024-04-17 19:00:00,1.36,1.32,163,171
2024-04-17 20:00:00,1.84,1.77,202,223
2024-04-17 21:00:00,2.22,2.08,234,235
2024-04-17 22:00:00,2.42,2.02,240,250
2024-04-17 23:00:00,2.15,1.97,242,246
2024-04-18 00:00:00,2.06,2.12,241,251
2024-04-18 01:00:00,1.66,1.9,237,252
2024-04-18 02:00:00,1.79,1.84,243,248
2024-04-18 03:00:00,1.72,1.75,234,246
2024-04-18 04:00:00,1.75,1.62,239,248
2024-04-18 05:00:00,1.72,1.62,234,248
2024-04-18 06:00:00,1.78,1.5,232,270
2024-04-18 07:00:00,1.2,1.4,228,270
2024-04-18 08:00:00,0.41,1.14,256,285
2024-04-18 09:00:00,0.9,0.94,360,328
2024-04-18 10:00:00,1.3,1.97,337,300
2024-04-18 11:00:00,1.36,2.51,343,293
2024-04-18 12:00:00,1.46,2.62,344,310
2024-04-18 13:00:00,1.66,2.2,335,321
2024-04-18 14:00:00,1.6,1.49,4,312
2024-04-18 15:00:00,1.26,1.3,18,274
2024-04-18 16:00:00,0.81,1.49,353,312
2024-04-18 17:00:00,0.98,1.71,24,291
2024-04-18 18:00:00,0.32,2.1,108,273
2024-04-18 19:00:00,1.72,2.55,234,259
2024-04-18 20:00:00,2.31,3.44,252,262
2024-04-18 21:00:00,2.28,3.61,241,265
2024-04-18 22:00:00,3.18,3.82,257,264
2024-04-18 23:00:00,3.07,3.86,251,260
2024-04-19 00:00:00,3.13,3.51,253,250
2024-04-19 01:00:00,3.01,3.79,255,252
2024-04-19 02:00:00,3.16,4.39,259,258
2024-04-19 03:00:00,3.08,4.06,257,260
2024-04-19 04:00:00,3.37,3.77,258,259
2024-04-19 05:00:00,3.55,3.57,260,259
2024-04-19 06:00:00,3.57,3.22,259,263
2024-04-19 07:00:00,3.65,2.8,261,270
2024-04-19 08:00:00,3.91,2.79,267,291
2024-04-19 09:00:00,4.7,4.23,270,277
2024-04-19 10:00:00,5.2,4.33,272,277
2024-04-19 11:00:00,5.4,3.69,270,283
2024-04-19 12:00:00,4.55,1.93,279,291
2024-04-19 13:00:00,3.69,0.45,283,297
2024-04-19 14:00:00,2.41,0.61,275,99
2024-04-19 15:00:00,2.43,1.36,261,107
2024-04-19 16:00:00,1.92,1.53,242,122
2024-04-19 17:00:00,1.56,1.5,230,143
2024-04-19 18:00:00,1.89,1.2,238,180
2024-04-19 19:00:00,2.42,1.8,246,214
2024-04-19 20:00:00,3.1,1.98,249,225
2024-04-19 21:00:00,2.98,2.51,256,247
2024-04-19 22:00:00,2.94,2.36,252,234
2024-04-19 23:00:00,2.97,2.22,250,234
2024-04-20 00:00:00,3.16,1.92,252,231
2024-04-20 01:00:00,2.77,1.8,244,236
2024-04-20 02:00:00,2.16,1.64,236,218
2024-04-20 03:00:00,2.36,1.84,234,221
2024-04-20 04:00:00,1.64,1.56,232,225
2024-04-20 05:00:00,1.77,0.91,223,174
2024-04-20 06:00:00,2.1,1.3,205,184
2024-04-20 07:00:00,1.92,1.8,141,183
2024-04-20 08:00:00,1.75,2.8,114,180
2024-04-20 09:00:00,1.13,1.35,135,138
2024-04-20 10:00:00,1.53,2.38,169,165
2024-04-20 11:00:00,1.08,4.26,56,189
2024-04-20 12:00:00,2.68,4.1,117,193
2024-04-20 13:00:00,2.06,3.7,129,182
2024-04-20 14:00:00,2.36,3.14,126,143
2024-04-20 15:00:00,2.25,2.73,122,114
2024-04-20 16:00:00,3.18,3.23,114,112
2024-04-20 17:00:00,4.11,4.08,108,121
2024-04-20 18:00:00,3.75,4.2,99,115
2024-04-20 19:00:00,4.22,3.92,95,109
2024-04-20 20:00:00,3.71,3.86,87,107
2024-04-20 21:00:00,3.71,4.22,76,85
2024-04-20 22:00:00,3.72,3.88,66,78
2024-04-20 23:00:00,3.33,3.49,49,66
2024-04-21 00:00:00,3.72,4.11,54,64
2024-04-21 01:00:00,3.31,3.59,65,77
2024-04-21 02:00:00,3.58,3.49,54,77
2024-04-21 03:00:00,3.77,3.99,58,68
2024-04-21 04:00:00,3.55,3.83,58,70
2024-04-21 05:00:00,3.69,3.98,49,65
2024-04-21 06:00:00,3.96,4.44,47,59
2024-04-21 07:00:00,4.18,4.52,48,62
2024-04-21 08:00:00,4.38,4.79,55,61
2024-04-21 09:00:00,4.98,4.29,68,62
2024-04-21 10:00:00,4.97,4.78,65,70
2024-04-21 11:00:00,4.83,4.9,66,73
2024-04-21 12:00:00,4.83,4.9,66,73
2024-04-21 13:00:00,4.75,4.65,68,71
2024-04-21 14:00:00,4.83,4.49,66,69
2024-04-21 15:00:00,4.61,4.44,63,67
2024-04-21 16:00:00,4.25,4.03,60,67
2024-04-21 17:00:00,4.16,3.94,63,66
2024-04-21 18:00:00,4.34,3.94,64,66
2024-04-21 19:00:00,4.57,3.86,61,69
2024-04-21 20:00:00,4.18,3.96,69,74
2024-04-21 21:00:00,4.07,3.62,65,66
2024-04-21 22:00:00,4.03,3.55,67,68
2024-04-21 23:00:00,3.67,3.54,64,74
2024-04-22 00:00:00,3.58,3.52,60,75
2024-04-22 01:00:00,3.72,3.44,54,82
2024-04-22 02:00:00,3.97,3.51,56,85
2024-04-22 03:00:00,4.21,3.51,62,85
2024-04-22 04:00:00,4.21,3.44,62,82
2024-04-22 05:00:00,4.25,3.57,63,79
2024-04-22 06:00:00,4.11,3.57,64,79
2024-04-22 07:00:00,4.25,3.79,63,78
2024-04-22 08:00:00,4.52,3.95,65,81
2024-04-22 09:00:00,3.86,4.56,53,75
2024-04-22 10:00:00,3.97,4.78,56,74
2024-04-22 11:00:00,4.0,4.88,58,75
2024-04-22 12:00:00,4.3,4.92,65,77
2024-04-22 13:00:00,4.38,4.85,63,76
2024-04-22 14:00:00,4.43,4.88,65,75
2024-04-22 15:00:00,4.43,4.83,65,77
2024-04-22 16:00:00,4.12,4.63,67,76
2024-04-22 17:00:00,3.98,4.37,65,79
2024-04-22 18:00:00,3.72,4.18,66,79
2024-04-22 19:00:00,3.67,4.06,73,80
2024-04-22 20:00:00,3.54,4.36,74,81
2024-04-22 21:00:00,3.47,3.28,78,78
2024-04-22 22:00:00,3.44,3.28,82,78
2024-04-22 23:00:00,3.42,3.16,83,79
2024-04-23 00:00:00,3.18,3.34,77,81
2024-04-23 01:00:00,3.04,3.47,73,78
2024-04-23 02:00:00,3.14,3.61,68,76
2024-04-23 03:00:00,3.51,4.11,70,72
2024-04-23 04:00:00,3.73,4.43,70,72
2024-04-23 05:00:00,3.49,4.3,77,72
2024-04-23 06:00:00,3.64,4.66,74,75
2024-04-23 07:00:00,3.91,5.0,77,74
2024-04-23 08:00:00,4.57,5.48,80,75
2024-04-23 09:00:00,4.96,5.06,71,81
2024-04-23 10:00:00,5.35,5.47,73,81
2024-04-23 11:00:00,5.32,5.79,74,80
2024-04-23 12:00:00,5.06,5.79,72,80
2024-04-23 13:00:00,5.06,5.57,72,81
2024-04-23 14:00:00,4.96,5.14,71,77
2024-04-23 15:00:00,4.65,5.29,71,75
2024-04-23 16:00:00,4.4,5.09,69,70
2024-04-23 17:00:00,4.09,4.98,68,68
2024-04-23 18:00:00,4.08,5.13,73,69
2024-04-23 19:00:00,3.38,4.81,71,69
2024-04-23 20:00:00,3.2,4.62,70,68
2024-04-23 21:00:00,3.89,3.49,64,77
2024-04-23 22:00:00,3.26,3.28,63,78
2024-04-23 23:00:00,3.27,3.13,67,83
2024-04-24 00:00:00,2.33,2.6,59,74
2024-04-24 01:00:00,2.79,2.06,69,76
2024-04-24 02:00:00,2.42,1.99,66,72
2024-04-24 03:00:00,1.03,1.66,29,57
2024-04-24 04:00:00,0.28,1.75,315,59
2024-04-24 05:00:00,0.63,0.72,252,34
2024-04-24 06:00:00,0.89,0.2,243,180
2024-04-24 07:00:00,2.14,0.22,259,27
2024-04-24 08:00:00,2.84,1.14,260,308
2024-04-24 09:00:00,1.3,3.05,247,247
2024-04-24 10:00:00,3.01,3.64,264,254
2024-04-24 11:00:00,3.88,4.4,258,270
2024-04-24 12:00:00,4.73,4.02,257,276
2024-04-24 13:00:00,4.41,3.52,257,255
2024-04-24 14:00:00,4.23,4.2,263,269
2024-04-24 15:00:00,4.52,3.2,265,256
2024-04-24 16:00:00,4.8,2.44,272,251
2024-04-24 17:00:00,4.4,2.75,271,251
2024-04-24 18:00:00,4.3,2.66,271,250
2024-04-24 19:00:00,4.5,2.34,271,250
2024-04-24 20:00:00,5.12,3.04,266,253
2024-04-24 21:00:00,5.71,4.9,266,268
2024-04-24 22:00:00,5.7,4.8,269,268
2024-04-24 23:00:00,5.5,4.7,269,269
2024-04-25 00:00:00,5.4,4.6,270,269
2024-04-25 01:00:00,5.4,4.6,270,268
2024-04-25 02:00:00,5.5,4.7,270,268
2024-04-25 03:00:00,5.5,4.8,270,270
2024-04-25 04:00:00,5.6,5.0,269,269
2024-04-25 05:00:00,5.5,5.1,269,268
2024-04-25 06:00:00,5.2,4.9,269,269
2024-04-25 07:00:00,5.1,4.9,270,271
2024-04-25 08:00:00,5.1,4.71,270,274
2024-04-25 09:00:00,4.92,5.6,275,272
2024-04-25 10:00:00,5.02,5.61,276,273
2024-04-25 11:00:00,5.32,5.7,275,272
2024-04-25 12:00:00,5.52,5.71,275,273
2024-04-25 13:00:00,5.61,5.8,274,271
2024-04-25 14:00:00,5.6,5.9,271,269
2024-04-25 15:00:00,5.6,5.91,270,267
2024-04-25 16:00:00,5.6,5.7,269,268
2024-04-25 17:00:00,5.6,5.51,268,267
2024-04-25 18:00:00,5.41,5.43,267,264
2024-04-25 19:00:00,4.91,5.23,266,263
2024-04-25 20:00:00,4.53,5.23,264,263
2024-04-25 21:00:00,4.61,4.64,266,263
2024-04-25 22:00:00,4.32,4.74,265,263
2024-04-25 23:00:00,4.02,4.63,264,264
2024-04-26 00:00:00,3.93,4.22,263,265
2024-04-26 01:00:00,3.82,3.73,264,262
2024-04-26 02:00:00,3.77,3.45,259,260
2024-04-26 03:00:00,3.88,3.14,258,261
2024-04-26 04:00:00,3.67,3.06,259,259
2024-04-26 05:00:00,3.26,2.94,259,260
2024-04-26 06:00:00,2.94,2.53,260,261
2024-04-26 07:00:00,2.61,1.82,266,261
2024-04-26 08:00:00,2.7,1.51,270,262
2024-04-26 09:00:00,2.5,2.51,268,265
2024-04-26 10:00:00,2.41,2.53,275,261
2024-04-26 11:00:00,2.14,1.9,281,273
2024-04-26 12:00:00,2.1,1.9,267,270
2024-04-26 13:00:00,2.01,1.84,264,241
2024-04-26 14:00:00,1.7,2.83,267,238
2024-04-26 15:00:00,1.94,3.69,258,237
2024-04-26 16:00:00,2.67,3.19,257,238
2024-04-26 17:00:00,2.94,3.22,260,244
2024-04-26 18:00:00,2.42,3.0,263,240
2024-04-26 19:00:00,2.55,2.95,244,242
2024-04-26 20:00:00,3.01,2.82,249,247
2024-04-26 21:00:00,2.95,2.81,246,266
2024-04-26 22:00:00,2.91,2.32,254,263
2024-04-26 23:00:00,2.67,2.45,257,258
2024-04-27 00:00:00,2.45,2.81,258,266
2024-04-27 01:00:00,2.31,2.35,252,258
2024-04-27 02:00:00,2.57,2.16,257,257
2024-04-27 03:00:00,2.83,2.75,262,260
2024-04-27 04:00:00,2.47,2.44,256,251
2024-04-27 05:00:00,2.2,2.63,240,261
2024-04-27 06:00:00,2.16,2.71,236,266
2024-04-27 07:00:00,2.52,2.5,263,268
2024-04-27 08:00:00,1.9,1.92,267,279
2024-04-27 09:00:00,2.21,2.21,275,265
2024-04-27 10:00:00,2.02,2.4,290,270
2024-04-27 11:00:00,1.36,2.5,324,272
2024-04-27 12:00:00,0.67,2.3,333,272
2024-04-27 13:00:00,1.2,2.3,48,272
2024-04-27 14:00:00,1.77,2.0,74,270
2024-04-27 15:00:00,2.12,1.8,82,267
2024-04-27 16:00:00,1.93,2.32,111,263
2024-04-27 17:00:00,1.63,2.77,133,257
2024-04-27 18:00:00,0.76,2.55,157,259
2024-04-27 19:00:00,1.61,2.56,187,249
2024-04-27 20:00:00,2.16,2.97,236,250
2024-04-27 21:00:00,2.46,2.73,243,242
2024-04-27 22:00:00,2.79,2.55,249,244
2024-04-27 23:00:00,2.44,2.6,251,247
2024-04-28 00:00:00,2.5,2.94,254,252
2024-04-28 01:00:00,2.69,3.35,255,253
2024-04-28 02:00:00,2.91,3.55,254,260
2024-04-28 03:00:00,2.96,3.54,258,262
2024-04-28 04:00:00,2.89,3.37,256,258
2024-04-28 05:00:00,2.79,3.08,255,257
2024-04-28 06:00:00,2.57,2.31,257,252
2024-04-28 07:00:00,2.14,1.66,259,245
2024-04-28 08:00:00,1.41,1.68,278,253
2024-04-28 09:00:00,1.92,1.88,279,295
2024-04-28 10:00:00,0.92,1.21,311,24
2024-04-28 11:00:00,0.41,2.42,76,83
2024-04-28 12:00:00,1.2,3.01,90,86
2024-04-28 13:00:00,1.77,3.21,106,86
2024-04-28 14:00:00,2.47,3.03,111,98
2024-04-28 15:00:00,2.67,2.79,103,105
2024-04-28 16:00:00,2.43,2.82,99,107
2024-04-28 17:00:00,2.26,2.79,103,111
2024-04-28 18:00:00,1.84,2.56,112,111
2024-04-28 19:00:00,1.36,2.06,126,119
2024-04-28 20:00:00,1.53,1.98,148,131
2024-04-28 21:00:00,0.85,1.7,45,140
2024-04-28 22:00:00,1.57,2.19,63,156
2024-04-28 23:00:00,1.5,2.18,86,164
2024-04-29 00:00:00,1.66,2.14,123,169
2024-04-29 01:00:00,1.58,1.84,145,167
2024-04-29 02:00:00,1.98,1.92,139,152
2024-04-29 03:00:00,1.57,1.9,117,162
2024-04-29 04:00:00,2.33,2.19,100,137
2024-04-29 05:00:00,2.3,2.21,90,108
2024-04-29 06:00:00,2.44,2.06,71,104
2024-04-29 07:00:00,2.73,2.42,62,97
2024-04-29 08:00:00,3.0,2.31,64,108
2024-04-29 09:00:00,3.01,2.61,75,94
2024-04-29 10:00:00,3.42,2.8,75,90
2024-04-29 11:00:00,3.96,3.41,80,85
2024-04-29 12:00:00,3.83,3.4,75,88
2024-04-29 13:00:00,3.52,2.9,75,88
2024-04-29 14:00:00,2.91,2.8,63,92
2024-04-29 15:00:00,2.57,3.1,77,92
2024-04-29 16:00:00,2.31,2.92,72,84
2024-04-29 17:00:00,2.21,2.82,72,96
2024-04-29 18:00:00,2.12,2.7,71,92
2024-04-29 19:00:00,2.02,2.4,81,90
2024-04-29 20:00:00,2.32,2.81,83,94
2024-04-29 21:00:00,2.09,2.95,73,66
2024-04-29 22:00:00,1.42,2.3,51,56
2024-04-29 23:00:00,0.73,1.66,16,65
2024-04-30 00:00:00,0.85,1.56,339,40
2024-04-30 01:00:00,1.0,0.64,307,39
2024-04-30 02:00:00,1.88,0.71,295,352
2024-04-30 03:00:00,1.55,0.73,285,286
2024-04-30 04:00:00,2.24,1.55,280,285
2024-04-30 05:00:00,2.4,1.3,272,270
2024-04-30 06:00:00,3.24,1.32,261,261
2024-04-30 07:00:00,4.23,2.2,263,273
2024-04-30 08:00:00,4.82,3.06,265,281
2024-04-30 09:00:00,4.4,4.9,270,272
2024-04-30 10:00:00,5.0,4.6,272,270
2024-04-30 11:00:00,5.1,4.51,268,274
2024-04-30 12:00:00,4.8,4.43,271,276
2024-04-30 13:00:00,4.4,3.41,269,273
2024-04-30 14:00:00,4.2,1.13,270,315
2024-04-30 15:00:00,3.51,2.46,273,63
2024-04-30 16:00:00,1.71,3.13,277,73
2024-04-30 17:00:00,1.36,2.91,73,74
2024-04-30 18:00:00,2.57,2.6,77,74
2024-04-30 19:00:00,2.5,2.31,74,72
2024-04-30 20:00:00,2.45,2.01,78,84
2024-04-30 21:00:00,3.13,2.5,73,74
2024-04-30 22:00:00,3.4,2.6,76,74
2024-04-30 23:00:00,3.83,2.77,83,77
2024-05-01 00:00:00,3.8,3.59,88,77
2024-05-01 01:00:00,3.82,3.83,84,83
2024-05-01 02:00:00,3.93,3.71,83,95
2024-05-01 03:00:00,4.01,3.45,86,100
2024-05-01 04:00:00,3.9,3.34,89,99
2024-05-01 05:00:00,3.8,3.16,88,101
2024-05-01 06:00:00,3.81,2.89,87,104
2024-05-01 07:00:00,3.8,3.08,88,103
2024-05-01 08:00:00,3.91,3.45,87,100
2024-05-01 09:00:00,4.46,3.81,81,95
2024-05-01 10:00:00,4.55,4.0,81,89
2024-05-01 11:00:00,4.57,4.02,80,84
2024-05-01 12:00:00,4.41,3.85,77,81
2024-05-01 13:00:00,4.22,3.44,76,82
2024-05-01 14:00:00,3.88,3.26,78,79
2024-05-01 15:00:00,3.57,3.06,79,79
2024-05-01 16:00:00,3.35,2.83,80,82
2024-05-01 17:00:00,3.11,2.52,84,97
2024-05-01 18:00:00,2.61,2.25,94,122
2024-05-01 19:00:00,1.92,1.84,118,151
2024-05-01 20:00:00,2.08,1.9,145,183
2024-05-01 21:00:00,2.06,1.82,151,171
2024-05-01 22:00:00,1.81,1.75,174,193
2024-05-01 23:00:00,1.82,1.89,189,212
2024-05-02 00:00:00,2.05,2.47,227,238
2024-05-02 01:00:00,2.04,2.97,259,250
2024-05-02 02:00:00,1.99,2.75,252,251
2024-05-02 03:00:00,2.11,2.56,239,249
2024-05-02 04:00:00,2.06,2.19,241,246
2024-05-02 05:00:00,2.1,2.06,245,247
2024-05-02 06:00:00,2.15,1.97,248,246
2024-05-02 07:00:00,1.96,1.58,255,252
2024-05-02 08:00:00,2.11,1.75,275,283
2024-05-02 09:00:00,2.06,2.57,293,283
2024-05-02 10:00:00,1.97,2.82,300,287
2024-05-02 11:00:00,1.98,2.98,319,284
2024-05-02 12:00:00,2.05,3.34,313,279
2024-05-02 13:00:00,2.16,3.83,304,277
2024-05-02 14:00:00,2.38,4.02,292,276
2024-05-02 15:00:00,2.55,3.82,281,276
2024-05-02 16:00:00,2.63,3.71,279,275
2024-05-02 17:00:00,2.53,3.4,279,272
2024-05-02 18:00:00,1.9,3.2,270,270
2024-05-02 19:00:00,1.96,3.21,255,266
2024-05-02 20:00:00,2.57,3.7,257,268
2024-05-02 21:00:00,2.8,3.21,268,266
2024-05-02 22:00:00,2.86,3.13,258,263
2024-05-02 23:00:00,2.75,2.91,251,254
2024-05-03 00:00:00,2.69,2.82,248,253
2024-05-03 01:00:00,2.69,2.89,248,256
2024-05-03 02:00:00,2.69,2.98,248,256
2024-05-03 03:00:00,2.88,3.01,250,255
2024-05-03 04:00:00,2.91,2.98,254,256
2024-05-03 05:00:00,3.1,2.86,255,258
2024-05-03 06:00:00,3.08,2.86,257,258
2024-05-03 07:00:00,2.93,2.42,262,263
2024-05-03 08:00:00,2.71,2.2,274,273
2024-05-03 09:00:00,2.5,1.5,272,274
2024-05-03 10:00:00,1.77,0.78,286,310
2024-05-03 11:00:00,1.08,0.51,338,11
2024-05-03 12:00:00,1.06,0.82,41,76
2024-05-03 13:00:00,1.77,1.5,74,90
2024-05-03 14:00:00,2.21,1.41,85,82
2024-05-03 15:00:00,2.61,0.81,86,60
2024-05-03 16:00:00,2.4,0.61,92,279
2024-05-03 17:00:00,1.84,2.01,103,264
2024-05-03 18:00:00,0.78,2.02,140,261
2024-05-03 19:00:00,1.62,2.02,202,250
2024-05-03 20:00:00,2.14,2.59,233,242
2024-05-03 21:00:00,2.16,2.77,236,257
2024-05-03 22:00:00,1.92,2.82,231,253
2024-05-03 23:00:00,1.98,2.82,229,253
2024-05-04 00:00:00,2.0,2.82,233,253
2024-05-04 01:00:00,1.94,2.62,235,252
2024-05-04 02:00:00,1.97,2.57,240,257
2024-05-04 03:00:00,2.11,2.69,239,255
2024-05-04 04:00:00,2.25,2.47,238,256
2024-05-04 05:00:00,1.92,2.21,242,252
2024-05-04 06:00:00,1.7,1.88,242,245
2024-05-04 07:00:00,0.95,0.98,252,246
2024-05-04 08:00:00,0.14,0.1,315,270
2024-05-04 09:00:00,0.57,0.94,135,238
2024-05-04 10:00:00,1.24,2.01,166,153
2024-05-04 11:00:00,1.2,3.42,185,159
2024-05-04 12:00:00,1.34,3.31,243,177
2024-05-04 13:00:00,2.25,3.55,249,190
2024-05-04 14:00:00,3.35,3.72,243,204
2024-05-04 15:00:00,3.18,3.97,242,221
2024-05-04 16:00:00,3.0,3.91,244,230
2024-05-04 17:00:00,3.22,3.5,240,233
2024-05-04 18:00:00,3.0,2.72,240,234
2024-05-04 19:00:00,3.28,2.48,232,230
2024-05-04 20:00:00,3.34,2.83,231,222
2024-05-04 21:00:00,3.51,3.84,250,231
2024-05-04 22:00:00,3.42,3.8,249,243
2024-05-04 23:00:00,2.86,4.08,234,253
2024-05-05 00:00:00,3.05,4.03,229,263
2024-05-05 01:00:00,3.42,3.75,232,261
2024-05-05 02:00:00,3.61,2.98,228,256
2024-05-05 03:00:00,4.1,2.82,227,247
2024-05-05 04:00:00,4.46,3.14,224,239
2024-05-05 05:00:00,3.91,3.41,212,230
2024-05-05 06:00:00,4.33,3.2,199,219
2024-05-05 07:00:00,4.71,3.5,197,211
2024-05-05 08:00:00,5.29,3.8,195,207
2024-05-05 09:00:00,5.57,3.94,198,204
2024-05-05 10:00:00,6.12,3.76,191,205
2024-05-05 11:00:00,6.4,5.39,190,195
2024-05-05 12:00:00,6.1,6.2,190,190
2024-05-05 13:00:00,6.02,6.14,191,192
2024-05-05 14:00:00,6.11,5.82,195,192
2024-05-05 15:00:00,6.46,5.71,196,191
2024-05-05 16:00:00,6.99,5.43,193,186
2024-05-05 17:00:00,7.53,5.71,191,184
2024-05-05 18:00:00,8.02,6.77,190,188
2024-05-05 19:00:00,8.32,7.3,184,181
2024-05-05 20:00:00,8.16,7.72,187,184
2024-05-05 21:00:00,7.96,7.91,195,189
2024-05-05 22:00:00,6.84,6.99,195,199
2024-05-05 23:00:00,7.27,7.09,198,196
2024-05-06 00:00:00,7.89,7.34,202,200
2024-05-06 01:00:00,6.67,7.56,210,204
2024-05-06 02:00:00,5.6,7.42,229,207
2024-05-06 03:00:00,5.77,7.07,244,205
2024-05-06 04:00:00,7.04,6.76,247,209
2024-05-06 05:00:00,8.67,5.77,249,208
2024-05-06 06:00:00,8.55,6.38,246,212
2024-05-06 07:00:00,7.58,6.04,247,231
2024-05-06 08:00:00,6.48,6.72,250,233
2024-05-06 09:00:00,7.21,5.47,251,252
2024-05-06 10:00:00,7.21,5.29,251,255
2024-05-06 11:00:00,7.31,5.77,251,256
2024-05-06 12:00:00,6.99,6.33,251,254
2024-05-06 13:00:00,6.77,6.36,251,254
2024-05-06 14:00:00,6.83,6.74,252,252
2024-05-06 15:00:00,7.05,6.71,252,253
2024-05-06 16:00:00,7.47,6.58,254,253
2024-05-06 17:00:00,8.4,6.8,258,253
2024-05-06 18:00:00,8.59,7.02,255,253
2024-05-06 19:00:00,8.05,7.18,256,254
2024-05-06 20:00:00,7.2,7.88,256,255
2024-05-06 21:00:00,5.46,7.18,256,254
2024-05-06 22:00:00,5.22,6.91,253,256
2024-05-06 23:00:00,4.9,6.61,250,260
2024-05-07 00:00:00,4.65,6.14,251,263
2024-05-07 01:00:00,4.85,6.14,256,263
2024-05-07 02:00:00,5.51,5.97,254,261
2024-05-07 03:00:00,5.75,6.05,257,262
2024-05-07 04:00:00,5.28,5.94,260,263
2024-05-07 05:00:00,4.72,5.3,265,271
2024-05-07 06:00:00,4.31,4.51,266,274
2024-05-07 07:00:00,3.8,3.45,270,287
2024-05-07 08:00:00,3.3,2.34,272,320
2024-05-07 09:00:00,2.42,2.85,308,18
2024-05-07 10:00:00,3.3,3.1,360,21
2024-05-07 11:00:00,3.75,3.2,9,20
2024-05-07 12:00:00,3.98,3.07,18,19
2024-05-07 13:00:00,3.86,3.57,21,11
2024-05-07 14:00:00,3.81,3.54,23,16
2024-05-07 15:00:00,3.81,3.77,30,22
2024-05-07 16:00:00,4.22,3.67,36,17
2024-05-07 17:00:00,4.28,3.49,37,13
2024-05-07 18:00:00,4.39,3.23,41,16
2024-05-07 19:00:00,4.32,2.91,42,16
2024-05-07 20:00:00,4.39,2.62,43,18
2024-05-07 21:00:00,5.09,4.2,47,38
2024-05-07 22:00:00,5.09,3.97,47,34
2024-05-07 23:00:00,5.38,3.94,47,36
2024-05-08 00:00:00,5.23,3.88,45,35
2024-05-08 01:00:00,5.16,3.66,46,35
2024-05-08 02:00:00,4.67,3.33,45,33
2024-05-08 03:00:00,4.32,3.05,42,32
2024-05-08 04:00:00,4.12,2.78,39,30
2024-05-08 05:00:00,3.8,2.33,35,31
2024-05-08 06:00:00,3.55,2.22,32,36
2024-05-08 07:00:00,3.58,2.5,27,37
2024-05-08 08:00:00,3.72,2.8,24,35
2024-05-08 09:00:00,4.08,3.62,36,24
2024-05-08 10:00:00,4.22,3.58,36,23
2024-05-08 11:00:00,4.22,3.67,36,17
2024-05-08 12:00:00,4.16,3.65,35,9
2024-05-08 13:00:00,4.0,3.63,32,8
2024-05-08 14:00:00,3.67,3.29,29,20
2024-05-08 15:00:00,3.49,3.24,27,34
2024-05-08 16:00:00,3.18,3.23,28,22
2024-05-08 17:00:00,2.69,3.11,31,4
2024-05-08 18:00:00,1.75,2.24,31,350
2024-05-08 19:00:00,0.41,1.22,14,305
2024-05-08 20:00:00,1.32,1.61,279,263
2024-05-08 21:00:00,1.63,1.53,281,281
2024-05-08 22:00:00,1.63,2.1,259,267
2024-05-08 23:00:00,2.4,2.3,253,236
2024-05-09 00:00:00,2.51,2.61,241,238
2024-05-09 01:00:00,2.42,2.39,246,237
2024-05-09 02:00:00,2.39,2.51,237,241
2024-05-09 03:00:00,2.51,2.85,241,252
2024-05-09 04:00:00,2.69,3.1,248,255
2024-05-09 05:00:00,2.85,3.49,252,257
2024-05-09 06:00:00,3.01,3.61,255,256
2024-05-09 07:00:00,3.45,4.02,260,264
2024-05-09 08:00:00,4.2,4.6,273,271
2024-05-09 09:00:00,4.9,4.73,270,276
2024-05-09 10:00:00,5.3,4.74,271,277
2024-05-09 11:00:00,5.5,4.63,271,276
2024-05-09 12:00:00,5.6,4.72,271,275
2024-05-09 13:00:00,5.8,4.8,272,271
2024-05-09 14:00:00,6.0,5.0,271,270
2024-05-09 15:00:00,6.02,4.9,265,270
2024-05-09 16:00:00,6.55,5.02,263,265
2024-05-09 17:00:00,6.65,5.14,263,263
2024-05-09 18:00:00,6.69,5.76,261,262
2024-05-09 19:00:00,6.48,6.15,261,263
2024-05-09 20:00:00,6.46,6.04,262,263
2024-05-09 21:00:00,6.45,6.08,263,261
2024-05-09 22:00:00,6.45,6.1,263,260
2024-05-09 23:00:00,6.26,6.12,262,259
2024-05-10 00:00:00,6.05,5.89,262,260
2024-05-10 01:00:00,5.76,5.67,262,261
2024-05-10 02:00:00,5.26,5.36,261,261
2024-05-10 03:00:00,4.75,5.25,262,262
2024-05-10 04:00:00,4.54,5.26,262,261
2024-05-10 05:00:00,4.37,5.26,259,261
2024-05-10 06:00:00,4.1,4.87,257,261
2024-05-10 07:00:00,3.71,5.04,265,263
2024-05-10 08:00:00,4.4,5.51,271,267
2024-05-10 09:00:00,4.4,5.36,269,261
2024-05-10 10:00:00,5.06,5.54,261,253
2024-05-10 11:00:00,5.75,5.72,257,251
2024-05-10 12:00:00,6.04,6.11,254,249
2024-05-10 13:00:00,6.36,6.39,254,250
2024-05-10 14:00:00,6.24,6.24,254,248
2024-05-10 15:00:00,5.91,6.24,251,248
2024-05-10 16:00:00,5.66,6.05,249,248
2024-05-10 17:00:00,5.55,5.87,247,247
2024-05-10 18:00:00,5.19,6.02,245,249
2024-05-10 19:00:00,4.85,6.3,248,250
2024-05-10 20:00:00,4.66,6.28,247,248
2024-05-10 21:00:00,5.28,5.52,245,248
2024-05-10 22:00:00,5.37,6.17,243,243
2024-05-10 23:00:00,5.28,6.23,243,240
2024-05-11 00:00:00,5.28,6.5,241,239
2024-05-11 01:00:00,5.55,7.38,236,237
2024-05-11 02:00:00,6.14,7.94,233,239
2024-05-11 03:00:00,7.02,8.5,237,243
2024-05-11 04:00:00,7.69,8.6,242,247
2024-05-11 05:00:00,8.33,7.84,246,247
2024-05-11 06:00:00,8.73,7.29,246,245
2024-05-11 07:00:00,9.13,7.47,245,242
2024-05-11 08:00:00,9.26,7.61,245,242
2024-05-11 09:00:00,9.54,8.85,240,243
2024-05-11 10:00:00,9.3,8.1,238,241
2024-05-11 11:00:00,8.74,7.52,237,237
2024-05-11 12:00:00,8.27,7.18,235,231
2024-05-11 13:00:00,7.8,7.52,234,234
2024-05-11 14:00:00,7.67,7.79,230,237
2024-05-11 15:00:00,7.72,8.03,233,239
2024-05-11 16:00:00,7.76,7.98,232,240
2024-05-11 17:00:00,7.91,7.93,235,241
2024-05-11 18:00:00,7.82,7.03,235,240
2024-05-11 19:00:00,7.34,6.58,232,246
2024-05-11 20:00:00,6.87,7.21,228,241
2024-05-11 21:00:00,7.15,7.17,228,230
2024-05-11 22:00:00,6.79,7.08,223,228
2024-05-11 23:00:00,6.65,6.53,227,230
2024-05-12 00:00:00,7.39,6.61,230,231
2024-05-12 01:00:00,6.41,5.66,236,234
2024-05-12 02:00:00,5.15,4.6,262,270
2024-05-12 03:00:00,4.3,4.94,258,263
2024-05-12 04:00:00,4.2,5.04,273,256
2024-05-12 05:00:00,3.9,4.32,270,265
2024-05-12 06:00:00,3.51,3.71,273,273
2024-05-12 07:00:00,3.4,3.62,272,276
2024-05-12 08:00:00,3.95,3.2,261,270
2024-05-12 09:00:00,5.71,2.15,267,298
2024-05-12 10:00:00,6.41,2.52,273,304
2024-05-12 11:00:00,6.23,3.18,276,298
2024-05-12 12:00:00,5.84,3.54,277,286
2024-05-12 13:00:00,5.42,3.96,275,280
2024-05-12 14:00:00,4.88,4.28,281,281
2024-05-12 15:00:00,4.74,4.36,277,279
2024-05-12 16:00:00,4.59,4.16,281,280
2024-05-12 17:00:00,4.18,3.85,287,279
2024-05-12 18:00:00,3.64,3.61,291,275
2024-05-12 19:00:00,3.14,3.51,292,273
2024-05-12 20:00:00,2.77,3.91,283,267
2024-05-12 21:00:00,3.83,4.23,277,277
2024-05-12 22:00:00,3.93,4.41,277,274
2024-05-12 23:00:00,3.55,4.22,280,275
2024-05-13 00:00:00,3.03,3.61,278,275
2024-05-13 01:00:00,2.8,3.11,270,276
2024-05-13 02:00:00,2.71,3.14,274,279
2024-05-13 03:00:00,2.63,3.16,279,281
2024-05-13 04:00:00,2.28,2.82,285,276
2024-05-13 05:00:00,2.4,2.1,315,267
2024-05-13 06:00:00,2.73,1.82,332,261
2024-05-13 07:00:00,2.73,1.8,336,273
2024-05-13 08:00:00,3.1,2.4,345,315
2024-05-13 09:00:00,2.61,2.9,4,360
2024-05-13 10:00:00,2.7,3.16,360,11
2024-05-13 11:00:00,2.71,3.2,356,14
2024-05-13 12:00:00,2.61,3.31,356,3
2024-05-13 13:00:00,1.94,3.51,12,355
2024-05-13 14:00:00,0.81,3.63,30,352
2024-05-13 15:00:00,0.71,3.63,262,352
2024-05-13 16:00:00,2.4,3.51,253,355
2024-05-13 17:00:00,2.86,2.2,258,3
2024-05-13 18:00:00,2.62,0.28,263,45
2024-05-13 19:00:00,2.65,1.08,259,202
2024-05-13 20:00:00,2.88,2.06,250,231
2024-05-13 21:00:00,3.93,3.83,263,263
2024-05-13 22:00:00,4.0,3.7,267,268
2024-05-13 23:00:00,3.82,4.03,264,263
2024-05-14 00:00:00,3.71,4.06,265,260
2024-05-14 01:00:00,3.72,4.16,264,260
2024-05-14 02:00:00,3.81,4.24,265,262
2024-05-14 03:00:00,3.72,4.36,264,261
2024-05-14 04:00:00,3.83,4.53,263,264
2024-05-14 05:00:00,3.83,4.52,263,265
2024-05-14 06:00:00,3.85,4.51,261,266
2024-05-14 07:00:00,4.11,4.8,266,270
2024-05-14 08:00:00,4.6,5.1,270,270
2024-05-14 09:00:00,4.6,5.4,271,272
2024-05-14 10:00:00,4.9,5.6,270,271
2024-05-14 11:00:00,5.1,5.7,269,270
2024-05-14 12:00:00,5.2,5.7,269,270
2024-05-14 13:00:00,5.1,5.6,268,268
2024-05-14 14:00:00,5.01,5.51,267,267
2024-05-14 15:00:00,5.02,5.5,264,268
2024-05-14 16:00:00,4.94,5.41,263,267
2024-05-14 17:00:00,4.87,5.41,261,267
2024-05-14 18:00:00,4.77,5.21,260,267
2024-05-14 19:00:00,4.57,4.81,260,266
2024-05-14 20:00:00,4.83,4.7,264,270
2024-05-14 21:00:00,3.81,4.4,265,270
2024-05-14 22:00:00,3.61,4.2,267,267
2024-05-14 23:00:00,3.51,4.3,265,267
2024-05-15 00:00:00,3.52,4.31,263,266
2024-05-15 01:00:00,3.63,4.4,262,267
2024-05-15 02:00:00,3.73,4.42,262,265
2024-05-15 03:00:00,3.62,4.44,264,262
2024-05-15 04:00:00,3.45,4.26,260,261
2024-05-15 05:00:00,3.32,4.12,254,256
2024-05-15 06:00:00,3.01,4.32,255,257
2024-05-15 07:00:00,2.89,4.92,256,257
2024-05-15 08:00:00,3.52,5.41,263,258
2024-05-15 09:00:00,4.41,4.02,266,264
2024-05-15 10:00:00,4.61,2.94,266,260
2024-05-15 11:00:00,4.32,3.52,265,263
2024-05-15 12:00:00,3.93,3.42,263,263
2024-05-15 13:00:00,3.85,3.41,261,265
2024-05-15 14:00:00,1.04,3.91,73,283
2024-05-15 15:00:00,3.83,2.7,57,268
2024-05-15 16:00:00,3.89,3.47,44,258
2024-05-15 17:00:00,3.94,4.22,36,265
2024-05-15 18:00:00,4.92,3.11,38,274
2024-05-15 19:00:00,4.89,3.14,31,261
2024-05-15 20:00:00,4.18,4.27,21,344
2024-05-15 21:00:00,4.59,3.85,20,28
2024-05-15 22:00:00,4.49,4.05,17,20
2024-05-15 23:00:00,4.32,3.31,355,357
2024-05-16 00:00:00,3.3,2.75,358,350
2024-05-16 01:00:00,3.73,4.21,340,342
2024-05-16 02:00:00,4.53,5.22,329,356
2024-05-16 03:00:00,4.24,3.51,317,340
2024-05-16 04:00:00,4.6,5.38,304,325
2024-05-16 05:00:00,5.13,4.12,303,321
2024-05-16 06:00:00,5.39,4.22,301,284
2024-05-16 07:00:00,6.11,5.12,302,287
2024-05-16 08:00:00,6.15,5.25,292,288
2024-05-16 09:00:00,5.94,4.94,306,302
2024-05-16 10:00:00,5.58,5.32,306,311
2024-05-16 11:00:00,5.54,5.94,309,314
2024-05-16 12:00:00,5.38,5.87,313,316
2024-05-16 13:00:00,4.96,5.75,312,310
2024-05-16 14:00:00,4.74,5.66,305,312
2024-05-16 15:00:00,4.69,5.19,304,310
2024-05-16 16:00:00,4.33,4.8,304,301
2024-05-16 17:00:00,2.86,4.52,324,288
2024-05-16 18:00:00,1.1,3.81,360,284
2024-05-16 19:00:00,1.2,3.4,270,268
2024-05-16 20:00:00,3.18,3.75,257,261
2024-05-16 21:00:00,4.85,5.16,262,261
2024-05-16 22:00:00,4.55,4.95,261,262
2024-05-16 23:00:00,4.59,4.39,259,258
2024-05-17 00:00:00,4.51,4.03,257,256
2024-05-17 01:00:00,4.32,3.96,257,254
2024-05-17 02:00:00,3.91,3.73,257,250
2024-05-17 03:00:00,4.22,3.36,256,247
2024-05-17 04:00:00,3.98,3.05,252,247
2024-05-17 05:00:00,3.77,3.45,248,248
2024-05-17 06:00:00,4.08,3.32,253,249
2024-05-17 07:00:00,5.04,3.29,256,250
2024-05-17 08:00:00,5.39,4.39,259,258
2024-05-17 09:00:00,5.15,5.23,262,263
2024-05-17 10:00:00,5.54,5.51,263,267
2024-05-17 11:00:00,6.07,5.71,261,266
2024-05-17 12:00:00,6.28,5.92,261,265
2024-05-17 13:00:00,6.28,6.04,261,263
2024-05-17 14:00:00,6.38,5.97,256,261
2024-05-17 15:00:00,6.43,5.73,255,258
2024-05-17 16:00:00,6.4,5.87,256,256
2024-05-17 17:00:00,6.62,6.28,255,256
2024-05-17 18:00:00,6.82,6.45,259,257
2024-05-17 19:00:00,6.4,6.32,260,259
2024-05-17 20:00:00,6.22,5.9,259,259
2024-05-17 21:00:00,5.46,5.85,262,257
2024-05-17 22:00:00,5.26,5.71,261,259
2024-05-17 23:00:00,5.26,5.36,261,261
2024-05-18 00:00:00,5.05,5.14,262,263
2024-05-18 01:00:00,5.25,4.95,262,262
2024-05-18 02:00:00,5.15,4.77,262,260
2024-05-18 03:00:00,5.14,4.98,263,260
2024-05-18 04:00:00,5.23,5.43,263,257
2024-05-18 05:00:00,5.15,5.94,262,257
2024-05-18 06:00:00,5.15,6.44,262,264
2024-05-18 07:00:00,5.54,6.44,263,264
2024-05-18 08:00:00,5.93,6.61,264,267
2024-05-18 09:00:00,5.71,6.02,267,265
2024-05-18 10:00:00,5.62,6.02,265,265
2024-05-18 11:00:00,5.46,5.94,262,263
2024-05-18 12:00:00,5.08,5.97,260,261
2024-05-18 13:00:00,4.81,5.79,258,260
2024-05-18 14:00:00,4.81,5.51,258,258
2024-05-18 15:00:00,4.81,5.24,258,257
2024-05-18 16:00:00,4.73,5.17,257,255
2024-05-18 17:00:00,4.73,5.26,257,256
2024-05-18 18:00:00,4.81,5.34,258,257
2024-05-18 19:00:00,4.69,5.28,259,260
2024-05-18 20:00:00,4.55,4.94,261,263
2024-05-18 21:00:00,3.73,4.92,262,265
2024-05-18 22:00:00,3.7,4.61,272,266
2024-05-18 23:00:00,3.41,4.21,267,266
2024-05-19 00:00:00,3.14,4.01,261,266
2024-05-19 01:00:00,3.24,4.0,261,269
2024-05-19 02:00:00,3.42,3.91,263,267
2024-05-19 03:00:00,3.34,3.82,261,264
2024-05-19 04:00:00,3.13,3.54,263,262
2024-05-19 05:00:00,2.94,3.24,260,261
2024-05-19 06:00:00,2.72,2.73,264,262
2024-05-19 07:00:00,2.3,2.61,270,266
2024-05-19 08:00:00,2.22,3.1,278,272
2024-05-19 09:00:00,1.48,2.93,298,278
2024-05-19 10:00:00,0.51,2.5,349,286
2024-05-19 11:00:00,1.02,1.49,79,290
2024-05-19 12:00:00,1.7,0.1,87,90
2024-05-19 13:00:00,1.8,0.1,90,90
2024-05-19 14:00:00,2.43,0.51,99,281
2024-05-19 15:00:00,2.37,1.55,118,255
2024-05-19 16:00:00,1.77,2.77,133,257
2024-05-19 17:00:00,0.8,3.24,180,261
2024-05-19 18:00:00,1.08,3.18,248,257
2024-05-19 19:00:00,1.71,3.35,249,260
2024-05-19 20:00:00,2.64,3.11,245,264
2024-05-19 21:00:00,2.84,2.83,260,262
2024-05-19 22:00:00,3.31,3.61,265,275
2024-05-19 23:00:00,3.44,3.5,262,268
2024-05-20 00:00:00,3.62,3.24,264,261
2024-05-20 01:00:00,3.55,3.51,260,265
2024-05-20 02:00:00,3.75,3.41,261,265
2024-05-20 03:00:00,3.83,3.51,263,265
2024-05-20 04:00:00,2.92,3.51,276,265
2024-05-20 05:00:00,2.9,3.8,270,268
2024-05-20 06:00:00,2.65,3.71,259,275
2024-05-20 07:00:00,3.11,2.98,266,284
2024-05-20 08:00:00,3.08,2.96,283,282
2024-05-20 09:00:00,3.28,2.86,282,282
2024-05-20 10:00:00,3.92,2.86,276,282
2024-05-20 11:00:00,4.0,2.73,273,278
2024-05-20 12:00:00,4.21,2.65,274,281
2024-05-20 13:00:00,4.6,2.61,271,274
2024-05-20 14:00:00,4.7,2.51,270,275
2024-05-20 15:00:00,4.4,2.3,270,268
2024-05-20 16:00:00,3.61,2.12,267,262
2024-05-20 17:00:00,2.92,2.52,264,263
2024-05-20 18:00:00,1.84,2.0,257,270
2024-05-20 19:00:00,0.32,0.91,162,264
2024-05-20 20:00:00,1.55,0.32,105,162
2024-05-20 21:00:00,1.6,1.46,90,106
2024-05-20 22:00:00,1.6,1.26,86,108
2024-05-20 23:00:00,1.4,1.22,86,125
2024-05-21 00:00:00,1.4,0.85,86,135
2024-05-21 01:00:00,1.3,1.39,86,120
2024-05-21 02:00:00,1.2,1.3,85,122
2024-05-21 03:00:00,1.51,1.56,82,130
2024-05-21 04:00:00,1.63,1.56,79,140
2024-05-21 05:00:00,1.6,1.5,90,143
2024-05-21 06:00:00,1.33,1.56,103,130
2024-05-21 07:00:00,1.6,1.58,94,125
2024-05-21 08:00:00,2.41,2.0,95,127
2024-05-21 09:00:00,2.1,2.33,93,115
2024-05-21 10:00:00,2.3,2.19,92,114
2024-05-21 11:00:00,2.51,2.31,95,108
2024-05-21 12:00:00,2.6,2.47,90,104
2024-05-21 13:00:00,2.63,2.82,81,96
2024-05-21 14:00:00,2.47,2.91,76,94
2024-05-21 15:00:00,2.33,2.69,80,105
2024-05-21 16:00:00,2.21,2.51,85,113
2024-05-21 17:00:00,1.8,2.0,90,127
2024-05-21 18:00:00,1.21,1.48,114,152
2024-05-21 19:00:00,1.34,1.24,153,194
2024-05-21 20:00:00,1.84,2.05,193,227
2024-05-21 21:00:00,1.91,2.06,223,231
2024-05-21 22:00:00,2.2,2.22,231,234
2024-05-21 23:00:00,2.11,2.11,239,239
2024-05-22 00:00:00,2.11,2.19,239,246
2024-05-22 01:00:00,2.38,2.19,248,246
2024-05-22 02:00:00,2.42,2.38,246,255
2024-05-22 03:00:00,2.02,2.38,261,248
2024-05-22 04:00:00,1.57,2.38,297,255
2024-05-22 05:00:00,1.22,2.31,305,252
2024-05-22 06:00:00,0.95,2.06,252,247
2024-05-22 07:00:00,0.81,1.9,210,252
2024-05-22 08:00:00,0.4,2.24,180,260
2024-05-22 09:00:00,1.8,2.01,251,264
2024-05-22 10:00:00,1.75,2.12,246,251
2024-05-22 11:00:00,1.96,2.09,255,253
2024-05-22 12:00:00,2.47,2.93,256,262
2024-05-22 13:00:00,2.89,3.44,256,262
2024-05-22 14:00:00,3.45,3.55,260,260
2024-05-22 15:00:00,3.45,3.69,260,257
2024-05-22 16:00:00,3.57,3.81,259,256
2024-05-22 17:00:00,3.49,3.83,257,255
2024-05-22 18:00:00,3.52,3.86,255,253
2024-05-22 19:00:00,3.64,3.98,254,252
2024-05-22 20:00:00,3.93,4.3,255,258
2024-05-22 21:00:00,4.22,3.26,265,252
2024-05-22 22:00:00,4.5,3.26,271,259
2024-05-22 23:00:00,4.2,3.34,270,261
2024-05-23 00:00:00,4.21,3.54,266,262
2024-05-23 01:00:00,4.11,3.92,266,264
2024-05-23 02:00:00,4.02,4.12,264,264
2024-05-23 03:00:00,3.81,4.21,265,266
2024-05-23 04:00:00,3.81,4.31,265,266
2024-05-23 05:00:00,3.82,4.32,264,265
2024-05-23 06:00:00,3.81,4.32,265,265
2024-05-23 07:00:00,3.9,4.4,269,267
2024-05-23 08:00:00,4.2,5.0,270,271
2024-05-23 09:00:00,4.4,4.5,271,271
2024-05-23 10:00:00,4.6,4.61,272,274
2024-05-23 11:00:00,4.71,4.72,274,275
2024-05-23 12:00:00,4.71,4.81,274,274
2024-05-23 13:00:00,4.81,4.91,274,274
2024-05-23 14:00:00,5.0,5.01,272,273
2024-05-23 15:00:00,5.0,4.9,270,271
2024-05-23 16:00:00,5.0,4.9,269,270
2024-05-23 17:00:00,5.2,5.0,272,269
2024-05-23 18:00:00,5.21,5.1,273,270
2024-05-23 19:00:00,4.9,5.0,272,269
2024-05-23 20:00:00,4.6,4.8,270,268
2024-05-23 21:00:00,4.51,4.54,266,262
2024-05-23 22:00:00,3.93,4.08,263,259
2024-05-23 23:00:00,3.26,3.88,259,258
2024-05-24 00:00:00,3.47,3.91,258,257
2024-05-24 01:00:00,3.26,4.06,259,260
2024-05-24 02:00:00,3.65,4.06,261,260
2024-05-24 03:00:00,3.45,4.36,260,261
2024-05-24 04:00:00,3.51,4.63,265,264
2024-05-24 05:00:00,2.92,4.5,276,267
2024-05-24 06:00:00,1.51,3.7,278,272
2024-05-24 07:00:00,1.22,2.92,351,276
2024-05-24 08:00:00,1.84,2.24,22,297
2024-05-24 09:00:00,2.42,1.94,52,305
2024-05-24 10:00:00,2.37,1.28,62,321
2024-05-24 11:00:00,2.47,0.67,58,27
2024-05-24 12:00:00,2.33,0.76,59,23
2024-05-24 13:00:00,1.92,0.5,62,307
2024-05-24 14:00:00,2.16,0.71,56,315
2024-05-24 15:00:00,2.51,0.45,61,333
2024-05-24 16:00:00,1.97,0.45,66,27
2024-05-24 17:00:00,2.04,0.45,79,27
2024-05-24 18:00:00,2.31,0.1,85,180
2024-05-24 19:00:00,2.02,0.14,99,135
2024-05-24 20:00:00,1.64,0.57,128,135
2024-05-24 21:00:00,2.06,1.86,129,126
2024-05-24 22:00:00,1.98,1.84,139,135
2024-05-24 23:00:00,1.78,1.72,142,144
2024-05-25 00:00:00,1.78,1.8,142,161
2024-05-25 01:00:00,1.84,1.93,151,159
2024-05-25 02:00:00,1.68,2.16,163,146
2024-05-25 03:00:00,1.93,2.25,159,159
2024-05-25 04:00:00,2.1,2.24,155,153
2024-05-25 05:00:00,2.46,2.5,153,143
2024-05-25 06:00:00,2.59,2.52,152,146
2024-05-25 07:00:00,2.92,2.69,149,149
2024-05-25 08:00:00,2.92,3.11,149,147
2024-05-25 09:00:00,3.0,2.84,143,141
2024-05-25 10:00:00,2.7,2.56,141,149
2024-05-25 11:00:00,2.82,2.19,157,156
2024-05-25 12:00:00,2.5,1.55,164,195
2024-05-25 13:00:00,1.8,1.77,180,227
2024-05-25 14:00:00,1.8,2.78,199,240
2024-05-25 15:00:00,2.48,3.49,220,246
2024-05-25 16:00:00,2.69,3.06,225,232
2024-05-25 17:00:00,2.69,3.11,225,228
2024-05-25 18:00:00,1.98,2.94,229,235
2024-05-25 19:00:00,1.66,2.16,237,236
2024-05-25 20:00:00,1.72,2.2,234,231
2024-05-25 21:00:00,2.65,2.41,191,228
2024-05-25 22:00:00,3.18,2.66,204,236
2024-05-25 23:00:00,3.19,2.66,212,236
2024-05-26 00:00:00,2.98,2.7,220,231
2024-05-26 01:00:00,2.9,2.94,226,235
2024-05-26 02:00:00,2.84,2.72,231,234
2024-05-26 03:00:00,2.64,2.64,233,241
2024-05-26 04:00:00,2.34,2.64,230,241
2024-05-26 05:00:00,2.33,2.58,223,234
2024-05-26 06:00:00,2.19,2.34,223,230
2024-05-26 07:00:00,2.5,2.33,233,227
2024-05-26 08:00:00,2.94,2.55,235,228
2024-05-26 09:00:00,4.36,2.64,233,233
2024-05-26 10:00:00,4.64,3.74,233,236
2024-05-26 11:00:00,4.76,4.25,231,229
2024-05-26 12:00:00,4.92,5.02,232,227
2024-05-26 13:00:00,5.35,5.48,237,232
2024-05-26 14:00:00,5.35,5.52,237,235
2024-05-26 15:00:00,5.44,5.61,234,230
2024-05-26 16:00:00,5.14,5.42,233,232
2024-05-26 17:00:00,4.84,5.14,232,233
2024-05-26 18:00:00,4.8,4.55,216,230
2024-05-26 19:00:00,5.61,4.03,220,226
2024-05-26 20:00:00,5.94,4.75,225,221
2024-05-26 21:00:00,6.59,5.95,228,222
2024-05-26 22:00:00,7.73,6.74,230,229
2024-05-26 23:00:00,8.78,7.38,240,237
2024-05-27 00:00:00,8.32,7.47,260,245
2024-05-27 01:00:00,7.62,8.07,265,236
2024-05-27 02:00:00,8.37,8.3,262,261
2024-05-27 03:00:00,9.25,8.11,264,267
2024-05-27 04:00:00,9.72,8.12,261,260
2024-05-27 05:00:00,9.96,8.81,264,261
2024-05-27 06:00:00,9.58,9.14,263,260
2024-05-27 07:00:00,9.27,9.34,263,260
2024-05-27 08:00:00,8.64,9.9,265,262
2024-05-27 09:00:00,8.4,10.2,270,262
2024-05-27 10:00:00,8.8,9.52,271,261
2024-05-27 11:00:00,8.81,9.07,273,263
2024-05-27 12:00:00,8.6,8.52,271,266
2024-05-27 13:00:00,8.3,8.2,271,269
2024-05-27 14:00:00,8.1,7.6,271,269
2024-05-27 15:00:00,7.8,7.2,270,270
2024-05-27 16:00:00,7.4,6.7,270,271
2024-05-27 17:00:00,6.8,6.43,272,275
2024-05-27 18:00:00,6.21,6.33,273,275
2024-05-27 19:00:00,5.91,6.72,274,274
2024-05-27 20:00:00,5.69,6.35,280,277
2024-05-27 21:00:00,5.46,6.04,278,277
2024-05-27 22:00:00,5.67,5.82,279,275
2024-05-27 23:00:00,5.77,5.14,279,277
2024-05-28 00:00:00,5.02,4.03,283,277
2024-05-28 01:00:00,4.71,3.47,282,282
2024-05-28 02:00:00,4.54,1.99,278,288
2024-05-28 03:00:00,3.82,2.82,276,337
2024-05-28 04:00:00,3.06,3.54,281,16
2024-05-28 05:00:00,2.4,4.2,287,38
2024-05-28 06:00:00,1.89,4.74,302,46
2024-05-28 07:00:00,3.61,4.48,346,39
2024-05-28 08:00:00,3.99,4.1,22,34
2024-05-28 09:00:00,4.76,4.74,51,35
2024-05-28 10:00:00,4.74,5.16,48,44
2024-05-28 11:00:00,4.64,4.88,37,46
2024-05-28 12:00:00,5.4,4.48,39,39
2024-05-28 13:00:00,5.48,4.33,38,34
2024-05-28 14:00:00,5.2,4.1,38,34
2024-05-28 15:00:00,4.64,3.47,37,33
2024-05-28 16:00:00,3.97,2.61,34,32
2024-05-28 17:00:00,3.16,2.11,18,31
2024-05-28 18:00:00,2.4,1.17,2,59
2024-05-28 19:00:00,1.25,0.91,331,174
2024-05-28 20:00:00,1.56,1.77,320,227
2024-05-28 21:00:00,1.42,1.86,321,234
2024-05-28 22:00:00,1.28,2.79,309,249
2024-05-28 23:00:00,1.7,3.48,267,252
2024-05-29 00:00:00,1.8,3.71,236,256
2024-05-29 01:00:00,2.42,3.61,246,251
2024-05-29 02:00:00,3.24,3.26,261,252
2024-05-29 03:00:00,3.16,3.07,259,251
2024-05-29 04:00:00,3.16,3.26,259,252
2024-05-29 05:00:00,2.98,3.1,256,255
2024-05-29 06:00:00,2.89,2.98,256,256
2024-05-29 07:00:00,2.79,3.03,255,262
2024-05-29 08:00:00,3.21,3.8,265,268
2024-05-29 09:00:00,3.26,3.7,281,272
2024-05-29 10:00:00,3.65,4.1,279,269
2024-05-29 11:00:00,3.52,4.2,277,271
2024-05-29 12:00:00,3.4,4.5,272,271
2024-05-29 13:00:00,3.5,5.0,270,268
2024-05-29 14:00:00,3.75,4.9,261,268
2024-05-29 15:00:00,4.03,5.02,256,265
2024-05-29 16:00:00,4.18,5.11,259,267
2024-05-29 17:00:00,3.98,5.11,258,267
2024-05-29 18:00:00,3.69,5.0,257,269
2024-05-29 19:00:00,3.32,5.0,254,270
2024-05-29 20:00:00,3.35,4.9,260,272
2024-05-29 21:00:00,3.47,4.0,258,271
2024-05-29 22:00:00,3.42,3.01,263,264
2024-05-29 23:00:00,3.62,3.22,264,263
2024-05-30 00:00:00,3.71,3.04,265,261
2024-05-30 01:00:00,3.41,3.21,265,265
2024-05-30 02:00:00,3.31,3.0,267,272
2024-05-30 03:00:00,3.13,2.7,263,268
2024-05-30 04:00:00,2.06,2.71,256,266
2024-05-30 05:00:00,2.21,2.93,252,262
2024-05-30 06:00:00,2.57,2.06,257,256
2024-05-30 07:00:00,2.14,1.87,259,254
2024-05-30 08:00:00,2.4,2.4,270,272
2024-05-30 09:00:00,1.8,2.21,267,288
2024-05-30 10:00:00,1.5,2.02,270,290
2024-05-30 11:00:00,0.82,1.84,284,292
2024-05-30 12:00:00,0.67,0.6,243,360
2024-05-30 13:00:00,1.5,0.41,266,346
2024-05-30 14:00:00,2.15,0.71,298,82
2024-05-30 15:00:00,0.73,1.81,344,96
2024-05-30 16:00:00,0.5,2.1,360,90
2024-05-30 17:00:00,1.26,1.34,108,117
2024-05-30 18:00:00,0.5,1.3,127,113
2024-05-30 19:00:00,1.42,1.0,141,143
2024-05-30 20:00:00,1.33,1.75,167,156
2024-05-30 21:00:00,1.33,1.51,193,188
2024-05-30 22:00:00,1.52,0.73,203,164
2024-05-30 23:00:00,1.66,1.26,213,198
2024-05-31 00:00:00,1.72,1.36,234,197
2024-05-31 01:00:00,1.84,1.3,229,212
2024-05-31 02:00:00,2.01,1.42,243,219
2024-05-31 03:00:00,1.97,1.66,246,213
2024-05-31 04:00:00,1.71,1.42,249,219
2024-05-31 05:00:00,1.71,0.78,249,320
2024-05-31 06:00:00,1.43,1.3,258,32
2024-05-31 07:00:00,1.2,0.92,265,77
2024-05-31 08:00:00,1.39,0.81,291,60
2024-05-31 09:00:00,1.94,1.49,282,340
2024-05-31 10:00:00,2.42,1.34,277,333
2024-05-31 11:00:00,2.21,0.61,265,351
2024-05-31 12:00:00,2.31,0.41,265,14
2024-05-31 13:00:00,2.6,0.28,268,45
2024-05-31 14:00:00,3.31,0.2,267,90
2024-05-31 15:00:00,3.47,0.41,258,194
2024-05-31 16:00:00,3.57,0.81,259,263
2024-05-31 17:00:00,3.73,1.26,262,252
2024-05-31 18:00:00,3.91,1.03,267,241
2024-05-31 19:00:00,2.71,1.08,274,214
2024-05-31 20:00:00,2.52,1.52,277,203
2024-05-31 21:00:00,4.6,2.96,270,258
2024-05-31 22:00:00,4.61,3.03,266,262
2024-05-31 23:00:00,4.04,3.16,261,259
2024-06-01 00:00:00,3.74,3.34,254,261
2024-06-01 01:00:00,4.44,3.32,256,263
2024-06-01 02:00:00,4.3,3.51,258,267
2024-06-01 03:00:00,4.84,3.24,263,261
2024-06-01 04:00:00,4.9,2.94,272,260
2024-06-01 05:00:00,4.41,2.75,274,260
2024-06-01 06:00:00,3.81,2.5,273,268
2024-06-01 07:00:00,3.54,2.67,278,283
2024-06-01 08:00:00,3.2,2.69,284,285
2024-06-01 09:00:00,2.64,2.88,307,304
2024-06-01 10:00:00,3.01,2.22,356,324
2024-06-01 11:00:00,2.4,1.68,343,343
2024-06-01 12:00:00,2.77,1.22,334,35
2024-06-01 13:00:00,2.64,1.43,335,65
2024-06-01 14:00:00,1.36,1.61,343,7
2024-06-01 15:00:00,1.75,1.73,13,350
2024-06-01 16:00:00,1.98,1.71,41,353
2024-06-01 17:00:00,1.77,2.06,47,346
2024-06-01 18:00:00,1.72,1.79,36,333
2024-06-01 19:00:00,1.03,1.5,29,323
2024-06-01 20:00:00,0.81,0.72,277,304
2024-06-01 21:00:00,0.76,0.85,293,291
2024-06-01 22:00:00,1.43,2.0,245,233
2024-06-01 23:00:00,2.11,1.94,239,235
2024-06-02 00:00:00,2.73,1.93,246,249
2024-06-02 01:00:00,2.62,1.71,252,263
2024-06-02 02:00:00,2.8,1.35,268,312
2024-06-02 03:00:00,2.04,1.33,259,283
2024-06-02 04:00:00,2.15,2.02,248,261
2024-06-02 05:00:00,2.77,2.2,257,267
2024-06-02 06:00:00,2.91,2.22,254,262
2024-06-02 07:00:00,2.63,2.38,261,285
2024-06-02 08:00:00,2.81,2.52,266,304
2024-06-02 09:00:00,3.0,1.84,268,315
2024-06-02 10:00:00,3.37,1.27,282,315
2024-06-02 11:00:00,3.67,0.54,287,338
2024-06-02 12:00:00,2.79,1.12,291,80
2024-06-02 13:00:00,1.17,3.31,329,65
2024-06-02 14:00:00,2.82,3.32,67,74
2024-06-02 15:00:00,2.91,3.42,63,69
2024-06-02 16:00:00,2.86,3.22,65,64
2024-06-02 17:00:00,2.64,2.82,65,63
2024-06-02 18:00:00,2.25,2.69,69,68
2024-06-02 19:00:00,1.93,2.44,69,71
2024-06-02 20:00:00,1.43,2.34,78,70
2024-06-02 21:00:00,0.6,1.13,90,45
2024-06-02 22:00:00,0.5,0.3,90,180
2024-06-02 23:00:00,1.84,0.22,248,297
2024-06-03 00:00:00,1.39,0.91,240,6
2024-06-03 01:00:00,1.36,1.49,253,20
2024-06-03 02:00:00,1.49,1.56,250,45
2024-06-03 03:00:00,1.36,1.7,253,62
2024-06-03 04:00:00,1.2,1.79,275,63
2024-06-03 05:00:00,1.06,2.37,319,62
2024-06-03 06:00:00,1.68,2.25,17,58
2024-06-03 07:00:00,1.06,2.25,49,58
2024-06-03 08:00:00,1.84,2.72,41,54
2024-06-03 09:00:00,2.2,2.88,51,70
2024-06-03 10:00:00,2.48,2.86,47,65
2024-06-03 11:00:00,2.84,2.78,39,60
2024-06-03 12:00:00,3.24,2.8,34,55
2024-06-03 13:00:00,3.31,2.86,25,54
2024-06-03 14:00:00,3.32,2.91,16,49
2024-06-03 15:00:00,3.49,2.83,24,45
2024-06-03 16:00:00,3.38,2.76,34,44
2024-06-03 17:00:00,2.84,2.62,39,43
2024-06-03 18:00:00,2.19,2.41,43,48
2024-06-03 19:00:00,1.2,1.77,42,47
2024-06-03 20:00:00,1.57,1.17,27,59
2024-06-03 21:00:00,1.84,1.94,49,12
2024-06-03 22:00:00,2.05,2.1,43,25
2024-06-03 23:00:00,2.08,2.22,35,36
2024-06-04 00:00:00,2.06,2.11,29,31
2024-06-04 01:00:00,2.01,2.06,27,29
2024-06-04 02:00:00,2.06,2.15,29,22
2024-06-04 03:00:00,2.25,2.02,32,20
2024-06-04 04:00:00,2.55,2.14,45,37
2024-06-04 05:00:00,2.55,2.42,45,52
2024-06-04 06:00:00,2.41,2.44,42,55
2024-06-04 07:00:00,1.44,1.77,34,74
2024-06-04 08:00:00,2.2,1.34,30,63
2024-06-04 09:00:00,2.58,2.19,54,47
2024-06-04 10:00:00,2.72,2.4,54,45
2024-06-04 11:00:00,2.94,2.55,55,45
2024-06-04 12:00:00,2.97,2.69,57,45
2024-06-04 13:00:00,3.11,2.62,57,50
2024-06-04 14:00:00,2.88,2.55,56,64
2024-06-04 15:00:00,2.75,2.62,57,72
2024-06-04 16:00:00,2.51,2.26,61,77
2024-06-04 17:00:00,2.06,1.4,76,86
2024-06-04 18:00:00,1.4,0.72,94,124
2024-06-04 19:00:00,1.21,0.73,156,164
2024-06-04 20:00:00,2.14,2.47,169,194
2024-06-04 21:00:00,2.18,2.2,196,210
2024-06-04 22:00:00,2.2,1.98,231,221
2024-06-04 23:00:00,2.12,2.3,225,236
2024-06-05 00:00:00,2.14,2.59,233,242
2024-06-05 01:00:00,2.0,2.42,233,246
2024-06-05 02:00:00,2.2,2.24,240,243
2024-06-05 03:00:00,2.11,2.02,239,237
2024-06-05 04:00:00,1.84,1.98,229,221
2024-06-05 05:00:00,1.91,1.86,223,216
2024-06-05 06:00:00,1.7,1.84,220,221
2024-06-05 07:00:00,0.5,0.64,233,231
2024-06-05 08:00:00,0.57,1.0,225,264
2024-06-05 09:00:00,0.67,0.78,27,130
2024-06-05 10:00:00,1.21,0.92,66,77
2024-06-05 11:00:00,2.14,1.91,79,84
2024-06-05 12:00:00,2.61,2.4,86,92
2024-06-05 13:00:00,2.6,2.5,92,90
2024-06-05 14:00:00,2.61,2.6,94,88
2024-06-05 15:00:00,2.63,2.91,99,86
2024-06-05 16:00:00,2.64,2.8,115,92
2024-06-05 17:00:00,2.41,2.33,138,115
2024-06-05 18:00:00,1.66,1.36,155,144
2024-06-05 19:00:00,1.39,1.0,201,180
2024-06-05 20:00:00,1.97,1.75,204,211
2024-06-05 21:00:00,1.71,1.93,187,201
2024-06-05 22:00:00,2.02,2.15,189,208
2024-06-05 23:00:00,1.96,2.11,195,211
2024-06-06 00:00:00,2.12,1.89,199,212
2024-06-06 01:00:00,2.22,1.78,216,218
2024-06-06 02:00:00,2.13,1.7,221,230
2024-06-06 03:00:00,1.72,1.92,216,231
2024-06-06 04:00:00,1.42,1.64,219,232
2024-06-06 05:00:00,0.98,1.94,246,235
2024-06-06 06:00:00,1.36,1.35,216,222
2024-06-06 07:00:00,0.64,0.71,231,225
2024-06-06 08:00:00,0.76,0.32,113,342
2024-06-06 09:00:00,1.49,0.89,110,117
2024-06-06 10:00:00,1.99,1.78,108,128
2024-06-06 11:00:00,2.51,2.77,113,131
2024-06-06 12:00:00,2.56,3.04,111,134
2024-06-06 13:00:00,2.79,2.78,105,128
2024-06-06 14:00:00,3.16,2.62,108,137
2024-06-06 15:00:00,3.38,2.75,124,161
2024-06-06 16:00:00,2.69,2.7,121,178
2024-06-06 17:00:00,2.28,2.5,113,178
2024-06-06 18:00:00,1.64,1.91,128,174
2024-06-06 19:00:00,1.34,1.73,153,190
2024-06-06 20:00:00,1.65,1.84,194,202
2024-06-06 21:00:00,1.71,1.94,187,215
2024-06-06 22:00:00,1.79,2.28,207,218
2024-06-06 23:00:00,2.05,3.04,227,226
2024-06-07 00:00:00,2.3,3.22,236,240
2024-06-07 01:00:00,2.64,3.29,245,250
2024-06-07 02:00:00,2.34,2.75,250,251
2024-06-07 03:00:00,2.06,2.84,256,260
2024-06-07 04:00:00,2.52,2.92,263,264
2024-06-07 05:00:00,2.53,2.43,261,261
2024-06-07 06:00:00,2.12,2.14,262,259
2024-06-07 07:00:00,1.55,2.21,285,265
2024-06-07 08:00:00,1.14,2.61,322,274
2024-06-07 09:00:00,1.21,1.9,294,288
2024-06-07 10:00:00,0.42,1.3,315,293
2024-06-07 11:00:00,0.95,0.8,108,90
2024-06-07 12:00:00,1.52,1.33,113,103
2024-06-07 13:00:00,2.12,1.1,98,85
2024-06-07 14:00:00,2.21,0.41,95,346
2024-06-07 15:00:00,1.02,1.14,169,322
2024-06-07 16:00:00,1.7,0.72,225,304
2024-06-07 17:00:00,1.66,1.3,213,266
2024-06-07 18:00:00,1.56,2.24,225,260
2024-06-07 19:00:00,1.98,2.72,225,253
2024-06-07 20:00:00,2.41,2.32,222,263
2024-06-07 21:00:00,2.4,2.69,225,255
2024-06-07 22:00:00,3.69,2.53,221,261
2024-06-07 23:00:00,3.36,2.43,233,261
2024-06-08 00:00:00,3.22,2.52,244,263
2024-06-08 01:00:00,3.23,2.5,248,254
2024-06-08 02:00:00,2.64,2.34,245,250
2024-06-08 03:00:00,1.79,2.38,243,248
2024-06-08 04:00:00,1.84,2.19,225,246
2024-06-08 05:00:00,2.91,1.97,221,240
2024-06-08 06:00:00,3.4,1.84,227,241
2024-06-08 07:00:00,3.61,1.49,228,250
2024-06-08 08:00:00,3.62,1.84,231,257
2024-06-08 09:00:00,3.86,3.76,233,230
2024-06-08 10:00:00,3.97,3.86,236,233
2024-06-08 11:00:00,4.58,3.94,234,240
2024-06-08 12:00:00,4.29,3.94,242,240
2024-06-08 13:00:00,4.83,3.81,246,240
2024-06-08 14:00:00,4.2,3.76,245,245
2024-06-08 15:00:00,3.67,3.2,253,256
2024-06-08 16:00:00,3.53,3.45,245,260
2024-06-08 17:00:00,3.27,3.49,247,257
2024-06-08 18:00:00,3.58,3.48,247,252
2024-06-08 19:00:00,3.44,3.27,244,247
2024-06-08 20:00:00,3.68,2.94,248,252
2024-06-08 21:00:00,4.05,3.58,237,247
2024-06-08 22:00:00,4.35,3.79,247,252
2024-06-08 23:00:00,4.53,3.52,248,255
2024-06-09 00:00:00,4.46,3.52,250,255
2024-06-09 01:00:00,4.32,3.77,257,259
2024-06-09 02:00:00,3.85,3.98,261,258
2024-06-09 03:00:00,3.41,4.23,267,263
2024-06-09 04:00:00,3.0,4.4,270,267
2024-06-09 05:00:00,3.1,4.4,270,269
2024-06-09 06:00:00,3.52,4.1,263,267
2024-06-09 07:00:00,3.3,3.7,268,272
2024-06-09 08:00:00,2.81,3.4,266,270
2024-06-09 09:00:00,1.6,0.42,270,315
2024-06-09 10:00:00,1.7,0.71,273,262
2024-06-09 11:00:00,1.73,1.51,280,262
2024-06-09 12:00:00,1.36,2.24,287,260
2024-06-09 13:00:00,1.21,2.82,294,253
2024-06-09 14:00:00,1.12,3.16,297,252
2024-06-09 15:00:00,1.61,3.38,277,251
2024-06-09 16:00:00,2.5,3.07,272,251
2024-06-09 17:00:00,2.7,3.16,268,259
2024-06-09 18:00:00,2.65,3.34,259,261
2024-06-09 19:00:00,2.91,3.45,254,260
2024-06-09 20:00:00,3.1,3.63,255,262
2024-06-09 21:00:00,2.75,2.93,260,262
2024-06-09 22:00:00,2.91,3.03,254,262
2024-06-09 23:00:00,3.04,3.22,253,263
2024-06-10 00:00:00,2.97,3.44,250,262
2024-06-10 01:00:00,3.07,3.75,251,261
2024-06-10 02:00:00,3.59,4.0,257,257
2024-06-10 03:00:00,3.95,3.98,261,258
2024-06-10 04:00:00,4.01,3.95,266,261
2024-06-10 05:00:00,3.8,3.85,268,261
2024-06-10 06:00:00,3.8,3.82,270,264
2024-06-10 07:00:00,3.9,4.0,270,267
2024-06-10 08:00:00,4.1,4.0,269,269
2024-06-10 09:00:00,4.7,5.22,270,265
2024-06-10 10:00:00,4.91,4.93,266,264
2024-06-10 11:00:00,4.52,4.74,265,263
2024-06-10 12:00:00,4.53,4.95,264,262
2024-06-10 13:00:00,4.65,4.64,261,263
2024-06-10 14:00:00,4.88,4.53,259,264
2024-06-10 15:00:00,4.98,4.53,260,264
2024-06-10 16:00:00,4.79,4.5,259,269
2024-06-10 17:00:00,4.46,4.2,261,270
2024-06-10 18:00:00,4.36,3.5,261,268
2024-06-10 19:00:00,4.18,2.82,259,264
2024-06-10 20:00:00,3.95,2.52,261,263
2024-06-10 21:00:00,4.9,3.7,258,270
2024-06-10 22:00:00,4.57,3.72,260,276
2024-06-10 23:00:00,4.04,3.2,261,272
2024-06-11 00:00:00,3.82,3.0,264,270
2024-06-11 01:00:00,3.52,3.21,263,274
2024-06-11 02:00:00,3.51,3.31,267,273
2024-06-11 03:00:00,3.4,3.11,270,274
2024-06-11 04:00:00,3.1,2.6,272,270
2024-06-11 05:00:00,2.8,2.42,272,263
2024-06-11 06:00:00,2.81,2.51,274,265
2024-06-11 07:00:00,2.83,2.9,278,272
2024-06-11 08:00:00,3.2,3.0,270,270
2024-06-11 09:00:00,2.62,3.2,277,272
2024-06-11 10:00:00,2.34,3.6,290,272
2024-06-11 11:00:00,2.19,3.81,294,275
2024-06-11 12:00:00,2.19,3.82,294,276
2024-06-11 13:00:00,2.31,3.82,288,276
2024-06-11 14:00:00,2.75,3.71,280,275
2024-06-11 15:00:00,3.51,3.71,273,273
2024-06-11 16:00:00,3.81,3.7,273,270
2024-06-11 17:00:00,4.0,3.7,267,272
2024-06-11 18:00:00,4.3,3.71,267,273
2024-06-11 19:00:00,4.0,3.7,269,268
2024-06-11 20:00:00,3.31,3.51,267,267
2024-06-11 21:00:00,2.91,3.31,266,267
2024-06-11 22:00:00,2.93,3.11,262,266
2024-06-11 23:00:00,3.04,2.93,261,262
2024-06-12 00:00:00,3.26,3.31,259,265
2024-06-12 01:00:00,3.18,3.22,257,263
2024-06-12 02:00:00,2.98,3.21,256,265
2024-06-12 03:00:00,3.01,2.75,255,260
2024-06-12 04:00:00,3.2,2.25,256,249
2024-06-12 05:00:00,3.26,2.09,259,253
2024-06-12 06:00:00,2.86,1.81,258,264
2024-06-12 07:00:00,2.91,1.61,266,263
2024-06-12 08:00:00,3.3,1.81,272,276
2024-06-12 09:00:00,3.51,3.14,275,279
2024-06-12 10:00:00,3.41,3.47,275,282
2024-06-12 11:00:00,3.74,3.37,286,282
2024-06-12 12:00:00,3.61,2.6,284,286
2024-06-12 13:00:00,3.2,2.16,284,283
2024-06-12 14:00:00,3.22,2.21,277,275
2024-06-12 15:00:00,3.41,2.7,273,270
2024-06-12 16:00:00,3.1,3.31,270,275
2024-06-12 17:00:00,2.5,3.31,270,273
2024-06-12 18:00:00,2.4,2.92,268,276
2024-06-12 19:00:00,2.51,2.0,265,270
2024-06-12 20:00:00,2.43,2.26,261,257
2024-06-12 21:00:00,2.31,3.35,252,260
2024-06-12 22:00:00,2.79,3.44,255,262
2024-06-12 23:00:00,2.94,3.51,260,267
2024-06-13 00:00:00,3.0,3.5,270,268
2024-06-13 01:00:00,2.71,3.0,274,270
2024-06-13 02:00:00,2.24,2.72,260,264
2024-06-13 03:00:00,2.06,2.77,241,257
2024-06-13 04:00:00,2.25,2.86,238,258
2024-06-13 05:00:00,2.2,2.94,240,260
2024-06-13 06:00:00,2.28,3.04,247,261
2024-06-13 07:00:00,2.09,2.92,253,264
2024-06-13 08:00:00,2.61,2.91,266,266
2024-06-13 09:00:00,2.33,3.11,295,274
2024-06-13 10:00:00,1.98,3.13,311,277
2024-06-13 11:00:00,1.48,2.94,332,280
2024-06-13 12:00:00,0.98,2.75,336,280
2024-06-13 13:00:00,0.22,2.43,207,279
2024-06-13 14:00:00,0.2,2.52,270,277
2024-06-13 15:00:00,0.54,2.8,22,272
2024-06-13 16:00:00,0.4,2.91,360,274
2024-06-13 17:00:00,0.94,2.6,302,268
2024-06-13 18:00:00,0.81,2.02,240,261
2024-06-13 19:00:00,1.48,1.77,242,254
2024-06-13 20:00:00,2.02,1.92,250,242
2024-06-13 21:00:00,1.8,2.73,199,262
2024-06-13 22:00:00,2.16,2.4,214,253
2024-06-13 23:00:00,2.2,2.33,210,245
2024-06-14 00:00:00,2.13,2.79,221,255
2024-06-14 01:00:00,2.05,3.18,227,257
2024-06-14 02:00:00,1.98,3.32,229,263
2024-06-14 03:00:00,1.91,3.3,227,256
2024-06-14 04:00:00,1.94,3.01,215,249
2024-06-14 05:00:00,2.13,3.04,221,253
2024-06-14 06:00:00,2.06,2.77,231,257
2024-06-14 07:00:00,2.15,2.45,242,258
2024-06-14 08:00:00,2.4,2.55,253,259
2024-06-14 09:00:00,2.94,2.4,260,268
2024-06-14 10:00:00,2.77,1.43,257,245
2024-06-14 11:00:00,2.2,1.84,240,229
2024-06-14 12:00:00,1.56,1.72,220,216
2024-06-14 13:00:00,2.02,2.06,99,231
2024-06-14 14:00:00,2.73,2.33,98,211
2024-06-14 15:00:00,1.89,2.88,148,214
2024-06-14 16:00:00,2.61,3.22,176,216
2024-06-14 17:00:00,2.69,2.75,195,213
2024-06-14 18:00:00,2.33,2.41,205,222
2024-06-14 19:00:00,2.13,2.05,221,227
2024-06-14 20:00:00,2.2,2.11,210,211
2024-06-14 21:00:00,2.77,3.51,221,200
2024-06-14 22:00:00,3.55,3.75,220,222
2024-06-14 23:00:00,3.62,3.55,231,248
2024-06-15 00:00:00,3.37,3.85,258,261
2024-06-15 01:00:00,3.11,3.63,264,262
2024-06-15 02:00:00,2.79,3.54,249,262
2024-06-15 03:00:00,2.79,3.32,249,263
2024-06-15 04:00:00,2.56,3.72,249,264
2024-06-15 05:00:00,2.89,2.84,256,260
2024-06-15 06:00:00,3.08,3.47,257,258
2024-06-15 07:00:00,3.13,3.41,263,267
2024-06-15 08:00:00,3.24,4.1,261,273
2024-06-15 09:00:00,3.31,3.42,273,263
2024-06-15 10:00:00,3.61,3.31,275,267
2024-06-15 11:00:00,3.42,3.21,263,265
2024-06-15 12:00:00,3.34,3.14,261,261
2024-06-15 13:00:00,3.4,2.51,270,247
2024-06-15 14:00:00,2.2,2.16,273,214
2024-06-15 15:00:00,2.18,3.23,254,254
2024-06-15 16:00:00,2.47,3.1,256,249
2024-06-15 17:00:00,3.0,2.82,268,253
2024-06-15 18:00:00,3.04,3.1,261,270
2024-06-15 19:00:00,3.45,3.21,253,274
2024-06-15 20:00:00,4.03,3.2,256,268
2024-06-15 21:00:00,4.24,3.83,262,263
2024-06-15 22:00:00,4.75,3.65,262,261
2024-06-15 23:00:00,4.42,3.95,265,261
2024-06-16 00:00:00,4.3,4.21,269,266
2024-06-16 01:00:00,4.51,4.71,274,266
2024-06-16 02:00:00,4.5,4.7,273,272
2024-06-16 03:00:00,4.23,4.53,277,276
2024-06-16 04:00:00,3.72,4.12,276,276
2024-06-16 05:00:00,3.41,3.6,275,272
2024-06-16 06:00:00,3.3,3.41,270,273
2024-06-16 07:00:00,3.6,3.51,272,275
2024-06-16 08:00:00,4.0,3.6,273,272
2024-06-16 09:00:00,4.23,3.81,277,273
2024-06-16 10:00:00,4.03,3.7,277,272
2024-06-16 11:00:00,4.22,3.82,275,276
2024-06-16 12:00:00,4.44,3.63,278,278
2024-06-16 13:00:00,4.34,3.5,278,272
2024-06-16 14:00:00,4.18,3.1,281,272
2024-06-16 15:00:00,4.02,2.91,276,266
2024-06-16 16:00:00,3.8,3.42,270,263
2024-06-16 17:00:00,3.51,3.75,267,261
2024-06-16 18:00:00,3.31,3.69,265,257
2024-06-16 19:00:00,3.23,3.61,254,256
2024-06-16 20:00:00,3.54,3.57,254,259
2024-06-16 21:00:00,3.96,3.9,260,270
2024-06-16 22:00:00,3.81,4.03,265,263
2024-06-16 23:00:00,3.85,4.13,261,263
2024-06-17 00:00:00,3.88,3.81,258,267
2024-06-17 01:00:00,3.59,3.41,257,273
2024-06-17 02:00:00,3.57,3.3,259,272
2024-06-17 03:00:00,3.35,3.2,260,268
2024-06-17 04:00:00,3.52,2.96,263,258
2024-06-17 05:00:00,3.72,2.77,264,257
2024-06-17 06:00:00,3.8,2.86,268,258
2024-06-17 07:00:00,3.85,2.93,279,262
2024-06-17 08:00:00,3.95,3.5,279,270
2024-06-17 09:00:00,4.73,4.96,276,279
2024-06-17 10:00:00,4.83,5.08,276,280
2024-06-17 11:00:00,4.67,4.88,280,281
2024-06-17 12:00:00,4.73,4.55,276,279
2024-06-17 13:00:00,4.81,4.53,274,276
2024-06-17 14:00:00,4.7,4.6,269,272
2024-06-17 15:00:00,4.6,4.6,269,269
2024-06-17 16:00:00,4.73,4.62,264,265
2024-06-17 17:00:00,4.71,4.77,266,260
2024-06-17 18:00:00,4.8,4.96,268,261
2024-06-17 19:00:00,4.71,5.06,266,261
2024-06-17 20:00:00,4.72,4.62,265,265
2024-06-17 21:00:00,4.02,4.2,264,273
2024-06-17 22:00:00,3.91,4.03,267,263
2024-06-17 23:00:00,3.62,3.9,264,269
2024-06-18 00:00:00,3.37,3.71,258,267
2024-06-18 01:00:00,3.18,3.51,257,267
2024-06-18 02:00:00,2.86,3.34,258,261
2024-06-18 03:00:00,2.73,3.28,262,258
2024-06-18 04:00:00,2.8,3.34,268,261
2024-06-18 05:00:00,3.2,3.16,270,259
2024-06-18 06:00:00,3.5,3.04,268,261
2024-06-18 07:00:00,3.21,2.9,274,270
2024-06-18 08:00:00,3.14,3.34,279,279
2024-06-18 09:00:00,3.0,4.05,296,286
2024-06-18 10:00:00,2.58,3.49,306,297
2024-06-18 11:00:00,2.48,2.88,310,304
2024-06-18 12:00:00,2.44,2.51,305,299
2024-06-18 13:00:00,1.84,2.96,311,282
2024-06-18 14:00:00,0.94,3.81,328,267
2024-06-18 15:00:00,0.72,4.2,326,267
2024-06-18 16:00:00,1.7,4.3,270,271
2024-06-18 17:00:00,2.75,4.5,260,271
2024-06-18 18:00:00,3.16,4.5,259,270
2024-06-18 19:00:00,3.1,4.61,255,266
2024-06-18 20:00:00,3.35,4.62,260,265
2024-06-18 21:00:00,3.51,3.93,265,263
2024-06-18 22:00:00,3.73,3.77,262,259
2024-06-18 23:00:00,3.55,3.61,260,256
2024-06-19 00:00:00,3.4,3.67,256,253
2024-06-19 01:00:00,3.54,4.08,254,253
2024-06-19 02:00:00,3.83,4.11,255,252
2024-06-19 03:00:00,3.71,3.98,256,252
2024-06-19 04:00:00,3.57,3.71,259,256
2024-06-19 05:00:00,3.44,3.47,262,258
2024-06-19 06:00:00,3.21,3.04,265,261
2024-06-19 07:00:00,3.11,2.7,276,272
2024-06-19 08:00:00,3.29,3.03,290,278
2024-06-19 09:00:00,2.15,3.1,292,285
2024-06-19 10:00:00,1.34,3.18,297,283
2024-06-19 11:00:00,0.81,2.96,300,282
2024-06-19 12:00:00,1.0,2.38,270,285
2024-06-19 13:00:00,1.6,1.71,266,277
2024-06-19 14:00:00,2.33,1.7,280,270
2024-06-19 15:00:00,2.9,2.6,272,270
2024-06-19 16:00:00,2.92,3.21,264,265
2024-06-19 17:00:00,2.81,3.16,266,259
2024-06-19 18:00:00,2.63,2.45,261,258
2024-06-19 19:00:00,2.77,2.25,257,249
2024-06-19 20:00:00,2.96,2.69,258,248
2024-06-19 21:00:00,2.47,2.34,249,250
2024-06-19 22:00:00,2.38,2.25,255,249
2024-06-19 23:00:00,2.09,2.38,253,248
2024-06-20 00:00:00,1.81,2.75,264,251
2024-06-20 01:00:00,1.94,2.94,258,252
2024-06-20 02:00:00,2.38,2.77,255,244
2024-06-20 03:00:00,2.06,2.59,241,242
2024-06-20 04:00:00,1.66,2.33,245,239
2024-06-20 05:00:00,1.25,1.77,241,227
2024-06-20 06:00:00,0.73,1.35,254,222
2024-06-20 07:00:00,0.2,1.14,180,218
2024-06-20 08:00:00,0.99,1.12,135,190
2024-06-20 09:00:00,2.14,2.11,127,149
2024-06-20 10:00:00,2.52,2.46,124,153
2024-06-20 11:00:00,2.97,2.82,123,157
2024-06-20 12:00:00,3.11,3.24,123,171
2024-06-20 13:00:00,2.87,3.32,119,187
2024-06-20 14:00:00,2.86,3.45,115,202
2024-06-20 15:00:00,2.59,3.58,118,210
2024-06-20 16:00:00,2.4,3.33,135,213
2024-06-20 17:00:00,2.11,3.19,149,212
2024-06-20 18:00:00,1.65,2.26,166,225
2024-06-20 19:00:00,2.14,1.53,191,212
2024-06-20 20:00:00,2.12,2.19,188,204
2024-06-20 21:00:00,2.15,2.44,158,215
2024-06-20 22:00:00,2.97,3.12,147,220
2024-06-20 23:00:00,2.97,3.26,147,220
2024-06-21 00:00:00,2.91,3.14,153,239
2024-06-21 01:00:00,3.0,3.23,150,248
2024-06-21 02:00:00,2.78,2.82,150,243
2024-06-21 03:00:00,2.19,2.97,156,237
2024-06-21 04:00:00,1.65,3.0,166,233
2024-06-21 05:00:00,1.49,2.91,222,229
2024-06-21 06:00:00,0.92,2.69,193,222
2024-06-21 07:00:00,0.92,2.41,167,222
2024-06-21 08:00:00,0.58,2.56,239,219
2024-06-21 09:00:00,0.5,1.21,53,336
2024-06-21 10:00:00,2.1,1.14,90,15
2024-06-21 11:00:00,2.43,1.91,99,47
2024-06-21 12:00:00,2.65,2.15,101,62
2024-06-21 13:00:00,2.6,2.31,106,72
2024-06-21 14:00:00,2.82,2.38,107,68
2024-06-21 15:00:00,2.79,2.28,111,67
2024-06-21 16:00:00,2.56,2.1,121,65
2024-06-21 17:00:00,2.13,1.58,131,72
2024-06-21 18:00:00,1.5,0.92,143,103
2024-06-21 19:00:00,1.21,0.63,156,108
2024-06-21 20:00:00,1.14,1.26,165,162
2024-06-21 21:00:00,1.92,0.82,219,194
2024-06-21 22:00:00,1.79,1.56,207,220
2024-06-21 23:00:00,1.44,1.7,214,225
2024-06-22 00:00:00,1.92,1.72,219,234
2024-06-22 01:00:00,2.51,1.89,241,238
2024-06-22 02:00:00,2.15,2.01,242,243
2024-06-22 03:00:00,2.15,1.97,248,240
2024-06-22 04:00:00,2.15,1.78,248,232
2024-06-22 05:00:00,1.68,1.63,253,227
2024-06-22 06:00:00,1.58,1.28,252,219
2024-06-22 07:00:00,1.14,0.91,232,174
2024-06-22 08:00:00,1.14,0.94,232,122
2024-06-22 09:00:00,0.82,1.41,166,98
2024-06-22 10:00:00,1.3,1.86,184,126
2024-06-22 11:00:00,1.7,2.15,177,118
2024-06-22 12:00:00,1.5,2.57,176,103
2024-06-22 13:00:00,1.7,2.01,180,84
2024-06-22 14:00:00,1.5,2.53,184,72
2024-06-22 15:00:00,1.63,2.55,133,79
2024-06-22 16:00:00,2.12,2.06,109,51
2024-06-22 17:00:00,2.35,2.15,102,68
2024-06-22 18:00:00,2.21,1.9,95,72
2024-06-22 19:00:00,2.1,1.51,90,98
2024-06-22 20:00:00,1.91,1.24,84,76
2024-06-22 21:00:00,3.63,2.02,82,81
2024-06-22 22:00:00,3.76,1.5,73,90
2024-06-22 23:00:00,3.01,0.91,69,84
2024-06-23 00:00:00,1.86,1.12,54,100
2024-06-23 01:00:00,1.25,1.35,29,132
2024-06-23 02:00:00,1.0,1.51,354,98
2024-06-23 03:00:00,1.3,1.0,302,90
2024-06-23 04:00:00,1.75,1.77,283,74
2024-06-23 05:00:00,1.6,2.16,266,77
2024-06-23 06:00:00,1.5,2.53,270,72
2024-06-23 07:00:00,2.1,2.56,273,69
2024-06-23 08:00:00,2.5,2.79,272,75
2024-06-23 09:00:00,1.36,1.8,287,93
2024-06-23 10:00:00,1.3,2.0,270,90
2024-06-23 11:00:00,0.82,1.92,256,99
2024-06-23 12:00:00,1.08,2.14,236,101
2024-06-23 13:00:00,1.56,2.11,230,95
2024-06-23 14:00:00,1.68,2.1,253,93
2024-06-23 15:00:00,1.63,1.6,259,94
2024-06-23 16:00:00,1.89,0.73,238,106
2024-06-23 17:00:00,2.25,1.14,249,308
2024-06-23 18:00:00,3.22,2.51,263,293
2024-06-23 19:00:00,3.75,2.5,261,272
2024-06-23 20:00:00,3.61,3.72,251,264
2024-06-23 21:00:00,4.24,3.42,262,255
2024-06-23 22:00:00,4.95,3.67,262,259
2024-06-23 23:00:00,4.92,4.06,257,260
2024-06-24 00:00:00,5.35,4.82,253,265
2024-06-24 01:00:00,6.11,4.8,249,271
2024-06-24 02:00:00,7.15,4.12,252,256
2024-06-24 03:00:00,7.63,3.98,259,242
2024-06-24 04:00:00,7.45,4.39,258,246
2024-06-24 05:00:00,7.1,5.1,260,259
2024-06-24 06:00:00,6.4,5.18,256,260
2024-06-24 07:00:00,6.28,5.9,256,259
2024-06-24 08:00:00,6.43,6.18,258,261
2024-06-24 09:00:00,4.98,6.36,248,262
2024-06-24 10:00:00,5.41,6.2,251,260
2024-06-24 11:00:00,5.5,6.35,251,263
2024-06-24 12:00:00,5.66,6.43,253,265
2024-06-24 13:00:00,5.85,6.55,253,263
2024-06-24 14:00:00,5.79,6.45,252,257
2024-06-24 15:00:00,5.92,6.62,254,255
2024-06-24 16:00:00,5.94,6.75,257,258
2024-06-24 17:00:00,5.9,6.61,259,260
2024-06-24 18:00:00,5.56,6.71,262,260
2024-06-24 19:00:00,5.43,6.92,264,259
2024-06-24 20:00:00,5.52,7.3,265,268
2024-06-24 21:00:00,5.16,7.42,261,265
2024-06-24 22:00:00,5.26,7.7,261,271
2024-06-24 23:00:00,5.52,7.4,265,272
2024-06-25 00:00:00,5.7,7.13,269,275
2024-06-25 01:00:00,5.9,6.5,271,271
2024-06-25 02:00:00,6.0,6.2,270,271
2024-06-25 03:00:00,5.9,5.9,269,268
2024-06-25 04:00:00,6.0,5.61,269,266
2024-06-25 05:00:00,5.7,5.92,270,265
2024-06-25 06:00:00,5.6,5.91,269,266
2024-06-25 07:00:00,6.3,6.31,269,266
2024-06-25 08:00:00,6.9,6.66,271,262
2024-06-25 09:00:00,7.22,7.91,280,267
2024-06-25 10:00:00,7.18,7.91,279,267
2024-06-25 11:00:00,7.27,8.32,278,267
2024-06-25 12:00:00,7.03,8.3,276,269
2024-06-25 13:00:00,6.53,7.71,275,273
2024-06-25 14:00:00,6.03,7.01,276,273
2024-06-25 15:00:00,5.54,6.41,277,273
2024-06-25 16:00:00,5.2,6.1,281,272
2024-06-25 17:00:00,4.56,5.41,285,273
2024-06-25 18:00:00,3.44,4.5,278,273
2024-06-25 19:00:00,3.01,4.0,264,270
2024-06-25 20:00:00,2.7,3.8,268,268
2024-06-25 21:00:00,3.31,3.21,267,265
2024-06-25 22:00:00,3.2,3.31,268,267
2024-06-25 23:00:00,2.71,3.31,266,265
2024-06-26 00:00:00,2.5,2.91,254,266
2024-06-26 01:00:00,2.34,2.55,250,259
2024-06-26 02:00:00,2.25,2.04,249,259
2024-06-26 03:00:00,2.02,1.9,250,252
2024-06-26 04:00:00,1.68,1.8,253,251
2024-06-26 05:00:00,1.43,1.49,258,250
2024-06-26 06:00:00,0.92,1.17,257,250
2024-06-26 07:00:00,0.14,0.73,315,254
2024-06-26 08:00:00,1.21,0.64,24,309
2024-06-26 09:00:00,0.98,1.88,66,65
2024-06-26 10:00:00,1.51,2.22,82,82
2024-06-26 11:00:00,1.8,2.11,90,95
2024-06-26 12:00:00,1.8,1.9,87,90
2024-06-26 13:00:00,1.81,2.11,84,85
2024-06-26 14:00:00,1.9,2.33,87,80
2024-06-26 15:00:00,2.12,2.51,82,85
2024-06-26 16:00:00,1.61,2.3,97,90
2024-06-26 17:00:00,1.0,2.06,174,119
2024-06-26 18:00:00,1.42,1.7,231,135
2024-06-26 19:00:00,1.7,1.17,230,160
2024-06-26 20:00:00,2.19,1.5,227,217
2024-06-26 21:00:00,2.26,2.39,225,237
2024-06-26 22:00:00,2.7,2.16,231,236
2024-06-26 23:00:00,2.42,2.37,240,242
2024-06-27 00:00:00,2.46,2.38,243,248
2024-06-27 01:00:00,2.51,2.02,241,250
2024-06-27 02:00:00,2.37,2.1,242,245
2024-06-27 03:00:00,2.11,2.24,239,243
2024-06-27 04:00:00,1.89,1.87,238,254
2024-06-27 05:00:00,1.57,1.7,243,242
2024-06-27 06:00:00,1.21,1.53,246,238
2024-06-27 07:00:00,0.76,1.03,247,241
2024-06-27 08:00:00,0.91,1.24,276,256
2024-06-27 09:00:00,0.41,1.39,104,111
2024-06-27 10:00:00,1.39,2.38,120,112
2024-06-27 11:00:00,1.92,3.0,129,120
2024-06-27 12:00:00,1.66,3.09,123,119
2024-06-27 13:00:00,1.84,2.94,103,125
2024-06-27 14:00:00,2.35,2.62,102,133
2024-06-27 15:00:00,2.46,2.42,117,128
2024-06-27 16:00:00,2.46,2.2,117,129
2024-06-27 17:00:00,2.42,2.05,120,137
2024-06-27 18:00:00,2.13,1.58,131,145
2024-06-27 19:00:00,2.02,1.3,160,180
2024-06-27 20:00:00,1.7,1.36,183,216
2024-06-27 21:00:00,1.75,1.71,211,187
2024-06-27 22:00:00,1.14,1.53,218,191
2024-06-27 23:00:00,1.17,1.61,239,187
2024-06-28 00:00:00,1.08,1.6,338,176
2024-06-28 01:00:00,2.0,1.84,360,158
2024-06-28 02:00:00,2.12,1.79,8,153
2024-06-28 03:00:00,2.55,1.39,48,111
2024-06-28 04:00:00,2.32,1.75,83,77
2024-06-28 05:00:00,1.75,1.97,121,66
2024-06-28 06:00:00,0.42,1.8,135,93
2024-06-28 07:00:00,1.44,1.14,34,105
2024-06-28 08:00:00,0.64,2.31,51,85
2024-06-28 09:00:00,1.7,2.64,62,37
2024-06-28 10:00:00,1.62,2.72,68,17
2024-06-28 11:00:00,1.22,2.9,81,360
2024-06-28 12:00:00,0.41,3.01,104,4
2024-06-28 13:00:00,0.54,3.3,248,360
2024-06-28 14:00:00,0.73,3.22,254,353
2024-06-28 15:00:00,0.76,2.73,247,352
2024-06-28 16:00:00,0.64,2.02,231,351
2024-06-28 17:00:00,0.5,1.43,180,348
2024-06-28 18:00:00,0.71,0.42,172,315
2024-06-28 19:00:00,1.5,0.72,217,236
2024-06-28 20:00:00,2.19,1.44,223,214
2024-06-28 21:00:00,2.15,2.52,242,214
2024-06-28 22:00:00,1.94,2.97,235,225
2024-06-28 23:00:00,2.22,3.05,234,229
2024-06-29 00:00:00,2.47,3.09,238,241
2024-06-29 01:00:00,2.38,2.68,248,243
2024-06-29 02:00:00,2.26,2.57,257,257
2024-06-29 03:00:00,2.38,2.35,255,258
2024-06-29 04:00:00,2.38,2.21,255,252
2024-06-29 05:00:00,2.6,2.15,254,242
2024-06-29 06:00:00,2.21,1.84,252,248
2024-06-29 07:00:00,2.09,1.32,253,261
2024-06-29 08:00:00,1.94,1.32,258,261
2024-06-29 09:00:00,1.57,3.55,243,238
2024-06-29 10:00:00,1.79,3.64,207,233
2024-06-29 11:00:00,2.55,3.61,206,228
2024-06-29 12:00:00,2.82,3.47,207,229
2024-06-29 13:00:00,3.2,3.78,219,233
2024-06-29 14:00:00,3.3,3.7,215,232
2024-06-29 15:00:00,3.55,4.26,220,231
2024-06-29 16:00:00,3.41,4.28,220,233
2024-06-29 17:00:00,3.26,5.33,223,240
2024-06-29 18:00:00,3.26,5.55,223,236
2024-06-29 19:00:00,3.75,4.39,224,227
2024-06-29 20:00:00,3.8,5.31,215,223
2024-06-29 21:00:00,4.22,4.38,194,225
2024-06-29 22:00:00,4.5,4.42,181,218
2024-06-29 23:00:00,4.5,5.25,181,211
2024-06-30 00:00:00,4.9,5.97,168,211
2024-06-30 01:00:00,5.2,6.8,281,208
2024-06-30 02:00:00,6.3,6.89,234,206
2024-06-30 03:00:00,6.89,7.52,230,209
2024-06-30 04:00:00,7.75,7.8,231,211
2024-06-30 05:00:00,8.22,7.47,233,205
2024-06-30 06:00:00,8.3,7.74,234,209
2024-06-30 07:00:00,7.38,8.1,234,215
2024-06-30 08:00:00,7.8,7.85,234,226
2024-06-30 09:00:00,7.13,10.24,239,243
2024-06-30 10:00:00,7.15,11.73,252,246
2024-06-30 11:00:00,9.39,12.44,251,249
2024-06-30 12:00:00,9.87,11.84,252,254
2024-06-30 13:00:00,9.17,11.87,256,254
2024-06-30 14:00:00,8.54,10.91,256,252
2024-06-30 15:00:00,8.03,9.43,256,253
2024-06-30 16:00:00,7.28,8.48,257,251
2024-06-30 17:00:00,6.71,7.66,260,250
2024-06-30 18:00:00,6.68,7.6,261,249
2024-06-30 19:00:00,7.91,9.27,261,254
2024-06-30 20:00:00,6.87,10.75,262,260
2024-06-30 21:00:00,4.42,10.97,265,257
2024-06-30 22:00:00,4.62,7.37,265,262
2024-06-30 23:00:00,4.1,5.98,269,260
2024-07-01 00:00:00,3.6,6.2,268,260
2024-07-01 01:00:00,3.3,6.67,270,257
2024-07-01 02:00:00,3.32,6.67,263,257
2024-07-01 03:00:00,3.32,6.82,263,259
2024-07-01 04:00:00,3.41,6.61,267,260
2024-07-01 05:00:00,3.31,5.92,267,258
2024-07-01 06:00:00,3.11,5.41,274,254
2024-07-01 07:00:00,3.47,4.9,282,258
2024-07-01 08:00:00,3.31,4.49,273,258
2024-07-01 09:00:00,2.62,2.12,277,262
2024-07-01 10:00:00,2.32,1.94,277,258
2024-07-01 11:00:00,2.0,2.15,270,248
2024-07-01 12:00:00,2.62,2.26,277,257
2024-07-01 13:00:00,2.2,2.69,273,255
2024-07-01 14:00:00,2.12,3.13,278,253
2024-07-01 15:00:00,1.3,3.28,270,258
2024-07-01 16:00:00,0.81,2.91,263,266
2024-07-01 17:00:00,1.32,2.77,261,257
2024-07-01 18:00:00,1.5,2.84,266,260
2024-07-01 19:00:00,1.53,2.11,259,239
2024-07-01 20:00:00,1.51,2.69,262,248
2024-07-01 21:00:00,1.84,2.31,241,275
2024-07-01 22:00:00,1.78,2.1,232,267
2024-07-01 23:00:00,1.7,2.02,225,279
2024-07-02 00:00:00,1.66,1.17,213,301
2024-07-02 01:00:00,1.58,0.63,198,288
2024-07-02 02:00:00,2.19,1.17,137,211
2024-07-02 03:00:00,1.94,1.89,145,122
2024-07-02 04:00:00,2.2,1.97,150,150
2024-07-02 05:00:00,2.0,1.78,143,142
2024-07-02 06:00:00,2.14,1.8,127,124
2024-07-02 07:00:00,1.89,1.88,122,115
2024-07-02 08:00:00,2.42,1.93,120,111
2024-07-02 09:00:00,3.04,2.69,107,112
2024-07-02 10:00:00,3.04,3.14,107,112
2024-07-02 11:00:00,3.5,3.33,88,123
2024-07-02 12:00:00,3.42,3.44,97,116
2024-07-02 13:00:00,3.04,3.07,107,109
2024-07-02 14:00:00,2.93,3.36,98,113
2024-07-02 15:00:00,3.47,3.82,102,96
2024-07-02 16:00:00,4.36,3.59,99,103
2024-07-02 17:00:00,4.85,3.52,104,97
2024-07-02 18:00:00,4.95,2.92,104,96
2024-07-02 19:00:00,4.9,2.86,110,126
2024-07-02 20:00:00,4.66,3.34,113,129
2024-07-02 21:00:00,3.18,2.77,204,167
2024-07-02 22:00:00,3.52,2.63,215,189
2024-07-02 23:00:00,3.83,3.81,221,210
2024-07-03 00:00:00,4.64,4.96,217,214
2024-07-03 01:00:00,5.87,5.64,223,217
2024-07-03 02:00:00,6.51,6.36,224,217
2024-07-03 03:00:00,7.5,6.61,226,219
2024-07-03 04:00:00,8.37,6.98,230,218
2024-07-03 05:00:00,8.62,7.85,232,226
2024-07-03 06:00:00,8.13,8.08,236,229
2024-07-03 07:00:00,7.34,8.02,242,234
2024-07-03 08:00:00,7.15,6.45,252,246
2024-07-03 09:00:00,7.12,7.56,259,246
2024-07-03 10:00:00,6.44,8.15,264,247
2024-07-03 11:00:00,6.4,8.49,256,249
2024-07-03 12:00:00,6.42,8.49,252,249
2024-07-03 13:00:00,6.42,8.32,252,250
2024-07-03 14:00:00,6.26,8.22,250,252
2024-07-03 15:00:00,6.36,8.2,251,254
2024-07-03 16:00:00,6.61,8.54,252,256
2024-07-03 17:00:00,6.96,8.85,254,256
2024-07-03 18:00:00,7.25,7.94,255,259
2024-07-03 19:00:00,7.93,7.61,256,260
2024-07-03 20:00:00,7.81,6.65,257,263
2024-07-03 21:00:00,6.99,6.02,253,259
2024-07-03 22:00:00,7.02,6.96,259,263
2024-07-03 23:00:00,7.81,7.43,267,259
2024-07-04 00:00:00,7.76,7.83,263,260
2024-07-04 01:00:00,7.76,7.91,263,261
2024-07-04 02:00:00,7.76,8.08,263,262
2024-07-04 03:00:00,7.75,7.75,263,263
2024-07-04 04:00:00,7.36,7.86,263,263
2024-07-04 05:00:00,7.07,7.33,262,265
2024-07-04 06:00:00,7.61,6.75,260,263
2024-07-04 07:00:00,7.57,6.84,262,264
2024-07-04 08:00:00,7.06,7.37,263,262
2024-07-04 09:00:00,7.32,6.65,266,263
2024-07-04 10:00:00,6.81,6.23,267,264
2024-07-04 11:00:00,6.51,6.65,266,263
2024-07-04 12:00:00,6.43,6.83,265,265
2024-07-04 13:00:00,6.25,6.34,263,264
2024-07-04 14:00:00,6.17,5.94,262,257
2024-07-04 15:00:00,6.15,6.63,263,259
2024-07-04 16:00:00,6.08,6.41,261,259
2024-07-04 17:00:00,6.18,6.43,261,258
2024-07-04 18:00:00,6.07,6.43,261,258
2024-07-04 19:00:00,5.9,6.74,259,255
2024-07-04 20:00:00,5.79,6.89,260,257
2024-07-04 21:00:00,4.4,4.83,253,264
2024-07-04 22:00:00,5.09,4.55,250,261
2024-07-04 23:00:00,5.64,4.08,245,259
2024-07-05 00:00:00,5.27,3.65,237,261
2024-07-05 01:00:00,4.94,3.51,238,275
2024-07-05 02:00:00,5.46,3.21,246,275
2024-07-05 03:00:00,6.2,3.0,260,272
2024-07-05 04:00:00,6.43,3.65,258,261
2024-07-05 05:00:00,7.02,4.12,259,264
2024-07-05 06:00:00,6.32,3.92,252,264
2024-07-05 07:00:00,5.54,4.01,253,266
2024-07-05 08:00:00,4.85,4.42,248,265
2024-07-05 09:00:00,7.65,6.65,263,254
2024-07-05 10:00:00,7.42,6.17,265,253
2024-07-05 11:00:00,7.32,6.45,266,251
2024-07-05 12:00:00,7.05,7.24,263,252
2024-07-05 13:00:00,6.97,7.81,262,257
2024-07-05 14:00:00,6.91,7.42,260,265
2024-07-05 15:00:00,6.59,7.32,260,265
2024-07-05 16:00:00,6.36,7.06,262,263
2024-07-05 17:00:00,6.28,6.45,261,263
2024-07-05 18:00:00,6.28,6.25,261,263
2024-07-05 19:00:00,6.38,6.1,261,260
2024-07-05 20:00:00,6.43,5.98,258,260
2024-07-05 21:00:00,6.14,6.74,263,264
2024-07-05 22:00:00,6.03,6.84,264,264
2024-07-05 23:00:00,5.84,6.43,263,265
2024-07-06 00:00:00,5.56,6.33,262,265
2024-07-06 01:00:00,5.38,6.41,260,266
2024-07-06 02:00:00,5.1,6.2,259,268
2024-07-06 03:00:00,5.22,6.11,258,273
2024-07-06 04:00:00,5.56,6.0,262,271
2024-07-06 05:00:00,6.56,5.8,262,271
2024-07-06 06:00:00,6.76,5.7,262,272
2024-07-06 07:00:00,6.63,5.71,259,274
2024-07-06 08:00:00,6.04,5.5,258,272
2024-07-06 09:00:00,5.79,5.32,252,258
2024-07-06 10:00:00,6.2,5.87,249,256
2024-07-06 11:00:00,5.7,6.12,248,259
2024-07-06 12:00:00,5.5,6.3,243,260
2024-07-06 13:00:00,5.41,5.49,242,260
2024-07-06 14:00:00,4.92,5.26,241,256
2024-07-06 15:00:00,5.11,4.83,239,257
2024-07-06 16:00:00,5.23,4.12,244,256
2024-07-06 17:00:00,5.58,3.05,237,247
2024-07-06 18:00:00,6.38,2.92,238,232
2024-07-06 19:00:00,7.39,3.32,240,226
2024-07-06 20:00:00,8.41,4.03,242,224
2024-07-06 21:00:00,10.03,5.04,247,231
2024-07-06 22:00:00,9.51,5.63,248,237
2024-07-06 23:00:00,9.42,6.62,251,241
2024-07-07 00:00:00,8.86,7.2,250,245
2024-07-07 01:00:00,7.67,7.75,248,246
2024-07-07 02:00:00,6.96,7.93,252,247
2024-07-07 03:00:00,5.99,7.47,255,245
2024-07-07 04:00:00,5.69,6.93,260,243
2024-07-07 05:00:00,4.95,7.21,262,241
2024-07-07 06:00:00,4.5,7.38,269,242
2024-07-07 07:00:00,5.72,7.43,265,241
2024-07-07 08:00:00,4.85,6.89,248,242
2024-07-07 09:00:00,5.51,7.32,258,260
2024-07-07 10:00:00,5.35,6.8,253,253
2024-07-07 11:00:00,6.04,7.34,251,253
2024-07-07 12:00:00,7.09,7.57,248,255
2024-07-07 13:00:00,7.46,7.83,252,256
2024-07-07 14:00:00,7.35,8.79,258,258
2024-07-07 15:00:00,7.73,9.03,260,260
2024-07-07 16:00:00,8.24,8.52,260,261
2024-07-07 17:00:00,9.44,7.54,257,264
2024-07-07 18:00:00,7.79,7.03,261,264
2024-07-07 19:00:00,6.94,5.9,264,268
2024-07-07 20:00:00,6.51,5.53,259,264
2024-07-07 21:00:00,5.02,6.87,275,262
2024-07-07 22:00:00,4.4,5.32,271,258
2024-07-07 23:00:00,4.6,5.3,271,259
2024-07-08 00:00:00,5.42,5.36,265,261
2024-07-08 01:00:00,5.43,6.24,264,258
2024-07-08 02:00:00,5.28,6.16,260,257
2024-07-08 03:00:00,6.1,5.44,260,253
2024-07-08 04:00:00,6.68,5.75,261,257
2024-07-08 05:00:00,5.95,5.69,262,260
2024-07-08 06:00:00,5.15,5.63,262,258
2024-07-08 07:00:00,4.93,4.83,264,257
2024-07-08 08:00:00,5.75,5.09,257,250
2024-07-08 09:00:00,5.85,4.34,257,262
2024-07-08 10:00:00,6.76,4.23,241,263
2024-07-08 11:00:00,5.23,4.64,223,263
2024-07-08 12:00:00,2.5,3.92,217,264
2024-07-08 13:00:00,2.94,4.88,198,259
2024-07-08 14:00:00,6.26,5.26,241,261
2024-07-08 15:00:00,7.67,5.63,277,258
2024-07-08 16:00:00,4.7,5.97,270,261
2024-07-08 17:00:00,4.5,5.55,267,256
2024-07-08 18:00:00,4.23,4.59,263,250
2024-07-08 19:00:00,4.18,4.27,259,249
2024-07-08 20:00:00,4.36,4.74,261,242
2024-07-08 21:00:00,4.5,2.81,269,266
2024-07-08 22:00:00,4.5,2.9,270,268
2024-07-08 23:00:00,4.77,2.75,260,260
2024-07-09 00:00:00,5.18,2.84,260,260
2024-07-09 01:00:00,5.28,2.65,260,259
2024-07-09 02:00:00,5.45,3.13,263,263
2024-07-09 03:00:00,5.4,3.04,270,261
2024-07-09 04:00:00,5.6,3.13,270,263
2024-07-09 05:00:00,5.7,3.32,270,263
2024-07-09 06:00:00,5.71,3.31,273,265
2024-07-09 07:00:00,5.33,3.71,276,267
2024-07-09 08:00:00,4.54,4.1,278,267
2024-07-09 09:00:00,3.24,4.33,279,277
2024-07-09 10:00:00,3.51,4.44,275,278
2024-07-09 11:00:00,3.6,4.61,268,274
2024-07-09 12:00:00,3.7,4.51,268,274
2024-07-09 13:00:00,4.22,4.4,265,273
2024-07-09 14:00:00,4.14,4.7,262,269
2024-07-09 15:00:00,3.96,4.4,260,273
2024-07-09 16:00:00,4.26,4.2,261,271
2024-07-09 17:00:00,4.21,4.4,266,270
2024-07-09 18:00:00,4.41,4.4,266,267
2024-07-09 19:00:00,4.55,4.7,261,268
2024-07-09 20:00:00,4.52,4.91,265,266
2024-07-09 21:00:00,4.49,4.12,253,264
2024-07-09 22:00:00,4.05,4.01,254,266
2024-07-09 23:00:00,3.22,4.62,244,265
2024-07-10 00:00:00,2.8,4.92,235,265
2024-07-10 01:00:00,2.53,4.72,252,265
2024-07-10 02:00:00,1.2,4.0,222,273
2024-07-10 03:00:00,2.0,4.2,180,270
2024-07-10 04:00:00,1.66,4.23,155,263
2024-07-10 05:00:00,3.2,4.67,141,260
2024-07-10 06:00:00,3.04,4.37,189,259
2024-07-10 07:00:00,2.09,3.96,197,260
2024-07-10 08:00:00,3.47,4.54,226,256
2024-07-10 09:00:00,2.5,3.56,268,232
2024-07-10 10:00:00,2.3,3.76,304,230
2024-07-10 11:00:00,1.92,4.74,321,224
2024-07-10 12:00:00,1.8,5.71,326,237
2024-07-10 13:00:00,1.94,4.28,325,233
2024-07-10 14:00:00,1.58,3.16,342,198
2024-07-10 15:00:00,1.5,3.29,356,160
2024-07-10 16:00:00,1.96,4.67,345,135
2024-07-10 17:00:00,2.11,5.32,5,168
2024-07-10 18:00:00,1.3,7.3,360,216
2024-07-10 19:00:00,0.63,7.57,342,241
2024-07-10 20:00:00,1.5,6.22,270,259
2024-07-10 21:00:00,0.45,2.5,27,268
2024-07-10 22:00:00,0.42,2.6,225,254
2024-07-10 23:00:00,0.73,2.92,254,264
2024-07-11 00:00:00,0.57,3.2,315,268
2024-07-11 01:00:00,1.04,3.3,287,268
2024-07-11 02:00:00,1.2,3.2,270,272
2024-07-11 03:00:00,1.77,3.1,254,270
2024-07-11 04:00:00,2.15,3.1,248,272
2024-07-11 05:00:00,2.21,3.01,252,274
2024-07-11 06:00:00,2.26,2.83,257,278
2024-07-11 07:00:00,2.31,2.9,265,272
2024-07-11 08:00:00,2.2,2.8,273,272
2024-07-11 09:00:00,1.0,2.1,360,267
2024-07-11 10:00:00,1.12,1.82,10,261
2024-07-11 11:00:00,0.81,1.4,7,266
2024-07-11 12:00:00,0.64,0.4,321,270
2024-07-11 13:00:00,1.17,0.41,290,76
2024-07-11 14:00:00,2.1,1.21,273,66
2024-07-11 15:00:00,2.61,0.9,266,90
2024-07-11 16:00:00,2.41,0.67,265,207
2024-07-11 17:00:00,2.32,2.06,263,241
2024-07-11 18:00:00,2.45,2.18,258,254
2024-07-11 19:00:00,2.62,2.18,252,254
2024-07-11 20:00:00,3.04,2.26,253,257
2024-07-11 21:00:00,2.65,3.04,259,261
2024-07-11 22:00:00,2.63,3.22,261,263
2024-07-11 23:00:00,2.51,3.4,265,270
2024-07-12 00:00:00,2.43,3.41,261,273
2024-07-12 01:00:00,2.8,3.22,270,277
2024-07-12 02:00:00,2.51,3.13,275,277
2024-07-12 03:00:00,2.3,2.94,272,280
2024-07-12 04:00:00,2.11,2.55,275,281
2024-07-12 05:00:00,1.6,2.45,270,282
2024-07-12 06:00:00,1.32,2.18,279,286
2024-07-12 07:00:00,0.51,1.77,281,286
2024-07-12 08:00:00,0.14,0.41,315,166
2024-07-12 09:00:00,0.92,1.39,77,111
2024-07-12 10:00:00,0.71,1.84,98,112
2024-07-12 11:00:00,0.76,2.06,67,113
2024-07-12 12:00:00,1.82,2.44,81,109
2024-07-12 13:00:00,2.38,2.71,75,86
2024-07-12 14:00:00,2.6,3.1,88,92
2024-07-12 15:00:00,2.22,3.21,98,94
2024-07-12 16:00:00,2.04,2.12,101,98
2024-07-12 17:00:00,1.4,1.58,90,108
2024-07-12 18:00:00,0.5,1.28,53,129
2024-07-12 19:00:00,0.3,1.14,90,142
2024-07-12 20:00:00,0.71,1.4,188,180
2024-07-12 21:00:00,1.49,1.86,160,144
2024-07-12 22:00:00,1.53,1.97,191,156
2024-07-12 23:00:00,1.53,2.12,212,172
2024-07-13 00:00:00,1.44,2.12,236,199
2024-07-13 01:00:00,1.86,1.86,234,234
2024-07-13 02:00:00,2.0,1.71,233,249
2024-07-13 03:00:00,1.7,1.3,242,270
2024-07-13 04:00:00,1.61,0.86,240,306
2024-07-13 05:00:00,1.43,1.3,245,337
2024-07-13 06:00:00,1.56,2.01,225,27
2024-07-13 07:00:00,0.99,0.6,225,90
2024-07-13 08:00:00,0.76,1.08,293,112
2024-07-13 09:00:00,1.91,1.71,96,97
2024-07-13 10:00:00,2.32,2.18,97,106
2024-07-13 11:00:00,2.45,2.16,102,103
2024-07-13 12:00:00,2.4,2.35,107,102
2024-07-13 13:00:00,2.72,2.72,107,96
2024-07-13 14:00:00,2.9,3.16,92,101
2024-07-13 15:00:00,2.71,1.99,94,108
2024-07-13 16:00:00,2.86,2.09,102,107
2024-07-13 17:00:00,2.57,1.73,103,100
2024-07-13 18:00:00,2.38,1.84,112,119
2024-07-13 19:00:00,1.66,1.13,123,135
2024-07-13 20:00:00,1.7,1.53,140,148
2024-07-13 21:00:00,2.01,1.86,117,144
2024-07-13 22:00:00,2.12,1.92,109,152
2024-07-13 23:00:00,1.7,1.84,135,167
2024-07-14 00:00:00,2.0,1.92,143,189
2024-07-14 01:00:00,1.89,1.77,148,223
2024-07-14 02:00:00,1.86,1.9,144,270
2024-07-14 03:00:00,1.91,1.27,137,315
2024-07-14 04:00:00,1.91,1.4,133,4
2024-07-14 05:00:00,2.33,2.68,100,63
2024-07-14 06:00:00,2.09,2.14,107,101
2024-07-14 07:00:00,2.35,1.44,102,124
2024-07-14 08:00:00,3.1,1.68,105,107
2024-07-14 09:00:00,3.61,2.8,85,90
2024-07-14 10:00:00,3.72,2.62,84,97
2024-07-14 11:00:00,3.82,2.75,84,100
2024-07-14 12:00:00,4.03,2.82,83,107
2024-07-14 13:00:00,4.23,2.77,83,103
2024-07-14 14:00:00,4.06,2.94,80,108
2024-07-14 15:00:00,4.0,2.91,77,106
2024-07-14 16:00:00,3.59,3.1,77,105
2024-07-14 17:00:00,3.08,3.2,77,104
2024-07-14 18:00:00,2.85,2.89,72,104
2024-07-14 19:00:00,3.34,2.6,81,106
2024-07-14 20:00:00,3.03,2.46,82,117
2024-07-14 21:00:00,1.75,3.16,66,101
2024-07-14 22:00:00,1.7,2.47,93,111
2024-07-14 23:00:00,1.99,2.77,72,116
2024-07-15 00:00:00,2.38,2.8,75,125
2024-07-15 01:00:00,2.65,2.78,79,128
2024-07-15 02:00:00,2.57,2.52,77,124
2024-07-15 03:00:00,2.6,2.73,74,114
2024-07-15 04:00:00,2.43,2.68,81,117
2024-07-15 05:00:00,2.57,2.82,77,117
2024-07-15 06:00:00,2.44,2.82,71,113
2024-07-15 07:00:00,2.79,2.85,75,108
2024-07-15 08:00:00,2.89,2.94,76,108
2024-07-15 09:00:00,2.97,2.61,57,86
2024-07-15 10:00:00,3.22,2.5,60,88
2024-07-15 11:00:00,3.09,2.61,65,94
2024-07-15 12:00:00,2.88,2.33,70,100
2024-07-15 13:00:00,2.69,2.69,68,105
2024-07-15 14:00:00,2.31,2.94,72,100
2024-07-15 15:00:00,2.19,2.7,66,92
2024-07-15 16:00:00,2.02,2.5,70,92
2024-07-15 17:00:00,1.99,2.04,72,101
2024-07-15 18:00:00,2.09,1.75,73,121
2024-07-15 19:00:00,2.04,1.75,79,121
2024-07-15 20:00:00,2.22,1.28,82,141
2024-07-15 21:00:00,1.9,2.21,72,108
2024-07-15 22:00:00,1.73,2.15,80,118
2024-07-15 23:00:00,1.63,1.98,79,131
2024-07-16 00:00:00,1.32,2.05,81,133
2024-07-16 01:00:00,0.91,1.84,84,139
2024-07-16 02:00:00,0.63,1.58,108,145
2024-07-16 03:00:00,0.8,1.4,90,176
2024-07-16 04:00:00,0.76,1.49,113,222
2024-07-16 05:00:00,1.0,1.66,96,237
2024-07-16 06:00:00,1.04,1.58,107,235
2024-07-16 07:00:00,1.32,1.57,99,243
2024-07-16 08:00:00,1.7,2.06,90,247
2024-07-16 09:00:00,1.33,0.85,103,315
2024-07-16 10:00:00,1.04,0.67,107,333
2024-07-16 11:00:00,1.3,0.36,94,304
2024-07-16 12:00:00,1.71,1.1,97,90
2024-07-16 13:00:00,1.7,0.92,87,103
2024-07-16 14:00:00,1.8,0.64,90,219
2024-07-16 15:00:00,1.33,1.53,103,238
2024-07-16 16:00:00,0.92,1.36,139,253
2024-07-16 17:00:00,1.7,2.46,242,243
2024-07-16 18:00:00,2.42,2.33,240,260
2024-07-16 19:00:00,2.47,2.57,249,257
2024-07-16 20:00:00,2.77,3.26,257,259
2024-07-16 21:00:00,2.66,2.47,250,256
2024-07-16 22:00:00,2.91,3.42,254,263
2024-07-16 23:00:00,3.93,3.81,255,267
2024-07-17 00:00:00,5.08,3.91,260,267
2024-07-17 01:00:00,5.28,4.21,260,266
2024-07-17 02:00:00,4.77,4.72,260,265
2024-07-17 03:00:00,4.37,4.63,259,264
2024-07-17 04:00:00,4.37,4.47,259,260
2024-07-17 05:00:00,5.82,3.88,246,258
2024-07-17 06:00:00,4.84,4.32,240,257
2024-07-17 07:00:00,5.0,4.05,250,254
2024-07-17 08:00:00,4.46,3.55,250,248
2024-07-17 09:00:00,4.07,4.58,242,238
2024-07-17 10:00:00,4.38,4.74,243,235
2024-07-17 11:00:00,4.83,4.74,243,235
2024-07-17 12:00:00,5.55,4.91,242,237
2024-07-17 13:00:00,5.77,4.53,242,239
2024-07-17 14:00:00,5.95,5.24,243,241
2024-07-17 15:00:00,5.64,4.96,243,236
2024-07-17 16:00:00,5.14,4.74,243,235
2024-07-17 17:00:00,5.01,4.86,244,233
2024-07-17 18:00:00,4.92,5.34,243,232
2024-07-17 19:00:00,4.52,5.84,242,232
2024-07-17 20:00:00,4.11,6.1,244,229
2024-07-17 21:00:00,5.95,4.64,250,233
2024-07-17 22:00:00,5.35,5.09,249,227
2024-07-17 23:00:00,5.72,5.3,243,226
2024-07-18 00:00:00,6.28,5.59,248,226
2024-07-18 01:00:00,5.35,5.52,249,225
2024-07-18 02:00:00,4.89,5.81,239,229
2024-07-18 03:00:00,5.85,5.47,237,239
2024-07-18 04:00:00,5.84,5.1,232,235
2024-07-18 05:00:00,5.59,5.3,227,238
2024-07-18 06:00:00,5.59,5.61,223,239
2024-07-18 07:00:00,5.73,5.84,224,232
2024-07-18 08:00:00,7.07,7.15,226,228
2024-07-18 09:00:00,9.27,4.58,226,234
2024-07-18 10:00:00,9.54,4.9,235,231
2024-07-18 11:00:00,8.74,7.02,237,221
2024-07-18 12:00:00,8.77,9.27,243,226
2024-07-18 13:00:00,7.98,9.8,248,241
2024-07-18 14:00:00,7.56,9.56,250,254
2024-07-18 15:00:00,7.53,8.42,253,260
2024-07-18 16:00:00,6.9,7.38,253,261
2024-07-18 17:00:00,7.78,8.34,250,260
2024-07-18 18:00:00,8.08,8.79,248,258
2024-07-18 19:00:00,7.79,8.71,246,257
2024-07-18 20:00:00,7.2,7.94,245,259
2024-07-18 21:00:00,5.92,7.53,282,253
2024-07-18 22:00:00,6.71,7.23,267,256
2024-07-18 23:00:00,7.12,6.62,266,255
2024-07-19 00:00:00,7.0,6.81,268,260
2024-07-19 01:00:00,6.14,6.67,277,257
2024-07-19 02:00:00,6.63,6.53,275,259
2024-07-19 03:00:00,6.0,6.26,270,253
2024-07-19 04:00:00,5.87,6.26,261,250
2024-07-19 05:00:00,5.31,5.61,267,248
2024-07-19 06:00:00,5.0,4.96,269,236
2024-07-19 07:00:00,4.93,4.97,264,245
2024-07-19 08:00:00,4.72,4.77,265,237
2024-07-19 09:00:00,4.64,5.22,263,265
2024-07-19 10:00:00,4.63,5.83,264,264
2024-07-19 11:00:00,4.85,6.41,262,259
2024-07-19 12:00:00,5.05,6.91,262,260
2024-07-19 13:00:00,5.08,6.63,260,259
2024-07-19 14:00:00,4.84,6.72,263,255
2024-07-19 15:00:00,4.88,6.77,259,254
2024-07-19 16:00:00,4.79,6.65,259,258
2024-07-19 17:00:00,4.46,6.53,261,259
2024-07-19 18:00:00,4.49,6.87,258,257
2024-07-19 19:00:00,4.61,6.75,257,258
2024-07-19 20:00:00,4.9,6.14,258,263
2024-07-19 21:00:00,4.44,4.63,256,256
2024-07-19 22:00:00,4.64,4.47,263,260
2024-07-19 23:00:00,4.7,4.53,270,264
2024-07-20 00:00:00,4.52,5.0,265,270
2024-07-20 01:00:00,4.52,4.8,265,268
2024-07-20 02:00:00,4.53,5.0,264,270
2024-07-20 03:00:00,4.87,5.11,261,273
2024-07-20 04:00:00,4.26,5.1,261,271
2024-07-20 05:00:00,4.08,4.92,259,265
2024-07-20 06:00:00,3.73,4.84,262,263
2024-07-20 07:00:00,4.02,4.55,264,261
2024-07-20 08:00:00,4.59,4.94,254,263
2024-07-20 09:00:00,4.88,6.2,255,260
2024-07-20 10:00:00,5.39,5.7,248,255
2024-07-20 11:00:00,5.8,7.06,255,263
2024-07-20 12:00:00,6.26,6.53,253,259
2024-07-20 13:00:00,6.61,6.31,252,267
2024-07-20 14:00:00,6.43,6.34,255,264
2024-07-20 15:00:00,5.73,6.03,254,264
2024-07-20 16:00:00,5.54,5.32,253,266
2024-07-20 17:00:00,5.1,5.26,254,261
2024-07-20 18:00:00,4.27,5.94,249,263
2024-07-20 19:00:00,3.33,5.22,237,266
2024-07-20 20:00:00,3.42,5.25,232,262
2024-07-20 21:00:00,4.19,5.4,220,231
2024-07-20 22:00:00,5.11,5.38,220,227
2024-07-20 23:00:00,5.67,5.81,229,222
2024-07-21 00:00:00,6.53,6.59,230,229
2024-07-21 01:00:00,7.91,7.56,235,233
2024-07-21 02:00:00,7.94,7.7,239,232
2024-07-21 03:00:00,9.0,7.94,246,239
2024-07-21 04:00:00,8.8,8.41,249,242
2024-07-21 05:00:00,9.81,9.0,253,246
2024-07-21 06:00:00,12.28,9.77,254,247
2024-07-21 07:00:00,10.56,10.47,264,251
2024-07-21 08:00:00,8.92,10.33,274,255
2024-07-21 09:00:00,9.24,8.43,257,248
2024-07-21 10:00:00,9.92,8.8,255,249
2024-07-21 11:00:00,10.36,9.34,257,249
2024-07-21 12:00:00,9.18,8.92,262,250
2024-07-21 13:00:00,7.83,7.98,265,255
2024-07-21 14:00:00,6.9,7.18,268,254
2024-07-21 15:00:00,6.3,6.74,270,255
2024-07-21 16:00:00,5.9,6.99,271,253
2024-07-21 17:00:00,6.01,6.72,266,255
2024-07-21 18:00:00,6.01,7.02,266,253
2024-07-21 19:00:00,6.12,6.65,259,254
2024-07-21 20:00:00,6.14,6.86,263,251
2024-07-21 21:00:00,5.46,6.0,262,259
2024-07-21 22:00:00,4.91,5.74,266,263
2024-07-21 23:00:00,4.61,5.97,266,261
2024-07-22 00:00:00,4.71,6.38,266,261
2024-07-22 01:00:00,4.72,6.3,265,260
2024-07-22 02:00:00,5.54,6.16,263,257
2024-07-22 03:00:00,6.45,6.33,263,254
2024-07-22 04:00:00,6.77,6.36,262,254
2024-07-22 05:00:00,6.82,6.62,259,255
2024-07-22 06:00:00,6.4,7.03,256,255
2024-07-22 07:00:00,6.99,7.47,253,254
2024-07-22 08:00:00,7.03,7.43,255,253
2024-07-22 09:00:00,7.79,6.48,254,257
2024-07-22 10:00:00,7.84,6.21,253,255
2024-07-22 11:00:00,7.78,6.62,252,255
2024-07-22 12:00:00,7.79,6.94,254,258
2024-07-22 13:00:00,7.57,5.76,255,253
2024-07-22 14:00:00,6.8,5.06,253,245
2024-07-22 15:00:00,6.04,4.57,251,247
2024-07-22 16:00:00,5.91,4.41,251,237
2024-07-22 17:00:00,5.57,4.61,252,240
2024-07-22 18:00:00,5.41,4.68,251,228
2024-07-22 19:00:00,5.42,4.81,247,223
2024-07-22 20:00:00,4.65,5.25,245,220
2024-07-22 21:00:00,6.08,3.72,245,234
2024-07-22 22:00:00,6.24,4.44,238,239
2024-07-22 23:00:00,6.91,4.69,236,230
2024-07-23 00:00:00,7.03,5.22,240,234
2024-07-23 01:00:00,6.17,5.64,245,240
2024-07-23 02:00:00,5.73,5.59,241,243
2024-07-23 03:00:00,6.4,5.83,245,239
2024-07-23 04:00:00,7.04,5.33,247,247
2024-07-23 05:00:00,7.08,6.04,247,246
2024-07-23 06:00:00,6.77,7.26,251,247
2024-07-23 07:00:00,7.11,8.01,256,250
2024-07-23 08:00:00,7.67,8.1,258,257
2024-07-23 09:00:00,6.82,7.5,256,257
2024-07-23 10:00:00,6.94,7.48,255,262
2024-07-23 11:00:00,7.63,7.18,248,261
2024-07-23 12:00:00,8.66,6.72,251,255
2024-07-23 13:00:00,6.63,7.75,259,259
2024-07-23 14:00:00,7.52,6.51,256,259
2024-07-23 15:00:00,7.4,5.58,257,255
2024-07-23 16:00:00,7.2,5.51,260,258
2024-07-23 17:00:00,7.09,5.33,261,247
2024-07-23 18:00:00,7.18,6.04,257,251
2024-07-23 19:00:00,6.84,5.95,258,250
2024-07-23 20:00:00,5.92,5.73,258,258
2024-07-23 21:00:00,6.96,8.25,263,264
2024-07-23 22:00:00,6.63,8.17,265,262
2024-07-23 23:00:00,6.22,7.51,265,260
2024-07-24 00:00:00,6.32,7.45,265,258
2024-07-24 01:00:00,6.71,7.74,267,256
2024-07-24 02:00:00,6.23,7.4,264,254
2024-07-24 03:00:00,6.35,6.92,263,259
2024-07-24 04:00:00,6.35,6.49,263,260
2024-07-24 05:00:00,6.03,6.04,264,263
2024-07-24 06:00:00,5.8,5.49,268,260
2024-07-24 07:00:00,6.21,5.85,266,262
2024-07-24 08:00:00,5.63,6.3,264,268
2024-07-24 09:00:00,5.0,6.45,269,263
2024-07-24 10:00:00,5.3,5.95,269,262
2024-07-24 11:00:00,5.38,5.69,260,260
2024-07-24 12:00:00,5.46,5.89,256,260
2024-07-24 13:00:00,5.46,6.08,256,261
2024-07-24 14:00:00,5.41,5.9,254,259
2024-07-24 15:00:00,5.12,5.68,253,256
2024-07-24 16:00:00,5.35,5.26,253,256
2024-07-24 17:00:00,5.6,4.85,254,256
2024-07-24 18:00:00,5.48,4.3,255,252
2024-07-24 19:00:00,5.53,4.18,257,249
2024-07-24 20:00:00,5.39,4.11,259,252
2024-07-24 21:00:00,4.27,4.68,249,254
2024-07-24 22:00:00,4.81,4.96,258,251
2024-07-24 23:00:00,5.06,5.46,261,256
2024-07-25 00:00:00,5.46,5.69,262,260
2024-07-25 01:00:00,5.53,5.57,264,261
2024-07-25 02:00:00,5.93,5.22,264,265
2024-07-25 03:00:00,5.93,5.08,264,260
2024-07-25 04:00:00,5.61,4.88,267,259
2024-07-25 05:00:00,5.41,4.64,267,263
2024-07-25 06:00:00,5.31,4.64,267,263
2024-07-25 07:00:00,5.4,4.2,268,267
2024-07-25 08:00:00,5.5,3.8,271,268
2024-07-25 09:00:00,5.31,4.82,267,265
2024-07-25 10:00:00,4.43,5.02,264,257
2024-07-25 11:00:00,3.79,4.68,258,254
2024-07-25 12:00:00,3.38,4.52,251,252
2024-07-25 13:00:00,3.16,4.24,252,255
2024-07-25 14:00:00,2.7,3.69,231,257
2024-07-25 15:00:00,2.78,3.23,240,254
2024-07-25 16:00:00,2.69,2.86,239,245
2024-07-25 17:00:00,2.64,2.64,233,241
2024-07-25 18:00:00,2.7,2.37,231,242
2024-07-25 19:00:00,2.52,2.16,236,236
2024-07-25 20:00:00,2.5,2.11,233,239
2024-07-25 21:00:00,2.48,2.44,220,235
2024-07-25 22:00:00,2.62,2.33,223,239
2024-07-25 23:00:00,2.77,2.52,229,236
2024-07-26 00:00:00,2.64,2.5,233,233
2024-07-26 01:00:00,2.42,2.64,232,233
2024-07-26 02:00:00,2.34,2.52,230,236
2024-07-26 03:00:00,2.48,2.44,227,235
2024-07-26 04:00:00,2.27,2.22,229,234
2024-07-26 05:00:00,1.92,1.7,219,242
2024-07-26 06:00:00,1.92,1.7,189,230
2024-07-26 07:00:00,2.31,1.42,175,219
2024-07-26 08:00:00,2.47,1.3,166,203
2024-07-26 09:00:00,2.88,3.1,146,182
2024-07-26 10:00:00,2.82,3.1,157,178
2024-07-26 11:00:00,3.18,3.11,167,174
2024-07-26 12:00:00,3.21,3.2,176,182
2024-07-26 13:00:00,3.31,3.32,185,187
2024-07-26 14:00:00,2.82,3.28,186,192
2024-07-26 15:00:00,2.86,3.2,205,194
2024-07-26 16:00:00,3.14,2.83,202,188
2024-07-26 17:00:00,3.32,2.47,201,201
2024-07-26 18:00:00,3.05,2.84,203,190
2024-07-26 19:00:00,3.86,2.81,201,176
2024-07-26 20:00:00,4.3,3.81,198,177
2024-07-26 21:00:00,4.66,3.03,203,188
2024-07-26 22:00:00,4.94,3.3,201,194
2024-07-26 23:00:00,5.07,3.71,202,194
2024-07-27 00:00:00,4.79,4.18,206,197
2024-07-27 01:00:00,4.72,4.4,212,201
2024-07-27 02:00:00,4.72,4.83,216,204
2024-07-27 03:00:00,4.62,5.01,219,209
2024-07-27 04:00:00,4.38,5.13,225,213
2024-07-27 05:00:00,4.38,5.0,225,217
2024-07-27 06:00:00,4.74,4.97,226,220
2024-07-27 07:00:00,5.02,4.96,227,222
2024-07-27 08:00:00,4.76,4.67,231,227
2024-07-27 09:00:00,4.68,4.47,228,230
2024-07-27 10:00:00,4.66,4.62,235,231
2024-07-27 11:00:00,4.66,4.84,239,232
2024-07-27 12:00:00,4.43,5.08,242,234
2024-07-27 13:00:00,4.17,4.88,240,235
2024-07-27 14:00:00,4.05,4.33,237,236
2024-07-27 15:00:00,3.77,3.98,238,242
2024-07-27 16:00:00,3.18,3.9,242,247
2024-07-27 17:00:00,2.77,4.31,244,248
2024-07-27 18:00:00,2.82,4.94,243,249
2024-07-27 19:00:00,2.64,5.31,241,250
2024-07-27 20:00:00,2.47,5.35,238,253
2024-07-27 21:00:00,3.49,3.49,243,246
2024-07-27 22:00:00,3.85,3.9,242,247
2024-07-27 23:00:00,3.98,4.2,242,245
2024-07-28 00:00:00,4.07,4.48,242,246
2024-07-28 01:00:00,4.29,4.88,242,244
2024-07-28 02:00:00,4.52,5.02,242,247
2024-07-28 03:00:00,4.57,4.93,241,252
2024-07-28 04:00:00,4.79,4.85,247,256
2024-07-28 05:00:00,4.81,5.32,249,254
2024-07-28 06:00:00,4.75,5.36,248,256
2024-07-28 07:00:00,4.94,5.38,249,260
2024-07-28 08:00:00,5.13,5.46,249,262
2024-07-28 09:00:00,5.75,5.63,257,250
2024-07-28 10:00:00,5.85,5.63,257,253
2024-07-28 11:00:00,5.8,5.46,255,256
2024-07-28 12:00:00,5.39,5.0,255,254
2024-07-28 13:00:00,4.93,4.84,252,252
2024-07-28 14:00:00,4.78,4.65,250,251
2024-07-28 15:00:00,4.65,4.43,251,252
2024-07-28 16:00:00,4.66,4.24,255,255
2024-07-28 17:00:00,4.73,3.77,257,259
2024-07-28 18:00:00,4.54,3.52,256,263
2024-07-28 19:00:00,4.34,3.4,255,256
2024-07-28 20:00:00,4.37,2.96,259,258
2024-07-28 21:00:00,6.38,4.36,256,261
2024-07-28 22:00:00,7.25,4.67,255,260
2024-07-28 23:00:00,7.91,5.14,254,257
2024-07-29 00:00:00,8.59,5.17,255,255
2024-07-29 01:00:00,9.22,5.22,257,258
2024-07-29 02:00:00,9.69,5.87,259,261
2024-07-29 03:00:00,9.95,7.02,260,259
2024-07-29 04:00:00,10.24,8.19,260,262
2024-07-29 05:00:00,10.41,8.56,262,263
2024-07-29 06:00:00,10.2,9.15,262,264
2024-07-29 07:00:00,10.01,9.53,261,265
2024-07-29 08:00:00,9.7,9.95,262,264
2024-07-29 09:00:00,9.87,9.69,263,262
2024-07-29 10:00:00,9.67,9.18,263,262
2024-07-29 11:00:00,9.04,8.76,264,263
2024-07-29 12:00:00,8.12,8.35,266,264
2024-07-29 13:00:00,7.13,7.73,265,265
2024-07-29 14:00:00,6.51,7.06,266,263
2024-07-29 15:00:00,6.82,6.45,266,263
2024-07-29 16:00:00,6.54,5.76,264,262
2024-07-29 17:00:00,6.17,5.66,262,262
2024-07-29 18:00:00,5.95,5.77,262,261
2024-07-29 19:00:00,5.93,6.06,264,257
2024-07-29 20:00:00,6.02,6.22,265,259
2024-07-29 21:00:00,5.22,6.24,266,264
2024-07-29 22:00:00,5.11,6.74,267,264
2024-07-29 23:00:00,5.0,6.61,268,267
2024-07-30 00:00:00,4.83,7.13,264,264
2024-07-30 01:00:00,4.88,6.84,259,264
2024-07-30 02:00:00,4.98,7.22,260,265
2024-07-30 03:00:00,5.1,7.1,259,268
2024-07-30 04:00:00,5.49,6.9,260,268
2024-07-30 05:00:00,5.76,6.5,262,268
2024-07-30 06:00:00,6.1,6.11,260,267
2024-07-30 07:00:00,5.84,6.11,263,267
2024-07-30 08:00:00,6.18,5.8,261,268
2024-07-30 09:00:00,6.23,6.8,264,269
2024-07-30 10:00:00,6.22,6.12,265,265
2024-07-30 11:00:00,6.62,7.57,266,262
2024-07-30 12:00:00,6.83,7.72,265,266
2024-07-30 13:00:00,6.73,7.81,265,272
2024-07-30 14:00:00,6.41,6.95,266,277
2024-07-30 15:00:00,5.8,5.95,270,278
2024-07-30 16:00:00,5.4,5.35,269,278
2024-07-30 17:00:00,5.2,4.94,269,277
2024-07-30 18:00:00,5.2,4.53,268,276
2024-07-30 19:00:00,5.3,4.31,269,274
2024-07-30 20:00:00,5.1,4.2,269,270
2024-07-30 21:00:00,4.7,5.11,269,267
2024-07-30 22:00:00,4.6,4.9,271,270
2024-07-30 23:00:00,4.61,4.71,274,274
2024-07-31 00:00:00,4.31,4.62,274,275
2024-07-31 01:00:00,4.2,4.61,273,274
2024-07-31 02:00:00,4.2,4.52,271,275
2024-07-31 03:00:00,3.9,4.43,270,276
2024-07-31 04:00:00,4.0,4.31,269,274
2024-07-31 05:00:00,3.9,4.2,271,271
2024-07-31 06:00:00,3.91,4.2,273,267
2024-07-31 07:00:00,3.91,4.1,274,270
2024-07-31 08:00:00,3.93,4.01,277,274
2024-07-31 09:00:00,3.92,4.24,276,278
2024-07-31 10:00:00,3.71,4.14,273,278
2024-07-31 11:00:00,3.5,3.95,268,279
2024-07-31 12:00:00,3.52,3.72,263,276
2024-07-31 13:00:00,3.85,3.71,261,273
2024-07-31 14:00:00,4.04,3.6,261,270
2024-07-31 15:00:00,4.14,3.31,262,267
2024-07-31 16:00:00,4.14,3.06,262,259
2024-07-31 17:00:00,4.04,2.94,261,252
2024-07-31 18:00:00,3.98,2.88,258,250
2024-07-31 19:00:00,4.03,2.75,256,251
2024-07-31 20:00:00,4.44,2.94,256,252
2024-07-31 21:00:00,4.95,4.41,262,257
2024-07-31 22:00:00,5.32,5.1,265,259
2024-07-31 23:00:00,5.22,5.51,265,258
2024-08-01 00:00:00,5.01,5.69,267,260
2024-08-01 01:00:00,5.2,5.73,268,264
2024-08-01 02:00:00,5.61,6.23,267,264
2024-08-01 03:00:00,5.93,6.35,264,263
2024-08-01 04:00:00,5.93,6.36,264,262
2024-08-01 05:00:00,5.76,6.08,262,261
2024-08-01 06:00:00,5.81,6.02,259,259
2024-08-01 07:00:00,5.69,6.32,260,259
2024-08-01 08:00:00,5.36,6.49,261,260
2024-08-01 09:00:00,5.28,5.53,260,264
2024-08-01 10:00:00,4.75,4.92,262,265
2024-08-01 11:00:00,4.44,4.41,262,266
2024-08-01 12:00:00,4.12,4.21,264,266
2024-08-01 13:00:00,3.92,4.1,264,267
2024-08-01 14:00:00,3.81,4.0,265,267
2024-08-01 15:00:00,3.71,3.91,265,267
2024-08-01 16:00:00,3.61,4.0,267,267
2024-08-01 17:00:00,3.54,3.91,262,266
2024-08-01 18:00:00,3.54,3.81,262,265
2024-08-01 19:00:00,3.45,3.82,260,264
2024-08-01 20:00:00,3.57,3.82,259,264
2024-08-01 21:00:00,3.65,3.71,261,265
2024-08-01 22:00:00,3.81,3.52,265,263
2024-08-01 23:00:00,3.51,3.31,265,265
2024-08-02 00:00:00,3.22,3.21,263,265
2024-08-02 01:00:00,3.13,3.2,263,268
2024-08-02 02:00:00,3.13,3.51,263,267
2024-08-02 03:00:00,3.42,3.6,263,268
2024-08-02 04:00:00,3.71,3.6,267,270
2024-08-02 05:00:00,3.9,3.51,269,273
2024-08-02 06:00:00,4.1,3.21,270,274
2024-08-02 07:00:00,4.31,3.21,274,275
2024-08-02 08:00:00,4.52,3.22,275,277
2024-08-02 09:00:00,5.0,4.22,272,275
2024-08-02 10:00:00,5.33,4.5,264,271
2024-08-02 11:00:00,5.46,4.3,262,270
2024-08-02 12:00:00,4.77,4.0,260,270
2024-08-02 13:00:00,4.49,3.6,258,268
2024-08-02 14:00:00,4.44,3.7,256,268
2024-08-02 15:00:00,4.24,3.72,255,264
2024-08-02 16:00:00,4.2,3.52,258,263
2024-08-02 17:00:00,4.14,3.26,262,259
2024-08-02 18:00:00,4.1,3.28,257,258
2024-08-02 19:00:00,3.75,3.75,261,261
2024-08-02 20:00:00,3.71,3.62,265,264
2024-08-02 21:00:00,3.41,3.91,265,266
2024-08-02 22:00:00,3.4,3.6,270,272
2024-08-02 23:00:00,3.41,3.1,267,272
2024-08-03 00:00:00,3.81,3.1,267,272
2024-08-03 01:00:00,3.9,3.11,269,276
2024-08-03 02:00:00,3.9,3.01,271,274
2024-08-03 03:00:00,3.82,2.92,276,276
2024-08-03 04:00:00,3.45,2.82,280,276
2024-08-03 05:00:00,3.24,2.5,279,272
2024-08-03 06:00:00,3.04,2.31,279,275
2024-08-03 07:00:00,2.89,2.42,284,277
2024-08-03 08:00:00,2.69,2.52,285,277
2024-08-03 09:00:00,2.31,2.38,288,285
2024-08-03 10:00:00,2.06,2.34,293,290
2024-08-03 11:00:00,2.12,2.44,289,289
2024-08-03 12:00:00,2.35,2.45,282,282
2024-08-03 13:00:00,2.11,2.33,275,280
2024-08-03 14:00:00,1.61,1.92,277,279
2024-08-03 15:00:00,0.82,1.1,284,275
2024-08-03 16:00:00,0.22,0.3,297,270
2024-08-03 17:00:00,0.41,0.22,76,117
2024-08-03 18:00:00,1.08,0.5,112,143
2024-08-03 19:00:00,1.14,0.86,128,144
2024-08-03 20:00:00,1.04,1.2,163,175
2024-08-03 21:00:00,1.73,1.3,260,180
2024-08-03 22:00:00,1.73,1.64,260,218
2024-08-03 23:00:00,1.53,1.53,259,238
2024-08-04 00:00:00,1.46,1.58,254,235
2024-08-04 01:00:00,1.36,1.61,253,240
2024-08-04 02:00:00,1.17,1.53,250,238
2024-08-04 03:00:00,1.0,1.3,264,238
2024-08-04 04:00:00,0.67,1.12,297,243
2024-08-04 05:00:00,0.81,1.02,353,259
2024-08-04 06:00:00,1.77,0.92,47,283
2024-08-04 07:00:00,0.71,0.3,82,360
2024-08-04 08:00:00,0.71,0.92,82,49
2024-08-04 09:00:00,1.44,1.26,56,72
2024-08-04 10:00:00,2.28,2.06,67,76
2024-08-04 11:00:00,3.14,2.65,68,79
2024-08-04 12:00:00,3.44,3.29,64,70
2024-08-04 13:00:00,3.62,3.64,66,74
2024-08-04 14:00:00,3.2,3.34,70,81
2024-08-04 15:00:00,2.94,3.31,80,93
2024-08-04 16:00:00,3.06,3.28,79,102
2024-08-04 17:00:00,2.75,3.06,80,101
2024-08-04 18:00:00,2.52,2.72,83,96
2024-08-04 19:00:00,2.72,2.91,84,94
2024-08-04 20:00:00,2.01,2.38,96,112
2024-08-04 21:00:00,1.99,2.31,108,95
2024-08-04 22:00:00,1.97,2.21,114,108
2024-08-04 23:00:00,2.01,1.72,117,126
2024-08-05 00:00:00,1.96,1.56,105,135
2024-08-05 01:00:00,1.73,1.35,100,132
2024-08-05 02:00:00,1.43,1.22,102,145
2024-08-05 03:00:00,1.53,1.36,101,144
2024-08-05 04:00:00,1.61,1.39,97,159
2024-08-05 05:00:00,1.7,1.32,87,171
2024-08-05 06:00:00,1.4,1.12,86,207
2024-08-05 07:00:00,1.71,0.2,83,270
2024-08-05 08:00:00,2.1,0.85,87,291
2024-08-05 09:00:00,1.22,0.82,81,14
2024-08-05 10:00:00,1.51,1.25,82,29
2024-08-05 11:00:00,1.71,1.97,83,60
2024-08-05 12:00:00,2.01,2.44,84,71
2024-08-05 13:00:00,2.55,2.53,79,72
2024-08-05 14:00:00,2.63,2.75,81,71
2024-08-05 15:00:00,2.4,2.97,90,70
2024-08-05 16:00:00,2.26,2.75,77,80
2024-08-05 17:00:00,1.55,1.9,75,87
2024-08-05 18:00:00,1.3,1.3,113,90
2024-08-05 19:00:00,1.35,0.82,132,104
2024-08-05 20:00:00,1.42,0.85,141,135
2024-08-05 21:00:00,1.44,1.34,236,153
2024-08-05 22:00:00,1.63,1.4,227,180
2024-08-05 23:00:00,1.75,1.6,239,184
2024-08-06 00:00:00,1.66,1.58,245,198
2024-08-06 01:00:00,1.48,1.9,242,252
2024-08-06 02:00:00,1.3,1.63,238,259
2024-08-06 03:00:00,1.25,1.61,241,240
2024-08-06 04:00:00,1.17,1.7,239,242
2024-08-06 05:00:00,1.06,1.43,229,245
2024-08-06 06:00:00,0.5,1.24,233,256
2024-08-06 07:00:00,0.41,0.67,14,243
2024-08-06 08:00:00,0.5,0.71,360,315
2024-08-06 09:00:00,0.73,1.14,344,308
2024-08-06 10:00:00,0.94,0.61,58,351
2024-08-06 11:00:00,1.68,0.81,73,60
2024-08-06 12:00:00,1.6,0.9,90,90
2024-08-06 13:00:00,1.71,1.5,83,86
2024-08-06 14:00:00,1.2,1.14,95,52
2024-08-06 15:00:00,1.36,0.51,107,349
2024-08-06 16:00:00,1.08,0.81,124,83
2024-08-06 17:00:00,0.5,1.02,127,79
2024-08-06 18:00:00,0.67,1.14,117,105
2024-08-06 19:00:00,1.14,0.98,128,114
2024-08-06 20:00:00,1.22,1.26,171,162
2024-08-06 21:00:00,1.65,1.49,256,200
2024-08-06 22:00:00,1.62,1.61,248,210
2024-08-06 23:00:00,1.49,1.8,250,236
2024-08-07 00:00:00,1.63,1.94,259,235
2024-08-07 01:00:00,1.5,1.78,270,232
2024-08-07 02:00:00,1.71,1.7,277,242
2024-08-07 03:00:00,1.91,1.71,276,249
2024-08-07 04:00:00,1.81,2.01,276,276
2024-08-07 05:00:00,1.84,1.71,283,263
2024-08-07 06:00:00,1.77,1.36,286,253
2024-08-07 07:00:00,1.66,1.3,295,274
2024-08-07 08:00:00,1.66,1.34,295,297
2024-08-07 09:00:00,2.33,1.61,301,300
2024-08-07 10:00:00,2.05,1.13,313,315
2024-08-07 11:00:00,2.0,0.86,323,306
2024-08-07 12:00:00,1.77,0.22,317,333
2024-08-07 13:00:00,0.4,1.63,360,79
2024-08-07 14:00:00,1.04,1.44,17,124
2024-08-07 15:00:00,1.32,0.92,81,167
2024-08-07 16:00:00,0.73,0.98,164,246
2024-08-07 17:00:00,0.82,1.3,256,274
2024-08-07 18:00:00,0.81,1.6,300,270
2024-08-07 19:00:00,1.0,1.81,276,264
2024-08-07 20:00:00,1.8,1.9,267,267
2024-08-07 21:00:00,1.77,1.72,254,234
2024-08-07 22:00:00,1.94,1.7,258,242
2024-08-07 23:00:00,2.14,1.75,259,239
2024-08-08 00:00:00,2.21,1.72,265,234
2024-08-08 01:00:00,2.21,1.86,265,234
2024-08-08 02:00:00,2.52,1.61,263,240
2024-08-08 03:00:00,2.81,1.84,266,248
2024-08-08 04:00:00,2.93,1.9,262,252
2024-08-08 05:00:00,3.1,1.8,268,251
2024-08-08 06:00:00,3.01,2.12,274,262
2024-08-08 07:00:00,2.93,1.8,278,273
2024-08-08 08:00:00,2.84,0.99,280,315
2024-08-08 09:00:00,4.02,2.69,276,285
2024-08-08 10:00:00,3.67,2.85,281,288
2024-08-08 11:00:00,3.16,2.96,288,282
2024-08-08 12:00:00,3.01,3.13,285,287
2024-08-08 13:00:00,2.75,2.98,280,284
2024-08-08 14:00:00,2.52,3.1,277,285
2024-08-08 15:00:00,1.43,3.13,282,287
2024-08-08 16:00:00,0.5,2.96,360,282
2024-08-08 17:00:00,0.51,2.81,11,274
2024-08-08 18:00:00,1.28,1.92,309,279
2024-08-08 19:00:00,0.64,1.3,309,293
2024-08-08 20:00:00,1.13,2.0,225,270
2024-08-08 21:00:00,1.66,1.49,245,250
2024-08-08 22:00:00,1.66,1.92,245,279
2024-08-08 23:00:00,1.58,2.0,252,273
2024-08-09 00:00:00,1.46,2.1,254,273
2024-08-09 01:00:00,1.39,1.9,249,267
2024-08-09 02:00:00,1.36,2.0,234,273
2024-08-09 03:00:00,1.36,1.92,234,279
2024-08-09 04:00:00,1.3,1.62,247,292
2024-08-09 05:00:00,1.2,0.92,270,319
2024-08-09 06:00:00,0.82,1.62,284,22
2024-08-09 07:00:00,1.08,1.35,34,42
2024-08-09 08:00:00,1.36,1.22,54,35
2024-08-09 09:00:00,1.61,1.77,60,47
2024-08-09 10:00:00,2.02,2.52,70,56
2024-08-09 11:00:00,2.12,2.77,71,64
2024-08-09 12:00:00,2.04,2.66,79,70
2024-08-09 13:00:00,2.2,2.38,87,68
2024-08-09 14:00:00,2.4,2.46,88,63
2024-08-09 15:00:00,2.62,2.51,83,61
2024-08-09 16:00:00,2.63,2.56,81,59
2024-08-09 17:00:00,2.3,2.42,88,66
2024-08-09 18:00:00,1.8,1.8,90,71
2024-08-09 19:00:00,1.34,1.33,117,77
2024-08-09 20:00:00,1.53,2.11,148,85
2024-08-09 21:00:00,1.72,2.01,144,153
2024-08-09 22:00:00,1.71,2.28,159,142
2024-08-09 23:00:00,1.7,2.39,183,147
2024-08-10 00:00:00,2.06,2.62,194,173
2024-08-10 01:00:00,1.72,2.72,216,174
2024-08-10 02:00:00,1.77,2.6,227,178
2024-08-10 03:00:00,1.75,2.2,239,183
2024-08-10 04:00:00,1.75,1.96,239,195
2024-08-10 05:00:00,1.57,1.75,243,239
2024-08-10 06:00:00,1.34,2.28,243,247
2024-08-10 07:00:00,0.81,1.36,263,216
2024-08-10 08:00:00,0.22,0.0,297,270
2024-08-10 09:00:00,1.43,1.52,65,113
2024-08-10 10:00:00,1.73,1.84,80,119
2024-08-10 11:00:00,2.0,2.2,87,120
2024-08-10 12:00:00,2.42,1.93,83,111
2024-08-10 13:00:00,2.94,2.4,80,92
2024-08-10 14:00:00,2.72,3.35,84,80
2024-08-10 15:00:00,2.42,3.21,97,86
2024-08-10 16:00:00,2.06,2.83,113,98
2024-08-10 17:00:00,1.78,2.19,128,114
2024-08-10 18:00:00,1.63,1.97,137,114
2024-08-10 19:00:00,1.42,1.84,129,119
2024-08-10 20:00:00,1.5,1.7,143,135
2024-08-10 21:00:00,1.91,1.98,137,139
2024-08-10 22:00:00,2.2,2.27,141,139
2024-08-10 23:00:00,2.36,2.34,144,140
2024-08-11 00:00:00,2.3,2.42,146,142
2024-08-11 01:00:00,2.11,2.28,149,142
2024-08-11 02:00:00,1.79,2.02,153,147
2024-08-11 03:00:00,1.49,1.88,160,155
2024-08-11 04:00:00,1.46,2.34,164,160
2024-08-11 05:00:00,1.68,2.37,163,152
2024-08-11 06:00:00,1.77,2.33,164,155
2024-08-11 07:00:00,1.27,1.91,135,133
2024-08-11 08:00:00,1.42,1.84,129,112
2024-08-11 09:00:00,0.32,0.91,18,84
2024-08-11 10:00:00,1.1,1.8,95,90
2024-08-11 11:00:00,1.92,2.2,99,93
2024-08-11 12:00:00,2.12,2.2,98,90
2024-08-11 13:00:00,2.1,2.53,90,81
2024-08-11 14:00:00,2.53,2.83,81,82
2024-08-11 15:00:00,2.84,3.03,80,82
2024-08-11 16:00:00,2.81,3.01,86,84
2024-08-11 17:00:00,2.52,3.01,97,84
2024-08-11 18:00:00,2.06,2.8,104,90
2024-08-11 19:00:00,1.84,2.51,103,95
2024-08-11 20:00:00,1.92,2.42,118,97
2024-08-11 21:00:00,2.38,2.06,112,129
2024-08-11 22:00:00,2.42,2.16,120,124
2024-08-11 23:00:00,2.48,2.02,130,123
2024-08-12 00:00:00,2.41,2.2,132,120
2024-08-12 01:00:00,2.19,2.16,133,124
2024-08-12 02:00:00,2.05,2.16,137,124
2024-08-12 03:00:00,1.91,2.08,137,125
2024-08-12 04:00:00,1.98,2.08,139,125
2024-08-12 05:00:00,2.06,1.91,141,137
2024-08-12 06:00:00,2.05,2.15,137,118
2024-08-12 07:00:00,2.02,1.77,123,106
2024-08-12 08:00:00,2.06,2.0,113,90
2024-08-12 09:00:00,1.36,2.15,17,112
2024-08-12 10:00:00,1.92,2.04,62,101
2024-08-12 11:00:00,2.18,2.01,74,84
2024-08-12 12:00:00,2.4,2.28,73,75
2024-08-12 13:00:00,2.47,2.4,76,73
2024-08-12 14:00:00,2.65,2.53,79,72
2024-08-12 15:00:00,2.69,2.62,75,72
2024-08-12 16:00:00,2.38,2.53,75,72
2024-08-12 17:00:00,2.16,2.62,77,72
2024-08-12 18:00:00,2.02,2.45,81,78
2024-08-12 19:00:00,2.0,2.11,87,85
2024-08-12 20:00:00,2.01,1.7,96,90
2024-08-12 21:00:00,1.33,1.75,167,103
2024-08-12 22:00:00,1.3,2.06,157,104
2024-08-12 23:00:00,1.12,2.15,190,112
2024-08-13 00:00:00,1.22,2.26,99,103
2024-08-13 01:00:00,1.61,2.28,97,113
2024-08-13 02:00:00,1.4,2.1,90,115
2024-08-13 03:00:00,1.43,2.09,78,107
2024-08-13 04:00:00,1.56,1.91,50,84
2024-08-13 05:00:00,1.88,2.06,65,67
2024-08-13 06:00:00,1.71,2.25,83,69
2024-08-13 07:00:00,1.26,1.82,108,81
2024-08-13 08:00:00,1.2,2.18,85,74
2024-08-13 09:00:00,1.04,2.33,73,80
2024-08-13 10:00:00,1.79,2.38,63,75
2024-08-13 11:00:00,2.38,2.25,68,69
2024-08-13 12:00:00,2.47,2.06,69,67
2024-08-13 13:00:00,2.34,2.01,70,63
2024-08-13 14:00:00,2.25,2.28,69,61
2024-08-13 15:00:00,2.06,2.44,67,71
2024-08-13 16:00:00,1.9,2.28,72,75
2024-08-13 17:00:00,1.77,2.06,74,76
2024-08-13 18:00:00,1.53,1.63,79,79
2024-08-13 19:00:00,1.3,1.1,94,90
2024-08-13 20:00:00,1.08,1.06,124,131
2024-08-13 21:00:00,1.36,1.22,126,125
2024-08-13 22:00:00,1.35,0.89,138,117
2024-08-13 23:00:00,1.42,0.81,141,150
2024-08-14 00:00:00,1.43,1.08,155,124
2024-08-14 01:00:00,1.3,0.5,122,127
2024-08-14 02:00:00,1.32,0.73,81,106
2024-08-14 03:00:00,1.36,0.98,73,66
2024-08-14 04:00:00,2.11,1.36,59,54
2024-08-14 05:00:00,2.06,1.62,76,68
2024-08-14 06:00:00,2.21,1.79,95,63
2024-08-14 07:00:00,1.92,1.5,99,86
2024-08-14 08:00:00,2.21,1.9,95,93
2024-08-14 09:00:00,2.41,2.31,85,85
2024-08-14 10:00:00,2.61,2.51,86,85
2024-08-14 11:00:00,2.61,2.42,86,83
2024-08-14 12:00:00,2.61,2.3,86,88
2024-08-14 13:00:00,2.42,2.0,83,87
2024-08-14 14:00:00,2.38,1.9,75,87
2024-08-14 15:00:00,2.44,1.8,71,87
2024-08-14 16:00:00,2.5,1.81,74,84
2024-08-14 17:00:00,2.43,1.61,81,83
2024-08-14 18:00:00,2.21,1.5,85,86
2024-08-14 19:00:00,2.22,1.4,82,94
2024-08-14 20:00:00,1.7,1.32,87,99
2024-08-14 21:00:00,1.84,1.75,119,103
2024-08-14 22:00:00,1.94,1.84,125,103
2024-08-14 23:00:00,1.91,1.92,133,99
2024-08-15 00:00:00,1.89,1.82,148,99
2024-08-15 01:00:00,1.94,1.9,145,108
2024-08-15 02:00:00,1.84,1.89,158,122
2024-08-15 03:00:00,1.94,1.8,145,124
2024-08-15 04:00:00,2.06,1.7,141,130
2024-08-15 05:00:00,1.5,1.7,127,140
2024-08-15 06:00:00,1.58,1.8,108,146
2024-08-15 07:00:00,1.43,1.2,115,138
2024-08-15 08:00:00,1.33,1.39,103,111
2024-08-15 09:00:00,2.3,2.19,88,114
2024-08-15 10:00:00,2.3,2.26,88,103
2024-08-15 11:00:00,2.33,2.32,80,97
2024-08-15 12:00:00,2.57,2.3,77,92
2024-08-15 13:00:00,2.82,2.6,73,88
2024-08-15 14:00:00,2.94,3.1,80,88
2024-08-15 15:00:00,2.96,3.31,78,85
2024-08-15 16:00:00,2.69,3.26,75,79
2024-08-15 17:00:00,2.45,2.96,78,78
2024-08-15 18:00:00,2.14,2.57,79,77
2024-08-15 19:00:00,1.81,2.69,84,75
2024-08-15 20:00:00,2.01,2.6,84,88
2024-08-15 21:00:00,2.0,2.21,93,95
2024-08-15 22:00:00,2.12,2.21,98,108
2024-08-15 23:00:00,2.28,2.15,113,112
2024-08-16 00:00:00,2.2,1.96,120,105
2024-08-16 01:00:00,1.91,1.61,133,120
2024-08-16 02:00:00,1.94,1.44,145,146
2024-08-16 03:00:00,2.11,1.56,121,140
2024-08-16 04:00:00,1.9,1.44,90,124
2024-08-16 05:00:00,2.09,1.2,73,95
2024-08-16 06:00:00,1.92,1.46,62,74
2024-08-16 07:00:00,1.79,1.46,63,74
2024-08-16 08:00:00,1.84,1.46,68,74
2024-08-16 09:00:00,1.8,2.28,87,61
2024-08-16 10:00:00,1.9,2.47,87,58
2024-08-16 11:00:00,3.13,2.95,73,62
2024-08-16 12:00:00,2.82,3.05,67,67
2024-08-16 13:00:00,2.97,3.22,70,64
2024-08-16 14:00:00,3.14,3.27,68,67
2024-08-16 15:00:00,3.13,3.04,63,63
2024-08-16 16:00:00,2.95,3.05,66,67
2024-08-16 17:00:00,2.88,2.75,70,71
2024-08-16 18:00:00,2.38,2.28,75,75
2024-08-16 19:00:00,2.15,2.47,68,69
2024-08-16 20:00:00,1.77,1.75,74,66
2024-08-16 21:00:00,1.9,1.84,72,77
2024-08-16 22:00:00,1.84,1.5,68,90
2024-08-16 23:00:00,1.68,1.36,73,73
2024-08-17 00:00:00,1.55,1.0,75,84
2024-08-17 01:00:00,1.75,1.2,59,85
2024-08-17 02:00:00,1.72,0.92,54,103
2024-08-17 03:00:00,1.49,0.91,48,96
2024-08-17 04:00:00,1.52,0.61,23,81
2024-08-17 05:00:00,1.94,0.92,35,49
2024-08-17 06:00:00,1.39,1.34,60,63
2024-08-17 07:00:00,1.72,0.71,54,8
2024-08-17 08:00:00,0.92,1.22,41,55
2024-08-17 09:00:00,2.0,1.78,53,52
2024-08-17 10:00:00,2.34,1.77,50,47
2024-08-17 11:00:00,2.58,2.12,54,45
2024-08-17 12:00:00,3.18,2.77,66,49
2024-08-17 13:00:00,3.22,3.27,64,67
2024-08-17 14:00:00,3.09,3.07,61,71
2024-08-17 15:00:00,3.09,2.72,61,73
2024-08-17 16:00:00,2.95,2.72,62,73
2024-08-17 17:00:00,2.51,2.57,67,77
2024-08-17 18:00:00,2.18,2.47,74,76
2024-08-17 19:00:00,2.18,2.06,74,76
2024-08-17 20:00:00,1.9,1.41,72,82
2024-08-17 21:00:00,1.91,1.84,96,77
2024-08-17 22:00:00,1.75,1.96,103,75
2024-08-17 23:00:00,1.84,1.68,103,73
2024-08-18 00:00:00,1.65,1.33,104,77
2024-08-18 01:00:00,1.62,1.0,112,96
2024-08-18 02:00:00,1.39,1.21,120,114
2024-08-18 03:00:00,1.17,1.2,149,85
2024-08-18 04:00:00,1.39,1.48,159,62
2024-08-18 05:00:00,1.14,1.2,142,85
2024-08-18 06:00:00,1.75,1.35,114,132
2024-08-18 07:00:00,1.3,1.14,113,128
2024-08-18 08:00:00,1.3,1.4,94,90
2024-08-18 09:00:00,1.43,1.4,102,90
2024-08-18 10:00:00,1.91,1.8,96,90
2024-08-18 11:00:00,2.21,2.11,95,85
2024-08-18 12:00:00,2.11,2.22,95,82
2024-08-18 13:00:00,2.21,2.51,95,85
2024-08-18 14:00:00,2.5,2.7,92,90
2024-08-18 15:00:00,2.32,2.8,97,92
2024-08-18 16:00:00,2.14,2.71,101,94
2024-08-18 17:00:00,1.97,2.24,120,100
2024-08-18 18:00:00,1.49,1.71,132,111
2024-08-18 19:00:00,1.2,1.17,138,121
2024-08-18 20:00:00,1.51,1.39,172,150
2024-08-18 21:00:00,1.33,1.36,167,197
2024-08-18 22:00:00,1.49,1.44,160,236
2024-08-18 23:00:00,1.58,1.26,162,252
2024-08-19 00:00:00,1.51,0.9,188,270
2024-08-19 01:00:00,1.3,0.98,238,246
2024-08-19 02:00:00,0.67,1.08,297,236
2024-08-19 03:00:00,0.73,1.3,344,238
2024-08-19 04:00:00,1.2,1.17,360,250
2024-08-19 05:00:00,1.48,1.04,28,253
2024-08-19 06:00:00,1.75,0.89,121,243
2024-08-19 07:00:00,1.53,0.61,148,279
2024-08-19 08:00:00,1.94,0.5,145,323
2024-08-19 09:00:00,2.42,1.46,150,74
2024-08-19 10:00:00,2.76,1.9,134,87
2024-08-19 11:00:00,2.69,2.4,138,92
2024-08-19 12:00:00,2.64,2.5,143,90
2024-08-19 13:00:00,2.56,2.31,149,95
2024-08-19 14:00:00,2.47,2.21,148,95
2024-08-19 15:00:00,2.01,2.04,153,101
2024-08-19 16:00:00,2.06,1.52,157,113
2024-08-19 17:00:00,2.37,1.5,152,94
2024-08-19 18:00:00,1.66,1.3,147,113
2024-08-19 19:00:00,1.84,1.06,151,131
2024-08-19 20:00:00,1.88,1.36,155,163
2024-08-19 21:00:00,2.2,2.69,150,138
2024-08-19 22:00:00,2.58,3.2,144,141
2024-08-19 23:00:00,3.18,3.24,136,146
2024-08-20 00:00:00,2.97,3.22,132,150
2024-08-20 01:00:00,3.3,3.14,125,143
2024-08-20 02:00:00,3.49,2.92,117,142
2024-08-20 03:00:00,3.4,2.83,114,132
2024-08-20 04:00:00,3.51,3.04,110,136
2024-08-20 05:00:00,3.41,3.2,95,129
2024-08-20 06:00:00,3.44,3.14,82,127
2024-08-20 07:00:00,3.35,3.8,63,125
2024-08-20 08:00:00,3.86,3.05,59,113
2024-08-20 09:00:00,3.16,3.81,108,177
2024-08-20 10:00:00,3.16,3.72,101,186
2024-08-20 11:00:00,3.69,3.81,77,185
2024-08-20 12:00:00,3.64,3.54,74,188
2024-08-20 13:00:00,3.93,3.57,75,198
2024-08-20 14:00:00,3.54,3.42,82,195
2024-08-20 15:00:00,3.52,3.61,83,185
2024-08-20 16:00:00,3.06,3.2,101,182
2024-08-20 17:00:00,2.69,2.9,112,180
2024-08-20 18:00:00,1.99,2.83,162,172
2024-08-20 19:00:00,3.19,3.18,212,167
2024-08-20 20:00:00,3.91,3.23,230,164
2024-08-20 21:00:00,1.92,1.58,242,235
2024-08-20 22:00:00,3.22,1.64,234,232
2024-08-20 23:00:00,3.47,1.91,229,223
2024-08-21 00:00:00,3.18,1.91,224,223
2024-08-21 01:00:00,3.3,1.92,215,231
2024-08-21 02:00:00,3.41,1.66,212,245
2024-08-21 03:00:00,3.64,0.51,212,259
2024-08-21 04:00:00,3.36,2.14,210,101
2024-08-21 05:00:00,3.54,1.84,209,119
2024-08-21 06:00:00,3.76,1.84,209,139
2024-08-21 07:00:00,3.88,1.93,215,201
2024-08-21 08:00:00,3.62,3.06,208,218
2024-08-21 09:00:00,5.32,3.54,176,209
2024-08-21 10:00:00,5.6,4.17,182,210
2024-08-21 11:00:00,5.73,3.98,192,208
2024-08-21 12:00:00,6.71,4.11,197,198
2024-08-21 13:00:00,7.43,4.71,209,197
2024-08-21 14:00:00,7.78,4.49,217,192
2024-08-21 15:00:00,7.61,5.2,231,178
2024-08-21 16:00:00,8.08,5.91,239,183
2024-08-21 17:00:00,6.98,6.33,245,192
2024-08-21 18:00:00,5.86,7.37,245,198
2024-08-21 19:00:00,5.46,7.71,246,214
2024-08-21 20:00:00,5.39,8.23,248,220
2024-08-21 21:00:00,4.94,5.88,238,238
2024-08-21 22:00:00,4.72,6.14,238,240
2024-08-21 23:00:00,4.8,6.41,239,239
2024-08-22 00:00:00,5.05,6.31,236,241
2024-08-22 01:00:00,5.06,6.31,240,243
2024-08-22 02:00:00,5.2,6.44,240,244
2024-08-22 03:00:00,5.51,6.76,241,246
2024-08-22 04:00:00,5.81,6.67,243,246
2024-08-22 05:00:00,5.73,6.54,245,247
2024-08-22 06:00:00,5.41,6.13,245,246
2024-08-22 07:00:00,5.19,5.86,242,245
2024-08-22 08:00:00,5.19,5.59,236,246
2024-08-22 09:00:00,4.92,6.8,232,250
2024-08-22 10:00:00,4.95,6.89,227,251
2024-08-22 11:00:00,5.1,5.95,222,245
2024-08-22 12:00:00,5.12,5.47,219,239
2024-08-22 13:00:00,5.04,5.06,219,232
2024-08-22 14:00:00,5.02,4.83,215,230
2024-08-22 15:00:00,5.16,3.96,216,223
2024-08-22 16:00:00,5.19,3.24,220,214
2024-08-22 17:00:00,4.88,3.35,227,197
2024-08-22 18:00:00,5.59,4.02,226,199
2024-08-22 19:00:00,6.27,5.02,236,203
2024-08-22 20:00:00,7.39,6.13,240,214
2024-08-22 21:00:00,7.44,7.3,239,257
2024-08-22 22:00:00,7.89,7.02,248,259
2024-08-22 23:00:00,7.46,6.69,252,261
2024-08-23 00:00:00,7.02,6.42,250,266
2024-08-23 01:00:00,6.9,6.36,253,262
2024-08-23 02:00:00,7.07,6.12,262,265
2024-08-23 03:00:00,7.5,6.4,268,269
2024-08-23 04:00:00,7.3,6.31,271,266
2024-08-23 05:00:00,6.9,6.3,268,269
2024-08-23 06:00:00,7.4,6.3,269,271
2024-08-23 07:00:00,7.5,6.94,270,264
2024-08-23 08:00:00,7.82,6.15,266,263
2024-08-23 09:00:00,7.64,6.64,264,264
2024-08-23 10:00:00,7.37,5.41,262,273
2024-08-23 11:00:00,5.83,4.73,264,276
2024-08-23 12:00:00,4.65,4.42,261,275
2024-08-23 13:00:00,4.37,4.01,259,274
2024-08-23 14:00:00,4.63,3.9,256,271
2024-08-23 15:00:00,5.0,3.8,258,270
2024-08-23 16:00:00,4.88,3.71,259,267
2024-08-23 17:00:00,4.23,3.47,263,258
2024-08-23 18:00:00,4.04,3.41,261,265
2024-08-23 19:00:00,3.71,3.24,267,261
2024-08-23 20:00:00,3.65,3.81,261,265
2024-08-23 21:00:00,3.8,3.51,268,265
2024-08-23 22:00:00,3.8,3.71,272,265
2024-08-23 23:00:00,4.0,3.63,270,262
2024-08-24 00:00:00,4.0,3.63,269,262
2024-08-24 01:00:00,4.11,3.83,266,263
2024-08-24 02:00:00,4.01,3.82,266,264
2024-08-24 03:00:00,4.01,3.81,266,265
2024-08-24 04:00:00,3.8,3.7,270,268
2024-08-24 05:00:00,3.6,3.51,272,273
2024-08-24 06:00:00,3.21,3.21,274,275
2024-08-24 07:00:00,3.31,3.03,273,278
2024-08-24 08:00:00,3.41,2.93,275,278
2024-08-24 09:00:00,4.13,3.62,277,276
2024-08-24 10:00:00,4.43,4.22,276,275
2024-08-24 11:00:00,4.02,4.22,276,275
2024-08-24 12:00:00,3.42,3.83,277,277
2024-08-24 13:00:00,3.01,3.21,274,275
2024-08-24 14:00:00,2.9,3.0,270,272
2024-08-24 15:00:00,3.11,2.8,274,270
2024-08-24 16:00:00,3.0,2.71,270,274
2024-08-24 17:00:00,2.31,2.0,265,273
2024-08-24 18:00:00,1.26,0.64,252,231
2024-08-24 19:00:00,0.67,1.17,207,121
2024-08-24 20:00:00,1.43,1.22,205,125
2024-08-24 21:00:00,1.56,1.39,230,150
2024-08-24 22:00:00,1.58,1.4,235,180
2024-08-24 23:00:00,1.64,1.64,232,218
2024-08-25 00:00:00,1.7,1.7,230,230
2024-08-25 01:00:00,1.86,1.84,234,221
2024-08-25 02:00:00,2.01,1.77,243,223
2024-08-25 03:00:00,2.02,1.89,250,238
2024-08-25 04:00:00,2.16,1.93,257,249
2024-08-25 05:00:00,1.91,2.0,264,267
2024-08-25 06:00:00,1.43,1.55,258,285
2024-08-25 07:00:00,0.98,1.0,246,264
2024-08-25 08:00:00,1.04,1.32,287,279
2024-08-25 09:00:00,0.9,1.99,360,288
2024-08-25 10:00:00,0.95,2.37,18,298
2024-08-25 11:00:00,0.72,2.15,34,298
2024-08-25 12:00:00,0.64,2.1,51,295
2024-08-25 13:00:00,0.58,1.75,59,294
2024-08-25 14:00:00,1.12,0.89,63,297
2024-08-25 15:00:00,1.61,0.6,83,90
2024-08-25 16:00:00,2.35,2.42,102,114
2024-08-25 17:00:00,2.02,2.08,99,125
2024-08-25 18:00:00,1.63,1.7,101,130
2024-08-25 19:00:00,1.56,1.51,135,172
2024-08-25 20:00:00,1.43,1.72,168,216
2024-08-25 21:00:00,1.6,1.36,180,163
2024-08-25 22:00:00,1.71,1.62,201,202
2024-08-25 23:00:00,1.64,1.77,218,227
2024-08-26 00:00:00,1.56,1.78,225,232
2024-08-26 01:00:00,1.64,2.02,232,237
2024-08-26 02:00:00,1.58,1.84,235,229
2024-08-26 03:00:00,1.58,1.49,235,228
2024-08-26 04:00:00,1.56,1.5,230,233
2024-08-26 05:00:00,1.5,1.48,233,242
2024-08-26 06:00:00,1.49,1.03,222,241
2024-08-26 07:00:00,1.0,0.32,233,252
2024-08-26 08:00:00,0.61,0.61,261,81
2024-08-26 09:00:00,0.92,1.2,77,85
2024-08-26 10:00:00,0.92,1.91,103,96
2024-08-26 11:00:00,1.14,1.99,105,108
2024-08-26 12:00:00,0.63,1.92,108,99
2024-08-26 13:00:00,0.71,2.24,82,117
2024-08-26 14:00:00,1.52,1.8,113,109
2024-08-26 15:00:00,1.53,1.33,122,103
2024-08-26 16:00:00,1.2,0.92,138,103
2024-08-26 17:00:00,0.45,1.08,243,124
2024-08-26 18:00:00,0.57,1.2,225,138
2024-08-26 19:00:00,0.82,1.21,166,156
2024-08-26 20:00:00,1.36,1.3,126,176
2024-08-26 21:00:00,1.41,1.5,172,217
2024-08-26 22:00:00,1.6,1.56,180,225
2024-08-26 23:00:00,1.33,1.28,193,219
2024-08-27 00:00:00,1.53,1.28,191,231
2024-08-27 01:00:00,1.5,1.04,180,253
2024-08-27 02:00:00,1.41,0.92,188,311
2024-08-27 03:00:00,1.4,1.14,180,322
2024-08-27 04:00:00,1.46,1.04,164,343
2024-08-27 05:00:00,0.95,1.39,162,21
2024-08-27 06:00:00,1.3,1.63,184,47
2024-08-27 07:00:00,0.72,1.63,236,43
2024-08-27 08:00:00,1.0,1.58,6,35
2024-08-27 09:00:00,1.0,2.71,354,86
2024-08-27 10:00:00,0.82,2.32,14,97
2024-08-27 11:00:00,1.64,2.2,52,90
2024-08-27 12:00:00,2.06,2.6,51,92
2024-08-27 13:00:00,2.24,2.51,63,95
2024-08-27 14:00:00,2.91,2.55,74,101
2024-08-27 15:00:00,3.51,2.83,85,98
2024-08-27 16:00:00,3.7,2.4,92,107
2024-08-27 17:00:00,3.5,2.4,92,107
2024-08-27 18:00:00,3.51,2.04,87,101
2024-08-27 19:00:00,2.89,2.51,76,95
2024-08-27 20:00:00,3.41,2.8,93,88
2024-08-27 21:00:00,2.75,2.6,100,113
2024-08-27 22:00:00,2.65,2.51,101,113
2024-08-27 23:00:00,2.77,2.53,103,108
2024-08-28 00:00:00,2.53,2.66,99,110
2024-08-28 01:00:00,2.35,2.62,102,108
2024-08-28 02:00:00,2.31,2.65,95,101
2024-08-28 03:00:00,2.69,2.81,75,94
2024-08-28 04:00:00,3.3,2.81,76,86
2024-08-28 05:00:00,3.2,3.01,70,75
2024-08-28 06:00:00,3.38,3.32,71,69
2024-08-28 07:00:00,3.61,3.2,76,70
2024-08-28 08:00:00,3.98,3.22,72,60
2024-08-28 09:00:00,4.25,3.85,60,65
2024-08-28 10:00:00,4.01,4.22,86,68
2024-08-28 11:00:00,3.9,4.4,91,73
2024-08-28 12:00:00,4.32,4.34,77,75
2024-08-28 13:00:00,3.68,4.09,68,68
2024-08-28 14:00:00,3.74,3.81,56,67
2024-08-28 15:00:00,3.72,3.98,66,62
2024-08-28 16:00:00,4.3,3.62,78,66
2024-08-28 17:00:00,4.3,3.61,78,76
2024-08-28 18:00:00,3.98,3.65,78,81
2024-08-28 19:00:00,4.18,3.81,79,85
2024-08-28 20:00:00,4.12,3.8,84,88
2024-08-28 21:00:00,4.32,3.76,77,65
2024-08-28 22:00:00,4.46,4.36,81,58
2024-08-28 23:00:00,4.12,4.68,76,70
2024-08-29 00:00:00,4.25,4.57,63,67
2024-08-29 01:00:00,4.16,4.11,66,64
2024-08-29 02:00:00,4.74,3.76,62,73
2024-08-29 03:00:00,4.31,4.65,68,71
2024-08-29 04:00:00,3.83,4.52,75,62
2024-08-29 05:00:00,4.63,4.53,76,59
2024-08-29 06:00:00,4.94,4.74,69,62
2024-08-29 07:00:00,4.47,5.19,80,65
2024-08-29 08:00:00,6.72,5.64,75,65
2024-08-29 09:00:00,4.97,5.91,65,56
2024-08-29 10:00:00,5.19,6.02,62,54
2024-08-29 11:00:00,5.72,6.2,63,52
2024-08-29 12:00:00,6.17,6.58,63,54
2024-08-29 13:00:00,6.4,6.94,63,54
2024-08-29 14:00:00,6.62,7.0,63,53
2024-08-29 15:00:00,6.8,6.8,64,57
2024-08-29 16:00:00,6.89,6.62,64,61
2024-08-29 17:00:00,6.78,6.13,68,62
2024-08-29 18:00:00,6.43,5.81,69,63
2024-08-29 19:00:00,6.33,5.72,69,63
2024-08-29 20:00:00,6.33,5.81,78,63
2024-08-29 21:00:00,6.4,6.35,63,64
2024-08-29 22:00:00,6.53,6.05,65,68
2024-08-29 23:00:00,6.17,6.66,63,62
2024-08-30 00:00:00,6.14,6.67,60,66
2024-08-30 01:00:00,6.33,6.75,59,63
2024-08-30 02:00:00,6.27,6.64,56,59
2024-08-30 03:00:00,6.18,6.63,51,56
2024-08-30 04:00:00,5.8,6.58,45,54
2024-08-30 05:00:00,5.66,6.56,45,52
2024-08-30 06:00:00,5.59,6.38,43,49
2024-08-30 07:00:00,5.59,6.29,43,46
2024-08-30 08:00:00,5.46,6.09,41,42
2024-08-30 09:00:00,4.75,5.94,41,46
2024-08-30 10:00:00,4.61,5.73,41,43
2024-08-30 11:00:00,4.48,5.33,39,40
2024-08-30 12:00:00,4.08,5.08,36,32
2024-08-30 13:00:00,3.85,5.06,28,30
2024-08-30 14:00:00,3.77,4.61,22,27
2024-08-30 15:00:00,3.54,4.33,16,19
2024-08-30 16:00:00,3.1,4.26,15,9
2024-08-30 17:00:00,2.6,3.81,16,3
2024-08-30 18:00:00,2.12,3.21,8,5
2024-08-30 19:00:00,1.55,2.7,345,358
2024-08-30 20:00:00,1.3,2.43,356,351
2024-08-30 21:00:00,1.57,1.89,333,328
2024-08-30 22:00:00,1.7,1.84,332,315
2024-08-30 23:00:00,1.64,1.8,322,304
2024-08-31 00:00:00,1.21,1.66,294,295
2024-08-31 01:00:00,1.9,1.88,267,295
2024-08-31 02:00:00,2.62,2.15,263,292
2024-08-31 03:00:00,2.26,2.16,257,283
2024-08-31 04:00:00,2.43,2.26,261,283
2024-08-31 05:00:00,2.32,2.4,263,270
2024-08-31 06:00:00,2.11,2.45,275,258
2024-08-31 07:00:00,1.62,2.16,292,257
2024-08-31 08:00:00,2.38,1.92,338,261
2024-08-31 09:00:00,2.66,2.14,340,11
2024-08-31 10:00:00,2.8,2.1,360,25
2024-08-31 11:00:00,2.72,1.97,6,30
2024-08-31 12:00:00,2.6,2.02,16,33
2024-08-31 13:00:00,2.6,2.14,16,37
2024-08-31 14:00:00,2.42,2.55,24,45
2024-08-31 15:00:00,2.22,2.56,36,51
2024-08-31 16:00:00,2.27,2.48,49,47
2024-08-31 17:00:00,2.28,2.55,61,42
2024-08-31 18:00:00,2.15,2.33,68,59
2024-08-31 19:00:00,2.38,2.34,75,70
2024-08-31 20:00:00,2.2,2.06,87,76
2024-08-31 21:00:00,2.0,1.93,127,111
2024-08-31 22:00:00,1.7,1.72,140,144
2024-08-31 23:00:00,1.63,1.5,169,180
2024-09-01 00:00:00,1.75,1.75,211,211
2024-09-01 01:00:00,1.98,1.91,225,223
2024-09-01 02:00:00,1.98,2.05,229,227
2024-09-01 03:00:00,1.98,2.33,229,227
2024-09-01 04:00:00,2.34,2.64,230,233
2024-09-01 05:00:00,2.64,2.72,233,234
2024-09-01 06:00:00,2.86,2.86,234,234
2024-09-01 07:00:00,2.95,3.0,242,240
2024-09-01 08:00:00,3.28,3.2,258,250
2024-09-01 09:00:00,3.83,3.18,263,257
2024-09-01 10:00:00,3.91,3.54,267,262
2024-09-01 11:00:00,3.81,3.81,267,265
2024-09-01 12:00:00,3.61,3.71,267,267
2024-09-01 13:00:00,3.41,3.51,265,265
2024-09-01 14:00:00,3.41,3.44,265,262
2024-09-01 15:00:00,3.41,3.45,267,260
2024-09-01 16:00:00,3.21,3.45,266,260
2024-09-01 17:00:00,2.81,3.45,266,260
2024-09-01 18:00:00,2.35,3.18,258,257
2024-09-01 19:00:00,2.25,3.28,249,258
2024-09-01 20:00:00,2.69,3.51,255,265
2024-09-01 21:00:00,2.5,3.54,268,262
2024-09-01 22:00:00,2.14,3.81,259,265
2024-09-01 23:00:00,2.26,4.0,257,270
2024-09-02 00:00:00,2.33,4.1,260,270
2024-09-02 01:00:00,2.53,4.1,261,267
2024-09-02 02:00:00,2.43,4.01,261,266
2024-09-02 03:00:00,2.26,4.1,257,267
2024-09-02 04:00:00,2.42,4.5,263,269
2024-09-02 05:00:00,2.83,4.2,262,269
2024-09-02 06:00:00,2.73,3.73,262,262
2024-09-02 07:00:00,2.43,3.79,261,258
2024-09-02 08:00:00,1.75,4.44,239,262
2024-09-02 09:00:00,1.17,1.22,160,235
2024-09-02 10:00:00,1.72,1.0,144,217
2024-09-02 11:00:00,1.75,0.73,167,164
2024-09-02 12:00:00,1.77,1.34,137,153
2024-09-02 13:00:00,1.64,1.63,128,79
2024-09-02 14:00:00,1.66,1.68,123,73
2024-09-02 15:00:00,1.75,2.09,121,73
2024-09-02 16:00:00,2.0,2.47,87,69
2024-09-02 17:00:00,2.25,2.73,69,66
2024-09-02 18:00:00,2.05,2.66,47,56
2024-09-02 19:00:00,2.3,3.33,56,57
2024-09-02 20:00:00,1.97,4.3,66,59
2024-09-02 21:00:00,4.02,3.71,71,63
2024-09-02 22:00:00,3.83,3.71,70,63
2024-09-02 23:00:00,3.73,3.94,70,60
2024-09-03 00:00:00,3.96,4.12,69,61
2024-09-03 01:00:00,4.16,4.21,63,62
2024-09-03 02:00:00,4.21,3.8,62,63
2024-09-03 03:00:00,3.8,3.67,63,64
2024-09-03 04:00:00,3.58,3.71,60,63
2024-09-03 05:00:00,3.47,3.67,57,61
2024-09-03 06:00:00,3.44,3.54,54,61
2024-09-03 07:00:00,3.52,3.67,55,61
2024-09-03 08:00:00,3.55,3.72,58,59
2024-09-03 09:00:00,3.36,3.89,60,61
2024-09-03 10:00:00,3.58,4.25,60,60
2024-09-03 11:00:00,3.81,4.25,60,60
2024-09-03 12:00:00,3.81,4.13,60,58
2024-09-03 13:00:00,3.58,4.0,60,58
2024-09-03 14:00:00,3.36,3.86,60,59
2024-09-03 15:00:00,3.14,3.76,59,61
2024-09-03 16:00:00,3.0,3.54,60,61
2024-09-03 17:00:00,2.73,3.13,62,63
2024-09-03 18:00:00,2.47,2.73,69,66
2024-09-03 19:00:00,1.99,2.18,72,74
2024-09-03 20:00:00,2.09,2.24,73,80
2024-09-03 21:00:00,2.4,2.52,90,83
2024-09-03 22:00:00,2.41,2.4,95,88
2024-09-03 23:00:00,2.47,2.31,104,85
2024-09-04 00:00:00,2.53,2.41,108,85
2024-09-04 01:00:00,2.6,2.51,113,95
2024-09-04 02:00:00,2.59,2.51,118,113
2024-09-04 03:00:00,2.64,2.47,119,122
2024-09-04 04:00:00,2.56,2.44,121,125
2024-09-04 05:00:00,2.42,2.58,120,126
2024-09-04 06:00:00,2.37,2.56,118,129
2024-09-04 07:00:00,2.28,2.05,113,133
2024-09-04 08:00:00,2.56,1.9,111,108
2024-09-04 09:00:00,2.77,1.64,116,128
2024-09-04 10:00:00,2.62,1.49,108,132
2024-09-04 11:00:00,2.62,1.35,108,132
2024-09-04 12:00:00,1.9,0.98,108,114
2024-09-04 13:00:00,1.63,1.4,101,86
2024-09-04 14:00:00,1.7,2.22,87,98
2024-09-04 15:00:00,2.12,2.09,98,107
2024-09-04 16:00:00,2.12,1.97,109,120
2024-09-04 17:00:00,1.94,1.63,125,133
2024-09-04 18:00:00,1.2,1.22,138,145
2024-09-04 19:00:00,1.41,1.53,172,169
2024-09-04 20:00:00,1.89,2.19,212,204
2024-09-04 21:00:00,2.05,1.96,223,195
2024-09-04 22:00:00,2.2,2.0,231,217
2024-09-04 23:00:00,2.06,2.13,231,229
2024-09-05 00:00:00,1.92,2.27,231,229
2024-09-05 01:00:00,2.16,2.3,236,236
2024-09-05 02:00:00,2.33,2.66,239,236
2024-09-05 03:00:00,2.64,2.87,241,241
2024-09-05 04:00:00,2.77,3.27,244,247
2024-09-05 05:00:00,3.01,3.29,249,250
2024-09-05 06:00:00,3.29,3.48,250,252
2024-09-05 07:00:00,3.42,3.64,255,254
2024-09-05 08:00:00,3.82,3.86,264,260
2024-09-05 09:00:00,4.8,4.5,269,270
2024-09-05 10:00:00,5.11,4.8,267,269
2024-09-05 11:00:00,5.52,5.11,265,267
2024-09-05 12:00:00,5.73,5.41,264,267
2024-09-05 13:00:00,5.64,5.32,263,266
2024-09-05 14:00:00,5.11,5.21,267,267
2024-09-05 15:00:00,4.84,5.02,263,265
2024-09-05 16:00:00,4.46,4.74,261,263
2024-09-05 17:00:00,4.32,4.64,257,263
2024-09-05 18:00:00,4.39,4.46,258,261
2024-09-05 19:00:00,4.65,4.39,261,258
2024-09-05 20:00:00,4.84,4.46,263,261
2024-09-05 21:00:00,4.54,4.69,262,259
2024-09-05 22:00:00,4.21,4.75,266,262
2024-09-05 23:00:00,3.91,4.9,267,269
2024-09-06 00:00:00,3.51,4.74,267,263
2024-09-06 01:00:00,3.1,4.4,270,271
2024-09-06 02:00:00,2.61,4.2,274,271
2024-09-06 03:00:00,2.01,3.51,276,275
2024-09-06 04:00:00,1.24,2.33,284,280
2024-09-06 05:00:00,0.5,1.32,323,279
2024-09-06 06:00:00,1.28,0.89,39,243
2024-09-06 07:00:00,1.8,0.41,34,256
2024-09-06 08:00:00,2.76,1.1,46,360
2024-09-06 09:00:00,3.52,3.19,55,41
2024-09-06 10:00:00,3.38,3.04,56,46
2024-09-06 11:00:00,3.62,2.66,62,56
2024-09-06 12:00:00,3.18,2.92,66,59
2024-09-06 13:00:00,3.64,3.09,69,61
2024-09-06 14:00:00,3.52,3.31,75,61
2024-09-06 15:00:00,3.47,3.64,78,74
2024-09-06 16:00:00,3.28,3.42,78,75
2024-09-06 17:00:00,3.18,3.1,77,75
2024-09-06 18:00:00,2.96,2.96,78,78
2024-09-06 19:00:00,2.8,2.63,90,81
2024-09-06 20:00:00,2.75,2.63,100,81
2024-09-06 21:00:00,2.96,2.51,102,85
2024-09-06 22:00:00,2.89,2.3,104,92
2024-09-06 23:00:00,2.75,2.01,109,96
2024-09-07 00:00:00,2.73,1.91,114,96
2024-09-07 01:00:00,2.51,1.75,119,103
2024-09-07 02:00:00,2.33,1.7,121,118
2024-09-07 03:00:00,2.24,1.63,117,133
2024-09-07 04:00:00,2.15,1.41,112,135
2024-09-07 05:00:00,2.12,1.27,109,135
2024-09-07 06:00:00,1.93,1.2,111,138
2024-09-07 07:00:00,1.64,0.89,128,153
2024-09-07 08:00:00,1.5,0.32,127,162
2024-09-07 09:00:00,0.92,0.61,131,261
2024-09-07 10:00:00,1.0,0.4,127,270
2024-09-07 11:00:00,0.81,0.67,97,333
2024-09-07 12:00:00,1.25,0.61,61,9
2024-09-07 13:00:00,1.7,0.73,62,16
2024-09-07 14:00:00,1.6,0.81,94,7
2024-09-07 15:00:00,1.25,0.82,61,104
2024-09-07 16:00:00,1.43,1.2,65,90
2024-09-07 17:00:00,1.73,1.14,80,105
2024-09-07 18:00:00,1.61,1.21,97,114
2024-09-07 19:00:00,1.53,1.2,101,138
2024-09-07 20:00:00,1.34,1.6,117,184
2024-09-07 21:00:00,1.12,1.71,170,187
2024-09-07 22:00:00,1.39,1.89,201,212
2024-09-07 23:00:00,1.58,1.77,215,223
2024-09-08 00:00:00,1.7,1.7,230,220
2024-09-08 01:00:00,1.7,1.77,242,223
2024-09-08 02:00:00,1.61,1.72,240,234
2024-09-08 03:00:00,1.61,1.8,240,236
2024-09-08 04:00:00,1.43,1.75,245,239
2024-09-08 05:00:00,1.36,1.97,253,240
2024-09-08 06:00:00,1.2,1.61,270,240
2024-09-08 07:00:00,0.76,1.3,247,247
2024-09-08 08:00:00,0.14,0.58,225,301
2024-09-08 09:00:00,1.33,1.0,103,354
2024-09-08 10:00:00,1.65,1.06,104,49
2024-09-08 11:00:00,1.9,1.33,108,77
2024-09-08 12:00:00,2.0,1.8,93,90
2024-09-08 13:00:00,2.62,1.71,97,97
2024-09-08 14:00:00,2.6,2.28,92,75
2024-09-08 15:00:00,2.72,2.45,96,78
2024-09-08 16:00:00,2.82,2.55,84,79
2024-09-08 17:00:00,2.67,2.55,77,79
2024-09-08 18:00:00,2.42,2.45,83,78
2024-09-08 19:00:00,2.24,2.41,100,85
2024-09-08 20:00:00,2.5,2.31,106,85
2024-09-08 21:00:00,2.33,2.67,115,103
2024-09-08 22:00:00,2.28,2.44,113,109
2024-09-08 23:00:00,2.24,2.28,117,119
2024-09-09 00:00:00,2.06,2.2,119,129
2024-09-09 01:00:00,2.08,1.94,125,125
2024-09-09 02:00:00,2.13,1.78,131,142
2024-09-09 03:00:00,1.91,1.57,133,153
2024-09-09 04:00:00,1.7,1.48,135,152
2024-09-09 05:00:00,1.56,1.61,140,150
2024-09-09 06:00:00,1.64,1.57,142,153
2024-09-09 07:00:00,1.56,1.44,135,124
2024-09-09 08:00:00,1.92,1.7,129,118
2024-09-09 09:00:00,1.06,1.71,139,159
2024-09-09 10:00:00,1.75,1.8,114,146
2024-09-09 11:00:00,2.16,1.98,103,139
2024-09-09 12:00:00,2.35,2.05,102,137
2024-09-09 13:00:00,2.26,1.58,103,145
2024-09-09 14:00:00,1.99,0.86,108,144
2024-09-09 15:00:00,1.66,1.14,115,75
2024-09-09 16:00:00,1.9,1.36,108,73
2024-09-09 17:00:00,1.97,1.5,114,94
2024-09-09 18:00:00,1.84,1.84,119,131
2024-09-09 19:00:00,1.56,1.96,140,165
2024-09-09 20:00:00,1.57,1.81,153,186
2024-09-09 21:00:00,1.8,1.71,146,159
2024-09-09 22:00:00,1.61,1.55,150,165
2024-09-09 23:00:00,1.94,1.87,145,164
2024-09-10 00:00:00,2.11,1.96,149,165
2024-09-10 01:00:00,2.19,2.16,156,167
2024-09-10 02:00:00,2.12,2.1,161,183
2024-09-10 03:00:00,1.94,2.02,168,200
2024-09-10 04:00:00,1.81,1.7,174,242
2024-09-10 05:00:00,1.75,1.92,193,261
2024-09-10 06:00:00,1.75,1.96,211,255
2024-09-10 07:00:00,1.48,1.79,242,243
2024-09-10 08:00:00,1.3,1.77,247,254
2024-09-10 09:00:00,1.6,2.28,270,247
2024-09-10 10:00:00,1.6,2.25,274,249
2024-09-10 11:00:00,1.4,1.87,274,254
2024-09-10 12:00:00,0.98,1.56,246,225
2024-09-10 13:00:00,0.92,1.1,193,185
2024-09-10 14:00:00,1.02,1.25,169,151
2024-09-10 15:00:00,1.32,1.28,189,141
2024-09-10 16:00:00,1.94,0.95,215,162
2024-09-10 17:00:00,1.7,0.9,225,180
2024-09-10 18:00:00,1.49,0.98,228,204
2024-09-10 19:00:00,1.66,1.5,213,217
2024-09-10 20:00:00,1.79,1.75,207,211
2024-09-10 21:00:00,1.86,1.75,216,211
2024-09-10 22:00:00,1.94,1.89,215,212
2024-09-10 23:00:00,1.84,1.94,221,215
2024-09-11 00:00:00,1.78,1.84,218,225
2024-09-11 01:00:00,1.77,1.7,227,242
2024-09-11 02:00:00,1.7,1.82,230,279
2024-09-11 03:00:00,1.66,2.24,237,280
2024-09-11 04:00:00,1.58,1.9,235,270
2024-09-11 05:00:00,1.39,1.71,240,249
2024-09-11 06:00:00,1.24,1.21,256,246
2024-09-11 07:00:00,0.86,1.08,234,236
2024-09-11 08:00:00,0.1,0.61,90,261
2024-09-11 09:00:00,0.99,0.36,45,56
2024-09-11 10:00:00,1.58,1.2,72,85
2024-09-11 11:00:00,1.87,2.02,74,99
2024-09-11 12:00:00,2.02,2.2,81,90
2024-09-11 13:00:00,1.9,2.72,90,84
2024-09-11 14:00:00,1.9,2.86,90,78
2024-09-11 15:00:00,2.24,2.45,80,78
2024-09-11 16:00:00,2.43,2.35,81,78
2024-09-11 17:00:00,2.22,2.42,82,83
2024-09-11 18:00:00,1.9,2.73,87,82
2024-09-11 19:00:00,1.7,2.51,90,85
2024-09-11 20:00:00,1.8,2.21,87,95
2024-09-11 21:00:00,1.1,2.1,95,90
2024-09-11 22:00:00,1.26,2.0,108,93
2024-09-11 23:00:00,1.32,1.7,99,93
2024-09-12 00:00:00,1.4,1.61,94,97
2024-09-12 01:00:00,1.33,1.6,103,94
2024-09-12 02:00:00,1.52,1.71,113,97
2024-09-12 03:00:00,1.65,1.68,104,107
2024-09-12 04:00:00,1.8,1.84,93,103
2024-09-12 05:00:00,1.63,1.75,79,103
2024-09-12 06:00:00,1.55,1.58,75,108
2024-09-12 07:00:00,1.17,1.58,70,108
2024-09-12 08:00:00,1.03,1.52,61,113
2024-09-12 09:00:00,2.41,0.94,138,212
2024-09-12 10:00:00,2.63,0.98,189,204
2024-09-12 11:00:00,3.42,1.64,218,218
2024-09-12 12:00:00,3.55,1.91,230,227
2024-09-12 13:00:00,3.94,2.11,243,239
2024-09-12 14:00:00,4.01,2.45,266,258
2024-09-12 15:00:00,4.0,2.52,269,263
2024-09-12 16:00:00,4.1,2.42,270,263
2024-09-12 17:00:00,3.8,2.18,268,254
2024-09-12 18:00:00,3.52,2.02,263,250
2024-09-12 19:00:00,3.55,2.06,260,247
2024-09-12 20:00:00,2.8,2.06,272,247
2024-09-12 21:00:00,1.72,2.38,234,255
2024-09-12 22:00:00,2.15,2.73,242,262
2024-09-12 23:00:00,2.47,2.72,238,264
2024-09-13 00:00:00,2.66,2.55,236,259
2024-09-13 01:00:00,2.78,3.04,240,261
2024-09-13 02:00:00,3.0,3.34,244,261
2024-09-13 03:00:00,3.13,3.42,243,263
2024-09-13 04:00:00,3.4,3.62,246,264
2024-09-13 05:00:00,3.68,3.72,248,264
2024-09-13 06:00:00,3.86,3.71,253,267
2024-09-13 07:00:00,4.1,3.7,257,268
2024-09-13 08:00:00,4.37,3.9,259,270
2024-09-13 09:00:00,4.11,3.4,266,270
2024-09-13 10:00:00,4.03,3.42,263,277
2024-09-13 11:00:00,3.77,3.0,259,272
2024-09-13 12:00:00,3.49,2.7,257,272
2024-09-13 13:00:00,3.55,2.6,260,272
2024-09-13 14:00:00,3.22,2.04,263,259
2024-09-13 15:00:00,2.83,1.84,262,248
2024-09-13 16:00:00,2.67,1.8,257,267
2024-09-13 17:00:00,2.14,0.95,259,252
2024-09-13 18:00:00,1.22,0.54,261,248
2024-09-13 19:00:00,1.25,0.81,241,187
2024-09-13 20:00:00,1.36,1.49,216,160
2024-09-13 21:00:00,1.3,4.32,212,265
2024-09-13 22:00:00,1.78,3.72,218,264
2024-09-13 23:00:00,2.13,2.81,229,266
2024-09-14 00:00:00,2.72,2.41,234,265
2024-09-14 01:00:00,3.02,2.01,236,264
2024-09-14 02:00:00,3.18,1.9,246,267
2024-09-14 03:00:00,3.7,1.4,251,274
2024-09-14 04:00:00,3.96,1.36,249,324
2024-09-14 05:00:00,3.61,1.88,251,335
2024-09-14 06:00:00,2.94,1.36,252,343
2024-09-14 07:00:00,2.53,0.67,261,333
2024-09-14 08:00:00,2.02,0.42,250,315
2024-09-14 09:00:00,3.38,3.36,251,247
2024-09-14 10:00:00,2.33,3.4,245,246
2024-09-14 11:00:00,2.5,3.51,233,250
2024-09-14 12:00:00,2.87,3.2,241,256
2024-09-14 13:00:00,2.22,2.79,234,255
2024-09-14 14:00:00,1.28,2.33,219,245
2024-09-14 15:00:00,0.98,1.72,204,234
2024-09-14 16:00:00,0.7,0.92,180,221
2024-09-14 17:00:00,0.71,0.92,172,221
2024-09-14 18:00:00,0.72,0.71,146,225
2024-09-14 19:00:00,0.81,0.58,150,211
2024-09-14 20:00:00,1.22,1.28,171,231
2024-09-14 21:00:00,1.62,1.24,202,166
2024-09-14 22:00:00,1.64,1.43,218,168
2024-09-14 23:00:00,1.5,1.43,233,155
2024-09-15 00:00:00,1.63,1.49,223,132
2024-09-15 01:00:00,1.57,1.65,207,166
2024-09-15 02:00:00,1.52,1.61,157,150
2024-09-15 03:00:00,1.43,1.41,102,98
2024-09-15 04:00:00,1.7,1.4,90,86
2024-09-15 05:00:00,1.77,1.36,74,107
2024-09-15 06:00:00,1.96,1.51,75,98
2024-09-15 07:00:00,2.18,1.81,74,96
2024-09-15 08:00:00,2.38,1.94,75,102
2024-09-15 09:00:00,1.68,2.57,73,77
2024-09-15 10:00:00,1.8,2.67,71,77
2024-09-15 11:00:00,1.97,2.57,60,77
2024-09-15 12:00:00,2.06,2.47,29,76
2024-09-15 13:00:00,2.69,2.6,15,74
2024-09-15 14:00:00,2.58,2.84,54,80
2024-09-15 15:00:00,2.88,2.72,56,84
2024-09-15 16:00:00,3.36,2.43,67,99
2024-09-15 17:00:00,3.89,2.28,64,105
2024-09-15 18:00:00,4.33,2.61,56,122
2024-09-15 19:00:00,4.2,3.09,52,115
2024-09-15 20:00:00,4.16,3.23,63,112
2024-09-15 21:00:00,4.72,4.13,85,83
2024-09-15 22:00:00,4.71,4.0,86,87
2024-09-15 23:00:00,4.62,4.0,95,87
2024-09-16 00:00:00,4.81,3.73,94,82
2024-09-16 01:00:00,4.7,3.55,91,80
2024-09-16 02:00:00,4.71,3.37,86,78
2024-09-16 03:00:00,4.51,3.3,86,76
2024-09-16 04:00:00,4.55,3.3,81,76
2024-09-16 05:00:00,4.44,3.14,82,81
2024-09-16 06:00:00,4.12,3.04,84,81
2024-09-16 07:00:00,3.93,2.96,83,78
2024-09-16 08:00:00,4.14,2.96,82,78
2024-09-16 09:00:00,4.08,3.5,79,88
2024-09-16 10:00:00,3.91,3.2,77,88
2024-09-16 11:00:00,3.83,3.21,75,85
2024-09-16 12:00:00,3.57,3.21,72,86
2024-09-16 13:00:00,3.23,3.1,74,88
2024-09-16 14:00:00,2.79,3.1,75,92
2024-09-16 15:00:00,2.56,2.83,69,98
2024-09-16 16:00:00,2.6,2.84,67,100
2024-09-16 17:00:00,2.38,2.81,68,94
2024-09-16 18:00:00,2.01,2.8,63,92
2024-09-16 19:00:00,1.66,2.67,65,103
2024-09-16 20:00:00,1.66,2.51,65,113
2024-09-16 21:00:00,2.12,2.71,135,86
2024-09-16 22:00:00,1.78,2.6,142,90
2024-09-16 23:00:00,1.46,2.57,164,103
2024-09-17 00:00:00,1.5,2.28,180,119
2024-09-17 01:00:00,1.61,2.0,210,127
2024-09-17 02:00:00,1.92,1.91,231,133
2024-09-17 03:00:00,2.15,1.66,248,123
2024-09-17 04:00:00,2.4,1.34,253,117
2024-09-17 05:00:00,2.35,1.28,258,141
2024-09-17 06:00:00,1.77,1.02,254,191
2024-09-17 07:00:00,1.34,0.99,243,225
2024-09-17 08:00:00,0.8,0.71,270,278
2024-09-17 09:00:00,1.0,1.9,270,288
2024-09-17 10:00:00,0.82,2.02,284,290
2024-09-17 11:00:00,0.91,2.31,264,288
2024-09-17 12:00:00,1.6,2.66,270,290
2024-09-17 13:00:00,2.2,2.66,273,290
2024-09-17 14:00:00,2.5,2.28,272,285
2024-09-17 15:00:00,2.42,2.11,263,275
2024-09-17 16:00:00,2.35,1.9,258,273
2024-09-17 17:00:00,2.24,1.7,260,267
2024-09-17 18:00:00,2.21,1.55,265,255
2024-09-17 19:00:00,1.77,1.96,254,255
2024-09-17 20:00:00,1.62,2.24,248,260
2024-09-17 21:00:00,1.56,1.8,230,251
2024-09-17 22:00:00,1.34,1.8,243,236
2024-09-17 23:00:00,1.61,2.19,240,246
2024-09-18 00:00:00,1.58,2.4,235,253
2024-09-18 01:00:00,1.75,2.38,239,248
2024-09-18 02:00:00,1.84,2.25,241,249
2024-09-18 03:00:00,1.66,1.87,245,254
2024-09-18 04:00:00,1.57,1.7,243,242
2024-09-18 05:00:00,1.58,1.78,235,232
2024-09-18 06:00:00,1.36,1.5,234,233
2024-09-18 07:00:00,1.25,1.71,241,249
2024-09-18 08:00:00,0.76,1.43,247,258
2024-09-18 09:00:00,1.5,0.92,270,311
2024-09-18 10:00:00,1.32,0.72,279,34
2024-09-18 11:00:00,1.3,0.73,266,74
2024-09-18 12:00:00,0.85,0.95,249,72
2024-09-18 13:00:00,0.61,0.9,261,90
2024-09-18 14:00:00,1.08,0.54,248,112
2024-09-18 15:00:00,1.84,0.2,257,90
2024-09-18 16:00:00,2.06,0.54,256,292
2024-09-18 17:00:00,1.84,0.81,257,263
2024-09-18 18:00:00,1.65,1.26,256,252
2024-09-18 19:00:00,1.97,1.25,246,241
2024-09-18 20:00:00,2.34,1.22,250,235
2024-09-18 21:00:00,1.91,1.24,227,166
2024-09-18 22:00:00,2.3,1.49,236,200
2024-09-18 23:00:00,2.51,1.0,241,143
2024-09-19 00:00:00,2.79,1.49,249,110
2024-09-19 01:00:00,2.82,0.9,253,90
2024-09-19 02:00:00,2.22,1.51,262,82
2024-09-19 03:00:00,2.14,1.84,259,77
2024-09-19 04:00:00,1.53,1.87,259,74
2024-09-19 05:00:00,1.12,1.99,243,72
2024-09-19 06:00:00,1.17,2.38,239,75
2024-09-19 07:00:00,1.34,2.53,243,81
2024-09-19 08:00:00,1.44,2.9,236,88
2024-09-19 09:00:00,0.82,1.36,256,253
2024-09-19 10:00:00,0.86,1.43,234,245
2024-09-19 11:00:00,1.58,1.58,252,235
2024-09-19 12:00:00,2.09,1.49,253,228
2024-09-19 13:00:00,2.57,0.92,257,167
2024-09-19 14:00:00,2.72,1.06,253,221
2024-09-19 15:00:00,2.82,1.79,253,243
2024-09-19 16:00:00,2.72,1.97,253,246
2024-09-19 17:00:00,2.72,1.52,253,247
2024-09-19 18:00:00,2.62,1.08,252,202
2024-09-19 19:00:00,2.46,1.49,243,200
2024-09-19 20:00:00,2.58,2.15,234,208
2024-09-19 21:00:00,2.61,2.39,238,237
2024-09-19 22:00:00,2.56,2.92,239,239
2024-09-19 23:00:00,2.88,3.13,236,243
2024-09-20 00:00:00,3.19,2.91,238,243
2024-09-20 01:00:00,3.45,2.79,240,255
2024-09-20 02:00:00,3.31,2.55,241,259
2024-09-20 03:00:00,3.22,2.42,240,246
2024-09-20 04:00:00,3.13,2.31,243,252
2024-09-20 05:00:00,3.09,2.31,245,252
2024-09-20 06:00:00,2.73,2.31,246,252
2024-09-20 07:00:00,2.42,2.14,240,259
2024-09-20 08:00:00,2.52,1.41,236,262
2024-09-20 09:00:00,2.3,2.12,236,225
2024-09-20 10:00:00,2.34,2.8,230,215
2024-09-20 11:00:00,2.77,3.64,221,217
2024-09-20 12:00:00,2.36,3.26,216,223
2024-09-20 13:00:00,1.79,2.56,207,231
2024-09-20 14:00:00,1.08,2.24,202,243
2024-09-20 15:00:00,1.71,1.63,201,259
2024-09-20 16:00:00,1.0,0.72,174,124
2024-09-20 17:00:00,1.14,0.78,142,50
2024-09-20 18:00:00,1.2,2.48,138,40
2024-09-20 19:00:00,1.7,4.74,357,46
2024-09-20 20:00:00,5.34,5.23,13,47
2024-09-20 21:00:00,4.2,6.44,360,26
2024-09-20 22:00:00,3.8,6.76,27,38
2024-09-20 23:00:00,3.94,7.02,30,36
2024-09-21 00:00:00,3.82,5.02,43,47
2024-09-21 01:00:00,3.82,4.6,43,42
2024-09-21 02:00:00,3.61,4.39,48,41
2024-09-21 03:00:00,3.61,4.46,44,42
2024-09-21 04:00:00,4.18,4.39,48,43
2024-09-21 05:00:00,4.04,4.24,48,45
2024-09-21 06:00:00,3.82,4.53,45,47
2024-09-21 07:00:00,4.49,4.76,58,51
2024-09-21 08:00:00,4.83,5.1,50,55
2024-09-21 09:00:00,4.85,4.88,68,55
2024-09-21 10:00:00,4.85,5.16,76,58
2024-09-21 11:00:00,4.88,4.55,75,57
2024-09-21 12:00:00,4.66,4.48,55,61
2024-09-21 13:00:00,4.08,5.22,79,58
2024-09-21 14:00:00,4.97,5.05,60,63
2024-09-21 15:00:00,4.97,5.42,50,67
2024-09-21 16:00:00,4.58,5.29,58,68
2024-09-21 17:00:00,3.86,5.41,73,65
2024-09-21 18:00:00,5.16,5.39,54,59
2024-09-21 19:00:00,5.01,5.01,64,64
2024-09-21 20:00:00,5.15,5.28,61,65
2024-09-21 21:00:00,5.42,5.2,60,60
2024-09-21 22:00:00,5.74,4.8,55,54
2024-09-21 23:00:00,5.77,5.25,56,50
2024-09-22 00:00:00,5.59,5.45,46,47
2024-09-22 01:00:00,5.11,5.1,40,35
2024-09-22 02:00:00,5.2,4.29,30,28
2024-09-22 03:00:00,4.53,4.43,31,25
2024-09-22 04:00:00,4.25,3.53,30,25
2024-09-22 05:00:00,3.89,2.89,26,14
2024-09-22 06:00:00,3.58,2.64,27,25
2024-09-22 07:00:00,3.22,2.68,26,27
2024-09-22 08:00:00,3.45,2.37,30,28
2024-09-22 09:00:00,3.36,3.48,30,39
2024-09-22 10:00:00,3.86,3.47,37,49
2024-09-22 11:00:00,3.68,3.55,43,40
2024-09-22 12:00:00,3.89,3.56,42,38
2024-09-22 13:00:00,3.61,3.78,44,37
2024-09-22 14:00:00,3.32,4.08,44,36
2024-09-22 15:00:00,3.68,4.18,45,42
2024-09-22 16:00:00,4.03,4.03,46,44
2024-09-22 17:00:00,4.1,3.96,47,45
2024-09-22 18:00:00,3.82,3.55,47,40
2024-09-22 19:00:00,3.89,3.78,48,37
2024-09-22 20:00:00,3.89,3.84,46,39
2024-09-22 21:00:00,3.8,3.56,55,38
2024-09-22 22:00:00,3.91,3.34,50,39
2024-09-22 23:00:00,3.61,3.33,46,41
2024-09-23 00:00:00,3.54,3.32,43,46
2024-09-23 01:00:00,3.39,3.19,45,49
2024-09-23 02:00:00,3.47,3.12,44,50
2024-09-23 03:00:00,3.54,3.14,47,53
2024-09-23 04:00:00,3.33,3.16,49,55
2024-09-23 05:00:00,3.26,3.19,50,58
2024-09-23 06:00:00,3.28,3.31,52,61
2024-09-23 07:00:00,3.47,3.36,57,67
2024-09-23 08:00:00,3.98,3.77,62,68
2024-09-23 09:00:00,4.25,4.31,63,68
2024-09-23 10:00:00,4.52,4.55,65,71
2024-09-23 11:00:00,4.52,4.52,65,72
2024-09-23 12:00:00,4.43,4.4,65,73
2024-09-23 13:00:00,4.3,4.08,65,73
2024-09-23 14:00:00,4.07,3.86,65,73
2024-09-23 15:00:00,3.98,3.64,65,74
2024-09-23 16:00:00,3.72,3.42,66,75
2024-09-23 17:00:00,3.4,3.1,66,75
2024-09-23 18:00:00,2.79,2.55,69,79
2024-09-23 19:00:00,2.53,2.24,72,80
2024-09-23 20:00:00,2.55,2.41,79,85
2024-09-23 21:00:00,2.52,2.6,83,88
2024-09-23 22:00:00,2.3,2.51,88,85
2024-09-23 23:00:00,2.1,2.33,87,80
2024-09-24 00:00:00,2.41,2.6,85,74
2024-09-24 01:00:00,2.61,2.57,94,77
2024-09-24 02:00:00,2.67,2.57,103,77
2024-09-24 03:00:00,2.53,2.57,99,77
2024-09-24 04:00:00,2.31,2.55,85,79
2024-09-24 05:00:00,2.25,2.57,69,77
2024-09-24 06:00:00,2.44,2.55,55,79
2024-09-24 07:00:00,2.08,2.4,55,73
2024-09-24 08:00:00,1.84,2.47,68,69
2024-09-24 09:00:00,2.52,2.71,83,86
2024-09-24 10:00:00,2.8,3.1,92,92
2024-09-24 11:00:00,2.91,3.13,94,97
2024-09-24 12:00:00,2.72,2.71,96,94
2024-09-24 13:00:00,2.6,2.63,92,81
2024-09-24 14:00:00,2.61,2.79,86,75
2024-09-24 15:00:00,2.84,2.77,80,77
2024-09-24 16:00:00,2.77,2.84,77,80
2024-09-24 17:00:00,2.75,2.32,80,83
2024-09-24 18:00:00,2.61,2.11,86,85
2024-09-24 19:00:00,3.01,2.14,84,79
2024-09-24 20:00:00,3.0,2.5,88,88
2024-09-24 21:00:00,2.69,2.7,105,92
2024-09-24 22:00:00,2.72,2.9,107,92
2024-09-24 23:00:00,2.66,2.6,110,92
2024-09-25 00:00:00,2.62,2.72,108,96
2024-09-25 01:00:00,2.72,2.62,107,97
2024-09-25 02:00:00,2.77,2.55,116,101
2024-09-25 03:00:00,2.92,2.6,121,106
2024-09-25 04:00:00,2.94,2.43,125,99
2024-09-25 05:00:00,2.88,2.11,124,85
2024-09-25 06:00:00,2.69,2.3,121,90
2024-09-25 07:00:00,2.95,2.2,118,93
2024-09-25 08:00:00,3.22,2.4,120,88
2024-09-25 09:00:00,2.69,3.45,138,107
2024-09-25 10:00:00,2.62,3.79,137,102
2024-09-25 11:00:00,2.27,3.85,139,99
2024-09-25 12:00:00,2.55,3.83,132,97
2024-09-25 13:00:00,2.48,3.95,133,99
2024-09-25 14:00:00,2.33,3.92,137,109
2024-09-25 15:00:00,2.12,3.92,135,109
2024-09-25 16:00:00,1.91,3.49,137,114
2024-09-25 17:00:00,2.13,2.92,139,121
2024-09-25 18:00:00,2.36,2.2,144,120
2024-09-25 19:00:00,2.33,1.97,155,114
2024-09-25 20:00:00,2.47,1.92,166,129
2024-09-25 21:00:00,2.4,2.69,180,149
2024-09-25 22:00:00,2.33,2.6,190,164
2024-09-25 23:00:00,2.4,2.1,197,180
2024-09-26 00:00:00,2.55,1.41,206,225
2024-09-26 01:00:00,2.3,1.5,214,233
2024-09-26 02:00:00,2.28,1.7,218,220
2024-09-26 03:00:00,2.14,2.16,217,214
2024-09-26 04:00:00,2.28,1.14,232,255
2024-09-26 05:00:00,2.2,1.66,231,295
2024-09-26 06:00:00,2.33,2.86,239,282
2024-09-26 07:00:00,2.37,2.06,242,219
2024-09-26 08:00:00,2.08,2.78,235,210
2024-09-26 09:00:00,2.06,2.25,241,238
2024-09-26 10:00:00,2.3,2.33,236,239
2024-09-26 11:00:00,2.78,2.52,240,236
2024-09-26 12:00:00,3.35,3.0,243,233
2024-09-26 13:00:00,3.36,3.36,240,240
2024-09-26 14:00:00,3.49,3.4,243,242
2024-09-26 15:00:00,3.35,3.35,243,243
2024-09-26 16:00:00,3.27,3.05,247,247
2024-09-26 17:00:00,3.22,2.82,244,253
2024-09-26 18:00:00,2.73,2.56,246,249
2024-09-26 19:00:00,2.69,2.42,248,240
2024-09-26 20:00:00,2.88,2.51,250,247
2024-09-26 21:00:00,1.7,2.34,208,230
2024-09-26 22:00:00,1.66,2.55,213,225
2024-09-26 23:00:00,1.75,2.76,211,226
2024-09-27 00:00:00,1.75,2.7,211,231
2024-09-27 01:00:00,1.94,2.64,215,233
2024-09-27 02:00:00,1.89,2.61,212,238
2024-09-27 03:00:00,1.92,2.62,219,252
2024-09-27 04:00:00,1.92,2.9,242,268
2024-09-27 05:00:00,1.52,2.92,247,276
2024-09-27 06:00:00,1.34,2.4,243,268
2024-09-27 07:00:00,1.46,2.61,254,266
2024-09-27 08:00:00,1.04,3.01,253,274
2024-09-27 09:00:00,1.51,1.21,98,66
2024-09-27 10:00:00,1.73,1.46,100,74
2024-09-27 11:00:00,2.52,1.58,97,72
2024-09-27 12:00:00,2.72,2.15,96,62
2024-09-27 13:00:00,2.22,3.08,82,54
2024-09-27 14:00:00,2.06,3.55,61,50
2024-09-27 15:00:00,2.57,3.83,77,49
2024-09-27 16:00:00,2.8,3.05,90,58
2024-09-27 17:00:00,2.89,2.58,104,54
2024-09-27 18:00:00,2.57,2.62,103,43
2024-09-27 19:00:00,3.08,2.61,103,32
2024-09-27 20:00:00,2.79,2.22,105,36
2024-09-27 21:00:00,2.6,2.35,90,78
2024-09-27 22:00:00,2.57,2.09,77,73
2024-09-27 23:00:00,2.02,2.02,70,70
2024-09-28 00:00:00,3.1,2.12,90,71
2024-09-28 01:00:00,3.1,2.2,92,60
2024-09-28 02:00:00,3.0,1.84,92,61
2024-09-28 03:00:00,3.13,2.11,83,59
2024-09-28 04:00:00,3.08,2.24,77,63
2024-09-28 05:00:00,3.42,2.16,75,77
2024-09-28 06:00:00,3.32,1.84,74,77
2024-09-28 07:00:00,3.42,2.12,75,71
2024-09-28 08:00:00,4.24,2.75,82,80
2024-09-28 09:00:00,4.21,3.4,86,76
2024-09-28 10:00:00,4.21,3.69,94,77
2024-09-28 11:00:00,4.73,3.71,77,85
2024-09-28 12:00:00,4.46,3.42,74,75
2024-09-28 13:00:00,4.3,3.24,72,81
2024-09-28 14:00:00,3.98,3.2,62,76
2024-09-28 15:00:00,3.77,3.29,58,70
2024-09-28 16:00:00,3.69,3.2,57,70
2024-09-28 17:00:00,3.35,3.45,63,73
2024-09-28 18:00:00,3.3,3.42,55,75
2024-09-28 19:00:00,3.81,1.9,60,93
2024-09-28 20:00:00,3.71,3.83,63,57
2024-09-28 21:00:00,2.62,3.51,72,70
2024-09-28 22:00:00,3.45,3.23,73,68
2024-09-28 23:00:00,3.48,2.92,72,68
2024-09-29 00:00:00,3.42,2.77,69,64
2024-09-29 01:00:00,3.45,3.04,73,63
2024-09-29 02:00:00,3.29,3.4,70,66
2024-09-29 03:00:00,3.4,3.49,66,66
2024-09-29 04:00:00,3.53,3.35,65,63
2024-09-29 05:00:00,3.67,3.31,64,61
2024-09-29 06:00:00,3.58,3.22,67,60
2024-09-29 07:00:00,3.64,3.31,69,61
2024-09-29 08:00:00,3.76,3.62,73,66
2024-09-29 09:00:00,3.83,4.18,70,73
2024-09-29 10:00:00,3.98,4.33,72,71
2024-09-29 11:00:00,3.92,4.35,71,67
2024-09-29 12:00:00,3.83,4.2,70,65
2024-09-29 13:00:00,3.81,4.02,67,63
2024-09-29 14:00:00,3.71,3.8,63,63
2024-09-29 15:00:00,3.58,3.58,60,63
2024-09-29 16:00:00,3.28,3.22,59,60
2024-09-29 17:00:00,3.09,2.95,61,62
2024-09-29 18:00:00,2.86,2.42,65,66
2024-09-29 19:00:00,2.79,2.37,69,62
2024-09-29 20:00:00,2.6,2.62,67,72
2024-09-29 21:00:00,2.84,2.43,80,81
2024-09-29 22:00:00,2.32,2.3,83,90
2024-09-29 23:00:00,2.61,2.2,94,93
2024-09-30 00:00:00,2.42,2.4,114,107
2024-09-30 01:00:00,2.42,2.22,114,126
2024-09-30 02:00:00,2.42,2.2,114,129
2024-09-30 03:00:00,2.48,1.92,140,141
2024-09-30 04:00:00,2.33,2.14,149,143
2024-09-30 05:00:00,2.2,2.42,150,142
2024-09-30 06:00:00,2.25,2.64,148,143
2024-09-30 07:00:00,2.47,2.28,122,157
2024-09-30 08:00:00,0.81,0.89,150,207
2024-09-30 09:00:00,1.43,1.08,258,68
2024-09-30 10:00:00,2.0,2.16,270,103
2024-09-30 11:00:00,2.06,1.97,256,114
2024-09-30 12:00:00,2.04,1.97,259,114
2024-09-30 13:00:00,1.51,1.48,278,118
2024-09-30 14:00:00,0.71,1.5,315,94
2024-09-30 15:00:00,0.78,1.46,50,74
2024-09-30 16:00:00,1.12,1.53,80,79
2024-09-30 17:00:00,1.14,1.6,105,94
2024-09-30 18:00:00,1.36,1.28,144,129
2024-09-30 19:00:00,1.8,1.61,177,173
2024-09-30 20:00:00,2.2,1.84,219,193
2024-09-30 21:00:00,2.42,2.05,232,227
2024-09-30 22:00:00,2.75,2.33,237,227
2024-09-30 23:00:00,2.77,2.62,244,230
2024-10-01 00:00:00,3.18,2.8,242,235
2024-10-01 01:00:00,3.64,3.36,249,247
2024-10-01 02:00:00,3.67,3.45,253,253
2024-10-01 03:00:00,3.74,3.4,254,256
2024-10-01 04:00:00,3.67,3.4,253,256
2024-10-01 05:00:00,3.71,3.49,256,257
2024-10-01 06:00:00,3.73,3.59,262,257
2024-10-01 07:00:00,4.03,3.65,263,261
2024-10-01 08:00:00,4.22,4.03,265,263
2024-10-01 09:00:00,4.34,4.64,262,263
2024-10-01 10:00:00,4.52,5.04,265,263
2024-10-01 11:00:00,4.85,5.06,262,261
2024-10-01 12:00:00,5.7,5.51,255,258
2024-10-01 13:00:00,6.14,5.69,254,260
2024-10-01 14:00:00,6.21,5.47,255,261
2024-10-01 15:00:00,5.82,6.33,251,258
2024-10-01 16:00:00,4.74,5.63,263,253
2024-10-01 17:00:00,5.12,5.6,274,269
2024-10-01 18:00:00,5.6,5.79,271,260
2024-10-01 19:00:00,5.4,5.56,269,262
2024-10-01 20:00:00,5.91,5.62,267,265
2024-10-01 21:00:00,6.01,5.8,274,268
2024-10-01 22:00:00,6.65,5.9,277,269
2024-10-01 23:00:00,6.75,5.9,277,270
2024-10-02 00:00:00,6.68,5.7,279,271
2024-10-02 01:00:00,6.46,5.5,278,271
2024-10-02 02:00:00,5.91,4.71,274,274
2024-10-02 03:00:00,5.92,4.26,275,279
2024-10-02 04:00:00,6.26,3.59,278,283
2024-10-02 05:00:00,5.9,2.94,281,288
2024-10-02 06:00:00,5.25,2.33,288,295
2024-10-02 07:00:00,4.57,2.28,293,299
2024-10-02 08:00:00,4.1,2.75,304,303
2024-10-02 09:00:00,3.61,3.47,318,314
2024-10-02 10:00:00,3.77,3.24,338,326
2024-10-02 11:00:00,3.96,2.92,344,338
2024-10-02 12:00:00,3.7,2.55,358,349
2024-10-02 13:00:00,3.67,2.11,11,5
2024-10-02 14:00:00,3.42,1.89,21,32
2024-10-02 15:00:00,3.22,2.55,26,64
2024-10-02 16:00:00,2.91,3.07,41,71
2024-10-02 17:00:00,2.62,2.47,50,69
2024-10-02 18:00:00,1.86,2.0,54,93
2024-10-02 19:00:00,1.75,1.46,59,74
2024-10-02 20:00:00,2.28,1.65,61,104
2024-10-02 21:00:00,1.97,2.1,60,65
2024-10-02 22:00:00,2.28,2.33,52,65
2024-10-02 23:00:00,2.48,2.42,50,66
2024-10-03 00:00:00,2.64,2.56,61,69
2024-10-03 01:00:00,2.83,3.0,58,64
2024-10-03 02:00:00,2.92,2.82,59,63
2024-10-03 03:00:00,3.19,3.0,58,60
2024-10-03 04:00:00,3.74,3.72,56,59
2024-10-03 05:00:00,4.08,3.89,59,64
2024-10-03 06:00:00,4.13,4.35,58,67
2024-10-03 07:00:00,4.39,4.75,60,68
2024-10-03 08:00:00,4.7,5.15,61,66
2024-10-03 09:00:00,4.34,4.63,61,57
2024-10-03 10:00:00,4.66,4.63,59,57
2024-10-03 11:00:00,4.85,4.88,58,55
2024-10-03 12:00:00,4.94,4.96,58,56
2024-10-03 13:00:00,4.96,5.28,56,61
2024-10-03 14:00:00,4.84,5.15,52,66
2024-10-03 15:00:00,4.74,5.29,48,68
2024-10-03 16:00:00,4.46,5.39,46,75
2024-10-03 17:00:00,3.96,5.41,43,74
2024-10-03 18:00:00,3.64,5.72,37,71
2024-10-03 19:00:00,3.81,5.79,23,72
2024-10-03 20:00:00,3.94,6.1,24,41
2024-10-03 21:00:00,3.5,5.8,37,45
2024-10-03 22:00:00,3.79,4.94,348,32
2024-10-03 23:00:00,2.72,4.65,343,25
2024-10-04 00:00:00,3.05,3.98,337,18
2024-10-04 01:00:00,2.86,3.51,335,3
2024-10-04 02:00:00,2.7,3.32,39,16
2024-10-04 03:00:00,2.72,3.04,36,27
2024-10-04 04:00:00,1.68,3.12,343,40
2024-10-04 05:00:00,1.5,2.67,360,13
2024-10-04 06:00:00,1.75,2.21,13,5
2024-10-04 07:00:00,2.09,1.9,17,357
2024-10-04 08:00:00,2.06,2.34,14,20
2024-10-04 09:00:00,2.85,3.07,18,19
2024-10-04 10:00:00,3.14,3.54,22,29
2024-10-04 11:00:00,3.32,3.64,16,37
2024-10-04 12:00:00,3.01,3.26,21,40
2024-10-04 13:00:00,2.73,2.98,8,40
2024-10-04 14:00:00,2.4,2.55,17,42
2024-10-04 15:00:00,1.96,2.44,15,55
2024-10-04 16:00:00,1.44,2.42,34,66
2024-10-04 17:00:00,1.65,2.21,76,72
2024-10-04 18:00:00,1.43,1.53,102,79
2024-10-04 19:00:00,1.84,2.06,139,76
2024-10-04 20:00:00,1.99,2.42,162,97
2024-10-04 21:00:00,2.01,1.61,153,173
2024-10-04 22:00:00,1.96,1.79,165,207
2024-10-04 23:00:00,1.92,1.91,189,227
2024-10-05 00:00:00,1.91,1.84,223,229
2024-10-05 01:00:00,2.02,1.89,250,238
2024-10-05 02:00:00,1.84,1.84,257,241
2024-10-05 03:00:00,1.9,1.58,252,252
2024-10-05 04:00:00,1.58,1.14,252,285
2024-10-05 05:00:00,0.7,0.81,270,330
2024-10-05 06:00:00,1.39,1.3,21,356
2024-10-05 07:00:00,2.36,1.98,54,49
2024-10-05 08:00:00,1.7,1.7,87,93
2024-10-05 09:00:00,2.41,1.6,95,86
2024-10-05 10:00:00,2.84,2.16,100,103
2024-10-05 11:00:00,2.55,1.92,101,118
2024-10-05 12:00:00,2.18,1.8,106,124
2024-10-05 13:00:00,1.77,1.58,106,125
2024-10-05 14:00:00,1.84,1.46,103,106
2024-10-05 15:00:00,2.2,1.3,87,90
2024-10-05 16:00:00,2.3,1.4,88,94
2024-10-05 17:00:00,1.9,0.92,93,103
2024-10-05 18:00:00,1.46,1.04,106,107
2024-10-05 19:00:00,1.56,1.6,140,180
2024-10-05 20:00:00,1.75,1.64,149,218
2024-10-05 21:00:00,1.84,1.86,158,144
2024-10-05 22:00:00,1.92,1.88,171,155
2024-10-05 23:00:00,1.8,1.9,177,180
2024-10-06 00:00:00,2.12,2.15,188,208
2024-10-06 01:00:00,1.48,1.61,208,240
2024-10-06 02:00:00,0.86,1.62,234,248
2024-10-06 03:00:00,0.81,2.36,240,234
2024-10-06 04:00:00,0.22,1.12,333,243
2024-10-06 05:00:00,0.92,1.1,103,275
2024-10-06 06:00:00,2.21,0.71,162,225
2024-10-06 07:00:00,2.46,0.22,153,243
2024-10-06 08:00:00,1.98,1.71,135,111
2024-10-06 09:00:00,2.12,1.5,135,127
2024-10-06 10:00:00,2.05,1.79,133,117
2024-10-06 11:00:00,2.47,1.56,122,140
2024-10-06 12:00:00,2.06,1.39,129,159
2024-10-06 13:00:00,1.64,1.53,128,122
2024-10-06 14:00:00,0.41,0.45,256,117
2024-10-06 15:00:00,0.22,0.5,297,37
2024-10-06 16:00:00,1.39,0.54,69,22
2024-10-06 17:00:00,1.25,0.9,61,90
2024-10-06 18:00:00,1.1,1.3,95,122
2024-10-06 19:00:00,1.36,1.55,107,105
2024-10-06 20:00:00,1.64,1.63,128,101
2024-10-06 21:00:00,1.8,2.1,146,115
2024-10-06 22:00:00,1.43,2.12,168,135
2024-10-06 23:00:00,1.8,2.5,183,143
2024-10-07 00:00:00,1.56,1.92,230,129
2024-10-07 01:00:00,1.96,1.49,255,132
2024-10-07 02:00:00,2.33,1.22,260,145
2024-10-07 03:00:00,2.5,1.04,268,163
2024-10-07 04:00:00,2.4,1.0,268,174
2024-10-07 05:00:00,2.2,0.99,267,225
2024-10-07 06:00:00,2.1,1.22,267,325
2024-10-07 07:00:00,2.41,1.4,275,4
2024-10-07 08:00:00,2.22,1.0,262,53
2024-10-07 09:00:00,1.93,1.36,291,306
2024-10-07 10:00:00,1.61,1.24,300,284
2024-10-07 11:00:00,1.5,0.42,323,225
2024-10-07 12:00:00,1.79,0.32,333,18
2024-10-07 13:00:00,1.21,0.6,336,360
2024-10-07 14:00:00,0.72,0.95,304,18
2024-10-07 15:00:00,0.89,1.14,297,38
2024-10-07 16:00:00,0.81,1.13,300,45
2024-10-07 17:00:00,0.28,1.0,315,53
2024-10-07 18:00:00,0.92,0.14,139,135
2024-10-07 19:00:00,1.08,1.49,158,290
2024-10-07 20:00:00,0.64,1.25,231,299
2024-10-07 21:00:00,1.1,1.73,355,280
2024-10-07 22:00:00,0.41,1.65,14,256
2024-10-07 23:00:00,0.86,1.36,36,253
2024-10-08 00:00:00,1.75,1.25,31,241
2024-10-08 01:00:00,1.62,0.72,22,304
2024-10-08 02:00:00,1.65,1.84,346,29
2024-10-08 03:00:00,1.43,1.72,335,36
2024-10-08 04:00:00,1.22,1.56,325,40
2024-10-08 05:00:00,1.25,2.25,29,69
2024-10-08 06:00:00,2.82,2.18,67,74
2024-10-08 07:00:00,2.6,1.34,67,63
2024-10-08 08:00:00,2.86,2.06,54,51
2024-10-08 09:00:00,3.58,0.98,60,66
2024-10-08 10:00:00,3.47,2.5,57,74
2024-10-08 11:00:00,3.67,3.01,73,75
2024-10-08 12:00:00,3.45,3.26,73,79
2024-10-08 13:00:00,3.05,3.24,67,81
2024-10-08 14:00:00,2.82,3.37,63,78
2024-10-08 15:00:00,2.73,3.08,62,77
2024-10-08 16:00:00,2.95,2.77,66,77
2024-10-08 17:00:00,3.26,2.79,72,75
2024-10-08 18:00:00,2.98,3.18,76,77
2024-10-08 19:00:00,2.94,3.06,80,79
2024-10-08 20:00:00,2.83,3.03,82,82
2024-10-08 21:00:00,2.79,2.7,75,92
2024-10-08 22:00:00,2.67,2.71,77,94
2024-10-08 23:00:00,2.47,2.71,76,94
2024-10-09 00:00:00,2.5,2.52,74,97
2024-10-09 01:00:00,2.56,2.42,69,97
2024-10-09 02:00:00,2.6,2.42,67,97
2024-10-09 03:00:00,2.68,2.32,63,97
2024-10-09 04:00:00,2.77,2.21,64,95
2024-10-09 05:00:00,2.73,2.21,66,95
2024-10-09 06:00:00,2.69,2.2,68,93
2024-10-09 07:00:00,2.66,2.2,70,90
2024-10-09 08:00:00,3.01,2.51,69,85
2024-10-09 09:00:00,3.22,3.06,60,79
2024-10-09 10:00:00,3.4,3.06,62,79
2024-10-09 11:00:00,3.54,3.01,61,75
2024-10-09 12:00:00,3.54,3.07,61,71
2024-10-09 13:00:00,3.18,2.85,66,72
2024-10-09 14:00:00,3.18,3.16,62,72
2024-10-09 15:00:00,2.88,3.28,56,78
2024-10-09 16:00:00,2.77,3.18,64,77
2024-10-09 17:00:00,2.82,2.92,67,84
2024-10-09 18:00:00,2.28,2.5,75,90
2024-10-09 19:00:00,2.09,2.41,73,95
2024-10-09 20:00:00,2.16,2.25,77,111
2024-10-09 21:00:00,2.6,2.45,92,102
2024-10-09 22:00:00,2.62,2.38,97,105
2024-10-09 23:00:00,2.65,2.31,101,108
2024-10-10 00:00:00,2.44,2.19,109,114
2024-10-10 01:00:00,2.42,2.15,114,118
2024-10-10 02:00:00,2.28,2.11,119,121
2024-10-10 03:00:00,2.16,1.98,124,139
2024-10-10 04:00:00,2.16,2.15,124,152
2024-10-10 05:00:00,2.3,2.11,124,149
2024-10-10 06:00:00,2.44,2.02,125,147
2024-10-10 07:00:00,2.44,1.77,125,137
2024-10-10 08:00:00,1.82,1.58,99,108
2024-10-10 09:00:00,2.21,2.14,108,79
2024-10-10 10:00:00,1.71,2.42,111,83
2024-10-10 11:00:00,0.98,2.62,114,83
2024-10-10 12:00:00,0.22,2.38,63,75
2024-10-10 13:00:00,0.89,2.24,333,63
2024-10-10 14:00:00,0.67,2.56,333,59
2024-10-10 15:00:00,0.58,2.8,31,55
2024-10-10 16:00:00,1.04,2.78,73,52
2024-10-10 17:00:00,1.51,2.48,98,50
2024-10-10 18:00:00,1.21,1.84,114,61
2024-10-10 19:00:00,1.5,1.75,143,59
2024-10-10 20:00:00,1.6,1.75,176,59
2024-10-10 21:00:00,1.72,1.33,216,77
2024-10-10 22:00:00,1.75,1.24,239,76
2024-10-10 23:00:00,1.84,1.0,241,84
2024-10-11 00:00:00,1.89,0.63,238,108
2024-10-11 01:00:00,1.94,0.86,235,144
2024-10-11 02:00:00,2.11,1.04,239,163
2024-10-11 03:00:00,2.06,1.2,247,175
2024-10-11 04:00:00,2.18,2.15,254,208
2024-10-11 05:00:00,2.33,1.92,260,219
2024-10-11 06:00:00,2.26,1.86,257,216
2024-10-11 07:00:00,2.06,1.77,247,227
2024-10-11 08:00:00,1.63,1.08,259,236
2024-10-11 09:00:00,1.48,1.52,298,293
2024-10-11 10:00:00,1.64,1.58,308,305
2024-10-11 11:00:00,1.17,1.46,290,286
2024-10-11 12:00:00,0.91,1.9,276,288
2024-10-11 13:00:00,1.12,2.26,280,283
2024-10-11 14:00:00,1.04,2.31,287,275
2024-10-11 15:00:00,0.32,2.4,288,272
2024-10-11 16:00:00,0.1,2.4,270,270
2024-10-11 17:00:00,0.32,2.0,162,267
2024-10-11 18:00:00,1.2,1.68,132,253
2024-10-11 19:00:00,1.61,2.4,173,253
2024-10-11 20:00:00,2.02,1.96,237,255
2024-10-11 21:00:00,1.94,1.75,235,239
2024-10-11 22:00:00,1.89,1.92,238,242
2024-10-11 23:00:00,1.86,2.06,234,247
2024-10-12 00:00:00,2.02,2.09,237,253
2024-10-12 01:00:00,2.1,2.14,245,259
2024-10-12 02:00:00,1.97,2.33,246,260
2024-10-12 03:00:00,1.84,2.63,241,261
2024-10-12 04:00:00,1.92,2.65,242,259
2024-10-12 05:00:00,2.01,2.55,243,259
2024-10-12 06:00:00,2.02,2.44,250,251
2024-10-12 07:00:00,1.99,2.38,252,248
2024-10-12 08:00:00,1.73,2.33,260,260
2024-10-12 09:00:00,2.35,2.2,282,270
2024-10-12 10:00:00,2.77,2.5,283,270
2024-10-12 11:00:00,2.22,2.22,278,262
2024-10-12 12:00:00,2.0,2.32,273,263
2024-10-12 13:00:00,2.0,2.3,273,268
2024-10-12 14:00:00,1.65,1.81,284,276
2024-10-12 15:00:00,1.43,1.55,295,285
2024-10-12 16:00:00,0.64,1.12,309,280
2024-10-12 17:00:00,0.54,0.22,68,243
2024-10-12 18:00:00,1.3,1.02,113,169
2024-10-12 19:00:00,1.88,2.15,155,202
2024-10-12 20:00:00,2.22,1.84,216,225
2024-10-12 21:00:00,1.91,1.84,227,229
2024-10-12 22:00:00,1.58,1.49,235,228
2024-10-12 23:00:00,1.53,1.61,238,240
2024-10-13 00:00:00,1.39,1.34,240,243
2024-10-13 01:00:00,0.71,1.04,262,253
2024-10-13 02:00:00,0.67,0.9,27,270
2024-10-13 03:00:00,1.92,0.63,51,288
2024-10-13 04:00:00,2.82,0.63,73,18
2024-10-13 05:00:00,2.21,1.98,85,49
2024-10-13 06:00:00,2.06,2.86,76,65
2024-10-13 07:00:00,2.5,2.09,92,73
2024-10-13 08:00:00,2.12,2.04,98,101
2024-10-13 09:00:00,2.72,2.38,96,105
2024-10-13 10:00:00,3.04,2.86,99,115
2024-10-13 11:00:00,3.13,3.14,97,112
2024-10-13 12:00:00,3.2,3.16,92,108
2024-10-13 13:00:00,3.1,3.01,92,111
2024-10-13 14:00:00,3.2,2.82,90,117
2024-10-13 15:00:00,2.91,2.37,94,118
2024-10-13 16:00:00,2.82,2.19,96,114
2024-10-13 17:00:00,2.83,2.1,98,115
2024-10-13 18:00:00,2.79,2.64,105,119
2024-10-13 19:00:00,2.66,2.48,110,140
2024-10-13 20:00:00,3.06,2.56,101,141
2024-10-13 21:00:00,3.96,2.66,106,124
2024-10-13 22:00:00,4.21,2.61,108,122
2024-10-13 23:00:00,4.27,3.38,106,109
2024-10-14 00:00:00,3.81,3.48,113,108
2024-10-14 01:00:00,3.55,2.91,122,117
2024-10-14 02:00:00,3.44,3.14,126,121
2024-10-14 03:00:00,3.04,3.22,136,126
2024-10-14 04:00:00,2.48,3.14,137,127
2024-10-14 05:00:00,2.48,2.92,137,142
2024-10-14 06:00:00,2.42,2.62,142,140
2024-10-14 07:00:00,2.44,2.7,145,141
2024-10-14 08:00:00,2.47,2.56,148,149
2024-10-14 09:00:00,2.73,2.73,156,152
2024-10-14 10:00:00,2.64,2.44,155,161
2024-10-14 11:00:00,2.18,2.21,164,175
2024-10-14 12:00:00,1.82,2.34,189,200
2024-10-14 13:00:00,1.97,2.75,204,213
2024-10-14 14:00:00,2.02,2.91,213,221
2024-10-14 15:00:00,2.08,2.76,215,224
2024-10-14 16:00:00,2.14,2.48,217,230
2024-10-14 17:00:00,1.91,2.2,227,231
2024-10-14 18:00:00,1.36,1.58,216,235
2024-10-14 19:00:00,1.55,1.35,195,222
2024-10-14 20:00:00,2.06,1.46,194,196
2024-10-14 21:00:00,2.13,1.61,221,210
2024-10-14 22:00:00,1.86,1.89,216,212
2024-10-14 23:00:00,1.61,2.0,210,217
2024-10-15 00:00:00,1.48,2.28,208,218
2024-10-15 01:00:00,1.89,2.42,212,232
2024-10-15 02:00:00,2.12,2.78,225,232
2024-10-15 03:00:00,2.14,2.64,233,241
2024-10-15 04:00:00,2.11,2.77,239,244
2024-10-15 05:00:00,2.16,2.69,236,248
2024-10-15 06:00:00,2.39,2.53,237,252
2024-10-15 07:00:00,2.51,2.51,247,265
2024-10-15 08:00:00,2.57,2.63,257,279
2024-10-15 09:00:00,2.84,0.67,260,297
2024-10-15 10:00:00,2.7,1.39,270,300
2024-10-15 11:00:00,2.82,1.93,276,291
2024-10-15 12:00:00,3.32,1.87,277,286
2024-10-15 13:00:00,3.44,2.14,278,281
2024-10-15 14:00:00,3.44,2.2,278,273
2024-10-15 15:00:00,3.41,2.3,275,270
2024-10-15 16:00:00,3.7,2.31,268,265
2024-10-15 17:00:00,3.71,2.22,267,262
2024-10-15 18:00:00,3.82,2.35,264,258
2024-10-15 19:00:00,4.2,2.65,269,259
2024-10-15 20:00:00,4.1,2.63,271,261
2024-10-15 21:00:00,3.71,3.01,275,264
2024-10-15 22:00:00,3.5,2.93,272,262
2024-10-15 23:00:00,3.31,2.72,273,264
2024-10-16 00:00:00,2.91,2.4,274,270
2024-10-16 01:00:00,2.45,2.01,282,276
2024-10-16 02:00:00,2.14,1.75,281,283
2024-10-16 03:00:00,1.55,1.63,285,281
2024-10-16 04:00:00,1.39,1.12,300,297
2024-10-16 05:00:00,1.2,0.76,312,293
2024-10-16 06:00:00,1.33,0.78,347,310
2024-10-16 07:00:00,1.53,1.04,11,343
2024-10-16 08:00:00,1.7,1.61,50,30
2024-10-16 09:00:00,2.36,1.97,54,60
2024-10-16 10:00:00,2.64,2.44,65,71
2024-10-16 11:00:00,2.53,2.12,72,71
2024-10-16 12:00:00,2.09,1.96,73,75
2024-10-16 13:00:00,2.34,2.04,70,79
2024-10-16 14:00:00,2.69,2.71,75,86
2024-10-16 15:00:00,2.84,2.93,80,98
2024-10-16 16:00:00,2.82,2.94,84,100
2024-10-16 17:00:00,2.52,2.6,83,106
2024-10-16 18:00:00,2.2,2.19,90,114
2024-10-16 19:00:00,2.04,2.12,101,135
2024-10-16 20:00:00,1.89,1.99,122,162
2024-10-16 21:00:00,1.8,1.61,124,150
2024-10-16 22:00:00,1.44,1.81,146,186
2024-10-16 23:00:00,1.3,1.97,184,204
2024-10-17 00:00:00,1.71,2.36,201,216
2024-10-17 01:00:00,2.06,2.8,219,235
2024-10-17 02:00:00,2.14,3.1,233,249
2024-10-17 03:00:00,2.11,2.88,239,250
2024-10-17 04:00:00,2.44,2.66,251,250
2024-10-17 05:00:00,2.21,2.28,252,247
2024-10-17 06:00:00,1.89,1.97,238,240
2024-10-17 07:00:00,1.8,2.01,236,243
2024-10-17 08:00:00,1.12,1.48,243,242
2024-10-17 09:00:00,0.5,0.42,233,225
2024-10-17 10:00:00,0.22,0.14,297,225
2024-10-17 11:00:00,0.22,0.5,117,90
2024-10-17 12:00:00,1.1,1.22,85,99
2024-10-17 13:00:00,2.0,1.51,93,98
2024-10-17 14:00:00,1.9,1.81,93,96
2024-10-17 15:00:00,1.82,2.0,81,93
2024-10-17 16:00:00,1.71,2.02,97,99
2024-10-17 17:00:00,1.4,1.7,86,118
2024-10-17 18:00:00,1.61,1.61,97,150
2024-10-17 19:00:00,2.19,1.7,137,180
2024-10-17 20:00:00,2.58,1.97,144,204
2024-10-17 21:00:00,2.2,2.7,150,141
2024-10-17 22:00:00,2.5,2.41,143,138
2024-10-17 23:00:00,2.52,2.48,146,137
2024-10-18 00:00:00,2.33,2.48,155,140
2024-10-18 01:00:00,2.51,2.58,157,144
2024-10-18 02:00:00,2.55,2.64,154,151
2024-10-18 03:00:00,2.59,2.47,152,148
2024-10-18 04:00:00,2.68,2.78,153,150
2024-10-18 05:00:00,2.53,3.04,162,153
2024-10-18 06:00:00,2.6,2.87,157,151
2024-10-18 07:00:00,2.78,3.02,150,146
2024-10-18 08:00:00,2.83,3.04,148,153
2024-10-18 09:00:00,2.84,2.42,141,150
2024-10-18 10:00:00,2.86,2.61,144,148
2024-10-18 11:00:00,2.56,2.38,141,158
2024-10-18 12:00:00,2.15,2.28,158,165
2024-10-18 13:00:00,1.71,2.32,159,173
2024-10-18 14:00:00,1.77,2.26,137,193
2024-10-18 15:00:00,2.62,1.22,140,171
2024-10-18 16:00:00,2.92,2.2,142,93
2024-10-18 17:00:00,3.54,2.15,137,118
2024-10-18 18:00:00,4.0,2.92,148,112
2024-10-18 19:00:00,3.83,3.45,173,120
2024-10-18 20:00:00,4.56,4.47,195,124
2024-10-18 21:00:00,4.47,4.47,243,220
2024-10-18 22:00:00,4.66,6.69,247,238
2024-10-18 23:00:00,4.47,6.26,243,253
2024-10-19 00:00:00,4.12,2.47,247,284
2024-10-19 01:00:00,2.6,3.11,247,356
2024-10-19 02:00:00,1.3,2.21,247,5
2024-10-19 03:00:00,0.22,2.22,63,8
2024-10-19 04:00:00,1.33,2.72,77,17
2024-10-19 05:00:00,1.92,3.3,62,14
2024-10-19 06:00:00,2.52,3.88,34,12
2024-10-19 07:00:00,3.32,3.54,21,29
2024-10-19 08:00:00,6.51,5.17,43,41
2024-10-19 09:00:00,5.78,5.73,53,47
2024-10-19 10:00:00,5.45,5.59,44,47
2024-10-19 11:00:00,5.3,5.8,46,45
2024-10-19 12:00:00,5.39,5.73,50,44
2024-10-19 13:00:00,5.25,5.8,50,45
2024-10-19 14:00:00,5.32,5.88,49,48
2024-10-19 15:00:00,5.39,5.84,50,52
2024-10-19 16:00:00,5.22,5.92,54,53
2024-10-19 17:00:00,5.33,5.78,56,53
2024-10-19 18:00:00,5.41,5.8,56,54
2024-10-19 19:00:00,5.39,5.85,59,57
2024-10-19 20:00:00,5.61,5.97,59,59
2024-10-19 21:00:00,5.71,5.88,57,58
2024-10-19 22:00:00,5.97,5.95,59,61
2024-10-19 23:00:00,6.05,5.91,59,62
2024-10-20 00:00:00,6.05,5.99,59,62
2024-10-20 01:00:00,5.92,5.86,60,63
2024-10-20 02:00:00,5.82,5.95,61,63
2024-10-20 03:00:00,5.77,5.86,62,65
2024-10-20 04:00:00,5.68,5.91,64,66
2024-10-20 05:00:00,5.82,5.92,66,68
2024-10-20 06:00:00,5.96,5.89,67,69
2024-10-20 07:00:00,5.92,5.72,68,71
2024-10-20 08:00:00,6.07,6.01,70,72
2024-10-20 09:00:00,6.1,6.26,72,73
2024-10-20 10:00:00,6.2,6.33,72,74
2024-10-20 11:00:00,6.14,6.36,74,77
2024-10-20 12:00:00,6.06,6.04,77,78
2024-10-20 13:00:00,5.94,5.53,77,77
2024-10-20 14:00:00,5.55,5.22,76,78
2024-10-20 15:00:00,5.12,5.36,78,81
2024-10-20 16:00:00,5.16,5.33,81,84
2024-10-20 17:00:00,5.12,5.6,86,88
2024-10-20 18:00:00,5.2,5.6,90,91
2024-10-20 19:00:00,5.4,5.51,91,93
2024-10-20 20:00:00,5.22,5.42,94,95
2024-10-20 21:00:00,5.53,5.47,96,99
2024-10-20 22:00:00,5.38,5.24,100,103
2024-10-20 23:00:00,4.95,5.1,104,106
2024-10-21 00:00:00,4.83,4.71,103,107
2024-10-21 01:00:00,4.9,4.68,102,106
2024-10-21 02:00:00,4.71,4.62,102,108
2024-10-21 03:00:00,4.46,4.59,106,110
2024-10-21 04:00:00,4.33,4.37,109,110
2024-10-21 05:00:00,4.02,4.12,109,113
2024-10-21 06:00:00,3.89,3.72,108,114
2024-10-21 07:00:00,3.54,3.22,106,116
2024-10-21 08:00:00,3.57,3.36,108,113
2024-10-21 09:00:00,3.18,2.97,114,110
2024-10-21 10:00:00,3.1,2.5,111,106
2024-10-21 11:00:00,2.79,2.62,111,108
2024-10-21 12:00:00,3.07,2.26,109,103
2024-10-21 13:00:00,2.75,2.72,109,107
2024-10-21 14:00:00,2.69,2.31,112,108
2024-10-21 15:00:00,2.72,2.51,107,113
2024-10-21 16:00:00,2.01,2.34,117,110
2024-10-21 17:00:00,1.84,1.84,119,119
2024-10-21 18:00:00,1.75,1.7,121,140
2024-10-21 19:00:00,2.15,1.77,118,133
2024-10-21 20:00:00,1.94,1.8,125,124
2024-10-21 21:00:00,1.9,1.8,108,124
2024-10-21 22:00:00,1.97,2.1,114,115
2024-10-21 23:00:00,2.15,2.08,112,125
2024-10-22 00:00:00,2.06,2.02,119,123
2024-10-22 01:00:00,2.15,1.89,118,122
2024-10-22 02:00:00,2.37,2.19,118,114
2024-10-22 03:00:00,2.58,2.61,126,94
2024-10-22 04:00:00,2.73,3.1,118,92
2024-10-22 05:00:00,2.64,3.51,115,95
2024-10-22 06:00:00,2.62,3.81,108,95
2024-10-22 07:00:00,3.01,3.52,105,97
2024-10-22 08:00:00,2.77,3.31,116,95
2024-10-22 09:00:00,2.66,4.44,124,149
2024-10-22 10:00:00,2.8,4.97,125,150
2024-10-22 11:00:00,3.69,5.37,123,156
2024-10-22 12:00:00,3.11,4.74,132,155
2024-10-22 13:00:00,3.33,5.28,147,155
2024-10-22 14:00:00,2.62,4.9,173,163
2024-10-22 15:00:00,2.25,4.34,201,172
2024-10-22 16:00:00,2.37,2.64,208,209
2024-10-22 17:00:00,2.76,1.75,224,204
2024-10-22 18:00:00,2.87,2.72,241,216
2024-10-22 19:00:00,3.09,4.34,241,241
2024-10-22 20:00:00,3.0,5.25,240,239
2024-10-22 21:00:00,4.84,5.95,252,250
2024-10-22 22:00:00,5.83,5.66,248,249
2024-10-22 23:00:00,6.65,6.4,249,243
2024-10-23 00:00:00,7.79,7.0,257,248
2024-10-23 01:00:00,8.43,7.49,260,251
2024-10-23 02:00:00,8.71,7.78,268,250
2024-10-23 03:00:00,9.7,7.95,268,249
2024-10-23 04:00:00,9.8,7.63,268,259
2024-10-23 05:00:00,10.03,8.32,265,266
2024-10-23 06:00:00,10.47,9.12,263,266
2024-10-23 07:00:00,10.81,9.71,268,268
2024-10-23 08:00:00,10.61,9.33,268,266
2024-10-23 09:00:00,10.57,10.6,263,271
2024-10-23 10:00:00,10.77,10.41,264,272
2024-10-23 11:00:00,11.14,9.9,265,272
2024-10-23 12:00:00,11.04,9.2,265,271
2024-10-23 13:00:00,11.09,8.21,263,273
2024-10-23 14:00:00,10.86,7.62,264,274
2024-10-23 15:00:00,9.5,7.22,271,274
2024-10-23 16:00:00,8.25,6.81,276,273
2024-10-23 17:00:00,7.62,5.71,274,274
2024-10-23 18:00:00,7.0,4.5,271,270
2024-10-23 19:00:00,6.0,4.03,270,263
2024-10-23 20:00:00,4.8,3.98,268,258
2024-10-23 21:00:00,4.24,3.91,262,257
2024-10-23 22:00:00,4.1,3.71,257,256
2024-10-23 23:00:00,3.86,3.3,260,256
2024-10-24 00:00:00,3.72,3.18,264,257
2024-10-24 01:00:00,3.52,3.18,263,257
2024-10-24 02:00:00,3.26,3.04,259,253
2024-10-24 03:00:00,3.06,2.91,259,254
2024-10-24 04:00:00,3.04,2.67,261,257
2024-10-24 05:00:00,2.96,2.38,258,255
2024-10-24 06:00:00,2.77,1.93,257,249
2024-10-24 07:00:00,2.47,1.7,256,242
2024-10-24 08:00:00,2.26,1.14,257,232
2024-10-24 09:00:00,1.9,1.61,273,277
2024-10-24 10:00:00,1.62,1.12,292,297
2024-10-24 11:00:00,1.2,0.67,318,333
2024-10-24 12:00:00,1.0,0.41,6,14
2024-10-24 13:00:00,0.99,0.64,45,51
2024-10-24 14:00:00,1.21,1.32,66,81
2024-10-24 15:00:00,1.58,1.8,72,93
2024-10-24 16:00:00,2.12,2.02,82,99
2024-10-24 17:00:00,1.7,1.61,87,97
2024-10-24 18:00:00,1.75,1.62,103,112
2024-10-24 19:00:00,2.2,2.33,129,115
2024-10-24 20:00:00,2.13,2.28,131,142
2024-10-24 21:00:00,0.7,2.69,90,132
2024-10-24 22:00:00,2.01,2.42,27,142
2024-10-24 23:00:00,2.33,2.64,31,143
2024-10-25 00:00:00,2.02,2.16,57,146
2024-10-25 01:00:00,2.44,2.78,55,142
2024-10-25 02:00:00,2.33,2.77,59,139
2024-10-25 03:00:00,2.73,2.77,66,131
2024-10-25 04:00:00,3.18,3.06,62,128
2024-10-25 05:00:00,3.49,2.98,66,130
2024-10-25 06:00:00,3.33,3.1,57,111
2024-10-25 07:00:00,3.35,3.1,73,92
2024-10-25 08:00:00,2.84,3.0,80,90
2024-10-25 09:00:00,3.18,2.9,66,88
2024-10-25 10:00:00,3.57,3.41,79,93
2024-10-25 11:00:00,3.44,3.42,82,97
2024-10-25 12:00:00,3.1,3.26,75,101
2024-10-25 13:00:00,2.96,3.13,78,97
2024-10-25 14:00:00,2.6,3.13,88,97
2024-10-25 15:00:00,2.41,3.13,95,97
2024-10-25 16:00:00,2.26,2.96,103,102
2024-10-25 17:00:00,2.04,2.69,101,105
2024-10-25 18:00:00,2.25,2.69,122,105
2024-10-25 19:00:00,2.55,2.62,132,108
2024-10-25 20:00:00,2.62,3.01,133,111
2024-10-25 21:00:00,2.62,4.0,137,103
2024-10-25 22:00:00,2.83,4.24,135,105
2024-10-25 23:00:00,2.77,4.43,131,108
2024-10-26 00:00:00,2.78,4.33,128,109
2024-10-26 01:00:00,2.84,4.21,129,108
2024-10-26 02:00:00,2.78,4.08,128,107
2024-10-26 03:00:00,2.66,3.81,124,104
2024-10-26 04:00:00,2.73,3.77,118,101
2024-10-26 05:00:00,2.77,3.95,116,99
2024-10-26 06:00:00,2.95,3.72,114,96
2024-10-26 07:00:00,3.38,3.61,109,95
2024-10-26 08:00:00,3.79,3.7,102,90
2024-10-26 09:00:00,4.0,4.14,93,98
2024-10-26 10:00:00,4.5,4.52,90,95
2024-10-26 11:00:00,4.52,4.7,95,91
2024-10-26 12:00:00,4.61,4.6,94,89
2024-10-26 13:00:00,4.3,4.51,93,86
2024-10-26 14:00:00,4.0,4.32,93,85
2024-10-26 15:00:00,3.6,4.01,92,86
2024-10-26 16:00:00,3.2,3.61,90,85
2024-10-26 17:00:00,2.6,3.0,92,88
2024-10-26 18:00:00,2.51,2.9,95,90
2024-10-26 19:00:00,2.4,2.84,107,100
2024-10-26 20:00:00,2.16,3.06,124,101
2024-10-26 21:00:00,2.61,2.98,122,104
2024-10-26 22:00:00,2.58,2.79,126,105
2024-10-26 23:00:00,2.42,2.62,128,108
2024-10-27 00:00:00,2.2,2.42,141,114
2024-10-27 01:00:00,2.02,2.36,160,126
2024-10-27 02:00:00,1.93,2.13,201,139
2024-10-27 03:00:00,1.77,2.01,227,153
2024-10-27 04:00:00,1.98,2.21,221,175
2024-10-27 05:00:00,2.37,1.94,242,168
2024-10-27 06:00:00,2.47,1.7,249,152
2024-10-27 07:00:00,1.84,2.58,241,126
2024-10-27 08:00:00,1.2,2.08,265,125
2024-10-27 09:00:00,1.94,0.81,258,240
2024-10-27 10:00:00,2.51,0.81,265,300
2024-10-27 11:00:00,2.84,0.76,280,293
2024-10-27 12:00:00,3.0,1.14,270,308
2024-10-27 13:00:00,3.14,0.63,261,288
2024-10-27 14:00:00,3.34,0.67,261,243
2024-10-27 15:00:00,4.12,1.3,264,266
2024-10-27 16:00:00,3.4,1.3,268,270
2024-10-27 17:00:00,3.2,1.0,272,264
2024-10-27 18:00:00,3.16,1.21,259,294
2024-10-27 19:00:00,3.26,0.36,259,304
2024-10-27 20:00:00,2.55,1.22,259,35
2024-10-27 21:00:00,2.82,1.55,276,285
2024-10-27 22:00:00,2.82,1.46,276,286
2024-10-27 23:00:00,2.67,0.99,283,315
2024-10-28 00:00:00,2.6,1.33,286,13
2024-10-28 01:00:00,2.02,2.0,290,53
2024-10-28 02:00:00,1.99,1.36,288,54
2024-10-28 03:00:00,0.98,1.08,294,56
2024-10-28 04:00:00,1.61,0.92,353,77
2024-10-28 05:00:00,1.9,1.43,360,78
2024-10-28 06:00:00,1.91,1.34,6,63
2024-10-28 07:00:00,2.28,2.06,52,29
2024-10-28 08:00:00,4.16,2.42,63,66
2024-10-28 09:00:00,3.49,3.01,77,75
2024-10-28 10:00:00,3.45,4.09,73,68
2024-10-28 11:00:00,3.77,3.73,68,70
2024-10-28 12:00:00,3.73,3.42,70,69
2024-10-28 13:00:00,3.29,3.27,70,67
2024-10-28 14:00:00,3.38,3.35,71,63
2024-10-28 15:00:00,3.67,3.44,64,64
2024-10-28 16:00:00,3.62,3.55,66,68
2024-10-28 17:00:00,3.61,3.83,71,70
2024-10-28 18:00:00,3.54,3.89,74,72
2024-10-28 19:00:00,3.61,3.86,76,73
2024-10-28 20:00:00,3.59,3.81,77,76
2024-10-28 21:00:00,3.49,3.54,77,74
2024-10-28 22:00:00,3.59,3.52,77,75
2024-10-28 23:00:00,3.52,3.49,83,77
2024-10-29 00:00:00,3.3,3.52,90,83
2024-10-29 01:00:00,3.4,3.31,92,87
2024-10-29 02:00:00,3.41,3.2,93,88
2024-10-29 03:00:00,3.31,3.11,95,94
2024-10-29 04:00:00,3.32,3.13,97,97
2024-10-29 05:00:00,3.41,3.04,93,99
2024-10-29 06:00:00,3.51,3.03,93,98
2024-10-29 07:00:00,3.52,3.03,97,98
2024-10-29 08:00:00,3.67,3.22,101,97
2024-10-29 09:00:00,4.02,3.75,96,99
2024-10-29 10:00:00,3.93,3.86,97,100
2024-10-29 11:00:00,3.51,3.65,95,99
2024-10-29 12:00:00,3.01,3.21,94,95
2024-10-29 13:00:00,2.5,2.7,88,90
2024-10-29 14:00:00,2.14,2.41,79,85
2024-10-29 15:00:00,2.14,2.53,79,81
2024-10-29 16:00:00,2.24,2.42,80,83
2024-10-29 17:00:00,1.9,2.0,87,90
2024-10-29 18:00:00,1.71,1.75,97,103
2024-10-29 19:00:00,2.01,2.08,117,125
2024-10-29 20:00:00,1.89,1.94,148,145
2024-10-29 21:00:00,2.01,2.02,153,147
2024-10-29 22:00:00,2.06,2.15,166,158
2024-10-29 23:00:00,2.24,2.21,190,175
2024-10-30 00:00:00,2.06,2.26,231,193
2024-10-30 01:00:00,2.33,2.41,245,222
2024-10-30 02:00:00,2.47,2.13,249,229
2024-10-30 03:00:00,2.5,2.11,254,239
2024-10-30 04:00:00,2.38,2.14,255,259
2024-10-30 05:00:00,2.45,2.0,258,267
2024-10-30 06:00:00,2.42,1.7,263,270
2024-10-30 07:00:00,2.41,1.14,265,285
2024-10-30 08:00:00,1.8,0.67,267,297
2024-10-30 09:00:00,3.01,1.84,274,292
2024-10-30 10:00:00,2.73,2.2,294,300
2024-10-30 11:00:00,2.66,2.25,304,302
2024-10-30 12:00:00,2.48,1.8,313,304
2024-10-30 13:00:00,1.71,0.71,339,315
2024-10-30 14:00:00,1.08,0.76,22,67
2024-10-30 15:00:00,1.33,1.7,77,87
2024-10-30 16:00:00,2.31,2.02,85,99
2024-10-30 17:00:00,1.91,1.36,96,107
2024-10-30 18:00:00,1.79,1.66,117,115
2024-10-30 19:00:00,1.86,2.06,126,141
2024-10-30 20:00:00,1.24,2.01,104,153
2024-10-30 21:00:00,1.63,1.88,47,155
2024-10-30 22:00:00,2.39,2.02,33,160
2024-10-30 23:00:00,2.08,2.11,55,175
2024-10-31 00:00:00,1.79,2.11,63,185
2024-10-31 01:00:00,1.86,2.21,54,185
2024-10-31 02:00:00,1.43,2.3,78,178
2024-10-31 03:00:00,1.52,2.32,113,173
2024-10-31 04:00:00,3.0,2.5,120,164
2024-10-31 05:00:00,3.04,2.47,136,159
2024-10-31 06:00:00,3.2,2.82,129,153
2024-10-31 07:00:00,3.11,2.83,135,148
2024-10-31 08:00:00,2.52,2.52,124,146
2024-10-31 09:00:00,1.91,2.66,133,124
2024-10-31 10:00:00,2.48,3.0,133,127
2024-10-31 11:00:00,2.37,2.83,152,135
2024-10-31 12:00:00,1.48,2.08,152,145
2024-10-31 13:00:00,0.58,1.58,149,145
2024-10-31 14:00:00,0.4,1.28,90,141
2024-10-31 15:00:00,1.02,1.03,79,119
2024-10-31 16:00:00,1.96,1.6,75,90
2024-10-31 17:00:00,1.92,1.61,99,83
2024-10-31 18:00:00,1.92,1.84,141,135
2024-10-31 19:00:00,1.99,1.99,162,162
2024-10-31 20:00:00,2.01,1.87,174,164
2024-10-31 21:00:00,2.01,2.42,186,156
2024-10-31 22:00:00,2.11,2.06,185,157
2024-10-31 23:00:00,1.94,2.04,192,169
2024-11-01 00:00:00,1.96,2.1,195,177
2024-11-01 01:00:00,1.84,2.1,202,183
2024-11-01 02:00:00,2.15,2.3,202,182
2024-11-01 03:00:00,1.89,2.43,212,189
2024-11-01 04:00:00,2.19,2.33,204,190
2024-11-01 05:00:00,1.75,2.53,204,198
2024-11-01 06:00:00,1.25,1.9,209,180
2024-11-01 07:00:00,0.22,1.27,207,135
2024-11-01 08:00:00,0.32,1.66,198,123
2024-11-01 09:00:00,0.73,1.24,254,104
2024-11-01 10:00:00,1.14,2.27,255,131
2024-11-01 11:00:00,2.24,2.14,297,127
2024-11-01 12:00:00,1.14,1.22,285,145
2024-11-01 13:00:00,0.8,1.3,360,270
2024-11-01 14:00:00,1.3,0.14,23,315
2024-11-01 15:00:00,1.66,1.65,65,104
2024-11-01 16:00:00,2.12,1.51,71,98
2024-11-01 17:00:00,2.0,1.88,87,115
2024-11-01 18:00:00,2.12,2.28,98,105
2024-11-01 19:00:00,2.85,2.67,108,103
2024-11-01 20:00:00,3.26,3.51,117,95
2024-11-01 21:00:00,3.51,3.58,93,113
2024-11-01 22:00:00,3.61,3.2,93,110
2024-11-01 23:00:00,3.61,2.91,95,106
2024-11-02 00:00:00,3.71,3.23,85,106
2024-11-02 01:00:00,3.79,3.22,78,97
2024-11-02 02:00:00,4.25,3.2,66,92
2024-11-02 03:00:00,4.72,3.32,58,83
2024-11-02 04:00:00,4.94,3.96,54,80
2024-11-02 05:00:00,5.19,3.76,56,65
2024-11-02 06:00:00,5.41,3.98,56,62
2024-11-02 07:00:00,5.66,4.47,54,63
2024-11-02 08:00:00,6.05,5.06,56,65
2024-11-02 09:00:00,6.1,5.46,49,76
2024-11-02 10:00:00,5.74,5.7,55,75
2024-11-02 11:00:00,5.38,6.46,55,74
2024-11-02 12:00:00,6.08,5.85,54,73
2024-11-02 13:00:00,5.52,6.32,46,67
2024-11-02 14:00:00,4.88,5.37,44,66
2024-11-02 15:00:00,4.53,5.46,41,62
2024-11-02 16:00:00,4.11,5.94,41,57
2024-11-02 17:00:00,3.76,5.76,40,51
2024-11-02 18:00:00,3.48,5.87,39,47
2024-11-02 19:00:00,3.47,5.52,44,46
2024-11-02 20:00:00,3.26,4.96,43,42
2024-11-02 21:00:00,2.33,3.4,47,43
2024-11-02 22:00:00,1.98,2.98,49,40
2024-11-02 23:00:00,1.84,2.8,49,35
2024-11-03 00:00:00,1.84,2.75,49,33
2024-11-03 01:00:00,1.92,2.61,51,32
2024-11-03 02:00:00,1.94,2.56,55,39
2024-11-03 03:00:00,1.88,2.48,65,43
2024-11-03 04:00:00,1.93,2.33,69,47
2024-11-03 05:00:00,2.38,2.34,68,50
2024-11-03 06:00:00,2.38,2.3,75,56
2024-11-03 07:00:00,2.51,2.33,95,65
2024-11-03 08:00:00,2.51,2.5,119,74
2024-11-03 09:00:00,2.15,3.06,112,101
2024-11-03 10:00:00,2.2,3.1,120,105
2024-11-03 11:00:00,1.91,2.64,137,115
2024-11-03 12:00:00,1.61,1.98,150,131
2024-11-03 13:00:00,1.3,1.5,184,143
2024-11-03 14:00:00,1.89,0.73,238,196
2024-11-03 15:00:00,3.09,1.46,245,254
2024-11-03 16:00:00,3.05,2.6,238,247
2024-11-03 17:00:00,2.83,2.69,238,239
2024-11-03 18:00:00,3.0,3.08,233,234
2024-11-03 19:00:00,3.58,3.58,234,240
2024-11-03 20:00:00,4.02,3.62,235,242
2024-11-03 21:00:00,3.83,3.94,237,234
2024-11-03 22:00:00,4.21,4.3,242,239
2024-11-03 23:00:00,4.7,4.96,246,242
2024-11-04 00:00:00,5.22,5.46,250,246
2024-11-04 01:00:00,5.76,5.89,253,249
2024-11-04 02:00:00,6.09,6.2,256,252
2024-11-04 03:00:00,6.45,6.5,257,256
2024-11-04 04:00:00,6.67,6.45,257,257
2024-11-04 05:00:00,6.36,6.69,257,256
2024-11-04 06:00:00,6.45,6.62,257,255
2024-11-04 07:00:00,7.01,6.62,256,255
2024-11-04 08:00:00,7.14,6.65,259,254
2024-11-04 09:00:00,7.43,6.26,265,262
2024-11-04 10:00:00,7.23,6.44,264,264
2024-11-04 11:00:00,6.81,6.74,267,264
2024-11-04 12:00:00,6.45,7.01,277,268
2024-11-04 13:00:00,6.71,6.8,273,268
2024-11-04 14:00:00,6.3,6.93,272,265
2024-11-04 15:00:00,6.11,6.81,274,267
2024-11-04 16:00:00,5.4,6.4,272,268
2024-11-04 17:00:00,4.9,5.7,271,269
2024-11-04 18:00:00,4.52,5.4,275,271
2024-11-04 19:00:00,4.16,5.04,280,277
2024-11-04 20:00:00,4.12,4.81,276,282
2024-11-04 21:00:00,2.93,2.43,278,261
2024-11-04 22:00:00,2.47,1.92,284,261
2024-11-04 23:00:00,2.02,1.53,303,259
2024-11-05 00:00:00,1.58,1.43,325,245
2024-11-05 01:00:00,1.65,1.14,346,255
2024-11-05 02:00:00,2.41,1.17,355,290
2024-11-05 03:00:00,2.73,1.12,352,350
2024-11-05 04:00:00,2.93,1.41,352,8
2024-11-05 05:00:00,3.55,1.94,10,35
2024-11-05 06:00:00,3.67,1.72,17,54
2024-11-05 07:00:00,3.67,1.88,29,65
2024-11-05 08:00:00,3.66,1.97,35,66
2024-11-05 09:00:00,3.04,3.38,46,34
2024-11-05 10:00:00,2.77,3.05,49,32
2024-11-05 11:00:00,2.69,3.06,48,38
2024-11-05 12:00:00,2.34,2.97,50,42
2024-11-05 13:00:00,2.46,2.69,63,42
2024-11-05 14:00:00,2.33,2.62,65,43
2024-11-05 15:00:00,1.8,2.33,56,59
2024-11-05 16:00:00,1.71,1.62,21,68
2024-11-05 17:00:00,1.61,1.0,330,96
2024-11-05 18:00:00,2.05,0.67,317,153
2024-11-05 19:00:00,2.33,1.66,313,245
2024-11-05 20:00:00,2.02,2.71,290,266
2024-11-05 21:00:00,2.36,2.63,306,279
2024-11-05 22:00:00,2.75,2.91,289,274
2024-11-05 23:00:00,3.04,3.21,287,274
2024-11-06 00:00:00,3.04,3.4,279,272
2024-11-06 01:00:00,3.51,3.61,275,275
2024-11-06 02:00:00,3.72,3.63,276,278
2024-11-06 03:00:00,3.62,3.67,276,281
2024-11-06 04:00:00,4.0,3.81,283,284
2024-11-06 05:00:00,4.12,3.91,284,283
2024-11-06 06:00:00,3.75,3.79,279,282
2024-11-06 07:00:00,3.72,3.44,276,278
2024-11-06 08:00:00,3.55,3.34,280,279
2024-11-06 09:00:00,3.92,3.68,289,292
2024-11-06 10:00:00,3.89,3.58,296,297
2024-11-06 11:00:00,3.76,3.36,299,300
2024-11-06 12:00:00,3.64,3.16,302,305
2024-11-06 13:00:00,3.5,2.97,301,303
2024-11-06 14:00:00,3.22,2.56,300,301
2024-11-06 15:00:00,2.87,1.72,299,306
2024-11-06 16:00:00,1.97,0.61,300,351
2024-11-06 17:00:00,0.82,1.12,284,80
2024-11-06 18:00:00,0.89,1.22,243,99
2024-11-06 19:00:00,1.5,1.28,270,39
2024-11-06 20:00:00,1.5,1.92,266,28
2024-11-06 21:00:00,1.9,1.02,357,281
2024-11-06 22:00:00,1.93,0.85,21,291
2024-11-06 23:00:00,1.97,1.0,24,354
2024-11-07 00:00:00,2.11,2.02,31,20
2024-11-07 01:00:00,2.22,2.06,36,29
2024-11-07 02:00:00,2.33,2.13,43,41
2024-11-07 03:00:00,2.28,2.2,52,51
2024-11-07 04:00:00,2.47,2.22,58,54
2024-11-07 05:00:00,2.15,2.11,62,59
2024-11-07 06:00:00,1.75,2.02,66,70
2024-11-07 07:00:00,1.87,2.12,74,82
2024-11-07 08:00:00,1.53,1.5,101,90
2024-11-07 09:00:00,1.25,1.46,119,106
2024-11-07 10:00:00,1.62,1.87,112,106
2024-11-07 11:00:00,1.2,1.56,132,130
2024-11-07 12:00:00,0.81,0.91,173,174
2024-11-07 13:00:00,0.94,1.08,238,236
2024-11-07 14:00:00,0.3,0.5,270,270
2024-11-07 15:00:00,0.73,1.04,74,73
2024-11-07 16:00:00,1.6,1.8,86,87
2024-11-07 17:00:00,1.61,1.73,97,100
2024-11-07 18:00:00,1.84,1.92,119,118
2024-11-07 19:00:00,1.88,1.97,155,150
2024-11-07 20:00:00,1.97,2.15,156,152
2024-11-07 21:00:00,2.37,2.25,152,159
2024-11-07 22:00:00,2.06,2.28,157,165
2024-11-07 23:00:00,2.06,2.24,166,170
2024-11-08 00:00:00,2.21,2.21,175,175
2024-11-08 01:00:00,2.3,2.1,182,180
2024-11-08 02:00:00,2.32,2.01,187,186
2024-11-08 03:00:00,2.38,2.12,195,188
2024-11-08 04:00:00,2.31,2.12,198,188
2024-11-08 05:00:00,2.34,2.12,200,188
2024-11-08 06:00:00,2.25,2.11,201,185
2024-11-08 07:00:00,2.21,2.1,198,183
2024-11-08 08:00:00,1.88,1.7,205,180
2024-11-08 09:00:00,1.91,1.26,227,198
2024-11-08 10:00:00,2.47,1.58,238,235
2024-11-08 11:00:00,2.52,1.97,236,246
2024-11-08 12:00:00,1.98,2.21,229,252
2024-11-08 13:00:00,1.35,2.26,222,257
2024-11-08 14:00:00,0.5,1.92,217,261
2024-11-08 15:00:00,1.0,1.3,90,266
2024-11-08 16:00:00,1.7,0.54,90,292
2024-11-08 17:00:00,1.63,0.81,101,60
2024-11-08 18:00:00,1.7,1.43,118,78
2024-11-08 19:00:00,1.8,1.12,161,117
2024-11-08 20:00:00,1.84,0.82,167,166
2024-11-08 21:00:00,1.87,2.14,164,169
2024-11-08 22:00:00,1.92,2.22,171,172
2024-11-08 23:00:00,2.0,2.2,180,183
2024-11-09 00:00:00,2.11,2.28,185,195
2024-11-09 01:00:00,2.21,2.37,185,208
2024-11-09 02:00:00,2.26,2.44,193,215
2024-11-09 03:00:00,2.25,2.72,201,216
2024-11-09 04:00:00,2.28,2.2,209,210
2024-11-09 05:00:00,2.42,2.15,210,208
2024-11-09 06:00:00,2.59,1.79,208,207
2024-11-09 07:00:00,2.56,1.5,201,217
2024-11-09 08:00:00,1.66,0.99,205,225
2024-11-09 09:00:00,0.92,0.0,139,270
2024-11-09 10:00:00,0.85,0.32,135,108
2024-11-09 11:00:00,0.99,0.85,135,201
2024-11-09 12:00:00,1.34,1.3,153,203
2024-11-09 13:00:00,1.12,1.12,153,207
2024-11-09 14:00:00,1.06,0.36,139,146
2024-11-09 15:00:00,1.8,1.41,87,82
2024-11-09 16:00:00,2.5,1.8,90,90
2024-11-09 17:00:00,2.21,1.53,108,101
2024-11-09 18:00:00,1.92,1.75,141,114
2024-11-09 19:00:00,2.06,2.08,151,145
2024-11-09 20:00:00,2.06,1.91,151,174
2024-11-09 21:00:00,2.2,2.21,150,162
2024-11-09 22:00:00,2.25,2.28,148,165
2024-11-09 23:00:00,2.19,2.06,156,166
2024-11-10 00:00:00,2.12,2.16,161,167
2024-11-10 01:00:00,2.09,2.06,163,166
2024-11-10 02:00:00,2.14,2.06,169,166
2024-11-10 03:00:00,2.14,2.04,169,169
2024-11-10 04:00:00,2.18,2.1,164,177
2024-11-10 05:00:00,2.06,2.24,166,170
2024-11-10 06:00:00,2.18,2.31,164,162
2024-11-10 07:00:00,2.16,2.34,167,160
2024-11-10 08:00:00,2.09,2.19,163,156
2024-11-10 09:00:00,2.28,2.51,151,157
2024-11-10 10:00:00,2.56,2.53,159,162
2024-11-10 11:00:00,2.6,2.16,157,167
2024-11-10 12:00:00,2.28,1.71,165,187
2024-11-10 13:00:00,1.5,2.0,180,233
2024-11-10 14:00:00,0.4,2.6,180,254
2024-11-10 15:00:00,0.61,2.67,279,257
2024-11-10 16:00:00,0.85,2.16,339,257
2024-11-10 17:00:00,0.36,2.0,124,273
2024-11-10 18:00:00,0.28,1.8,135,251
2024-11-10 19:00:00,1.17,2.31,290,252
2024-11-10 20:00:00,1.7,2.71,242,266
2024-11-10 21:00:00,1.79,1.8,243,270
2024-11-10 22:00:00,1.63,1.51,259,278
2024-11-10 23:00:00,1.51,1.77,262,227
2024-11-11 00:00:00,1.63,1.97,259,240
2024-11-11 01:00:00,1.61,1.73,263,280
2024-11-11 02:00:00,1.46,1.57,254,297
2024-11-11 03:00:00,1.44,1.2,236,312
2024-11-11 04:00:00,1.14,1.22,255,351
2024-11-11 05:00:00,0.58,2.16,329,34
2024-11-11 06:00:00,1.92,2.55,28,42
2024-11-11 07:00:00,2.37,2.64,28,53
2024-11-11 08:00:00,1.98,2.46,45,63
2024-11-11 09:00:00,1.3,1.3,67,67
2024-11-11 10:00:00,1.84,1.84,77,77
2024-11-11 11:00:00,1.3,1.3,90,90
2024-11-11 12:00:00,0.41,0.41,76,76
2024-11-11 13:00:00,0.36,0.36,34,34
2024-11-11 14:00:00,0.72,0.72,56,56
2024-11-11 15:00:00,1.03,1.03,61,61
2024-11-11 16:00:00,1.36,1.36,73,73
2024-11-11 17:00:00,1.49,1.49,110,110
2024-11-11 18:00:00,1.63,1.63,169,169
2024-11-11 19:00:00,2.0,2.0,180,180
2024-11-11 20:00:00,1.9,1.9,198,198
2024-11-11 21:00:00,2.12,2.0,135,217
2024-11-11 22:00:00,2.09,2.19,163,227
2024-11-11 23:00:00,2.3,2.46,182,243
2024-11-12 00:00:00,2.34,2.66,200,250
2024-11-12 01:00:00,2.76,3.29,224,250
2024-11-12 02:00:00,3.72,3.69,239,257
2024-11-12 03:00:00,4.71,3.81,253,256
2024-11-12 04:00:00,4.98,4.04,260,261
2024-11-12 05:00:00,4.9,4.03,258,263
2024-11-12 06:00:00,4.71,3.92,266,264
2024-11-12 07:00:00,3.9,3.81,269,267
2024-11-12 08:00:00,3.52,3.9,277,270
2024-11-12 09:00:00,3.71,4.02,273,276
2024-11-12 10:00:00,3.63,4.14,278,278
2024-11-12 11:00:00,3.47,4.06,282,280
2024-11-12 12:00:00,3.45,3.88,287,282
2024-11-12 13:00:00,3.42,3.1,291,224
2024-11-12 14:00:00,3.14,2.62,292,168
2024-11-12 15:00:00,2.6,2.33,293,110
2024-11-12 16:00:00,1.57,2.0,297,53
2024-11-12 17:00:00,0.41,1.7,256,50
2024-11-12 18:00:00,0.72,1.27,146,45
2024-11-12 19:00:00,0.92,0.81,103,30
2024-11-12 20:00:00,1.61,0.5,60,360
2024-11-12 21:00:00,2.05,1.98,43,45
2024-11-12 22:00:00,2.2,2.2,51,51
2024-11-12 23:00:00,2.33,2.27,59,49
2024-11-13 00:00:00,2.72,2.42,73,52
2024-11-13 01:00:00,2.75,2.61,80,58
2024-11-13 02:00:00,3.22,2.66,83,70
2024-11-13 03:00:00,3.41,2.72,87,84
2024-11-13 04:00:00,3.2,2.79,92,105
2024-11-13 05:00:00,3.01,2.77,96,116
2024-11-13 06:00:00,2.93,2.91,98,117
2024-11-13 07:00:00,2.96,2.91,102,94
2024-11-13 08:00:00,3.1,2.6,105,92
2024-11-13 09:00:00,3.4,3.3,104,92
2024-11-13 10:00:00,3.49,3.41,103,95
2024-11-13 11:00:00,3.4,3.32,104,97
2024-11-13 12:00:00,3.01,3.06,105,101
2024-11-13 13:00:00,2.47,2.56,104,111
2024-11-13 14:00:00,2.09,2.28,107,113
2024-11-13 15:00:00,2.24,2.25,100,111
2024-11-13 16:00:00,2.42,2.38,97,105
2024-11-13 17:00:00,2.28,2.12,105,109
2024-11-13 18:00:00,2.22,2.42,126,128
2024-11-13 19:00:00,2.55,2.64,135,143
2024-11-13 20:00:00,2.41,2.66,138,146
2024-11-13 21:00:00,2.7,2.42,141,150
2024-11-13 22:00:00,2.66,2.51,146,151
2024-11-13 23:00:00,2.69,2.46,149,153
2024-11-14 00:00:00,2.46,2.42,153,156
2024-11-14 01:00:00,2.33,2.18,149,164
2024-11-14 02:00:00,2.2,2.04,150,169
2024-11-14 03:00:00,2.25,1.9,148,177
2024-11-14 04:00:00,2.36,2.06,144,166
2024-11-14 05:00:00,2.22,2.04,144,169
2024-11-14 06:00:00,2.3,2.14,146,169
2024-11-14 07:00:00,2.47,2.2,148,177
2024-11-14 08:00:00,2.64,2.01,151,174
2024-11-14 09:00:00,2.6,2.77,157,154
2024-11-14 10:00:00,2.47,2.95,159,156
2024-11-14 11:00:00,2.56,2.91,159,164
2024-11-14 12:00:00,2.22,2.43,172,171
2024-11-14 13:00:00,1.65,1.8,194,183
2024-11-14 14:00:00,2.44,2.0,235,233
2024-11-14 15:00:00,2.37,2.4,242,253
2024-11-14 16:00:00,2.3,1.25,270,241
2024-11-14 17:00:00,1.9,2.35,273,258
2024-11-14 18:00:00,1.61,1.35,263,222
2024-11-14 19:00:00,1.08,1.42,248,231
2024-11-14 20:00:00,1.41,1.46,225,254
2024-11-14 21:00:00,1.81,2.08,264,215
2024-11-14 22:00:00,1.12,2.26,243,257
2024-11-14 23:00:00,1.39,1.58,249,235
2024-11-15 00:00:00,1.44,2.48,236,223
2024-11-15 01:00:00,1.8,3.05,236,229
2024-11-15 02:00:00,2.69,3.41,248,238
2024-11-15 03:00:00,2.85,4.2,252,245
2024-11-15 04:00:00,2.91,3.99,254,248
2024-11-15 05:00:00,2.65,3.89,259,244
2024-11-15 06:00:00,2.33,3.85,260,242
2024-11-15 07:00:00,1.8,3.09,251,241
2024-11-15 08:00:00,1.52,2.97,247,250
2024-11-15 09:00:00,0.67,1.8,297,267
2024-11-15 10:00:00,0.67,1.87,27,286
2024-11-15 11:00:00,0.86,1.08,54,292
2024-11-15 12:00:00,1.66,0.36,65,124
2024-11-15 13:00:00,2.0,1.4,90,94
2024-11-15 14:00:00,2.31,1.79,95,117
2024-11-15 15:00:00,2.51,1.68,85,107
2024-11-15 16:00:00,2.3,2.0,90,127
2024-11-15 17:00:00,2.02,1.9,99,108
2024-11-15 18:00:00,2.21,2.06,95,113
2024-11-15 19:00:00,2.18,2.0,106,127
2024-11-15 20:00:00,2.38,2.13,112,131
2024-11-15 21:00:00,3.13,2.33,83,133
2024-11-15 22:00:00,3.3,2.55,76,132
2024-11-15 23:00:00,3.16,2.48,79,137
2024-11-16 00:00:00,2.9,2.36,88,144
2024-11-16 01:00:00,2.4,2.3,107,146
2024-11-16 02:00:00,2.56,2.25,111,148
2024-11-16 03:00:00,2.42,2.28,114,151
2024-11-16 04:00:00,2.66,2.37,110,152
2024-11-16 05:00:00,3.2,2.42,110,150
2024-11-16 06:00:00,3.18,2.56,114,149
2024-11-16 07:00:00,2.56,2.56,129,149
2024-11-16 08:00:00,2.55,2.56,132,149
2024-11-16 09:00:00,2.47,2.78,148,150
2024-11-16 10:00:00,2.5,2.64,164,151
2024-11-16 11:00:00,1.97,2.37,204,152
2024-11-16 12:00:00,2.26,2.44,225,161
2024-11-16 13:00:00,2.41,3.01,228,165
2024-11-16 14:00:00,2.82,3.11,243,174
2024-11-16 15:00:00,3.86,3.04,253,189
2024-11-16 16:00:00,3.48,3.2,252,219
2024-11-16 17:00:00,3.42,3.05,255,229
2024-11-16 18:00:00,4.05,3.61,250,226
2024-11-16 19:00:00,4.88,3.97,255,229
2024-11-16 20:00:00,5.44,5.19,253,245
2024-11-16 21:00:00,4.88,4.57,255,247
2024-11-16 22:00:00,4.67,3.32,260,249
2024-11-16 23:00:00,4.8,3.53,268,245
2024-11-17 00:00:00,5.3,3.62,268,242
2024-11-17 01:00:00,5.3,3.76,272,241
2024-11-17 02:00:00,5.12,4.25,276,246
2024-11-17 03:00:00,4.84,4.44,277,256
2024-11-17 04:00:00,4.12,4.44,276,262
2024-11-17 05:00:00,4.49,5.52,282,275
2024-11-17 06:00:00,3.85,4.92,279,283
2024-11-17 07:00:00,3.47,5.0,282,286
2024-11-17 08:00:00,3.24,4.73,279,283
2024-11-17 09:00:00,2.89,4.0,284,273
2024-11-17 10:00:00,2.98,4.05,284,286
2024-11-17 11:00:00,2.34,3.91,290,274
2024-11-17 12:00:00,2.77,3.91,296,283
2024-11-17 13:00:00,2.61,3.52,302,285
2024-11-17 14:00:00,2.42,3.14,322,292
2024-11-17 15:00:00,2.42,2.33,336,335
2024-11-17 16:00:00,2.66,2.55,340,11
2024-11-17 17:00:00,2.19,2.64,336,37
2024-11-17 18:00:00,1.86,1.7,324,62
2024-11-17 19:00:00,2.06,1.21,321,66
2024-11-17 20:00:00,2.27,0.45,319,297
2024-11-17 21:00:00,1.84,2.31,319,288
2024-11-17 22:00:00,1.84,2.51,311,275
2024-11-17 23:00:00,1.71,2.71,291,274
2024-11-18 00:00:00,2.73,2.9,278,270
2024-11-18 01:00:00,2.89,3.0,284,272
2024-11-18 02:00:00,2.85,3.16,288,281
2024-11-18 03:00:00,2.91,3.08,297,283
2024-11-18 04:00:00,2.56,2.91,301,286
2024-11-18 05:00:00,2.55,2.73,315,298
2024-11-18 06:00:00,2.68,2.66,333,326
2024-11-18 07:00:00,2.47,2.4,339,343
2024-11-18 08:00:00,2.72,2.84,354,350
2024-11-18 09:00:00,3.81,3.61,5,355
2024-11-18 10:00:00,4.33,4.1,7,1
2024-11-18 11:00:00,4.65,4.41,9,4
2024-11-18 12:00:00,4.79,4.31,11,4
2024-11-18 13:00:00,4.59,4.22,11,5
2024-11-18 14:00:00,4.39,4.14,12,8
2024-11-18 15:00:00,4.05,3.79,16,12
2024-11-18 16:00:00,3.51,3.42,20,15
2024-11-18 17:00:00,2.62,2.82,18,17
2024-11-18 18:00:00,1.99,2.31,18,18
2024-11-18 19:00:00,1.92,2.24,28,27
2024-11-18 20:00:00,2.13,2.33,41,47
2024-11-18 21:00:00,2.26,2.19,45,47
2024-11-18 22:00:00,2.36,2.28,54,61
2024-11-18 23:00:00,2.33,2.31,65,72
2024-11-19 00:00:00,2.44,2.22,71,82
2024-11-19 01:00:00,2.43,2.31,81,95
2024-11-19 02:00:00,2.3,2.34,92,110
2024-11-19 03:00:00,2.21,2.28,95,119
2024-11-19 04:00:00,2.02,2.44,99,125
2024-11-19 05:00:00,2.1,2.42,115,128
2024-11-19 06:00:00,2.28,2.28,119,142
2024-11-19 07:00:00,2.3,2.37,124,152
2024-11-19 08:00:00,2.02,2.1,123,155
2024-11-19 09:00:00,1.84,1.49,112,138
2024-11-19 10:00:00,2.24,1.91,117,137
2024-11-19 11:00:00,2.06,2.1,129,155
2024-11-19 12:00:00,2.02,2.1,160,177
2024-11-19 13:00:00,1.9,2.1,183,205
2024-11-19 14:00:00,1.86,2.62,216,227
2024-11-19 15:00:00,1.98,3.0,221,233
2024-11-19 16:00:00,2.0,2.75,233,237
2024-11-19 17:00:00,1.66,2.16,237,236
2024-11-19 18:00:00,1.72,1.92,234,231
2024-11-19 19:00:00,1.92,2.41,231,228
2024-11-19 20:00:00,2.2,3.0,219,233
2024-11-19 21:00:00,2.42,2.86,218,234
2024-11-19 22:00:00,2.9,3.28,226,239
2024-11-19 23:00:00,3.33,3.55,237,248
2024-11-20 00:00:00,3.53,3.74,245,254
2024-11-20 01:00:00,3.67,3.55,253,260
2024-11-20 02:00:00,3.52,3.44,255,262
2024-11-20 03:00:00,3.35,3.31,260,267
2024-11-20 04:00:00,3.22,3.0,263,270
2024-11-20 05:00:00,3.3,2.8,270,268
2024-11-20 06:00:00,3.11,2.72,276,264
2024-11-20 07:00:00,2.52,2.47,277,256
2024-11-20 08:00:00,2.31,2.22,265,262
2024-11-20 09:00:00,2.41,1.73,275,280
2024-11-20 10:00:00,2.06,2.08,299,305
2024-11-20 11:00:00,1.91,2.48,317,317
2024-11-20 12:00:00,2.2,2.56,309,309
2024-11-20 13:00:00,2.64,2.77,299,296
2024-11-20 14:00:00,3.04,3.01,287,285
2024-11-20 15:00:00,3.18,3.03,283,278
2024-11-20 16:00:00,3.03,3.0,278,270
2024-11-20 17:00:00,2.83,2.6,278,270
2024-11-20 18:00:00,2.9,2.7,272,272
2024-11-20 19:00:00,3.1,2.7,268,270
2024-11-20 20:00:00,3.4,2.82,270,264
2024-11-20 21:00:00,3.41,3.41,265,267
2024-11-20 22:00:00,3.81,3.21,267,266
2024-11-20 23:00:00,3.81,3.11,267,266
2024-11-21 00:00:00,4.11,3.11,266,264
2024-11-21 01:00:00,4.51,3.31,266,265
2024-11-21 02:00:00,4.5,3.32,269,263
2024-11-21 03:00:00,4.5,3.81,269,267
2024-11-21 04:00:00,4.3,4.0,270,267
2024-11-21 05:00:00,4.0,4.3,269,270
2024-11-21 06:00:00,4.1,4.0,267,269
2024-11-21 07:00:00,4.2,3.71,267,265
2024-11-21 08:00:00,3.91,3.91,266,267
2024-11-21 09:00:00,4.6,4.3,270,270
2024-11-21 10:00:00,5.7,5.0,272,271
2024-11-21 11:00:00,6.3,5.7,271,271
2024-11-21 12:00:00,6.4,6.0,269,269
2024-11-21 13:00:00,6.4,6.31,268,266
2024-11-21 14:00:00,6.21,6.4,267,269
2024-11-21 15:00:00,6.01,6.2,266,269
2024-11-21 16:00:00,5.92,6.1,265,268
2024-11-21 17:00:00,5.71,5.81,267,267
2024-11-21 18:00:00,5.57,5.72,261,265
2024-11-21 19:00:00,5.82,6.02,265,265
2024-11-21 20:00:00,6.11,6.2,267,270
2024-11-21 21:00:00,5.8,6.0,268,268
2024-11-21 22:00:00,5.9,5.81,268,267
2024-11-21 23:00:00,5.22,5.71,265,267
2024-11-22 00:00:00,5.05,5.5,262,269
2024-11-22 01:00:00,5.06,5.6,261,271
2024-11-22 02:00:00,5.2,5.5,268,269
2024-11-22 03:00:00,5.1,5.2,269,268
2024-11-22 04:00:00,4.92,4.71,265,266
2024-11-22 05:00:00,4.61,4.41,266,266
2024-11-22 06:00:00,3.8,3.5,270,270
2024-11-22 07:00:00,3.11,3.01,264,266
2024-11-22 08:00:00,3.01,2.72,264,264
2024-11-22 09:00:00,2.94,2.86,288,282
2024-11-22 10:00:00,2.86,2.68,306,297
2024-11-22 11:00:00,2.83,2.48,318,317
2024-11-22 12:00:00,2.86,2.51,324,331
2024-11-22 13:00:00,2.64,2.33,323,335
2024-11-22 14:00:00,2.34,1.88,320,335
2024-11-22 15:00:00,2.25,1.63,339,349
2024-11-22 16:00:00,2.9,2.55,360,11
2024-11-22 17:00:00,2.53,2.45,9,12
2024-11-22 18:00:00,1.75,2.14,13,11
2024-11-22 19:00:00,2.06,2.28,14,15
2024-11-22 20:00:00,2.12,2.38,19,22
2024-11-22 21:00:00,2.06,2.15,23,22
2024-11-22 22:00:00,1.94,1.92,35,28
2024-11-22 23:00:00,1.92,1.8,39,34
2024-11-23 00:00:00,1.94,1.78,35,38
2024-11-23 01:00:00,1.89,1.78,32,38
2024-11-23 02:00:00,1.84,1.86,29,36
2024-11-23 03:00:00,1.92,1.97,28,24
2024-11-23 04:00:00,1.89,1.8,32,3
2024-11-23 05:00:00,1.86,2.02,36,9
2024-11-23 06:00:00,1.92,2.02,39,20
2024-11-23 07:00:00,1.91,2.02,43,33
2024-11-23 08:00:00,1.56,1.86,45,36
2024-11-23 09:00:00,1.25,1.56,29,45
2024-11-23 10:00:00,2.33,1.98,43,41
2024-11-23 11:00:00,2.76,2.48,44,43
2024-11-23 12:00:00,2.9,2.48,46,47
2024-11-23 13:00:00,3.11,2.7,45,51
2024-11-23 14:00:00,3.26,2.83,47,48
2024-11-23 15:00:00,3.12,2.76,50,46
2024-11-23 16:00:00,2.69,2.48,48,50
2024-11-23 17:00:00,2.26,1.84,45,49
2024-11-23 18:00:00,2.0,1.42,53,51
2024-11-23 19:00:00,2.02,1.78,57,52
2024-11-23 20:00:00,1.92,2.02,62,57
2024-11-23 21:00:00,1.8,2.2,71,60
2024-11-23 22:00:00,2.02,2.02,70,70
2024-11-23 23:00:00,1.96,1.71,75,83
2024-11-24 00:00:00,1.75,1.51,77,98
2024-11-24 01:00:00,1.6,1.44,86,124
2024-11-24 02:00:00,1.2,1.64,95,142
2024-11-24 03:00:00,1.14,1.84,105,151
2024-11-24 04:00:00,1.17,1.93,110,159
2024-11-24 05:00:00,1.17,2.06,121,166
2024-11-24 06:00:00,1.2,2.21,138,175
2024-11-24 07:00:00,1.43,2.5,155,180
2024-11-24 08:00:00,1.49,2.5,160,182
2024-11-24 09:00:00,1.39,1.44,150,146
2024-11-24 10:00:00,1.17,1.48,121,118
2024-11-24 11:00:00,1.06,1.78,131,128
2024-11-24 12:00:00,0.85,1.63,159,137
2024-11-24 13:00:00,0.81,1.44,210,146
2024-11-24 14:00:00,1.04,1.27,253,135
2024-11-24 15:00:00,1.0,1.77,270,106
2024-11-24 16:00:00,0.41,2.4,346,92
2024-11-24 17:00:00,1.02,1.61,79,97
2024-11-24 18:00:00,1.52,2.14,113,127
2024-11-24 19:00:00,1.62,2.1,158,155
2024-11-24 20:00:00,2.72,2.12,216,161
2024-11-24 21:00:00,2.05,2.21,223,198
2024-11-24 22:00:00,2.06,2.41,219,185
2024-11-24 23:00:00,2.16,2.43,214,189
2024-11-25 00:00:00,2.11,2.57,211,193
2024-11-25 01:00:00,2.28,2.44,218,199
2024-11-25 02:00:00,2.41,2.47,228,201
2024-11-25 03:00:00,2.5,2.31,233,198
2024-11-25 04:00:00,2.42,2.21,232,198
2024-11-25 05:00:00,2.41,2.26,228,193
2024-11-25 06:00:00,2.41,2.2,222,180
2024-11-25 07:00:00,2.48,2.6,220,178
2024-11-25 08:00:00,2.56,3.0,219,182
2024-11-25 09:00:00,2.01,2.78,207,218
2024-11-25 10:00:00,2.06,2.39,209,213
2024-11-25 11:00:00,2.5,2.51,217,209
2024-11-25 12:00:00,2.91,2.42,229,204
2024-11-25 13:00:00,3.02,2.33,236,205
2024-11-25 14:00:00,2.78,2.4,232,197
2024-11-25 15:00:00,2.4,2.43,225,171
2024-11-25 16:00:00,1.88,2.5,205,178
2024-11-25 17:00:00,1.7,2.77,177,154
2024-11-25 18:00:00,2.65,4.2,169,155
2024-11-25 19:00:00,3.61,5.02,166,157
2024-11-25 20:00:00,4.65,5.74,161,157
2024-11-25 21:00:00,5.58,5.83,144,158
2024-11-25 22:00:00,5.8,5.61,144,158
2024-11-25 23:00:00,6.19,5.54,149,160
2024-11-26 00:00:00,6.53,6.13,153,156
2024-11-26 01:00:00,5.37,6.02,153,169
2024-11-26 02:00:00,5.55,6.76,166,172
2024-11-26 03:00:00,5.61,5.94,176,173
2024-11-26 04:00:00,6.14,5.4,168,178
2024-11-26 05:00:00,6.55,7.5,168,171
2024-11-26 06:00:00,7.57,8.33,168,175
2024-11-26 07:00:00,6.8,6.99,181,197
2024-11-26 08:00:00,6.24,5.83,215,211
2024-11-26 09:00:00,8.56,6.24,256,215
2024-11-26 10:00:00,9.67,7.35,259,258
2024-11-26 11:00:00,9.14,6.86,260,262
2024-11-26 12:00:00,9.16,9.33,259,265
2024-11-26 13:00:00,10.0,10.03,262,265
2024-11-26 14:00:00,9.57,10.72,259,266
2024-11-26 15:00:00,9.3,10.4,258,268
2024-11-26 16:00:00,9.11,10.34,261,265
2024-11-26 17:00:00,8.57,10.45,263,265
2024-11-26 18:00:00,8.29,10.22,262,266
2024-11-26 19:00:00,8.34,9.52,256,266
2024-11-26 20:00:00,7.94,9.03,253,266
2024-11-26 21:00:00,8.1,7.72,250,266
2024-11-26 22:00:00,7.73,7.37,249,262
2024-11-26 23:00:00,8.26,6.83,249,252
2024-11-27 00:00:00,7.34,7.18,250,254
2024-11-27 01:00:00,6.78,7.49,248,251
2024-11-27 02:00:00,6.11,7.31,249,251
2024-11-27 03:00:00,6.85,7.02,247,250
2024-11-27 04:00:00,7.52,6.96,247,252
2024-11-27 05:00:00,7.83,7.39,243,247
2024-11-27 06:00:00,7.58,8.05,247,245
2024-11-27 07:00:00,6.76,7.79,246,246
2024-11-27 08:00:00,5.66,6.4,238,243
2024-11-27 09:00:00,5.77,5.3,244,238
2024-11-27 10:00:00,5.05,4.17,236,224
2024-11-27 11:00:00,5.52,5.59,238,227
2024-11-27 12:00:00,6.57,7.57,237,255
2024-11-27 13:00:00,5.72,7.91,251,261
2024-11-27 14:00:00,5.87,7.72,261,266
2024-11-27 15:00:00,5.4,7.22,269,266
2024-11-27 16:00:00,5.45,7.24,263,264
2024-11-27 17:00:00,5.22,7.38,258,261
2024-11-27 18:00:00,5.14,8.08,257,262
2024-11-27 19:00:00,5.19,8.2,254,261
2024-11-27 20:00:00,5.32,8.04,254,259
2024-11-27 21:00:00,4.78,7.5,254,249
2024-11-27 22:00:00,4.78,8.35,250,253
2024-11-27 23:00:00,4.96,6.7,251,272
2024-11-28 00:00:00,5.53,6.96,257,263
2024-11-28 01:00:00,5.69,6.56,260,262
2024-11-28 02:00:00,6.1,6.38,260,261
2024-11-28 03:00:00,6.14,6.04,258,263
2024-11-28 04:00:00,5.75,5.77,257,261
2024-11-28 05:00:00,5.92,5.47,254,261
2024-11-28 06:00:00,6.55,5.16,251,261
2024-11-28 07:00:00,6.93,6.61,250,250
2024-11-28 08:00:00,6.89,7.08,251,251
2024-11-28 09:00:00,7.6,7.74,249,245
2024-11-28 10:00:00,7.94,8.22,253,252
2024-11-28 11:00:00,8.25,7.77,256,258
2024-11-28 12:00:00,7.64,7.01,264,268
2024-11-28 13:00:00,6.7,6.7,270,270
2024-11-28 14:00:00,6.31,6.41,267,266
2024-11-28 15:00:00,6.34,6.21,264,267
2024-11-28 16:00:00,6.22,5.92,265,265
2024-11-28 17:00:00,6.31,6.12,266,265
2024-11-28 18:00:00,6.71,6.61,267,267
2024-11-28 19:00:00,7.2,7.2,271,268
2024-11-28 20:00:00,7.42,7.7,274,271
2024-11-28 21:00:00,7.62,8.11,274,272
2024-11-28 22:00:00,7.88,7.43,278,275
2024-11-28 23:00:00,8.35,7.06,281,277
2024-11-29 00:00:00,7.53,7.0,281,280
2024-11-29 01:00:00,6.84,6.0,276,281
2024-11-29 02:00:00,6.2,5.42,272,275
2024-11-29 03:00:00,5.9,5.5,269,271
2024-11-29 04:00:00,5.7,5.4,268,270
2024-11-29 05:00:00,5.5,5.3,269,269
2024-11-29 06:00:00,5.4,5.5,269,268
2024-11-29 07:00:00,5.3,5.8,268,268
2024-11-29 08:00:00,5.4,6.3,268,272
2024-11-29 09:00:00,5.9,6.7,271,272
2024-11-29 10:00:00,6.41,8.01,274,273
2024-11-29 11:00:00,7.22,8.31,275,273
2024-11-29 12:00:00,8.12,8.71,274,273
2024-11-29 13:00:00,8.12,8.43,274,275
2024-11-29 14:00:00,7.8,7.91,271,273
2024-11-29 15:00:00,6.8,8.0,268,269
2024-11-29 16:00:00,6.73,8.11,265,268
2024-11-29 17:00:00,6.64,8.0,264,269
2024-11-29 18:00:00,7.21,8.21,268,268
2024-11-29 19:00:00,8.3,8.3,271,271
2024-11-29 20:00:00,8.61,8.52,273,274
2024-11-29 21:00:00,7.0,8.22,268,273
2024-11-29 22:00:00,7.0,7.52,270,274
2024-11-29 23:00:00,7.2,7.23,272,276
2024-11-30 00:00:00,7.1,6.93,272,275
2024-11-30 01:00:00,6.8,6.61,271,273
2024-11-30 02:00:00,6.3,6.2,268,268
2024-11-30 03:00:00,6.13,5.94,264,263
2024-11-30 04:00:00,6.24,5.95,264,262
2024-11-30 05:00:00,5.84,5.56,263,262
2024-11-30 06:00:00,5.83,5.23,264,263
2024-11-30 07:00:00,5.81,5.12,267,264
2024-11-30 08:00:00,5.9,5.31,270,267
2024-11-30 09:00:00,5.95,5.91,278,273
2024-11-30 10:00:00,6.17,6.15,278,277
2024-11-30 11:00:00,6.62,6.55,274,277
2024-11-30 12:00:00,7.2,7.03,272,276
2024-11-30 13:00:00,7.6,7.21,268,272
2024-11-30 14:00:00,7.51,7.5,267,269
2024-11-30 15:00:00,7.61,7.41,268,267
2024-11-30 16:00:00,7.71,7.21,268,267
2024-11-30 17:00:00,7.83,7.13,265,265
2024-11-30 18:00:00,7.52,6.72,266,266
2024-11-30 19:00:00,6.91,6.2,268,268
2024-11-30 20:00:00,6.61,5.6,267,269
2024-11-30 21:00:00,6.03,5.6,264,269
2024-11-30 22:00:00,5.61,4.8,266,268
2024-11-30 23:00:00,5.5,4.41,268,266
2024-12-01 00:00:00,5.6,4.51,271,266
2024-12-01 01:00:00,5.71,4.5,273,270
2024-12-01 02:00:00,5.7,4.6,271,271
2024-12-01 03:00:00,5.5,4.6,272,271
2024-12-01 04:00:00,5.5,4.4,272,270
2024-12-01 05:00:00,5.5,4.3,272,269
2024-12-01 06:00:00,5.1,4.51,272,266
2024-12-01 07:00:00,4.6,4.33,271,263
2024-12-01 08:00:00,4.41,4.02,266,264
2024-12-01 09:00:00,4.92,4.64,265,263
2024-12-01 10:00:00,5.01,4.84,267,263
2024-12-01 11:00:00,5.12,4.74,266,263
2024-12-01 12:00:00,5.52,4.95,265,262
2024-12-01 13:00:00,5.54,4.47,263,260
2024-12-01 14:00:00,5.45,4.12,263,256
2024-12-01 15:00:00,4.96,4.03,261,256
2024-12-01 16:00:00,4.54,3.42,256,255
2024-12-01 17:00:00,3.98,2.69,252,248
2024-12-01 18:00:00,3.64,2.4,249,225
2024-12-01 19:00:00,3.49,2.78,246,218
2024-12-01 20:00:00,3.76,2.77,245,221
2024-12-01 21:00:00,3.71,3.34,243,231
2024-12-01 22:00:00,3.8,3.89,235,228
2024-12-01 23:00:00,4.06,4.1,232,227
2024-12-02 00:00:00,4.04,4.24,228,227
2024-12-02 01:00:00,4.25,4.34,229,232
2024-12-02 02:00:00,4.34,4.99,232,237
2024-12-02 03:00:00,4.3,5.69,239,246
2024-12-02 04:00:00,4.61,6.61,240,250
2024-12-02 05:00:00,5.19,6.8,242,250
2024-12-02 06:00:00,5.99,6.05,244,248
2024-12-02 07:00:00,6.49,4.92,245,241
2024-12-02 08:00:00,5.64,4.58,245,234
2024-12-02 09:00:00,5.37,5.28,241,241
2024-12-02 10:00:00,5.46,5.55,242,247
2024-12-02 11:00:00,5.86,6.04,245,251
2024-12-02 12:00:00,6.46,6.36,248,254
2024-12-02 13:00:00,6.96,6.74,252,255
2024-12-02 14:00:00,7.15,6.94,252,255
2024-12-02 15:00:00,6.86,6.87,251,254
2024-12-02 16:00:00,6.77,6.77,254,254
2024-12-02 17:00:00,6.28,6.09,256,256
2024-12-02 18:00:00,5.8,6.0,268,268
2024-12-02 19:00:00,5.7,5.5,270,268
2024-12-02 20:00:00,5.41,5.3,267,268
2024-12-02 21:00:00,4.9,4.6,268,270
2024-12-02 22:00:00,4.5,4.42,269,275
2024-12-02 23:00:00,4.0,4.1,271,273
2024-12-03 00:00:00,3.82,3.9,264,271
2024-12-03 01:00:00,3.85,3.9,261,270
2024-12-03 02:00:00,3.73,3.8,262,270
2024-12-03 03:00:00,3.63,3.6,262,270
2024-12-03 04:00:00,3.54,3.5,262,268
2024-12-03 05:00:00,3.51,3.51,265,267
2024-12-03 06:00:00,3.31,3.31,267,267
2024-12-03 07:00:00,3.2,3.21,268,265
2024-12-03 08:00:00,3.21,3.11,266,264
2024-12-03 09:00:00,3.42,3.3,277,272
2024-12-03 10:00:00,3.79,3.62,282,276
2024-12-03 11:00:00,4.08,3.93,281,277
2024-12-03 12:00:00,4.36,4.12,279,276
2024-12-03 13:00:00,4.55,4.33,279,277
2024-12-03 14:00:00,4.54,4.24,278,278
2024-12-03 15:00:00,4.32,4.18,275,281
2024-12-03 16:00:00,4.2,4.04,273,279
2024-12-03 17:00:00,3.9,4.21,269,274
2024-12-03 18:00:00,3.71,4.62,267,275
2024-12-03 19:00:00,3.51,4.73,265,276
2024-12-03 20:00:00,3.73,4.53,262,276
2024-12-03 21:00:00,3.92,4.41,264,274
2024-12-03 22:00:00,4.24,4.4,262,270
2024-12-03 23:00:00,4.67,4.51,260,266
2024-12-04 00:00:00,5.08,4.64,260,263
2024-12-04 01:00:00,5.67,4.47,261,260
2024-12-04 02:00:00,5.83,4.88,264,259
2024-12-04 03:00:00,6.0,5.12,269,266
2024-12-04 04:00:00,6.2,5.14,272,263
2024-12-04 05:00:00,6.53,5.32,275,266
2024-12-04 06:00:00,6.33,5.5,275,268
2024-12-04 07:00:00,5.91,5.8,274,268
2024-12-04 08:00:00,5.6,5.9,272,268
2024-12-04 09:00:00,5.76,5.6,278,270
2024-12-04 10:00:00,6.07,5.9,279,271
2024-12-04 11:00:00,6.35,6.01,277,273
2024-12-04 12:00:00,6.54,6.21,276,273
2024-12-04 13:00:00,6.72,6.4,274,272
2024-12-04 14:00:00,6.91,6.4,273,271
2024-12-04 15:00:00,7.01,6.5,273,271
2024-12-04 16:00:00,7.01,6.4,272,270
2024-12-04 17:00:00,7.0,6.2,272,270
2024-12-04 18:00:00,7.0,6.3,271,269
2024-12-04 19:00:00,7.1,6.21,269,266
2024-12-04 20:00:00,7.0,6.22,271,265
2024-12-04 21:00:00,6.5,6.92,272,266
2024-12-04 22:00:00,6.21,6.81,273,267
2024-12-04 23:00:00,5.94,7.12,277,266
2024-12-05 00:00:00,5.77,7.21,279,268
2024-12-05 01:00:00,5.84,6.7,277,272
2024-12-05 02:00:00,5.92,6.31,275,274
2024-12-05 03:00:00,6.01,6.41,274,274
2024-12-05 04:00:00,6.11,6.61,274,273
2024-12-05 05:00:00,6.23,6.83,276,275
2024-12-05 06:00:00,6.45,7.06,277,277
2024-12-05 07:00:00,6.54,7.06,276,277
2024-12-05 08:00:00,6.63,7.05,275,277
2024-12-05 09:00:00,6.75,7.21,277,272
2024-12-05 10:00:00,6.97,7.52,278,274
2024-12-05 11:00:00,7.27,7.51,278,273
2024-12-05 12:00:00,7.74,7.61,276,272
2024-12-05 13:00:00,7.91,8.1,273,271
2024-12-05 14:00:00,8.1,8.3,271,270
2024-12-05 15:00:00,7.91,8.3,268,269
2024-12-05 16:00:00,7.53,8.01,265,267
2024-12-05 17:00:00,7.52,7.43,266,265
2024-12-05 18:00:00,7.71,6.89,268,261
2024-12-05 19:00:00,7.4,6.63,268,259
2024-12-05 20:00:00,6.92,6.21,266,255
2024-12-05 21:00:00,7.6,5.95,269,262
2024-12-05 22:00:00,7.3,5.22,268,265
2024-12-05 23:00:00,7.1,5.1,269,271
2024-12-06 00:00:00,7.1,6.6,271,270
2024-12-06 01:00:00,7.2,7.0,272,269
2024-12-06 02:00:00,7.02,7.0,274,270
2024-12-06 03:00:00,7.03,6.7,275,271
2024-12-06 04:00:00,7.34,6.5,276,271
2024-12-06 05:00:00,7.16,6.2,277,272
2024-12-06 06:00:00,7.14,6.01,276,274
2024-12-06 07:00:00,7.13,5.91,276,274
2024-12-06 08:00:00,7.05,5.91,277,274
2024-12-06 09:00:00,7.61,6.54,280,276
2024-12-06 10:00:00,7.69,6.94,279,276
2024-12-06 11:00:00,8.06,7.32,277,275
2024-12-06 12:00:00,8.43,7.62,275,274
2024-12-06 13:00:00,8.51,8.01,273,273
2024-12-06 14:00:00,8.4,8.11,271,272
2024-12-06 15:00:00,8.2,8.2,270,271
2024-12-06 16:00:00,7.9,8.1,269,269
2024-12-06 17:00:00,7.4,7.9,270,269
2024-12-06 18:00:00,7.01,7.6,273,268
2024-12-06 19:00:00,6.55,7.3,277,270
2024-12-06 20:00:00,6.15,7.11,277,273
2024-12-06 21:00:00,5.32,6.28,274,279
2024-12-06 22:00:00,5.01,5.87,273,279
2024-12-06 23:00:00,4.9,5.54,271,277
2024-12-07 00:00:00,4.9,5.43,271,276
2024-12-07 01:00:00,4.9,5.42,272,275
2024-12-07 02:00:00,5.01,5.42,273,275
2024-12-07 03:00:00,5.21,5.52,273,275
2024-12-07 04:00:00,5.41,5.63,273,276
2024-12-07 05:00:00,5.6,5.53,272,276
2024-12-07 06:00:00,5.71,5.43,273,276
2024-12-07 07:00:00,5.61,5.32,274,274
2024-12-07 08:00:00,5.61,5.2,273,272
2024-12-07 09:00:00,6.13,5.61,276,273
2024-12-07 10:00:00,6.46,5.71,278,274
2024-12-07 11:00:00,6.77,5.91,278,274
2024-12-07 12:00:00,7.07,6.11,278,273
2024-12-07 13:00:00,7.06,6.2,277,272
2024-12-07 14:00:00,7.03,6.2,276,272
2024-12-07 15:00:00,6.82,6.1,274,272
2024-12-07 16:00:00,6.4,5.9,271,271
2024-12-07 17:00:00,6.04,5.8,263,270
2024-12-07 18:00:00,6.22,5.9,259,270
2024-12-07 19:00:00,5.97,6.0,261,272
2024-12-07 20:00:00,6.07,6.12,261,275
2024-12-07 21:00:00,5.4,5.77,268,261
2024-12-07 22:00:00,5.41,5.54,267,263
2024-12-07 23:00:00,5.41,5.33,266,264
2024-12-08 00:00:00,5.72,5.52,265,265
2024-12-08 01:00:00,5.9,5.42,271,265
2024-12-08 02:00:00,5.91,5.81,274,266
2024-12-08 03:00:00,5.3,6.0,271,268
2024-12-08 04:00:00,5.3,6.4,270,272
2024-12-08 05:00:00,5.1,6.01,270,273
2024-12-08 06:00:00,4.9,5.6,270,272
2024-12-08 07:00:00,4.7,5.3,269,269
2024-12-08 08:00:00,4.6,5.2,269,268
2024-12-08 09:00:00,5.12,5.02,274,275
2024-12-08 10:00:00,5.12,5.14,276,277
2024-12-08 11:00:00,5.12,5.23,274,277
2024-12-08 12:00:00,5.11,5.42,273,275
2024-12-08 13:00:00,5.02,5.51,275,274
2024-12-08 14:00:00,4.83,5.42,276,275
2024-12-08 15:00:00,4.62,5.22,275,274
2024-12-08 16:00:00,4.2,4.91,273,274
2024-12-08 17:00:00,3.8,4.4,268,270
2024-12-08 18:00:00,3.51,4.2,265,267
2024-12-08 19:00:00,3.24,3.91,261,266
2024-12-08 20:00:00,2.98,3.63,256,262
2024-12-08 21:00:00,2.62,3.26,252,259
2024-12-08 22:00:00,2.47,3.08,249,257
2024-12-08 23:00:00,2.42,3.01,246,255
2024-12-09 00:00:00,2.55,3.2,244,256
2024-12-09 01:00:00,2.73,3.28,246,258
2024-12-09 02:00:00,2.79,3.18,249,257
2024-12-09 03:00:00,2.94,3.1,252,255
2024-12-09 04:00:00,2.75,3.13,251,253
2024-12-09 05:00:00,2.92,3.23,248,254
2024-12-09 06:00:00,3.1,3.52,249,255
2024-12-09 07:00:00,3.07,3.74,251,254
2024-12-09 08:00:00,3.13,3.74,253,254
2024-12-09 09:00:00,3.37,3.83,258,263
2024-12-09 10:00:00,3.9,4.1,269,269
2024-12-09 11:00:00,4.4,4.6,271,272
2024-12-09 12:00:00,4.7,4.9,272,272
2024-12-09 13:00:00,4.9,5.2,272,272
2024-12-09 14:00:00,5.0,5.4,271,272
2024-12-09 15:00:00,4.9,5.6,269,272
2024-12-09 16:00:00,4.8,6.0,270,272
2024-12-09 17:00:00,5.0,5.9,270,271
2024-12-09 18:00:00,5.2,5.7,270,270
2024-12-09 19:00:00,5.3,5.5,269,271
2024-12-09 20:00:00,5.2,5.2,269,272
2024-12-09 21:00:00,4.4,4.8,267,268
2024-12-09 22:00:00,4.3,4.5,269,267
2024-12-09 23:00:00,4.1,4.31,270,266
2024-12-10 00:00:00,4.0,4.11,269,266
2024-12-10 01:00:00,4.0,3.81,269,265
2024-12-10 02:00:00,4.0,3.72,270,264
2024-12-10 03:00:00,4.0,3.62,270,264
2024-12-10 04:00:00,4.0,3.41,271,265
2024-12-10 05:00:00,4.01,3.31,274,267
2024-12-10 06:00:00,4.11,3.21,274,266
2024-12-10 07:00:00,4.21,3.2,274,268
2024-12-10 08:00:00,4.4,3.4,273,272
2024-12-10 09:00:00,4.03,4.0,277,270
2024-12-10 10:00:00,4.54,4.36,284,279
2024-12-10 11:00:00,4.66,4.32,285,283
2024-12-10 12:00:00,4.63,4.3,284,282
2024-12-10 13:00:00,4.71,4.44,282,278
2024-12-10 14:00:00,4.55,4.23,279,277
2024-12-10 15:00:00,4.34,3.73,278,278
2024-12-10 16:00:00,4.12,3.21,276,275
2024-12-10 17:00:00,3.9,2.52,271,263
2024-12-10 18:00:00,3.9,2.91,270,254
2024-12-10 19:00:00,4.2,2.89,267,256
2024-12-10 20:00:00,4.41,2.98,266,256
2024-12-10 21:00:00,3.62,3.59,264,257
2024-12-10 22:00:00,3.83,3.65,263,261
2024-12-10 23:00:00,4.12,3.71,264,267
2024-12-11 00:00:00,4.11,3.9,266,271
2024-12-11 01:00:00,4.1,4.5,267,271
2024-12-11 02:00:00,3.9,4.7,270,272
2024-12-11 03:00:00,3.4,4.2,268,270
2024-12-11 04:00:00,3.1,3.5,268,268
2024-12-11 05:00:00,3.0,3.11,268,266
2024-12-11 06:00:00,2.4,2.9,268,270
2024-12-11 07:00:00,1.82,2.0,279,267
2024-12-11 08:00:00,1.56,1.6,315,270
2024-12-11 09:00:00,1.61,2.1,7,357
2024-12-11 10:00:00,2.65,2.75,11,10
2024-12-11 11:00:00,3.1,2.95,21,24
2024-12-11 12:00:00,2.78,3.01,30,6
2024-12-11 13:00:00,2.42,2.83,38,352
2024-12-11 14:00:00,2.01,2.62,27,353
2024-12-11 15:00:00,2.02,2.51,20,355
2024-12-11 16:00:00,2.24,2.24,27,27
2024-12-11 17:00:00,1.5,2.2,37,39
2024-12-11 18:00:00,1.92,1.48,351,28
2024-12-11 19:00:00,1.87,1.3,16,32
2024-12-11 20:00:00,1.43,1.3,25,23
2024-12-11 21:00:00,1.34,1.02,63,349
2024-12-11 22:00:00,1.39,0.81,60,7
2024-12-11 23:00:00,0.86,0.71,54,352
2024-12-12 00:00:00,0.64,1.0,51,323
2024-12-12 01:00:00,0.2,1.43,270,295
2024-12-12 02:00:00,1.0,1.62,233,292
2024-12-12 03:00:00,1.8,1.8,267,289
2024-12-12 04:00:00,1.51,1.9,262,288
2024-12-12 05:00:00,2.0,1.75,273,283
2024-12-12 06:00:00,2.2,1.77,273,286
2024-12-12 07:00:00,2.51,1.53,275,281
2024-12-12 08:00:00,2.53,1.4,279,274
2024-12-12 09:00:00,3.51,1.44,265,304
2024-12-12 10:00:00,4.0,1.14,269,308
2024-12-12 11:00:00,4.1,0.81,269,353
2024-12-12 12:00:00,4.2,0.41,271,346
2024-12-12 13:00:00,4.11,0.22,274,27
2024-12-12 14:00:00,3.85,0.41,279,346
2024-12-12 15:00:00,3.24,0.89,279,333
2024-12-12 16:00:00,2.82,1.25,276,299
2024-12-12 17:00:00,2.51,1.3,265,274
2024-12-12 18:00:00,2.96,2.04,258,259
2024-12-12 19:00:00,3.13,2.45,263,258
2024-12-12 20:00:00,3.01,1.96,264,255
2024-12-12 21:00:00,3.21,3.18,265,257
2024-12-12 22:00:00,3.1,2.89,268,256
2024-12-12 23:00:00,3.34,3.11,261,264
2024-12-13 00:00:00,3.21,3.21,265,265
2024-12-13 01:00:00,3.42,3.59,263,257
2024-12-13 02:00:00,3.67,3.61,259,267
2024-12-13 03:00:00,3.96,3.2,254,272
2024-12-13 04:00:00,3.71,3.31,275,267
2024-12-13 05:00:00,3.51,2.7,275,268
2024-12-13 06:00:00,3.1,2.31,270,265
2024-12-13 07:00:00,2.1,1.87,267,254
2024-12-13 08:00:00,1.82,2.02,279,250
2024-12-13 09:00:00,1.58,1.5,288,270
2024-12-13 10:00:00,1.97,2.31,294,275
2024-12-13 11:00:00,2.6,3.4,286,270
2024-12-13 12:00:00,3.1,4.32,272,265
2024-12-13 13:00:00,4.0,5.12,269,258
2024-12-13 14:00:00,3.36,5.17,247,255
2024-12-13 15:00:00,4.55,4.73,251,264
2024-12-13 16:00:00,4.59,4.26,259,261
2024-12-13 17:00:00,4.34,4.4,262,269
2024-12-13 18:00:00,4.3,4.4,270,270
2024-12-13 19:00:00,4.04,4.4,279,273
2024-12-13 20:00:00,4.54,4.7,278,272
2024-12-13 21:00:00,4.91,4.47,274,280
2024-12-13 22:00:00,4.6,4.63,272,276
2024-12-13 23:00:00,4.5,4.3,271,273
2024-12-14 00:00:00,4.6,4.3,269,270
2024-12-14 01:00:00,4.8,4.3,269,270
2024-12-14 02:00:00,4.8,4.2,271,269
2024-12-14 03:00:00,4.5,4.2,273,270
2024-12-14 04:00:00,4.1,4.0,273,273
2024-12-14 05:00:00,3.5,3.7,270,272
2024-12-14 06:00:00,3.32,3.41,263,265
2024-12-14 07:00:00,3.35,3.55,260,260
2024-12-14 08:00:00,3.59,3.83,257,263
2024-12-14 09:00:00,3.81,4.1,265,270
2024-12-14 10:00:00,4.3,4.31,269,274
2024-12-14 11:00:00,4.9,4.81,271,274
2024-12-14 12:00:00,5.3,5.31,272,273
2024-12-14 13:00:00,5.8,5.5,272,272
2024-12-14 14:00:00,6.2,5.8,270,271
2024-12-14 15:00:00,6.5,6.0,269,272
2024-12-14 16:00:00,6.6,6.2,268,270
2024-12-14 17:00:00,6.51,6.3,267,268
2024-12-14 18:00:00,6.61,6.31,267,266
2024-12-14 19:00:00,6.6,6.21,268,266
2024-12-14 20:00:00,6.4,6.11,269,267
2024-12-14 21:00:00,5.7,5.5,268,268
2024-12-14 22:00:00,5.81,5.61,267,266
2024-12-14 23:00:00,6.0,6.0,269,268
2024-12-15 00:00:00,6.6,6.3,271,270
2024-12-15 01:00:00,6.71,6.71,273,273
2024-12-15 02:00:00,6.72,7.03,274,275
2024-12-15 03:00:00,7.33,7.02,275,274
2024-12-15 04:00:00,7.72,6.7,274,270
2024-12-15 05:00:00,7.4,6.9,270,269
2024-12-15 06:00:00,7.4,7.4,269,271
2024-12-15 07:00:00,7.6,7.6,270,268
2024-12-15 08:00:00,7.9,7.51,270,267
2024-12-15 09:00:00,7.5,7.5,271,269
2024-12-15 10:00:00,7.3,7.7,271,270
2024-12-15 11:00:00,7.3,8.0,269,270
2024-12-15 12:00:00,7.91,8.31,267,268
2024-12-15 13:00:00,8.81,8.7,267,269
2024-12-15 14:00:00,9.1,9.0,268,268
2024-12-15 15:00:00,8.9,8.8,270,269
2024-12-15 16:00:00,8.4,8.4,271,270
2024-12-15 17:00:00,7.71,7.9,272,271
2024-12-15 18:00:00,7.32,7.41,274,272
2024-12-15 19:00:00,7.06,7.02,277,274
2024-12-15 20:00:00,6.89,6.73,279,275
2024-12-15 21:00:00,6.18,6.45,279,277
2024-12-15 22:00:00,5.85,6.23,278,276
2024-12-15 23:00:00,5.62,6.01,275,274
2024-12-16 00:00:00,5.61,5.71,274,273
2024-12-16 01:00:00,5.71,5.5,273,272
2024-12-16 02:00:00,5.8,5.4,272,271
2024-12-16 03:00:00,5.9,5.3,271,270
2024-12-16 04:00:00,6.0,5.3,270,269
2024-12-16 05:00:00,6.0,5.2,270,268
2024-12-16 06:00:00,6.1,5.21,270,267
2024-12-16 07:00:00,6.1,5.12,270,266
2024-12-16 08:00:00,6.1,5.22,269,266
2024-12-16 09:00:00,6.3,5.8,270,270
2024-12-16 10:00:00,6.5,6.1,272,272
2024-12-16 11:00:00,6.51,6.41,274,274
2024-12-16 12:00:00,6.51,6.52,274,274
2024-12-16 13:00:00,6.3,6.23,272,276
2024-12-16 14:00:00,5.7,5.93,269,276
2024-12-16 15:00:00,5.41,5.51,266,274
2024-12-16 16:00:00,5.28,5.0,260,271
2024-12-16 17:00:00,5.04,4.43,256,264
2024-12-16 18:00:00,5.0,4.36,254,261
2024-12-16 19:00:00,5.28,4.3,251,258
2024-12-16 20:00:00,5.61,4.32,259,257
2024-12-16 21:00:00,4.24,4.49,262,253
2024-12-16 22:00:00,4.72,4.75,265,255
2024-12-16 23:00:00,4.9,5.3,270,259
2024-12-17 00:00:00,4.9,5.42,270,265
2024-12-17 01:00:00,5.1,5.7,272,270
2024-12-17 02:00:00,5.4,5.6,272,269
2024-12-17 03:00:00,5.5,5.7,272,270
2024-12-17 04:00:00,5.6,5.8,271,271
2024-12-17 05:00:00,5.7,5.7,271,270
2024-12-17 06:00:00,5.81,5.5,273,269
2024-12-17 07:00:00,5.81,5.5,274,270
2024-12-17 08:00:00,5.83,5.5,276,270
2024-12-17 09:00:00,6.0,6.0,272,272
2024-12-17 10:00:00,6.2,6.1,271,272
2024-12-17 11:00:00,6.5,6.3,270,272
2024-12-17 12:00:00,6.6,6.5,270,272
2024-12-17 13:00:00,6.5,6.41,271,274
2024-12-17 14:00:00,6.3,6.11,272,274
2024-12-17 15:00:00,5.9,5.71,272,273
2024-12-17 16:00:00,5.6,5.4,271,272
2024-12-17 17:00:00,5.3,5.1,269,269
2024-12-17 18:00:00,5.5,5.2,268,268
2024-12-17 19:00:00,5.4,5.2,271,270
2024-12-17 20:00:00,5.1,4.91,272,274
2024-12-17 21:00:00,5.0,4.3,271,273
2024-12-17 22:00:00,4.81,4.2,274,271
2024-12-17 23:00:00,4.63,3.91,276,267
2024-12-18 00:00:00,4.64,3.52,277,263
2024-12-18 01:00:00,4.54,3.14,278,261
2024-12-18 02:00:00,4.34,2.96,278,258
2024-12-18 03:00:00,4.22,2.96,275,258
2024-12-18 04:00:00,4.1,3.14,273,261
2024-12-18 05:00:00,3.9,3.22,271,263
2024-12-18 06:00:00,3.14,3.32,261,263
2024-12-18 07:00:00,2.98,3.42,256,263
2024-12-18 08:00:00,2.62,3.34,252,261
2024-12-18 09:00:00,3.22,3.51,263,267
2024-12-18 10:00:00,3.21,3.52,274,277
2024-12-18 11:00:00,2.86,3.24,282,279
2024-12-18 12:00:00,2.88,3.2,290,290
2024-12-18 13:00:00,2.91,3.1,297,291
2024-12-18 14:00:00,2.91,2.91,297,297
2024-12-18 15:00:00,2.91,2.69,297,301
2024-12-18 16:00:00,2.73,2.47,294,302
2024-12-18 17:00:00,2.5,2.79,286,285
2024-12-18 18:00:00,2.52,3.3,277,268
2024-12-18 19:00:00,2.51,3.2,275,268
2024-12-18 20:00:00,2.21,3.0,275,272
2024-12-18 21:00:00,1.93,2.12,291,262
2024-12-18 22:00:00,1.98,1.82,311,261
2024-12-18 23:00:00,2.55,1.61,318,263
2024-12-19 00:00:00,2.87,1.63,331,281
2024-12-19 01:00:00,2.77,1.98,347,311
2024-12-19 02:00:00,2.61,2.16,356,326
2024-12-19 03:00:00,2.5,2.31,2,342
2024-12-19 04:00:00,2.24,2.3,10,358
2024-12-19 05:00:00,2.09,2.31,17,5
2024-12-19 06:00:00,2.02,2.22,20,8
2024-12-19 07:00:00,1.99,2.04,18,11
2024-12-19 08:00:00,1.65,1.73,14,10
2024-12-19 09:00:00,1.43,1.36,12,17
2024-12-19 10:00:00,1.51,1.1,8,355
2024-12-19 11:00:00,1.48,1.41,332,315
2024-12-19 12:00:00,1.56,2.01,310,297
2024-12-19 13:00:00,1.61,2.38,300,292
2024-12-19 14:00:00,1.75,2.4,283,287
2024-12-19 15:00:00,2.2,2.43,273,279
2024-12-19 16:00:00,2.2,2.1,267,270
2024-12-19 17:00:00,2.14,2.02,259,261
2024-12-19 18:00:00,2.5,2.25,254,249
2024-12-19 19:00:00,2.75,2.28,251,247
2024-12-19 20:00:00,3.01,2.15,249,242
2024-12-19 21:00:00,3.23,3.05,248,247
2024-12-19 22:00:00,3.07,2.92,251,248
2024-12-19 23:00:00,3.05,2.95,247,246
2024-12-20 00:00:00,2.95,2.97,246,250
2024-12-20 01:00:00,3.1,3.2,249,250
2024-12-20 02:00:00,3.29,3.42,250,249
2024-12-20 03:00:00,3.76,4.05,253,254
2024-12-20 04:00:00,4.08,4.24,253,251
2024-12-20 05:00:00,4.02,4.46,251,250
2024-12-20 06:00:00,3.98,4.74,252,252
2024-12-20 07:00:00,3.96,4.9,249,250
2024-12-20 08:00:00,4.21,5.17,252,255
2024-12-20 09:00:00,4.49,4.9,258,258
2024-12-20 10:00:00,4.46,4.98,261,260
2024-12-20 11:00:00,4.83,4.95,264,262
2024-12-20 12:00:00,4.72,4.52,265,265
2024-12-20 13:00:00,4.83,4.02,264,264
2024-12-20 14:00:00,4.92,4.44,265,262
2024-12-20 15:00:00,4.7,4.32,268,265
2024-12-20 16:00:00,4.4,3.9,267,269
2024-12-20 17:00:00,4.43,3.63,264,262
2024-12-20 18:00:00,4.47,3.49,260,257
2024-12-20 19:00:00,4.39,3.91,258,257
2024-12-20 20:00:00,4.46,4.26,261,261
2024-12-20 21:00:00,4.1,5.01,270,267
2024-12-20 22:00:00,3.31,4.7,267,268
2024-12-20 23:00:00,2.92,4.2,264,269
2024-12-21 00:00:00,2.67,4.0,257,273
2024-12-21 01:00:00,2.79,3.91,249,274
2024-12-21 02:00:00,2.75,3.9,237,271
2024-12-21 03:00:00,2.94,4.02,235,264
2024-12-21 04:00:00,3.47,3.81,237,265
2024-12-21 05:00:00,4.69,3.37,236,258
2024-12-21 06:00:00,5.16,2.91,238,254
2024-12-21 07:00:00,4.7,2.31,270,252
2024-12-21 08:00:00,3.31,2.06,265,256
2024-12-21 09:00:00,5.22,4.31,265,266
2024-12-21 10:00:00,5.73,4.21,264,274
2024-12-21 11:00:00,5.79,4.91,260,266
2024-12-21 12:00:00,5.61,5.75,273,257
2024-12-21 13:00:00,5.16,5.32,292,258
2024-12-21 14:00:00,5.58,5.6,285,271
2024-12-21 15:00:00,5.82,5.88,282,288
2024-12-21 16:00:00,5.76,5.58,278,285
2024-12-21 17:00:00,5.87,5.51,279,282
2024-12-21 18:00:00,5.76,5.41,278,282
2024-12-21 19:00:00,5.57,5.3,279,281
2024-12-21 20:00:00,5.45,5.46,277,278
2024-12-21 21:00:00,5.3,5.71,269,273
2024-12-21 22:00:00,5.01,5.4,267,271
2024-12-21 23:00:00,4.83,5.2,264,269
2024-12-22 00:00:00,4.72,5.0,265,268
2024-12-22 01:00:00,4.61,4.91,266,266
2024-12-22 02:00:00,4.5,4.9,269,269
2024-12-22 03:00:00,4.5,5.0,270,271
2024-12-22 04:00:00,4.8,5.3,270,272
2024-12-22 05:00:00,5.11,5.61,273,273
2024-12-22 06:00:00,5.41,5.71,274,274
2024-12-22 07:00:00,5.73,5.82,276,275
2024-12-22 08:00:00,5.94,5.93,277,276
2024-12-22 09:00:00,5.95,6.26,278,278
2024-12-22 10:00:00,6.02,6.41,281,281
2024-12-22 11:00:00,6.06,6.57,283,283
2024-12-22 12:00:00,6.09,6.72,284,285
2024-12-22 13:00:00,5.99,6.82,285,284
2024-12-22 14:00:00,5.94,6.84,283,282
2024-12-22 15:00:00,5.9,6.99,281,279
2024-12-22 16:00:00,5.89,7.07,280,278
2024-12-22 17:00:00,5.73,6.95,276,277
2024-12-22 18:00:00,5.91,6.82,273,274
2024-12-22 19:00:00,5.91,6.62,273,274
2024-12-22 20:00:00,5.8,6.41,272,274
2024-12-22 21:00:00,5.3,5.7,270,272
2024-12-22 22:00:00,5.0,5.5,268,270
2024-12-22 23:00:00,4.82,5.3,265,270
2024-12-23 00:00:00,4.83,5.1,264,270
2024-12-23 01:00:00,4.93,4.9,264,269
2024-12-23 02:00:00,5.02,4.6,265,268
2024-12-23 03:00:00,5.01,4.51,267,266
2024-12-23 04:00:00,5.11,4.51,267,266
2024-12-23 05:00:00,5.32,4.71,266,266
2024-12-23 06:00:00,5.61,4.81,266,266
2024-12-23 07:00:00,5.82,5.01,265,267
2024-12-23 08:00:00,6.02,5.11,265,267
2024-12-23 09:00:00,6.6,6.0,270,268
2024-12-23 10:00:00,6.82,6.4,274,271
2024-12-23 11:00:00,7.03,6.6,276,272
2024-12-23 12:00:00,7.33,6.71,275,273
2024-12-23 13:00:00,7.53,6.71,275,273
2024-12-23 14:00:00,7.42,6.52,275,274
2024-12-23 15:00:00,7.12,6.31,274,274
2024-12-23 16:00:00,6.82,6.01,274,273
2024-12-23 17:00:00,6.31,5.6,273,271
2024-12-23 18:00:00,6.0,5.2,271,268
2024-12-23 19:00:00,5.8,5.11,270,267
2024-12-23 20:00:00,5.6,5.02,271,265
2024-12-23 21:00:00,4.6,4.9,269,268
2024-12-23 22:00:00,4.22,4.8,265,268
2024-12-23 23:00:00,4.04,4.6,261,268
2024-12-24 00:00:00,3.85,4.51,261,266
2024-12-24 01:00:00,3.85,4.42,261,265
2024-12-24 02:00:00,3.86,4.22,260,265
2024-12-24 03:00:00,3.85,4.12,261,264
2024-12-24 04:00:00,3.75,4.22,261,265
2024-12-24 05:00:00,3.82,4.11,264,266
2024-12-24 06:00:00,3.51,3.91,265,266
2024-12-24 07:00:00,3.24,3.61,261,267
2024-12-24 08:00:00,2.89,3.13,256,263
2024-12-24 09:00:00,2.83,2.94,262,260
2024-12-24 10:00:00,2.41,2.7,275,272
2024-12-24 11:00:00,1.84,2.14,283,281
2024-12-24 12:00:00,1.65,1.62,284,292
2024-12-24 13:00:00,1.71,1.39,277,300
2024-12-24 14:00:00,2.0,1.39,270,291
2024-12-24 15:00:00,2.3,1.32,270,279
2024-12-24 16:00:00,2.21,1.3,265,270
2024-12-24 17:00:00,2.21,1.6,265,274
2024-12-24 18:00:00,2.84,2.26,260,257
2024-12-24 19:00:00,2.77,2.82,257,253
2024-12-24 20:00:00,2.56,2.42,249,246
2024-12-24 21:00:00,2.79,2.59,249,242
2024-12-24 22:00:00,2.59,2.68,242,243
2024-12-24 23:00:00,2.82,2.73,243,246
2024-12-25 00:00:00,2.91,3.1,243,249
2024-12-25 01:00:00,3.32,3.71,249,256
2024-12-25 02:00:00,3.48,4.44,252,256
2024-12-25 03:00:00,4.11,4.95,252,256
2024-12-25 04:00:00,4.33,5.3,251,259
2024-12-25 05:00:00,4.83,5.67,257,261
2024-12-25 06:00:00,5.49,6.04,260,263
2024-12-25 07:00:00,5.64,6.22,263,265
2024-12-25 08:00:00,5.42,6.12,265,265
2024-12-25 09:00:00,5.43,5.3,264,268
2024-12-25 10:00:00,5.41,5.1,266,270
2024-12-25 11:00:00,5.51,5.1,266,271
2024-12-25 12:00:00,5.4,5.5,268,269
2024-12-25 13:00:00,5.3,6.34,270,264
2024-12-25 14:00:00,5.2,7.07,269,262
2024-12-25 15:00:00,5.54,7.58,263,262
2024-12-25 16:00:00,6.33,7.79,258,261
2024-12-25 17:00:00,7.04,8.26,259,259
2024-12-25 18:00:00,8.35,8.93,259,260
2024-12-25 19:00:00,9.03,9.34,260,260
2024-12-25 20:00:00,9.34,9.34,260,260
2024-12-25 21:00:00,9.21,8.58,261,262
2024-12-25 22:00:00,9.04,8.76,260,263
2024-12-25 23:00:00,9.11,8.87,261,263
2024-12-26 00:00:00,9.38,8.96,263,264
2024-12-26 01:00:00,9.38,8.97,263,263
2024-12-26 02:00:00,9.28,8.85,263,264
2024-12-26 03:00:00,8.98,9.0,262,268
2024-12-26 04:00:00,8.81,9.0,267,268
2024-12-26 05:00:00,8.8,9.0,269,269
2024-12-26 06:00:00,8.9,8.8,270,269
2024-12-26 07:00:00,9.0,8.6,269,270
2024-12-26 08:00:00,8.91,8.6,268,270
2024-12-26 09:00:00,8.91,8.9,273,271
2024-12-26 10:00:00,8.71,8.91,273,273
2024-12-26 11:00:00,8.51,8.71,272,273
2024-12-26 12:00:00,8.31,8.51,273,273
2024-12-26 13:00:00,7.92,8.32,274,273
2024-12-26 14:00:00,7.53,8.02,275,274
2024-12-26 15:00:00,7.22,7.72,275,274
2024-12-26 16:00:00,7.03,7.32,275,274
2024-12-26 17:00:00,6.82,7.02,274,274
2024-12-26 18:00:00,6.71,6.81,273,273
2024-12-26 19:00:00,6.6,6.61,272,273
2024-12-26 20:00:00,6.5,6.31,271,273
2024-12-26 21:00:00,6.51,6.3,274,272
2024-12-26 22:00:00,6.42,6.3,274,272
2024-12-26 23:00:00,6.42,6.3,274,272
2024-12-27 00:00:00,6.32,6.4,275,272
2024-12-27 01:00:00,6.31,6.41,274,273
2024-12-27 02:00:00,6.31,6.4,273,272
2024-12-27 03:00:00,6.31,6.4,273,272
2024-12-27 04:00:00,6.3,6.4,272,272
2024-12-27 05:00:00,6.3,6.4,271,272
2024-12-27 06:00:00,6.2,6.41,270,273
2024-12-27 07:00:00,6.1,6.61,269,273
2024-12-27 08:00:00,6.1,6.81,269,273
2024-12-27 09:00:00,5.61,6.4,274,272
2024-12-27 10:00:00,5.93,6.71,276,273
2024-12-27 11:00:00,6.53,7.13,275,275
2024-12-27 12:00:00,7.03,7.37,276,278
2024-12-27 13:00:00,7.45,7.53,277,281
2024-12-27 14:00:00,7.85,7.61,277,280
2024-12-27 15:00:00,7.64,7.86,276,277
2024-12-27 16:00:00,7.2,8.03,272,275
2024-12-27 17:00:00,6.9,7.7,269,271
2024-12-27 18:00:00,6.73,7.4,265,269
2024-12-27 19:00:00,6.91,7.61,268,268
2024-12-27 20:00:00,7.6,7.51,268,268
2024-12-27 21:00:00,6.9,7.24,272,276
2024-12-27 22:00:00,7.02,7.27,274,278
2024-12-27 23:00:00,7.33,7.37,275,278
2024-12-28 00:00:00,7.47,7.38,278,279
2024-12-28 01:00:00,6.79,6.93,279,275
2024-12-28 02:00:00,6.46,6.61,278,273
2024-12-28 03:00:00,6.54,6.21,276,274
2024-12-28 04:00:00,6.41,5.71,274,273
2024-12-28 05:00:00,6.01,5.81,273,273
2024-12-28 06:00:00,5.6,6.11,268,274
2024-12-28 07:00:00,5.71,6.01,267,273
2024-12-28 08:00:00,5.8,6.0,268,270
2024-12-28 09:00:00,6.63,6.1,275,271
2024-12-28 10:00:00,6.52,6.4,274,272
2024-12-28 11:00:00,6.62,6.7,274,272
2024-12-28 12:00:00,6.82,6.9,274,272
2024-12-28 13:00:00,6.81,6.9,273,272
2024-12-28 14:00:00,6.61,6.9,273,272
2024-12-28 15:00:00,6.5,7.11,272,272
2024-12-28 16:00:00,6.7,7.11,271,273
2024-12-28 17:00:00,6.4,6.6,271,272
2024-12-28 18:00:00,6.1,6.3,270,271
2024-12-28 19:00:00,6.0,6.4,269,270
2024-12-28 20:00:00,6.0,6.4,269,271
2024-12-28 21:00:00,6.2,6.41,272,273
2024-12-28 22:00:00,6.3,6.51,272,273
2024-12-28 23:00:00,6.4,6.6,271,271
2024-12-29 00:00:00,6.4,6.5,271,270
2024-12-29 01:00:00,6.2,6.5,271,271
2024-12-29 02:00:00,5.9,6.2,272,271
2024-12-29 03:00:00,6.0,6.0,272,272
2024-12-29 04:00:00,6.11,6.21,273,273
2024-12-29 05:00:00,6.6,6.41,272,273
2024-12-29 06:00:00,6.8,6.3,272,272
2024-12-29 07:00:00,6.61,6.1,273,271
2024-12-29 08:00:00,6.41,5.8,273,271
2024-12-29 09:00:00,5.51,5.5,274,272
2024-12-29 10:00:00,5.62,5.5,275,272
2024-12-29 11:00:00,5.71,5.5,274,270
2024-12-29 12:00:00,5.81,5.7,273,269
2024-12-29 13:00:00,5.91,5.8,273,269
2024-12-29 14:00:00,6.0,5.91,271,267
2024-12-29 15:00:00,5.8,5.93,269,264
2024-12-29 16:00:00,5.61,5.95,267,262
2024-12-29 17:00:00,5.46,5.47,262,261
2024-12-29 18:00:00,5.51,5.34,258,257
2024-12-29 19:00:00,5.41,4.81,258,258
2024-12-29 20:00:00,5.04,4.68,256,254
2024-12-29 21:00:00,4.93,4.54,252,256
2024-12-29 22:00:00,5.44,4.46,250,254
2024-12-29 23:00:00,5.47,4.71,252,253
2024-12-30 00:00:00,5.6,5.17,251,255
2024-12-30 01:00:00,5.79,5.36,249,256
2024-12-30 02:00:00,5.96,5.19,247,251
2024-12-30 03:00:00,5.96,5.15,247,246
2024-12-30 04:00:00,6.14,5.19,251,245
2024-12-30 05:00:00,6.51,5.6,252,251
2024-12-30 06:00:00,7.02,5.72,253,251
2024-12-30 07:00:00,7.18,6.01,254,252
2024-12-30 08:00:00,7.53,6.42,253,252
2024-12-30 09:00:00,8.13,7.72,254,253
2024-12-30 10:00:00,8.61,8.26,255,253
2024-12-30 11:00:00,9.01,8.79,253,253
2024-12-30 12:00:00,9.22,9.22,255,255
2024-12-30 13:00:00,9.44,9.56,255,254
2024-12-30 14:00:00,9.44,9.44,255,255
2024-12-30 15:00:00,9.15,9.12,254,255
2024-12-30 16:00:00,8.74,8.61,254,255
2024-12-30 17:00:00,8.37,8.13,255,256
2024-12-30 18:00:00,8.25,8.08,256,258
2024-12-30 19:00:00,8.59,8.34,255,256
2024-12-30 20:00:00,8.68,8.44,255,256
2024-12-30 21:00:00,8.22,8.81,257,258
2024-12-30 22:00:00,8.37,9.1,255,255
2024-12-30 23:00:00,8.16,9.0,259,258
2024-12-31 00:00:00,7.5,9.15,269,264
2024-12-31 01:00:00,7.51,9.02,267,266
2024-12-31 02:00:00,7.4,8.6,271,269
2024-12-31 03:00:00,7.51,8.51,272,272
2024-12-31 04:00:00,7.33,8.02,275,274
2024-12-31 05:00:00,6.68,7.37,279,278
2024-12-31 06:00:00,6.18,6.63,279,281
2024-12-31 07:00:00,6.0,6.24,281,282
2024-12-31 08:00:00,6.32,5.9,281,281
2024-12-31 09:00:00,7.16,6.28,282,284
2024-12-31 10:00:00,7.2,6.57,284,283
2024-12-31 11:00:00,7.2,6.67,284,283
2024-12-31 12:00:00,7.01,6.53,284,281
2024-12-31 13:00:00,6.5,6.22,284,281
2024-12-31 14:00:00,6.06,5.81,283,281
2024-12-31 15:00:00,5.71,5.28,281,280
2024-12-31 16:00:00,5.35,5.02,278,276
2024-12-31 17:00:00,5.22,4.8,274,270
2024-12-31 18:00:00,4.9,4.62,271,265
2024-12-31 19:00:00,4.71,4.46,266,261
2024-12-31 20:00:00,4.46,4.3,261,258
2024-12-31 21:00:00,4.2,4.3,258,258
2024-12-31 22:00:00,3.96,3.96,254,254
2024-12-31 23:00:00,3.57,3.67,252,253
2025-01-01 00:00:00,3.57,3.67,252,253
2025-01-01 01:00:00,3.83,3.93,255,255
2025-01-01 02:00:00,4.3,4.39,258,258
2025-01-01 03:00:00,4.85,4.95,262,262
2025-01-01 04:00:00,5.43,5.32,264,265
2025-01-01 05:00:00,5.71,5.31,266,267
2025-01-01 06:00:00,5.91,5.02,266,265
2025-01-01 07:00:00,6.1,5.11,268,267
2025-01-01 08:00:00,6.1,5.4,270,269
2025-01-01 09:00:00,6.7,6.6,268,269
2025-01-01 10:00:00,7.0,6.7,271,270
2025-01-01 11:00:00,7.0,6.9,271,270
2025-01-01 12:00:00,6.6,7.0,269,268
2025-01-01 13:00:00,6.31,7.0,267,268
2025-01-01 14:00:00,6.42,6.8,266,269
2025-01-01 15:00:00,6.22,6.6,265,270
2025-01-01 16:00:00,6.2,6.1,269,269
2025-01-01 17:00:00,5.81,5.6,267,269
2025-01-01 18:00:00,5.73,5.21,264,267
2025-01-01 19:00:00,6.01,4.93,266,264
2025-01-01 20:00:00,5.91,4.94,266,263
2025-01-01 21:00:00,5.52,5.14,265,263
2025-01-01 22:00:00,5.51,5.04,266,263
2025-01-01 23:00:00,5.51,4.82,267,265
2025-01-02 00:00:00,5.61,4.62,267,265
2025-01-02 01:00:00,5.91,4.42,266,265
2025-01-02 02:00:00,6.11,4.42,267,265
2025-01-02 03:00:00,6.0,4.32,268,265
2025-01-02 04:00:00,5.8,4.41,269,266
2025-01-02 05:00:00,5.4,4.41,269,266
2025-01-02 06:00:00,4.9,4.31,270,266
2025-01-02 07:00:00,4.4,4.21,271,266
2025-01-02 08:00:00,4.0,4.21,271,266
2025-01-02 09:00:00,2.92,3.63,264,262
2025-01-02 10:00:00,3.0,3.9,270,269
2025-01-02 11:00:00,3.31,4.2,275,270
2025-01-02 12:00:00,3.52,4.5,277,271
2025-01-02 13:00:00,3.72,4.6,276,272
2025-01-02 14:00:00,3.91,4.61,273,274
2025-01-02 15:00:00,4.0,4.32,273,275
2025-01-02 16:00:00,3.6,3.92,272,276
2025-01-02 17:00:00,3.11,3.5,274,272
2025-01-02 18:00:00,2.9,3.32,270,263
2025-01-02 19:00:00,2.9,3.71,270,267
2025-01-02 20:00:00,3.01,3.6,266,270
2025-01-02 21:00:00,3.4,3.11,268,266
2025-01-02 22:00:00,3.7,3.21,268,265
2025-01-02 23:00:00,4.0,3.22,270,263
2025-01-03 00:00:00,4.0,3.21,271,265
2025-01-03 01:00:00,3.8,3.3,270,268
2025-01-03 02:00:00,3.91,3.4,267,270
2025-01-03 03:00:00,4.1,3.51,269,273
2025-01-03 04:00:00,4.3,3.71,270,273
2025-01-03 05:00:00,4.3,3.7,271,272
2025-01-03 06:00:00,4.3,3.9,273,269
2025-01-03 07:00:00,4.6,4.21,272,266
2025-01-03 08:00:00,4.71,4.5,274,267
2025-01-03 09:00:00,4.79,5.25,281,278
2025-01-03 10:00:00,5.0,5.53,286,283
2025-01-03 11:00:00,5.39,5.87,292,284
2025-01-03 12:00:00,5.55,6.02,296,285
2025-01-03 13:00:00,5.5,6.07,295,287
2025-01-03 14:00:00,5.44,5.95,290,287
2025-01-03 15:00:00,5.43,5.77,283,284
2025-01-03 16:00:00,5.45,5.59,277,280
2025-01-03 17:00:00,5.2,5.45,271,277
2025-01-03 18:00:00,5.22,5.2,266,272
2025-01-03 19:00:00,5.35,4.8,262,270
2025-01-03 20:00:00,5.25,4.1,262,269
2025-01-03 21:00:00,4.71,3.7,266,268
2025-01-03 22:00:00,4.41,3.44,266,262
2025-01-03 23:00:00,4.11,3.37,266,258
2025-01-04 00:00:00,3.81,3.26,267,259
2025-01-04 01:00:00,3.91,3.34,267,261
2025-01-04 02:00:00,3.91,3.42,267,263
2025-01-04 03:00:00,3.81,3.52,265,263
2025-01-04 04:00:00,3.82,3.54,264,262
2025-01-04 05:00:00,3.72,3.55,264,260
2025-01-04 06:00:00,3.82,3.54,264,262
2025-01-04 07:00:00,3.91,3.54,266,262
2025-01-04 08:00:00,3.91,3.63,266,262
2025-01-04 09:00:00,4.1,3.9,271,269
2025-01-04 10:00:00,4.64,4.52,277,275
2025-01-04 11:00:00,4.96,4.93,279,276
2025-01-04 12:00:00,5.14,5.21,277,273
2025-01-04 13:00:00,5.14,5.41,277,273
2025-01-04 14:00:00,5.12,5.4,274,272
2025-01-04 15:00:00,4.81,5.2,274,271
2025-01-04 16:00:00,4.6,5.0,271,269
2025-01-04 17:00:00,4.51,4.91,266,266
2025-01-04 18:00:00,4.84,5.14,263,263
2025-01-04 19:00:00,5.04,5.22,263,266
2025-01-04 20:00:00,5.05,5.01,262,267
2025-01-04 21:00:00,3.51,4.98,265,260
2025-01-04 22:00:00,3.44,5.55,262,256
2025-01-04 23:00:00,3.79,6.06,258,257
2025-01-05 00:00:00,4.1,5.61,257,259
2025-01-05 01:00:00,4.46,5.02,254,257
2025-01-05 02:00:00,4.59,4.18,254,253
2025-01-05 03:00:00,4.27,3.89,254,252
2025-01-05 04:00:00,4.22,3.76,248,245
2025-01-05 05:00:00,3.98,3.64,242,238
2025-01-05 06:00:00,3.72,3.69,234,229
2025-01-05 07:00:00,4.25,3.89,229,226
2025-01-05 08:00:00,4.6,4.31,226,226
2025-01-05 09:00:00,4.64,6.38,233,235
2025-01-05 10:00:00,5.54,7.18,231,235
2025-01-05 11:00:00,6.08,7.22,234,233
2025-01-05 12:00:00,7.02,6.72,237,233
2025-01-05 13:00:00,7.44,6.0,239,240
2025-01-05 14:00:00,6.88,5.56,237,240
2025-01-05 15:00:00,6.86,4.85,233,238
2025-01-05 16:00:00,7.28,5.69,233,239
2025-01-05 17:00:00,8.0,6.17,233,243
2025-01-05 18:00:00,7.26,5.89,240,249
2025-01-05 19:00:00,5.81,4.22,243,265
2025-01-05 20:00:00,5.47,4.11,239,266
2025-01-05 21:00:00,5.19,4.61,236,257
2025-01-05 22:00:00,4.72,4.88,249,259
2025-01-05 23:00:00,4.71,5.08,258,260
2025-01-06 00:00:00,4.54,4.87,262,261
2025-01-06 01:00:00,4.61,4.37,266,259
2025-01-06 02:00:00,4.42,3.65,265,261
2025-01-06 03:00:00,3.62,2.91,264,254
2025-01-06 04:00:00,2.84,2.88,260,250
2025-01-06 05:00:00,2.32,3.3,263,256
2025-01-06 06:00:00,2.61,3.72,266,264
2025-01-06 07:00:00,2.7,3.9,270,269
2025-01-06 08:00:00,2.62,3.91,263,266
2025-01-06 09:00:00,4.41,4.1,266,271
2025-01-06 10:00:00,4.43,4.5,264,271
2025-01-06 11:00:00,4.9,5.2,271,270
2025-01-06 12:00:00,5.01,5.4,273,268
2025-01-06 13:00:00,4.77,5.3,280,269
2025-01-06 14:00:00,4.81,5.2,282,270
2025-01-06 15:00:00,4.88,5.0,281,271
2025-01-06 16:00:00,4.98,4.8,280,271
2025-01-06 17:00:00,4.93,4.6,276,269
2025-01-06 18:00:00,5.4,4.6,272,268
2025-01-06 19:00:00,5.7,5.0,272,269
2025-01-06 20:00:00,5.91,5.3,273,269
2025-01-06 21:00:00,5.42,5.9,275,271
2025-01-06 22:00:00,5.51,5.9,274,271
2025-01-06 23:00:00,5.61,6.1,273,271
2025-01-07 00:00:00,5.6,6.2,272,272
2025-01-07 01:00:00,5.8,6.3,271,272
2025-01-07 02:00:00,6.3,6.3,269,272
2025-01-07 03:00:00,6.8,6.3,269,270
2025-01-07 04:00:00,6.9,6.3,270,269
2025-01-07 05:00:00,6.9,6.4,271,269
2025-01-07 06:00:00,6.91,6.5,272,269
2025-01-07 07:00:00,6.92,6.8,274,271
2025-01-07 08:00:00,7.01,6.81,273,273
2025-01-07 09:00:00,7.23,6.91,276,272
2025-01-07 10:00:00,7.55,7.03,277,275
2025-01-07 11:00:00,7.96,7.24,277,276
2025-01-07 12:00:00,8.06,7.57,277,278
2025-01-07 13:00:00,8.36,7.86,277,277
2025-01-07 14:00:00,8.45,8.03,276,275
2025-01-07 15:00:00,8.33,7.72,275,274
2025-01-07 16:00:00,8.12,7.51,274,273
2025-01-07 17:00:00,7.71,7.41,272,272
2025-01-07 18:00:00,7.4,7.2,271,270
2025-01-07 19:00:00,7.3,7.0,269,270
2025-01-07 20:00:00,7.31,6.7,268,270
2025-01-07 21:00:00,7.2,6.51,271,266
2025-01-07 22:00:00,6.91,6.8,273,268
2025-01-07 23:00:00,6.41,7.1,273,271
2025-01-08 00:00:00,6.2,7.1,269,271
2025-01-08 01:00:00,6.43,6.4,265,269
2025-01-08 02:00:00,6.44,6.31,264,267
2025-01-08 03:00:00,6.33,6.1,265,268
2025-01-08 04:00:00,6.71,6.41,267,267
2025-01-08 05:00:00,6.61,6.8,267,268
2025-01-08 06:00:00,6.83,7.0,265,269
2025-01-08 07:00:00,6.9,7.0,268,270
2025-01-08 08:00:00,7.0,6.9,268,271
2025-01-08 09:00:00,7.1,7.6,268,272
2025-01-08 10:00:00,7.7,8.01,269,273
2025-01-08 11:00:00,8.1,8.51,269,272
2025-01-08 12:00:00,8.4,8.7,269,271
2025-01-08 13:00:00,8.41,8.5,268,270
2025-01-08 14:00:00,8.02,8.41,266,268
2025-01-08 15:00:00,7.62,8.22,265,266
2025-01-08 16:00:00,7.33,8.24,265,264
2025-01-08 17:00:00,7.16,8.13,263,265
2025-01-08 18:00:00,7.43,7.91,265,268
2025-01-08 19:00:00,7.61,7.6,268,270
2025-01-08 20:00:00,7.4,7.7,271,270
2025-01-08 21:00:00,7.11,7.7,268,269
2025-01-08 22:00:00,7.2,7.7,269,269
2025-01-08 23:00:00,7.2,7.7,269,269
2025-01-09 00:00:00,7.3,7.7,269,269
2025-01-09 01:00:00,7.6,7.51,269,273
2025-01-09 02:00:00,7.7,7.52,270,275
2025-01-09 03:00:00,7.7,7.94,271,276
2025-01-09 04:00:00,7.71,8.04,273,276
2025-01-09 05:00:00,7.62,7.92,275,274
2025-01-09 06:00:00,7.72,7.92,274,274
2025-01-09 07:00:00,7.72,8.22,274,273
2025-01-09 08:00:00,7.71,8.61,272,273
2025-01-09 09:00:00,7.43,7.83,275,275
2025-01-09 10:00:00,7.54,8.34,276,276
2025-01-09 11:00:00,7.82,8.7,274,279
2025-01-09 12:00:00,8.22,9.28,274,277
2025-01-09 13:00:00,8.54,9.25,275,276
2025-01-09 14:00:00,8.66,8.45,277,281
2025-01-09 15:00:00,8.46,7.67,277,282
2025-01-09 16:00:00,7.88,7.22,278,280
2025-01-09 17:00:00,6.84,7.27,282,278
2025-01-09 18:00:00,6.02,7.22,281,275
2025-01-09 19:00:00,5.89,6.9,280,272
2025-01-09 20:00:00,5.16,6.6,279,270
2025-01-09 21:00:00,4.9,5.11,270,267
2025-01-09 22:00:00,4.62,5.12,265,264
2025-01-09 23:00:00,4.84,5.12,263,264
2025-01-10 00:00:00,4.85,4.87,262,261
2025-01-10 01:00:00,4.77,4.85,260,262
2025-01-10 02:00:00,4.73,4.63,264,264
2025-01-10 03:00:00,4.42,3.92,265,264
2025-01-10 04:00:00,3.93,3.37,263,258
2025-01-10 05:00:00,3.47,3.23,258,254
2025-01-10 06:00:00,3.3,3.16,256,252
2025-01-10 07:00:00,3.1,3.07,255,251
2025-01-10 08:00:00,3.01,2.97,255,250
2025-01-10 09:00:00,3.65,3.16,261,259
2025-01-10 10:00:00,3.71,3.4,267,268
2025-01-10 11:00:00,3.9,3.7,271,270
2025-01-10 12:00:00,4.1,3.8,273,270
2025-01-10 13:00:00,4.2,4.0,273,271
2025-01-10 14:00:00,4.4,4.1,271,273
2025-01-10 15:00:00,4.5,4.1,271,273
2025-01-10 16:00:00,4.3,3.8,271,272
2025-01-10 17:00:00,3.9,3.4,271,270
2025-01-10 18:00:00,3.5,3.41,268,265
2025-01-10 19:00:00,3.11,3.22,266,263
2025-01-10 20:00:00,3.13,2.98,263,256
2025-01-10 21:00:00,2.94,2.94,260,260
2025-01-10 22:00:00,2.67,2.69,257,255
2025-01-10 23:00:00,2.6,2.56,254,249
2025-01-11 00:00:00,2.72,2.64,253,245
2025-01-11 01:00:00,2.94,2.73,252,246
2025-01-11 02:00:00,2.91,2.73,254,246
2025-01-11 03:00:00,2.91,2.82,254,247
2025-01-11 04:00:00,2.82,2.79,253,249
2025-01-11 05:00:00,2.75,2.73,251,246
2025-01-11 06:00:00,2.6,2.79,247,249
2025-01-11 07:00:00,2.56,2.6,249,247
2025-01-11 08:00:00,2.25,2.46,249,243
2025-01-11 09:00:00,2.01,2.69,243,248
2025-01-11 10:00:00,1.97,3.06,246,259
2025-01-11 11:00:00,1.99,3.72,252,264
2025-01-11 12:00:00,2.28,4.22,255,265
2025-01-11 13:00:00,3.03,4.41,262,266
2025-01-11 14:00:00,3.75,4.5,261,267
2025-01-11 15:00:00,4.06,4.4,260,267
2025-01-11 16:00:00,4.04,4.2,261,269
2025-01-11 17:00:00,3.63,3.8,262,270
2025-01-11 18:00:00,3.32,3.4,263,268
2025-01-11 19:00:00,3.21,3.21,265,265
2025-01-11 20:00:00,3.24,3.24,261,261
2025-01-11 21:00:00,3.16,3.34,259,261
2025-01-11 22:00:00,3.1,3.16,255,259
2025-01-11 23:00:00,3.01,3.06,255,259
2025-01-12 00:00:00,3.08,3.06,257,259
2025-01-12 01:00:00,3.26,3.04,259,261
2025-01-12 02:00:00,3.44,3.04,262,261
2025-01-12 03:00:00,3.63,3.22,262,263
2025-01-12 04:00:00,3.61,3.31,267,267
2025-01-12 05:00:00,3.6,3.3,268,270
2025-01-12 06:00:00,3.61,3.3,265,272
2025-01-12 07:00:00,3.72,3.41,264,273
2025-01-12 08:00:00,3.85,3.4,261,270
2025-01-12 09:00:00,3.82,3.31,264,265
2025-01-12 10:00:00,4.1,3.8,270,272
2025-01-12 11:00:00,4.51,4.34,274,278
2025-01-12 12:00:00,5.02,4.81,275,282
2025-01-12 13:00:00,5.43,5.14,276,283
2025-01-12 14:00:00,5.63,5.19,276,286
2025-01-12 15:00:00,5.67,5.22,279,287
2025-01-12 16:00:00,5.49,4.88,280,285
2025-01-12 17:00:00,4.92,4.22,275,275
2025-01-12 18:00:00,4.5,4.2,271,270
2025-01-12 19:00:00,4.6,4.1,271,270
2025-01-12 20:00:00,4.6,4.0,271,271
2025-01-12 21:00:00,4.7,4.3,272,267
2025-01-12 22:00:00,4.5,4.4,271,267
2025-01-12 23:00:00,4.2,4.7,269,269
2025-01-13 00:00:00,4.0,5.0,267,270
2025-01-13 01:00:00,4.02,4.8,264,270
2025-01-13 02:00:00,4.12,4.8,264,271
2025-01-13 03:00:00,4.12,5.0,264,272
2025-01-13 04:00:00,4.21,4.9,266,271
2025-01-13 05:00:00,4.31,4.6,266,268
2025-01-13 06:00:00,4.51,4.81,266,266
2025-01-13 07:00:00,4.9,5.02,268,265
2025-01-13 08:00:00,5.0,4.93,268,264
2025-01-13 09:00:00,4.7,4.8,270,268
2025-01-13 10:00:00,5.02,5.22,275,274
2025-01-13 11:00:00,5.73,5.84,276,277
2025-01-13 12:00:00,6.61,6.31,273,274
2025-01-13 13:00:00,6.7,6.5,271,271
2025-01-13 14:00:00,6.5,6.5,270,268
2025-01-13 15:00:00,6.2,6.73,269,265
2025-01-13 16:00:00,5.71,6.51,267,267
2025-01-13 17:00:00,5.14,5.9,263,269
2025-01-13 18:00:00,4.81,5.41,258,266
2025-01-13 19:00:00,4.78,5.43,254,264
2025-01-13 20:00:00,4.43,5.26,245,261
2025-01-13 21:00:00,5.23,4.68,244,254
2025-01-13 22:00:00,5.86,4.74,245,252
2025-01-13 23:00:00,6.45,5.22,246,250
2025-01-14 00:00:00,6.78,5.57,248,252
2025-01-14 01:00:00,7.06,5.76,249,253
2025-01-14 02:00:00,7.15,6.07,250,253
2025-01-14 03:00:00,7.24,6.36,250,254
2025-01-14 04:00:00,7.43,6.62,250,255
2025-01-14 05:00:00,7.66,6.38,250,256
2025-01-14 06:00:00,7.62,6.28,251,256
2025-01-14 07:00:00,7.41,6.31,249,255
2025-01-14 08:00:00,7.6,6.33,249,254
2025-01-14 09:00:00,7.25,7.4,255,254
2025-01-14 10:00:00,6.91,7.5,260,257
2025-01-14 11:00:00,7.07,7.53,262,259
2025-01-14 12:00:00,7.43,7.79,265,261
2025-01-14 13:00:00,7.43,7.92,265,260
2025-01-14 14:00:00,6.93,7.33,265,265
2025-01-14 15:00:00,6.51,6.93,266,265
2025-01-14 16:00:00,5.7,6.32,268,265
2025-01-14 17:00:00,4.71,5.51,266,266
2025-01-14 18:00:00,4.11,4.82,266,265
2025-01-14 19:00:00,3.91,4.61,267,266
2025-01-14 20:00:00,3.81,4.6,265,269
2025-01-14 21:00:00,4.4,4.0,267,269
2025-01-14 22:00:00,4.91,4.5,266,270
2025-01-14 23:00:00,5.7,4.3,269,269
2025-01-15 00:00:00,6.3,4.7,272,269
2025-01-15 01:00:00,6.81,5.4,273,271
2025-01-15 02:00:00,6.75,6.13,277,264
2025-01-15 03:00:00,6.2,6.81,280,267
2025-01-15 04:00:00,6.0,6.6,281,272
2025-01-15 05:00:00,6.2,6.55,280,277
2025-01-15 06:00:00,6.28,6.87,279,278
2025-01-15 07:00:00,5.97,6.89,279,279
2025-01-15 08:00:00,5.54,6.65,277,277
2025-01-15 09:00:00,5.28,6.05,280,278
2025-01-15 10:00:00,5.63,6.18,282,279
2025-01-15 11:00:00,5.69,6.26,280,278
2025-01-15 12:00:00,5.66,6.14,278,277
2025-01-15 13:00:00,5.62,6.12,275,275
2025-01-15 14:00:00,5.71,6.21,273,274
2025-01-15 15:00:00,5.7,6.31,271,273
2025-01-15 16:00:00,5.6,6.31,270,273
2025-01-15 17:00:00,5.4,6.0,270,271
2025-01-15 18:00:00,5.2,5.7,270,271
2025-01-15 19:00:00,5.4,5.7,270,270
2025-01-15 20:00:00,5.5,5.7,269,269
2025-01-15 21:00:00,4.91,5.6,266,268
2025-01-15 22:00:00,4.92,5.6,265,268
2025-01-15 23:00:00,5.11,5.7,267,269
2025-01-16 00:00:00,5.2,5.8,269,270
2025-01-16 01:00:00,5.3,5.7,270,270
2025-01-16 02:00:00,5.3,5.6,270,269
2025-01-16 03:00:00,5.4,5.7,270,270
2025-01-16 04:00:00,5.5,5.8,270,270
2025-01-16 05:00:00,5.6,5.9,269,270
2025-01-16 06:00:00,5.8,6.1,269,270
2025-01-16 07:00:00,6.0,6.3,268,270
2025-01-16 08:00:00,6.3,6.5,268,270
2025-01-16 09:00:00,6.7,6.9,269,270
2025-01-16 10:00:00,7.2,7.0,271,270
2025-01-16 11:00:00,7.4,7.1,271,269
2025-01-16 12:00:00,7.6,7.31,269,268
2025-01-16 13:00:00,7.61,7.82,268,266
2025-01-16 14:00:00,8.02,8.61,266,267
2025-01-16 15:00:00,8.8,9.0,270,269
2025-01-16 16:00:00,8.1,8.81,271,268
2025-01-16 17:00:00,7.0,8.41,272,267
2025-01-16 18:00:00,6.0,7.81,270,268
2025-01-16 19:00:00,5.4,6.7,269,270
2025-01-16 20:00:00,5.0,5.7,268,270
2025-01-16 21:00:00,4.5,4.8,270,268
2025-01-16 22:00:00,3.9,4.6,271,268
2025-01-16 23:00:00,3.0,4.4,272,271
2025-01-17 00:00:00,1.8,4.11,267,274
2025-01-17 01:00:00,1.14,3.41,285,275
2025-01-17 02:00:00,1.06,2.43,319,279
2025-01-17 03:00:00,1.53,1.8,11,289
2025-01-17 04:00:00,1.92,1.3,28,302
2025-01-17 05:00:00,2.42,1.04,38,343
2025-01-17 06:00:00,2.26,1.65,45,14
2025-01-17 07:00:00,2.25,1.98,58,45
2025-01-17 08:00:00,2.24,2.1,63,65
2025-01-17 09:00:00,1.33,1.3,77,113
2025-01-17 10:00:00,1.1,1.25,95,119
2025-01-17 11:00:00,0.6,1.12,180,207
2025-01-17 12:00:00,1.55,1.94,255,258
2025-01-17 13:00:00,2.5,2.7,272,268
2025-01-17 14:00:00,2.91,3.0,274,270
2025-01-17 15:00:00,3.0,3.1,272,270
2025-01-17 16:00:00,3.1,3.2,272,270
2025-01-17 17:00:00,3.3,3.4,268,268
2025-01-17 18:00:00,3.3,3.51,268,265
2025-01-17 19:00:00,3.2,3.61,268,265
2025-01-17 20:00:00,3.06,3.54,259,262
2025-01-17 21:00:00,2.94,3.07,252,251
2025-01-17 22:00:00,3.16,3.1,252,249
2025-01-17 23:00:00,3.26,3.1,252,249
2025-01-18 00:00:00,3.32,3.13,254,253
2025-01-18 01:00:00,3.4,3.3,256,256
2025-01-18 02:00:00,3.47,3.37,258,258
2025-01-18 03:00:00,3.67,3.47,259,258
2025-01-18 04:00:00,3.93,3.77,263,259
2025-01-18 05:00:00,4.03,3.85,263,261
2025-01-18 06:00:00,4.03,3.77,263,259
2025-01-18 07:00:00,3.83,3.57,263,259
2025-01-18 08:00:00,3.45,3.47,260,258
2025-01-18 09:00:00,3.54,3.52,262,263
2025-01-18 10:00:00,3.91,3.61,266,267
2025-01-18 11:00:00,4.1,4.1,271,270
2025-01-18 12:00:00,4.0,4.3,270,270
2025-01-18 13:00:00,4.2,4.3,269,269
2025-01-18 14:00:00,4.21,4.31,266,266
2025-01-18 15:00:00,4.32,4.53,265,264
2025-01-18 16:00:00,4.13,4.43,263,264
2025-01-18 17:00:00,3.98,4.06,258,260
2025-01-18 18:00:00,4.24,4.2,255,258
2025-01-18 19:00:00,4.73,4.83,257,257
2025-01-18 20:00:00,4.57,5.2,260,259
2025-01-18 21:00:00,4.36,5.32,261,265
2025-01-18 22:00:00,4.37,5.62,259,265
2025-01-18 23:00:00,4.32,5.74,257,263
2025-01-19 00:00:00,4.37,5.87,254,261
2025-01-19 01:00:00,4.68,5.79,254,260
2025-01-19 02:00:00,5.0,5.71,254,259
2025-01-19 03:00:00,5.29,5.59,255,260
2025-01-19 04:00:00,5.39,5.71,255,259
2025-01-19 05:00:00,5.24,5.57,257,261
2025-01-19 06:00:00,5.32,5.67,258,261
2025-01-19 07:00:00,5.39,5.66,259,262
2025-01-19 08:00:00,5.57,5.46,261,262
2025-01-19 09:00:00,5.39,4.57,259,260
2025-01-19 10:00:00,4.96,4.63,261,264
2025-01-19 11:00:00,4.64,4.51,263,266
2025-01-19 12:00:00,4.53,4.73,264,264
2025-01-19 13:00:00,4.52,5.04,265,263
2025-01-19 14:00:00,4.5,5.04,267,263
2025-01-19 15:00:00,4.4,5.04,269,263
2025-01-19 16:00:00,4.1,5.14,269,263
2025-01-19 17:00:00,3.61,4.95,267,262
2025-01-19 18:00:00,3.51,4.47,267,260
2025-01-19 19:00:00,3.7,4.08,268,259
2025-01-19 20:00:00,3.8,3.59,268,257
2025-01-19 21:00:00,3.2,3.69,268,257
2025-01-19 22:00:00,2.82,3.67,264,253
2025-01-19 23:00:00,2.53,2.97,261,250
2025-01-20 00:00:00,2.35,2.79,258,249
2025-01-20 01:00:00,2.26,2.85,257,252
2025-01-20 02:00:00,1.99,2.84,252,260
2025-01-20 03:00:00,1.93,2.63,249,261
2025-01-20 04:00:00,1.88,2.72,245,264
2025-01-20 05:00:00,1.71,2.91,249,266
2025-01-20 06:00:00,1.52,3.0,247,268
2025-01-20 07:00:00,1.3,2.8,247,272
2025-01-20 08:00:00,1.32,2.31,261,275
2025-01-20 09:00:00,1.2,1.12,270,280
2025-01-20 10:00:00,1.41,1.71,278,291
2025-01-20 11:00:00,1.9,2.38,288,285
2025-01-20 12:00:00,1.91,2.33,276,280
2025-01-20 13:00:00,2.0,2.42,270,277
2025-01-20 14:00:00,2.0,2.41,273,275
2025-01-20 15:00:00,1.8,2.4,270,272
2025-01-20 16:00:00,1.33,2.22,283,278
2025-01-20 17:00:00,0.4,1.46,360,286
2025-01-20 18:00:00,1.0,0.72,90,304
2025-01-20 19:00:00,0.91,0.1,96,180
2025-01-20 20:00:00,0.6,0.85,180,201
2025-01-20 21:00:00,1.43,1.41,258,172
2025-01-20 22:00:00,1.65,1.57,256,207
2025-01-20 23:00:00,2.16,1.58,236,252
2025-01-21 00:00:00,2.36,1.87,234,254
2025-01-21 01:00:00,2.15,2.14,248,259
2025-01-21 02:00:00,2.06,1.66,256,245
2025-01-21 03:00:00,1.9,1.43,252,258
2025-01-21 04:00:00,1.77,1.4,254,266
2025-01-21 05:00:00,1.87,1.4,254,274
2025-01-21 06:00:00,1.9,1.0,252,264
2025-01-21 07:00:00,1.75,1.04,246,253
2025-01-21 08:00:00,2.01,1.1,243,265
2025-01-21 09:00:00,1.12,1.96,243,255
2025-01-21 10:00:00,1.08,2.21,292,275
2025-01-21 11:00:00,1.34,2.73,297,278
2025-01-21 12:00:00,1.75,3.01,283,276
2025-01-21 13:00:00,2.53,3.21,279,274
2025-01-21 14:00:00,2.92,3.4,276,272
2025-01-21 15:00:00,3.1,3.5,272,270
2025-01-21 16:00:00,3.1,3.5,268,268
2025-01-21 17:00:00,2.72,3.31,264,267
2025-01-21 18:00:00,2.6,3.11,254,266
2025-01-21 19:00:00,2.91,3.21,254,265
2025-01-21 20:00:00,2.82,3.42,253,263
2025-01-21 21:00:00,3.54,2.69,262,255
2025-01-21 22:00:00,3.73,2.72,262,253
2025-01-21 23:00:00,4.24,2.94,262,252
2025-01-22 00:00:00,4.55,3.04,261,253
2025-01-22 01:00:00,4.46,3.3,261,256
2025-01-22 02:00:00,4.69,3.47,259,258
2025-01-22 03:00:00,4.83,3.45,257,260
2025-01-22 04:00:00,5.0,3.69,258,257
2025-01-22 05:00:00,5.15,3.91,262,257
2025-01-22 06:00:00,5.15,3.93,262,255
2025-01-22 07:00:00,5.22,4.02,265,251
2025-01-22 08:00:00,5.32,3.92,265,251
2025-01-22 09:00:00,5.91,3.96,273,260
2025-01-22 10:00:00,5.8,4.55,269,261
2025-01-22 11:00:00,5.3,4.96,271,261
2025-01-22 12:00:00,4.9,5.36,271,261
2025-01-22 13:00:00,4.9,5.67,271,261
2025-01-22 14:00:00,4.9,5.67,271,261
2025-01-22 15:00:00,4.7,5.59,270,260
2025-01-22 16:00:00,4.5,5.47,270,261
2025-01-22 17:00:00,4.3,5.38,269,260
2025-01-22 18:00:00,4.12,5.47,264,261
2025-01-22 19:00:00,4.34,5.35,262,262
2025-01-22 20:00:00,4.23,5.32,263,265
2025-01-22 21:00:00,4.03,4.33,263,263
2025-01-22 22:00:00,3.77,4.23,259,263
2025-01-22 23:00:00,3.77,4.14,259,262
2025-01-23 00:00:00,3.67,3.96,259,260
2025-01-23 01:00:00,3.55,3.98,260,258
2025-01-23 02:00:00,3.73,4.06,262,260
2025-01-23 03:00:00,3.63,3.96,262,260
2025-01-23 04:00:00,3.65,3.95,261,261
2025-01-23 05:00:00,3.47,3.95,258,261
2025-01-23 06:00:00,3.3,3.77,256,259
2025-01-23 07:00:00,3.16,3.61,252,256
2025-01-23 08:00:00,2.92,3.52,248,255
2025-01-23 09:00:00,2.79,2.5,255,254
2025-01-23 10:00:00,2.91,2.42,266,263
2025-01-23 11:00:00,3.11,2.3,274,270
2025-01-23 12:00:00,3.24,2.6,279,272
2025-01-23 13:00:00,3.34,2.7,279,272
2025-01-23 14:00:00,3.34,2.7,279,270
2025-01-23 15:00:00,3.21,2.2,275,267
2025-01-23 16:00:00,2.7,1.73,270,260
2025-01-23 17:00:00,1.53,0.36,259,214
2025-01-23 18:00:00,1.8,1.39,214,120
2025-01-23 19:00:00,1.98,1.94,221,168
2025-01-23 20:00:00,2.11,2.38,239,195
2025-01-23 21:00:00,2.09,1.94,197,235
2025-01-23 22:00:00,1.08,1.39,146,249
2025-01-23 23:00:00,1.55,0.82,105,284
2025-01-24 00:00:00,1.28,0.73,129,344
2025-01-24 01:00:00,1.84,1.44,119,56
2025-01-24 02:00:00,2.26,2.81,135,94
2025-01-24 03:00:00,2.52,2.75,146,100
2025-01-24 04:00:00,2.75,2.93,161,82
2025-01-24 05:00:00,2.91,2.88,184,70
2025-01-24 06:00:00,2.5,2.56,178,69
2025-01-24 07:00:00,2.45,1.96,168,75
2025-01-24 08:00:00,2.73,1.99,156,72
2025-01-24 09:00:00,1.77,2.47,133,76
2025-01-24 10:00:00,1.4,1.46,94,74
2025-01-24 11:00:00,2.1,2.02,87,70
2025-01-24 12:00:00,2.04,2.09,79,73
2025-01-24 13:00:00,1.92,2.21,62,72
2025-01-24 14:00:00,1.97,2.53,60,72
2025-01-24 15:00:00,2.47,2.62,58,72
2025-01-24 16:00:00,2.8,2.66,55,70
2025-01-24 17:00:00,2.44,2.38,55,68
2025-01-24 18:00:00,2.0,2.02,53,70
2025-01-24 19:00:00,2.13,1.79,49,63
2025-01-24 20:00:00,2.33,2.16,47,56
2025-01-24 21:00:00,1.84,1.75,22,59
2025-01-24 22:00:00,1.77,1.66,47,65
2025-01-24 23:00:00,2.13,1.84,49,61
2025-01-25 00:00:00,3.31,1.75,61,59
2025-01-25 01:00:00,3.26,1.86,63,54
2025-01-25 02:00:00,3.0,1.91,60,47
2025-01-25 03:00:00,3.0,2.05,53,43
2025-01-25 04:00:00,2.98,2.26,50,45
2025-01-25 05:00:00,3.18,2.42,46,52
2025-01-25 06:00:00,3.19,2.47,41,58
2025-01-25 07:00:00,2.83,2.24,42,63
2025-01-25 08:00:00,2.62,1.92,43,62
2025-01-25 09:00:00,3.26,2.91,43,49
2025-01-25 10:00:00,3.47,2.92,44,52
2025-01-25 11:00:00,3.61,3.12,46,50
2025-01-25 12:00:00,3.61,3.18,44,46
2025-01-25 13:00:00,3.61,3.18,42,44
2025-01-25 14:00:00,3.62,3.2,39,39
2025-01-25 15:00:00,3.56,3.06,38,38
2025-01-25 16:00:00,3.42,2.91,38,41
2025-01-25 17:00:00,3.34,2.69,39,45
2025-01-25 18:00:00,3.33,2.34,41,50
2025-01-25 19:00:00,3.41,2.2,50,51
2025-01-25 20:00:00,3.58,2.14,54,53
2025-01-25 21:00:00,3.48,2.72,51,54
2025-01-25 22:00:00,3.72,2.86,54,54
2025-01-25 23:00:00,3.74,3.14,56,53
2025-01-26 00:00:00,3.61,3.14,56,53
2025-01-26 01:00:00,3.52,3.06,55,52
2025-01-26 02:00:00,3.44,3.06,54,52
2025-01-26 03:00:00,3.08,3.14,54,53
2025-01-26 04:00:00,2.7,3.16,51,55
2025-01-26 05:00:00,2.48,2.64,50,53
2025-01-26 06:00:00,2.55,2.75,48,57
2025-01-26 07:00:00,2.41,2.69,48,59
2025-01-26 08:00:00,2.56,3.36,51,67
2025-01-26 09:00:00,3.38,3.85,56,65
2025-01-26 10:00:00,3.44,4.02,64,71
2025-01-26 11:00:00,3.76,4.02,73,71
2025-01-26 12:00:00,3.42,3.83,75,70
2025-01-26 13:00:00,2.94,3.61,80,76
2025-01-26 14:00:00,2.52,3.26,83,79
2025-01-26 15:00:00,2.43,2.75,81,80
2025-01-26 16:00:00,2.3,2.45,88,78
2025-01-26 17:00:00,1.9,2.43,93,81
2025-01-26 18:00:00,1.71,1.7,97,87
2025-01-26 19:00:00,1.8,2.1,109,90
2025-01-26 20:00:00,1.84,2.01,112,96
2025-01-26 21:00:00,2.09,1.97,107,120
2025-01-26 22:00:00,2.38,2.08,112,125
2025-01-26 23:00:00,2.46,2.16,117,124
2025-01-27 00:00:00,2.05,2.3,133,124
2025-01-27 01:00:00,2.16,2.33,146,133
2025-01-27 02:00:00,2.08,2.19,145,137
2025-01-27 03:00:00,2.44,2.84,145,141
2025-01-27 04:00:00,2.73,3.02,152,146
2025-01-27 05:00:00,2.64,2.91,151,153
2025-01-27 06:00:00,2.69,3.18,165,167
2025-01-27 07:00:00,2.81,3.22,176,173
2025-01-27 08:00:00,2.3,3.11,178,174
2025-01-27 09:00:00,3.54,3.14,164,202
2025-01-27 10:00:00,3.4,3.0,180,210
2025-01-27 11:00:00,4.24,3.89,223,224
2025-01-27 12:00:00,6.99,4.94,257,238
2025-01-27 13:00:00,7.92,7.18,260,261
2025-01-27 14:00:00,8.35,7.48,259,262
2025-01-27 15:00:00,9.28,8.42,259,260
2025-01-27 16:00:00,9.78,9.03,254,260
2025-01-27 17:00:00,8.51,9.28,257,259
2025-01-27 18:00:00,6.65,8.55,263,259
2025-01-27 19:00:00,6.65,6.86,263,262
2025-01-27 20:00:00,6.84,6.28,255,256
2025-01-27 21:00:00,7.53,6.38,259,261
2025-01-27 22:00:00,7.26,6.65,258,258
2025-01-27 23:00:00,6.89,6.94,257,258
2025-01-28 00:00:00,7.4,7.16,254,255
2025-01-28 01:00:00,7.59,7.11,257,256
2025-01-28 02:00:00,7.18,5.8,254,255
2025-01-28 03:00:00,7.24,6.78,252,248
2025-01-28 04:00:00,7.97,6.82,252,248
2025-01-28 05:00:00,8.16,6.74,253,249
2025-01-28 06:00:00,7.14,6.72,259,247
2025-01-28 07:00:00,7.28,6.84,257,245
2025-01-28 08:00:00,8.22,7.18,257,251
2025-01-28 09:00:00,8.09,9.42,261,261
2025-01-28 10:00:00,8.68,9.7,262,262
2025-01-28 11:00:00,8.88,9.79,262,259
2025-01-28 12:00:00,9.08,10.02,259,256
2025-01-28 13:00:00,9.36,9.85,256,257
2025-01-28 14:00:00,9.77,9.69,256,259
2025-01-28 15:00:00,9.83,8.7,258,261
2025-01-28 16:00:00,9.38,8.41,263,267
2025-01-28 17:00:00,9.3,8.5,268,271
2025-01-28 18:00:00,8.83,7.81,265,273
2025-01-28 19:00:00,8.96,7.61,264,272
2025-01-28 20:00:00,9.04,7.5,265,270
2025-01-28 21:00:00,9.53,7.8,266,269
2025-01-28 22:00:00,8.7,7.4,271,271
2025-01-28 23:00:00,8.4,7.1,269,272
2025-01-29 00:00:00,8.21,6.7,268,272
2025-01-29 01:00:00,8.21,6.8,268,271
2025-01-29 02:00:00,8.1,6.7,269,271
2025-01-29 03:00:00,8.1,6.5,271,271
2025-01-29 04:00:00,8.21,6.5,272,270
2025-01-29 05:00:00,8.3,6.5,271,269
2025-01-29 06:00:00,8.3,6.8,271,269
2025-01-29 07:00:00,8.61,7.1,273,270
2025-01-29 08:00:00,8.62,7.5,274,270
2025-01-29 09:00:00,8.02,8.11,274,272
2025-01-29 10:00:00,8.02,8.41,274,272
2025-01-29 11:00:00,8.11,8.7,272,271
2025-01-29 12:00:00,8.21,8.8,272,270
2025-01-29 13:00:00,8.3,8.7,271,269
2025-01-29 14:00:00,8.4,8.61,270,268
2025-01-29 15:00:00,8.2,8.4,269,269
2025-01-29 16:00:00,7.9,8.1,270,270
2025-01-29 17:00:00,7.5,7.8,270,270
2025-01-29 18:00:00,7.1,7.5,270,270
2025-01-29 19:00:00,6.9,7.3,270,269
2025-01-29 20:00:00,6.9,7.1,270,270
2025-01-29 21:00:00,7.31,7.0,272,270
2025-01-29 22:00:00,7.62,6.9,274,272
2025-01-29 23:00:00,7.93,7.01,275,273
2025-01-30 00:00:00,8.04,7.13,276,275
2025-01-30 01:00:00,8.15,7.13,276,276
2025-01-30 02:00:00,8.26,7.05,277,277
2025-01-30 03:00:00,8.36,7.06,277,277
2025-01-30 04:00:00,8.26,7.06,277,277
2025-01-30 05:00:00,8.17,7.07,278,278
2025-01-30 06:00:00,8.01,7.07,279,278
2025-01-30 07:00:00,7.91,6.87,279,278
2025-01-30 08:00:00,7.81,6.68,280,279
2025-01-30 09:00:00,8.26,7.43,281,281
2025-01-30 10:00:00,8.2,7.53,283,281
2025-01-30 11:00:00,8.18,7.61,282,280
2025-01-30 12:00:00,7.94,7.68,281,278
2025-01-30 13:00:00,7.71,7.67,280,277
2025-01-30 14:00:00,7.38,7.55,279,277
2025-01-30 15:00:00,7.17,7.44,278,276
2025-01-30 16:00:00,6.95,7.14,277,276
2025-01-30 17:00:00,6.53,6.73,275,275
2025-01-30 18:00:00,6.2,6.31,272,273
2025-01-30 19:00:00,6.0,6.1,272,272
2025-01-30 20:00:00,5.9,5.91,272,273
2025-01-30 21:00:00,5.8,6.21,271,273
2025-01-30 22:00:00,5.6,6.2,271,272
2025-01-30 23:00:00,5.3,6.1,270,272
2025-01-31 00:00:00,5.1,6.01,270,273
2025-01-31 01:00:00,4.7,5.72,269,275
2025-01-31 02:00:00,4.3,5.53,269,276
2025-01-31 03:00:00,4.0,5.43,267,276
2025-01-31 04:00:00,3.9,5.14,269,277
2025-01-31 05:00:00,3.9,5.02,269,275
2025-01-31 06:00:00,3.41,5.1,265,269
2025-01-31 07:00:00,3.3,4.7,256,271
2025-01-31 08:00:00,3.1,4.4,249,270
2025-01-31 09:00:00,3.32,4.32,254,275
2025-01-31 10:00:00,3.7,4.53,251,276
2025-01-31 11:00:00,4.05,4.26,250,279
2025-01-31 12:00:00,4.3,4.14,252,278
2025-01-31 13:00:00,4.11,3.81,252,275
2025-01-31 14:00:00,3.64,3.6,249,268
2025-01-31 15:00:00,3.16,3.31,252,265
2025-01-31 16:00:00,2.85,2.77,252,257
2025-01-31 17:00:00,2.25,2.16,249,257
2025-01-31 18:00:00,1.61,1.57,240,243
2025-01-31 19:00:00,1.7,1.92,225,231
2025-01-31 20:00:00,1.7,2.25,225,238
2025-01-31 21:00:00,1.28,2.25,219,238
2025-01-31 22:00:00,1.49,2.33,222,245
2025-01-31 23:00:00,2.2,2.51,231,241
2025-02-01 00:00:00,2.66,2.33,236,239
2025-02-01 01:00:00,2.72,2.16,234,236
2025-02-01 02:00:00,2.69,1.86,239,234
2025-02-01 03:00:00,2.39,1.5,237,233
2025-02-01 04:00:00,2.06,1.41,241,225
2025-02-01 05:00:00,1.61,1.2,240,222
2025-02-01 06:00:00,1.49,1.22,222,189
2025-02-01 07:00:00,1.52,1.8,203,146
2025-02-01 08:00:00,1.2,1.84,185,135
2025-02-01 09:00:00,1.12,1.52,117,113
2025-02-01 10:00:00,1.04,1.65,107,104
2025-02-01 11:00:00,1.46,1.92,106,99
2025-02-01 12:00:00,1.84,2.26,103,103
2025-02-01 13:00:00,1.94,2.45,102,102
2025-02-01 14:00:00,2.1,2.5,93,92
2025-02-01 15:00:00,2.1,2.31,90,85
2025-02-01 16:00:00,2.24,2.28,80,75
2025-02-01 17:00:00,2.35,1.88,78,65
2025-02-01 18:00:00,2.26,1.58,77,55
2025-02-01 19:00:00,2.32,1.98,83,49
2025-02-01 20:00:00,2.2,2.05,87,43
2025-02-01 21:00:00,1.55,2.06,105,76
2025-02-01 22:00:00,1.39,1.99,111,72
2025-02-01 23:00:00,1.44,1.94,146,78
2025-02-02 00:00:00,1.39,1.82,159,81
2025-02-02 01:00:00,2.21,1.6,198,90
2025-02-02 02:00:00,1.84,1.4,209,94
2025-02-02 03:00:00,1.43,1.3,245,94
2025-02-02 04:00:00,2.01,1.0,264,90
2025-02-02 05:00:00,1.99,0.4,252,360
2025-02-02 06:00:00,2.02,0.54,250,248
2025-02-02 07:00:00,2.31,0.63,252,288
2025-02-02 08:00:00,2.47,1.17,256,329
2025-02-02 09:00:00,1.36,0.36,287,326
2025-02-02 10:00:00,1.27,0.81,315,330
2025-02-02 11:00:00,1.3,1.49,302,312
2025-02-02 12:00:00,1.39,1.7,291,298
2025-02-02 13:00:00,1.82,1.93,279,291
2025-02-02 14:00:00,2.22,2.25,278,291
2025-02-02 15:00:00,2.5,2.35,272,282
2025-02-02 16:00:00,2.41,2.52,265,277
2025-02-02 17:00:00,2.02,2.21,261,275
2025-02-02 18:00:00,1.84,1.51,257,278
2025-02-02 19:00:00,2.12,1.73,251,260
2025-02-02 20:00:00,2.56,1.73,249,260
2025-02-02 21:00:00,3.47,2.75,258,251
2025-02-02 22:00:00,3.57,2.94,259,252
2025-02-02 23:00:00,4.37,3.35,259,253
2025-02-03 00:00:00,4.55,4.1,261,257
2025-02-03 01:00:00,4.69,4.67,259,260
2025-02-03 02:00:00,4.96,4.49,261,258
2025-02-03 03:00:00,5.52,4.87,265,261
2025-02-03 04:00:00,5.8,5.45,268,263
2025-02-03 05:00:00,5.81,6.01,266,266
2025-02-03 06:00:00,6.13,6.1,264,269
2025-02-03 07:00:00,6.73,6.2,265,269
2025-02-03 08:00:00,7.53,6.5,265,268
2025-02-03 09:00:00,8.61,7.2,273,269
2025-02-03 10:00:00,8.78,8.1,278,270
2025-02-03 11:00:00,8.52,8.4,279,271
2025-02-03 12:00:00,8.4,8.51,279,272
2025-02-03 13:00:00,8.36,8.42,277,274
2025-02-03 14:00:00,8.15,8.35,276,276
2025-02-03 15:00:00,7.86,7.98,277,278
2025-02-03 16:00:00,7.76,7.68,277,278
2025-02-03 17:00:00,7.74,7.45,276,277
2025-02-03 18:00:00,7.41,7.13,273,275
2025-02-03 19:00:00,7.3,7.11,272,273
2025-02-03 20:00:00,7.31,7.01,273,273
2025-02-03 21:00:00,6.82,6.81,274,273
2025-02-03 22:00:00,6.71,6.71,273,273
2025-02-03 23:00:00,6.51,6.7,273,271
2025-02-04 00:00:00,6.4,6.5,272,271
2025-02-04 01:00:00,6.41,6.4,273,272
2025-02-04 02:00:00,6.31,6.41,273,273
2025-02-04 03:00:00,6.21,6.41,273,273
2025-02-04 04:00:00,6.2,6.4,271,272
2025-02-04 05:00:00,6.2,6.5,270,271
2025-02-04 06:00:00,6.2,6.5,269,271
2025-02-04 07:00:00,6.2,6.5,269,270
2025-02-04 08:00:00,6.3,6.6,268,269
2025-02-04 09:00:00,6.6,6.6,271,271
2025-02-04 10:00:00,6.8,6.8,271,272
2025-02-04 11:00:00,7.0,7.11,270,272
2025-02-04 12:00:00,7.2,7.31,271,273
2025-02-04 13:00:00,7.3,7.52,271,275
2025-02-04 14:00:00,7.4,7.62,272,275
2025-02-04 15:00:00,7.61,7.62,273,274
2025-02-04 16:00:00,7.61,7.62,272,274
2025-02-04 17:00:00,7.4,7.41,272,273
2025-02-04 18:00:00,7.0,7.0,271,272
2025-02-04 19:00:00,6.7,6.8,271,272
2025-02-04 20:00:00,6.4,6.4,270,272
2025-02-04 21:00:00,6.11,6.1,266,269
2025-02-04 22:00:00,6.11,6.01,266,267
2025-02-04 23:00:00,6.2,6.01,268,266
2025-02-05 00:00:00,6.5,6.02,270,265
2025-02-05 01:00:00,6.7,6.12,272,265
2025-02-05 02:00:00,6.72,6.41,274,267
2025-02-05 03:00:00,6.84,6.8,276,269
2025-02-05 04:00:00,7.03,6.9,275,270
2025-02-05 05:00:00,7.31,6.7,272,271
2025-02-05 06:00:00,7.31,6.5,272,272
2025-02-05 07:00:00,7.05,6.51,277,273
2025-02-05 08:00:00,6.64,6.44,276,276
2025-02-05 09:00:00,5.59,6.97,280,278
2025-02-05 10:00:00,5.67,7.27,279,278
2025-02-05 11:00:00,5.94,7.55,277,277
2025-02-05 12:00:00,6.4,7.75,270,277
2025-02-05 13:00:00,6.4,8.03,270,275
2025-02-05 14:00:00,6.4,8.03,272,275
2025-02-05 15:00:00,6.61,7.85,273,277
2025-02-05 16:00:00,6.62,7.72,274,274
2025-02-05 17:00:00,6.71,7.62,273,274
2025-02-05 18:00:00,6.8,7.3,270,272
2025-02-05 19:00:00,7.0,7.1,272,271
2025-02-05 20:00:00,7.11,7.0,273,271
2025-02-05 21:00:00,7.01,7.0,272,272
2025-02-05 22:00:00,7.02,7.1,274,272
2025-02-05 23:00:00,7.12,7.11,274,272
2025-02-06 00:00:00,6.92,6.81,274,273
2025-02-06 01:00:00,6.61,6.8,273,271
2025-02-06 02:00:00,6.5,6.9,272,270
2025-02-06 03:00:00,6.6,6.9,270,270
2025-02-06 04:00:00,6.6,7.1,269,271
2025-02-06 05:00:00,6.6,7.0,269,272
2025-02-06 06:00:00,6.6,6.61,269,273
2025-02-06 07:00:00,6.2,5.91,270,273
2025-02-06 08:00:00,5.9,5.21,270,273
2025-02-06 09:00:00,6.11,6.31,273,273
2025-02-06 10:00:00,6.12,6.03,275,276
2025-02-06 11:00:00,6.33,5.93,275,276
2025-02-06 12:00:00,6.32,5.9,275,270
2025-02-06 13:00:00,6.1,6.03,268,264
2025-02-06 14:00:00,6.14,6.65,263,254
2025-02-06 15:00:00,6.58,7.69,253,254
2025-02-06 16:00:00,7.12,8.13,253,256
2025-02-06 17:00:00,7.31,7.98,253,255
2025-02-06 18:00:00,7.28,7.84,249,253
2025-02-06 19:00:00,7.22,8.1,248,252
2025-02-06 20:00:00,6.64,8.05,252,256
2025-02-06 21:00:00,6.09,6.01,247,273
2025-02-06 22:00:00,5.48,5.9,249,270
2025-02-06 23:00:00,6.06,5.91,257,267
2025-02-07 00:00:00,5.42,6.3,275,269
2025-02-07 01:00:00,4.92,6.3,275,269
2025-02-07 02:00:00,5.02,6.0,276,272
2025-02-07 03:00:00,5.1,6.11,271,274
2025-02-07 04:00:00,5.5,6.8,269,272
2025-02-07 05:00:00,5.5,6.71,269,273
2025-02-07 06:00:00,5.5,6.74,272,276
2025-02-07 07:00:00,5.57,6.49,279,280
2025-02-07 08:00:00,5.63,6.45,282,283
2025-02-07 09:00:00,5.02,6.46,276,278
2025-02-07 10:00:00,5.69,7.26,280,282
2025-02-07 11:00:00,6.79,7.79,279,283
2025-02-07 12:00:00,8.06,7.98,277,282
2025-02-07 13:00:00,7.64,8.4,284,279
2025-02-07 14:00:00,8.24,8.88,280,278
2025-02-07 15:00:00,8.55,8.88,281,278
2025-02-07 16:00:00,8.32,8.68,280,278
2025-02-07 17:00:00,8.12,8.47,280,277
2025-02-07 18:00:00,7.69,8.14,279,276
2025-02-07 19:00:00,7.54,8.02,276,274
2025-02-07 20:00:00,7.72,8.01,274,273
2025-02-07 21:00:00,7.41,7.71,273,272
2025-02-07 22:00:00,7.1,7.4,271,272
2025-02-07 23:00:00,6.9,7.3,270,272
2025-02-08 00:00:00,6.8,7.3,269,271
2025-02-08 01:00:00,6.9,7.1,270,271
2025-02-08 02:00:00,6.7,6.9,271,270
2025-02-08 03:00:00,6.4,6.5,270,269
2025-02-08 04:00:00,6.2,6.4,269,268
2025-02-08 05:00:00,6.2,6.4,268,268
2025-02-08 06:00:00,6.0,6.3,268,268
2025-02-08 07:00:00,5.6,6.21,268,267
2025-02-08 08:00:00,5.7,6.11,269,267
2025-02-08 09:00:00,6.1,6.2,271,270
2025-02-08 10:00:00,5.91,6.0,274,272
2025-02-08 11:00:00,5.72,5.8,275,272
2025-02-08 12:00:00,5.71,5.7,274,272
2025-02-08 13:00:00,5.62,5.7,275,272
2025-02-08 14:00:00,5.35,5.6,278,272
2025-02-08 15:00:00,4.95,5.4,278,271
2025-02-08 16:00:00,4.62,5.2,275,271
2025-02-08 17:00:00,4.4,5.1,271,270
2025-02-08 18:00:00,4.1,4.71,267,266
2025-02-08 19:00:00,4.12,4.8,264,268
2025-02-08 20:00:00,4.13,5.0,263,269
2025-02-08 21:00:00,4.06,4.9,260,269
2025-02-08 22:00:00,4.24,4.9,262,269
2025-02-08 23:00:00,4.44,4.9,262,269
2025-02-09 00:00:00,4.43,4.9,264,269
2025-02-09 01:00:00,4.61,4.9,266,270
2025-02-09 02:00:00,4.9,5.0,268,270
2025-02-09 03:00:00,5.1,5.1,269,270
2025-02-09 04:00:00,5.1,5.2,269,268
2025-02-09 05:00:00,5.0,5.11,269,267
2025-02-09 06:00:00,4.9,4.91,268,266
2025-02-09 07:00:00,4.81,4.81,266,266
2025-02-09 08:00:00,4.81,4.8,266,268
2025-02-09 09:00:00,4.9,4.7,272,272
2025-02-09 10:00:00,5.22,4.92,274,275
2025-02-09 11:00:00,5.42,5.02,275,276
2025-02-09 12:00:00,5.61,5.22,274,274
2025-02-09 13:00:00,5.81,5.51,273,273
2025-02-09 14:00:00,5.9,5.6,272,272
2025-02-09 15:00:00,6.0,5.5,272,272
2025-02-09 16:00:00,6.11,5.5,273,272
2025-02-09 17:00:00,5.9,5.4,272,271
2025-02-09 18:00:00,5.3,5.0,270,269
2025-02-09 19:00:00,5.1,4.8,269,268
2025-02-09 20:00:00,4.9,4.7,269,268
2025-02-09 21:00:00,4.8,4.8,270,269
2025-02-09 22:00:00,4.5,4.6,270,269
2025-02-09 23:00:00,4.3,4.5,269,270
2025-02-10 00:00:00,4.3,4.5,269,270
2025-02-10 01:00:00,4.2,4.4,269,269
2025-02-10 02:00:00,4.2,4.3,267,267
2025-02-10 03:00:00,4.41,4.31,266,266
2025-02-10 04:00:00,4.42,4.23,265,263
2025-02-10 05:00:00,4.33,4.34,263,262
2025-02-10 06:00:00,4.14,4.23,262,263
2025-02-10 07:00:00,4.33,4.13,263,263
2025-02-10 08:00:00,4.62,4.22,265,265
2025-02-10 09:00:00,5.6,4.9,272,271
2025-02-10 10:00:00,6.31,5.61,274,274
2025-02-10 11:00:00,6.91,6.21,273,274
2025-02-10 12:00:00,7.33,6.51,275,273
2025-02-10 13:00:00,7.13,6.71,276,273
2025-02-10 14:00:00,6.61,6.7,273,271
2025-02-10 15:00:00,6.5,6.3,272,269
2025-02-10 16:00:00,6.1,6.3,271,269
2025-02-10 17:00:00,5.7,6.1,268,269
2025-02-10 18:00:00,5.11,5.41,267,266
2025-02-10 19:00:00,4.71,5.23,266,263
2025-02-10 20:00:00,4.21,5.05,266,262
2025-02-10 21:00:00,3.24,3.73,261,262
2025-02-10 22:00:00,3.01,3.52,255,255
2025-02-10 23:00:00,2.88,3.35,250,253
2025-02-11 00:00:00,3.05,3.16,247,252
2025-02-11 01:00:00,2.95,3.13,246,253
2025-02-11 02:00:00,2.92,3.1,248,255
2025-02-11 03:00:00,2.92,2.98,248,256
2025-02-11 04:00:00,2.85,2.98,252,256
2025-02-11 05:00:00,2.79,2.96,255,258
2025-02-11 06:00:00,2.86,2.82,258,264
2025-02-11 07:00:00,2.94,2.61,260,266
2025-02-11 08:00:00,2.83,2.51,262,265
2025-02-11 09:00:00,2.6,2.52,268,263
2025-02-11 10:00:00,2.82,2.81,276,266
2025-02-11 11:00:00,2.82,2.8,276,270
2025-02-11 12:00:00,3.0,2.9,272,268
2025-02-11 13:00:00,3.41,3.21,267,265
2025-02-11 14:00:00,3.31,3.32,265,263
2025-02-11 15:00:00,3.14,3.18,261,257
2025-02-11 16:00:00,2.98,3.13,256,253
2025-02-11 17:00:00,2.77,2.69,257,255
2025-02-11 18:00:00,2.44,2.53,251,252
2025-02-11 19:00:00,3.11,3.22,237,240
2025-02-11 20:00:00,3.58,3.91,234,238
2025-02-11 21:00:00,3.85,3.82,245,227
2025-02-11 22:00:00,4.22,4.1,248,227
2025-02-11 23:00:00,4.66,5.52,247,238
2025-02-12 00:00:00,5.06,5.5,245,243
2025-02-12 01:00:00,5.1,5.01,244,244
2025-02-12 02:00:00,4.78,5.11,250,247
2025-02-12 03:00:00,5.26,5.06,256,252
2025-02-12 04:00:00,5.35,4.88,253,244
2025-02-12 05:00:00,5.25,2.64,252,217
2025-02-12 06:00:00,5.39,4.19,248,230
2025-02-12 07:00:00,3.38,5.1,236,235
2025-02-12 08:00:00,3.54,5.3,225,226
2025-02-12 09:00:00,4.11,5.66,229,212
2025-02-12 10:00:00,4.82,6.9,228,219
2025-02-12 11:00:00,5.7,6.44,232,234
2025-02-12 12:00:00,5.72,5.94,243,257
2025-02-12 13:00:00,5.59,6.44,243,264
2025-02-12 14:00:00,6.04,7.01,251,272
2025-02-12 15:00:00,5.71,8.02,259,274
2025-02-12 16:00:00,6.3,9.0,260,272
2025-02-12 17:00:00,7.01,9.7,267,272
2025-02-12 18:00:00,7.8,9.9,269,271
2025-02-12 19:00:00,8.42,9.71,274,272
2025-02-12 20:00:00,8.57,8.66,277,277
2025-02-12 21:00:00,8.2,7.5,283,283
2025-02-12 22:00:00,7.6,7.13,286,285
2025-02-12 23:00:00,6.96,6.51,288,288
2025-02-13 00:00:00,6.65,5.95,286,287
2025-02-13 01:00:00,6.51,5.82,288,286
2025-02-13 02:00:00,6.2,5.6,291,286
2025-02-13 03:00:00,5.63,5.09,290,290
2025-02-13 04:00:00,5.57,4.59,288,290
2025-02-13 05:00:00,5.6,4.49,286,287
2025-02-13 06:00:00,5.51,4.9,282,282
2025-02-13 07:00:00,5.45,5.05,277,278
2025-02-13 08:00:00,5.62,5.12,275,274
2025-02-13 09:00:00,5.95,5.74,278,277
2025-02-13 10:00:00,6.33,6.24,275,276
2025-02-13 11:00:00,6.61,6.52,273,274
2025-02-13 12:00:00,6.9,6.81,272,273
2025-02-13 13:00:00,7.3,7.2,271,271
2025-02-13 14:00:00,7.6,7.6,269,268
2025-02-13 15:00:00,8.01,8.21,267,268
2025-02-13 16:00:00,8.31,8.31,267,268
2025-02-13 17:00:00,8.41,8.31,267,267
2025-02-13 18:00:00,8.51,8.31,268,267
2025-02-13 19:00:00,8.51,8.41,268,267
2025-02-13 20:00:00,8.32,8.12,266,266
2025-02-13 21:00:00,7.83,8.24,265,264
2025-02-13 22:00:00,7.73,8.03,265,265
2025-02-13 23:00:00,7.52,7.83,266,265
2025-02-14 00:00:00,7.42,7.52,266,265
2025-02-14 01:00:00,7.31,7.32,267,266
2025-02-14 02:00:00,7.21,7.31,268,268
2025-02-14 03:00:00,7.1,7.4,269,268
2025-02-14 04:00:00,6.9,7.5,270,270
2025-02-14 05:00:00,6.7,7.3,269,272
2025-02-14 06:00:00,6.2,7.0,268,271
2025-02-14 07:00:00,5.42,6.4,265,269
2025-02-14 08:00:00,4.43,5.9,264,269
2025-02-14 09:00:00,4.22,4.9,265,268
2025-02-14 10:00:00,4.1,4.8,269,270
2025-02-14 11:00:00,4.0,4.7,270,271
2025-02-14 12:00:00,4.1,4.8,267,270
2025-02-14 13:00:00,4.51,5.0,266,270
2025-02-14 14:00:00,4.72,5.0,265,271
2025-02-14 15:00:00,4.81,4.9,266,271
2025-02-14 16:00:00,4.92,4.9,265,269
2025-02-14 17:00:00,5.2,4.8,268,270
2025-02-14 18:00:00,5.1,4.6,272,272
2025-02-14 19:00:00,4.9,4.7,269,272
2025-02-14 20:00:00,5.0,4.7,270,269
2025-02-14 21:00:00,4.6,4.7,269,269
2025-02-14 22:00:00,4.4,4.4,267,269
2025-02-14 23:00:00,4.22,4.53,265,264
2025-02-15 00:00:00,4.02,4.74,264,263
2025-02-15 01:00:00,4.23,4.95,263,262
2025-02-15 02:00:00,4.33,5.3,263,259
2025-02-15 03:00:00,4.33,5.55,263,256
2025-02-15 04:00:00,4.23,5.94,263,257
2025-02-15 05:00:00,4.44,6.14,262,258
2025-02-15 06:00:00,4.23,5.65,263,257
2025-02-15 07:00:00,3.88,5.36,258,256
2025-02-15 08:00:00,3.98,5.53,258,257
2025-02-15 09:00:00,4.37,4.37,259,254
2025-02-15 10:00:00,4.98,4.66,260,255
2025-02-15 11:00:00,5.3,5.43,259,257
2025-02-15 12:00:00,5.53,5.81,257,259
2025-02-15 13:00:00,5.65,5.94,257,257
2025-02-15 14:00:00,5.85,6.63,257,259
2025-02-15 15:00:00,6.06,6.0,257,259
2025-02-15 16:00:00,6.18,4.7,256,271
2025-02-15 17:00:00,5.97,4.1,256,273
2025-02-15 18:00:00,5.63,4.2,258,270
2025-02-15 19:00:00,5.65,4.77,257,260
2025-02-15 20:00:00,5.55,4.53,256,264
2025-02-15 21:00:00,5.23,5.85,263,257
2025-02-15 22:00:00,5.2,6.04,268,258
2025-02-15 23:00:00,5.3,6.38,269,261
2025-02-16 00:00:00,5.3,6.75,268,258
2025-02-16 01:00:00,5.4,6.92,269,259
2025-02-16 02:00:00,5.4,6.77,271,262
2025-02-16 03:00:00,5.41,6.64,273,264
2025-02-16 04:00:00,5.4,6.01,271,267
2025-02-16 05:00:00,5.3,4.91,270,274
2025-02-16 06:00:00,5.0,4.21,268,274
2025-02-16 07:00:00,4.9,3.93,268,277
2025-02-16 08:00:00,5.18,3.83,260,277
2025-02-16 09:00:00,6.89,4.34,257,262
2025-02-16 10:00:00,6.89,4.2,257,267
2025-02-16 11:00:00,6.94,4.1,258,270
2025-02-16 12:00:00,6.97,4.44,262,262
2025-02-16 13:00:00,7.1,5.25,260,262
2025-02-16 14:00:00,7.3,6.02,261,265
2025-02-16 15:00:00,7.09,6.5,261,269
2025-02-16 16:00:00,6.86,6.6,262,270
2025-02-16 17:00:00,6.71,6.4,267,271
2025-02-16 18:00:00,6.21,5.91,266,273
2025-02-16 19:00:00,6.03,5.5,264,272
2025-02-16 20:00:00,6.23,5.5,264,271
2025-02-16 21:00:00,7.0,6.91,268,268
2025-02-16 22:00:00,7.41,7.3,272,271
2025-02-16 23:00:00,7.17,7.13,278,276
2025-02-17 00:00:00,6.66,6.49,278,280
2025-02-17 01:00:00,6.38,6.2,279,280
2025-02-17 02:00:00,6.36,6.17,278,278
2025-02-17 03:00:00,6.28,6.14,279,277
2025-02-17 04:00:00,6.36,6.05,283,278
2025-02-17 05:00:00,6.33,6.0,282,281
2025-02-17 06:00:00,6.4,6.14,280,282
2025-02-17 07:00:00,6.59,6.36,280,283
2025-02-17 08:00:00,6.92,6.48,281,283
2025-02-17 09:00:00,7.71,6.9,283,287
2025-02-17 10:00:00,8.05,7.34,284,287
2025-02-17 11:00:00,7.76,7.46,285,288
2025-02-17 12:00:00,7.34,7.46,287,288
2025-02-17 13:00:00,6.89,7.12,289,290
2025-02-17 14:00:00,6.48,6.56,290,291
2025-02-17 15:00:00,6.14,6.05,289,292
2025-02-17 16:00:00,5.6,5.39,289,292
2025-02-17 17:00:00,5.06,4.81,288,287
2025-02-17 18:00:00,4.54,4.26,284,279
2025-02-17 19:00:00,4.46,4.14,279,278
2025-02-17 20:00:00,4.54,4.02,278,276
2025-02-17 21:00:00,4.69,4.12,281,276
2025-02-17 22:00:00,4.47,3.6,280,272
2025-02-17 23:00:00,4.28,3.32,281,263
2025-02-18 00:00:00,4.37,3.24,281,261
2025-02-18 01:00:00,4.59,3.42,281,263
2025-02-18 02:00:00,4.67,3.51,280,265
2025-02-18 03:00:00,5.08,3.7,280,268
2025-02-18 04:00:00,5.61,4.0,281,273
2025-02-18 05:00:00,5.9,4.54,281,278
2025-02-18 06:00:00,5.92,5.18,282,280
2025-02-18 07:00:00,5.81,5.59,281,280
2025-02-18 08:00:00,5.85,5.82,283,282
2025-02-18 09:00:00,6.39,6.2,287,288
2025-02-18 10:00:00,6.64,6.52,288,291
2025-02-18 11:00:00,6.8,6.67,287,289
2025-02-18 12:00:00,6.82,6.77,284,286
2025-02-18 13:00:00,6.87,6.77,283,283
2025-02-18 14:00:00,6.82,6.82,281,281
2025-02-18 15:00:00,6.73,6.61,281,280
2025-02-18 16:00:00,6.53,6.4,281,280
2025-02-18 17:00:00,6.22,6.18,281,279
2025-02-18 18:00:00,5.81,5.95,281,278
2025-02-18 19:00:00,5.49,5.74,280,277
2025-02-18 20:00:00,5.16,5.54,279,277
2025-02-18 21:00:00,5.06,5.12,279,274
2025-02-18 22:00:00,4.83,5.1,276,272
2025-02-18 23:00:00,4.81,5.0,274,270
2025-02-19 00:00:00,4.8,4.9,272,269
2025-02-19 01:00:00,4.6,5.0,272,270
2025-02-19 02:00:00,4.4,5.1,271,270
2025-02-19 03:00:00,4.4,5.1,271,269
2025-02-19 04:00:00,4.3,5.0,271,269
2025-02-19 05:00:00,4.3,4.9,271,268
2025-02-19 06:00:00,4.3,4.8,270,268
2025-02-19 07:00:00,4.2,4.9,269,268
2025-02-19 08:00:00,4.4,5.2,269,269
2025-02-19 09:00:00,4.6,5.4,272,272
2025-02-19 10:00:00,4.93,5.64,276,277
2025-02-19 11:00:00,5.12,5.76,276,278
2025-02-19 12:00:00,5.32,5.69,275,280
2025-02-19 13:00:00,5.46,5.58,278,285
2025-02-19 14:00:00,5.39,5.48,281,285
2025-02-19 15:00:00,5.28,5.26,280,284
2025-02-19 16:00:00,5.18,5.12,280,282
2025-02-19 17:00:00,4.98,4.88,280,281
2025-02-19 18:00:00,4.74,4.54,277,278
2025-02-19 19:00:00,4.62,4.62,275,275
2025-02-19 20:00:00,4.61,4.51,274,274
2025-02-19 21:00:00,4.4,4.81,273,274
2025-02-19 22:00:00,4.3,4.52,273,275
2025-02-19 23:00:00,4.3,4.22,271,275
2025-02-20 00:00:00,4.2,3.8,271,272
2025-02-20 01:00:00,3.81,3.52,273,263
2025-02-20 02:00:00,3.3,3.34,268,261
2025-02-20 03:00:00,3.34,3.34,261,261
2025-02-20 04:00:00,3.45,3.42,260,263
2025-02-20 05:00:00,3.42,3.61,263,265
2025-02-20 06:00:00,3.42,3.81,263,267
2025-02-20 07:00:00,3.51,4.1,265,269
2025-02-20 08:00:00,3.8,4.2,270,271
2025-02-20 09:00:00,3.92,4.47,276,280
2025-02-20 10:00:00,4.46,4.9,279,282
2025-02-20 11:00:00,4.75,5.08,278,280
2025-02-20 12:00:00,4.96,5.25,279,278
2025-02-20 13:00:00,5.0,5.36,282,279
2025-02-20 14:00:00,5.12,5.39,282,281
2025-02-20 15:00:00,5.0,5.18,282,280
2025-02-20 16:00:00,4.71,5.25,282,278
2025-02-20 17:00:00,4.47,5.06,280,279
2025-02-20 18:00:00,4.16,4.83,280,276
2025-02-20 19:00:00,4.13,5.14,277,277
2025-02-20 20:00:00,4.23,5.33,277,276
2025-02-20 21:00:00,4.1,4.51,271,274
2025-02-20 22:00:00,4.1,4.2,269,269
2025-02-20 23:00:00,4.12,3.81,264,267
2025-02-21 00:00:00,4.12,3.54,264,262
2025-02-21 01:00:00,3.91,3.35,266,260
2025-02-21 02:00:00,3.82,3.3,264,256
2025-02-21 03:00:00,3.72,3.42,264,255
2025-02-21 04:00:00,3.65,3.42,261,255
2025-02-21 05:00:00,3.57,3.49,259,257
2025-02-21 06:00:00,3.57,3.4,259,256
2025-02-21 07:00:00,3.49,3.37,257,258
2025-02-21 08:00:00,3.65,3.32,261,263
2025-02-21 09:00:00,3.8,3.9,270,270
2025-02-21 10:00:00,4.02,4.22,276,275
2025-02-21 11:00:00,4.33,4.34,277,278
2025-02-21 12:00:00,4.63,4.55,276,279
2025-02-21 13:00:00,4.92,4.82,275,275
2025-02-21 14:00:00,4.96,4.93,279,276
2025-02-21 15:00:00,4.88,4.93,281,276
2025-02-21 16:00:00,4.79,4.82,281,275
2025-02-21 17:00:00,4.47,4.71,280,274
2025-02-21 18:00:00,4.24,4.5,278,273
2025-02-21 19:00:00,4.22,4.5,275,273
2025-02-21 20:00:00,4.3,4.6,273,270
2025-02-21 21:00:00,5.3,4.6,269,269
2025-02-21 22:00:00,5.41,4.6,273,269
2025-02-21 23:00:00,5.53,4.6,276,269
2025-02-22 00:00:00,5.25,4.6,278,269
2025-02-22 01:00:00,5.12,4.6,276,268
2025-02-22 02:00:00,5.12,4.6,276,268
2025-02-22 03:00:00,4.92,4.6,275,268
2025-02-22 04:00:00,4.71,4.5,274,269
2025-02-22 05:00:00,4.41,4.5,274,269
2025-02-22 06:00:00,3.6,4.6,270,268
2025-02-22 07:00:00,3.22,4.6,263,268
2025-02-22 08:00:00,3.03,4.4,262,271
2025-02-22 09:00:00,3.22,5.11,277,273
2025-02-22 10:00:00,2.94,5.23,280,277
2025-02-22 11:00:00,2.83,5.08,278,280
2025-02-22 12:00:00,3.31,4.71,273,282
2025-02-22 13:00:00,4.1,4.24,271,285
2025-02-22 14:00:00,4.6,4.0,268,283
2025-02-22 15:00:00,4.71,4.04,274,279
2025-02-22 16:00:00,4.6,4.01,272,274
2025-02-22 17:00:00,4.7,3.8,268,272
2025-02-22 18:00:00,4.8,3.6,268,268
2025-02-22 19:00:00,5.3,3.91,269,266
2025-02-22 20:00:00,5.7,4.5,271,267
2025-02-22 21:00:00,5.6,5.7,270,268
2025-02-22 22:00:00,5.7,5.7,269,270
2025-02-22 23:00:00,5.9,5.41,269,273
2025-02-23 00:00:00,5.8,5.21,270,273
2025-02-23 01:00:00,5.6,5.0,270,271
2025-02-23 02:00:00,5.4,5.0,269,270
2025-02-23 03:00:00,5.3,5.0,269,269
2025-02-23 04:00:00,5.3,5.0,269,268
2025-02-23 05:00:00,5.2,4.91,269,266
2025-02-23 06:00:00,5.4,4.82,269,265
2025-02-23 07:00:00,5.4,4.82,269,265
2025-02-23 08:00:00,5.5,4.71,270,266
2025-02-23 09:00:00,5.93,5.83,276,276
2025-02-23 10:00:00,6.14,6.15,277,277
2025-02-23 11:00:00,6.46,6.38,278,279
2025-02-23 12:00:00,6.69,6.1,279,280
2025-02-23 13:00:00,6.82,5.82,281,282
2025-02-23 14:00:00,6.57,5.34,283,283
2025-02-23 15:00:00,6.16,4.75,283,285
2025-02-23 16:00:00,5.68,4.49,284,282
2025-02-23 17:00:00,5.14,4.36,283,279
2025-02-23 18:00:00,4.69,4.33,281,277
2025-02-23 19:00:00,4.32,4.31,275,274
2025-02-23 20:00:00,4.3,4.4,271,270
2025-02-23 21:00:00,5.11,4.6,273,268
2025-02-23 22:00:00,5.2,4.8,272,268
2025-02-23 23:00:00,5.0,5.0,269,269
2025-02-24 00:00:00,5.0,4.9,268,268
2025-02-24 01:00:00,4.91,4.71,266,266
2025-02-24 02:00:00,4.81,4.61,266,266
2025-02-24 03:00:00,4.71,4.51,266,266
2025-02-24 04:00:00,4.61,4.41,266,266
2025-02-24 05:00:00,4.32,4.22,265,265
2025-02-24 06:00:00,4.13,4.03,263,263
2025-02-24 07:00:00,3.85,3.95,261,261
2025-02-24 08:00:00,3.93,3.93,263,263
2025-02-24 09:00:00,4.5,4.3,270,270
2025-02-24 10:00:00,4.51,4.31,274,274
2025-02-24 11:00:00,4.52,4.32,275,275
2025-02-24 12:00:00,4.81,4.51,274,274
2025-02-24 13:00:00,5.11,4.8,273,272
2025-02-24 14:00:00,5.33,5.12,276,274
2025-02-24 15:00:00,5.45,5.14,277,277
2025-02-24 16:00:00,5.25,5.02,278,276
2025-02-24 17:00:00,4.93,4.91,276,274
2025-02-24 18:00:00,4.6,4.7,272,270
2025-02-24 19:00:00,4.5,4.61,267,266
2025-02-24 20:00:00,4.92,4.93,265,264
2025-02-24 21:00:00,4.93,5.02,264,264
2025-02-24 22:00:00,4.55,5.22,261,265
2025-02-24 23:00:00,4.47,5.42,260,265
2025-02-25 00:00:00,4.87,5.51,261,266
2025-02-25 01:00:00,5.14,5.6,263,268
2025-02-25 02:00:00,5.14,5.5,263,269
2025-02-25 03:00:00,5.52,5.6,265,269
2025-02-25 04:00:00,5.71,6.3,266,270
2025-02-25 05:00:00,6.01,6.6,266,270
2025-02-25 06:00:00,6.01,6.7,266,270
2025-02-25 07:00:00,6.11,6.5,266,270
2025-02-25 08:00:00,6.73,6.6,265,268
2025-02-25 09:00:00,7.32,7.73,266,265
2025-02-25 10:00:00,7.82,8.03,266,265
2025-02-25 11:00:00,7.52,7.76,265,263
2025-02-25 12:00:00,6.95,7.47,263,262
2025-02-25 13:00:00,7.26,7.57,258,258
2025-02-25 14:00:00,7.62,8.03,256,256
2025-02-25 15:00:00,8.1,8.56,257,256
2025-02-25 16:00:00,8.61,9.26,257,256
2025-02-25 17:00:00,9.12,9.77,257,259
2025-02-25 18:00:00,9.51,9.95,258,260
2025-02-25 19:00:00,9.95,10.14,260,260
2025-02-25 20:00:00,10.46,10.39,260,259
2025-02-25 21:00:00,10.55,10.71,260,259
2025-02-25 22:00:00,10.24,11.0,260,259
2025-02-25 23:00:00,10.11,10.93,261,261
2025-02-26 00:00:00,10.11,10.52,261,261
2025-02-26 01:00:00,9.91,9.72,261,261
2025-02-26 02:00:00,9.5,9.32,262,261
2025-02-26 03:00:00,8.91,8.98,261,262
2025-02-26 04:00:00,8.55,8.72,264,266
2025-02-26 05:00:00,8.2,8.1,269,269
2025-02-26 06:00:00,7.5,7.3,271,271
2025-02-26 07:00:00,6.9,6.8,270,272
2025-02-26 08:00:00,6.5,6.51,270,273
2025-02-26 09:00:00,6.13,6.42,276,274
2025-02-26 10:00:00,5.95,6.15,278,277
2025-02-26 11:00:00,5.64,5.95,277,278
2025-02-26 12:00:00,5.33,5.76,276,278
2025-02-26 13:00:00,5.32,5.83,275,276
2025-02-26 14:00:00,5.51,6.01,273,274
2025-02-26 15:00:00,5.7,6.1,272,272
2025-02-26 16:00:00,5.7,5.9,272,270
2025-02-26 17:00:00,5.6,6.12,271,265
2025-02-26 18:00:00,5.6,6.46,269,262
2025-02-26 19:00:00,6.01,6.77,267,262
2025-02-26 20:00:00,6.41,7.17,266,262
2025-02-26 21:00:00,6.42,6.61,266,267
2025-02-26 22:00:00,6.13,6.61,264,267
2025-02-26 23:00:00,6.02,6.51,265,266
2025-02-27 00:00:00,6.01,6.31,266,266
2025-02-27 01:00:00,6.11,6.03,266,264
2025-02-27 02:00:00,6.21,6.03,267,264
2025-02-27 03:00:00,6.11,5.93,266,264
2025-02-27 04:00:00,6.02,5.74,265,263
2025-02-27 05:00:00,5.76,5.35,262,262
2025-02-27 06:00:00,5.61,4.95,259,262
2025-02-27 07:00:00,5.22,4.49,258,258
2025-02-27 08:00:00,4.59,4.1,259,257
2025-02-27 09:00:00,5.12,4.53,258,264
2025-02-27 10:00:00,4.96,4.03,261,263
2025-02-27 11:00:00,4.64,3.83,263,263
2025-02-27 12:00:00,4.41,4.12,257,256
2025-02-27 13:00:00,4.68,4.18,250,249
2025-02-27 14:00:00,4.61,4.65,246,251
2025-02-27 15:00:00,4.25,4.74,243,252
2025-02-27 16:00:00,3.76,4.81,245,253
2025-02-27 17:00:00,3.27,4.66,247,255
2025-02-27 18:00:00,2.47,4.49,238,253
2025-02-27 19:00:00,2.91,5.06,229,252
2025-02-27 20:00:00,3.44,6.17,234,253
2025-02-27 21:00:00,3.61,4.79,228,247
2025-02-27 22:00:00,4.46,5.5,226,251
2025-02-27 23:00:00,4.81,6.04,225,254
2025-02-28 00:00:00,5.27,6.0,237,259
2025-02-28 01:00:00,5.13,5.63,249,264
2025-02-28 02:00:00,5.12,4.84,258,263
2025-02-28 03:00:00,5.02,3.86,264,260
2025-02-28 04:00:00,4.52,3.55,265,260
2025-02-28 05:00:00,4.24,3.32,262,254
2025-02-28 06:00:00,4.69,3.55,259,248
2025-02-28 07:00:00,5.12,3.54,258,254
2025-02-28 08:00:00,5.57,4.03,252,247
2025-02-28 09:00:00,6.46,5.28,262,251
2025-02-28 10:00:00,6.46,5.73,262,254
2025-02-28 11:00:00,6.12,6.06,265,257
2025-02-28 12:00:00,6.42,6.33,266,258
2025-02-28 13:00:00,6.74,6.46,264,262
2025-02-28 14:00:00,6.43,6.3,265,270
2025-02-28 15:00:00,6.11,6.52,266,266
2025-02-28 16:00:00,5.91,6.0,266,270
2025-02-28 17:00:00,5.61,5.6,267,268
2025-02-28 18:00:00,5.22,5.12,266,264
2025-02-28 19:00:00,5.18,4.75,260,262
2025-02-28 20:00:00,4.75,4.06,262,260
2025-02-28 21:00:00,4.1,3.64,267,254
2025-02-28 22:00:00,3.62,3.47,264,258
2025-02-28 23:00:00,3.34,3.37,261,258
2025-03-01 00:00:00,2.6,3.06,247,259
2025-03-01 01:00:00,2.5,2.79,254,255
2025-03-01 02:00:00,2.88,2.44,250,251
2025-03-01 03:00:00,2.42,2.51,246,247
2025-03-01 04:00:00,1.94,2.33,235,239
2025-03-01 05:00:00,2.19,2.52,227,236
2025-03-01 06:00:00,2.2,2.36,219,234
2025-03-01 07:00:00,2.25,2.41,212,228
2025-03-01 08:00:00,1.94,2.19,215,227
2025-03-01 09:00:00,2.16,2.76,236,224
2025-03-01 10:00:00,2.64,3.83,233,237
2025-03-01 11:00:00,3.41,2.92,238,248
2025-03-01 12:00:00,4.18,2.47,249,249
2025-03-01 13:00:00,4.14,1.34,250,243
2025-03-01 14:00:00,4.88,2.6,255,254
2025-03-01 15:00:00,4.34,1.78,255,232
2025-03-01 16:00:00,3.51,1.2,275,228
2025-03-01 17:00:00,1.97,0.14,240,225
2025-03-01 18:00:00,1.64,0.6,218,180
2025-03-01 19:00:00,2.52,1.17,236,200
2025-03-01 20:00:00,2.48,1.42,227,219
2025-03-01 21:00:00,2.53,1.46,252,196
2025-03-01 22:00:00,2.11,1.66,239,213
2025-03-01 23:00:00,1.84,1.98,241,229
2025-03-02 00:00:00,1.78,1.94,218,235
2025-03-02 01:00:00,1.91,2.25,223,249
2025-03-02 02:00:00,1.86,2.47,234,256
2025-03-02 03:00:00,1.8,2.51,251,265
2025-03-02 04:00:00,1.65,2.5,256,270
2025-03-02 05:00:00,1.22,2.61,261,266
2025-03-02 06:00:00,0.71,2.4,352,270
2025-03-02 07:00:00,1.8,1.81,56,276
2025-03-02 08:00:00,2.06,1.06,67,311
2025-03-02 09:00:00,3.72,3.08,66,54
2025-03-02 10:00:00,3.85,3.22,65,64
2025-03-02 11:00:00,3.85,3.85,62,65
2025-03-02 12:00:00,4.08,3.94,59,66
2025-03-02 13:00:00,4.6,4.28,56,53
2025-03-02 14:00:00,5.08,4.91,58,57
2025-03-02 15:00:00,5.2,4.97,60,60
2025-03-02 16:00:00,5.2,5.24,60,61
2025-03-02 17:00:00,5.42,5.59,60,61
2025-03-02 18:00:00,5.87,5.73,60,61
2025-03-02 19:00:00,5.91,6.04,62,61
2025-03-02 20:00:00,6.08,6.13,63,66
2025-03-02 21:00:00,6.4,6.45,63,66
2025-03-02 22:00:00,6.98,6.17,65,73
2025-03-02 23:00:00,7.2,5.89,65,69
2025-03-03 00:00:00,6.84,6.1,65,72
2025-03-03 01:00:00,7.11,6.86,64,71
2025-03-03 02:00:00,6.75,7.58,65,67
2025-03-03 03:00:00,7.02,7.65,62,61
2025-03-03 04:00:00,7.16,7.44,65,59
2025-03-03 05:00:00,7.74,7.91,61,72
2025-03-03 06:00:00,6.71,7.74,70,65
2025-03-03 07:00:00,7.74,7.93,63,67
2025-03-03 08:00:00,7.74,8.02,65,67
2025-03-03 09:00:00,7.93,8.38,61,73
2025-03-03 10:00:00,7.65,8.57,61,71
2025-03-03 11:00:00,7.65,8.32,63,72
2025-03-03 12:00:00,7.69,8.07,64,70
2025-03-03 13:00:00,7.61,8.48,65,73
2025-03-03 14:00:00,7.47,7.93,65,67
2025-03-03 15:00:00,7.43,6.93,66,72
2025-03-03 16:00:00,7.26,7.67,67,68
2025-03-03 17:00:00,7.04,7.6,67,69
2025-03-03 18:00:00,7.02,7.68,70,72
2025-03-03 19:00:00,6.99,7.34,71,73
2025-03-03 20:00:00,7.05,7.62,72,73
2025-03-03 21:00:00,6.99,7.86,73,78
2025-03-03 22:00:00,7.25,7.77,75,78
2025-03-03 23:00:00,7.23,7.67,76,78
2025-03-04 00:00:00,7.4,7.79,77,77
2025-03-04 01:00:00,7.53,7.81,79,77
2025-03-04 02:00:00,7.45,8.04,78,79
2025-03-04 03:00:00,7.5,7.89,74,78
2025-03-04 04:00:00,7.18,7.93,74,76
2025-03-04 05:00:00,7.32,8.28,76,78
2025-03-04 06:00:00,7.5,8.32,77,80
2025-03-04 07:00:00,7.67,8.01,78,81
2025-03-04 08:00:00,7.55,8.05,79,84
2025-03-04 09:00:00,8.0,7.69,77,81
2025-03-04 10:00:00,8.1,7.65,77,83
2025-03-04 11:00:00,7.81,7.47,77,82
2025-03-04 12:00:00,8.03,7.6,76,81
2025-03-04 13:00:00,7.31,7.41,71,80
2025-03-04 14:00:00,7.84,7.4,71,81
2025-03-04 15:00:00,7.12,7.32,70,76
2025-03-04 16:00:00,6.83,7.06,72,74
2025-03-04 17:00:00,6.44,7.56,64,72
2025-03-04 18:00:00,6.23,7.05,60,72
2025-03-04 19:00:00,5.61,6.39,59,70
2025-03-04 20:00:00,5.77,6.37,64,68
2025-03-04 21:00:00,5.99,6.09,64,67
2025-03-04 22:00:00,6.04,5.59,66,66
2025-03-04 23:00:00,5.9,6.07,64,73
2025-03-05 00:00:00,5.46,6.04,62,71
2025-03-05 01:00:00,4.48,5.76,61,70
2025-03-05 02:00:00,3.86,5.52,53,68
2025-03-05 03:00:00,3.75,5.61,46,68
2025-03-05 04:00:00,3.75,5.19,46,65
2025-03-05 05:00:00,3.76,5.05,40,63
2025-03-05 06:00:00,4.02,5.15,35,61
2025-03-05 07:00:00,3.5,5.0,37,53
2025-03-05 08:00:00,3.36,5.03,37,49
2025-03-05 09:00:00,3.55,3.22,40,36
2025-03-05 10:00:00,3.38,2.88,34,34
2025-03-05 11:00:00,3.23,2.97,22,33
2025-03-05 12:00:00,3.1,2.86,15,25
2025-03-05 13:00:00,3.14,2.92,9,22
2025-03-05 14:00:00,3.1,2.94,360,18
2025-03-05 15:00:00,2.82,2.89,354,14
2025-03-05 16:00:00,2.81,2.73,356,8
2025-03-05 17:00:00,2.7,2.61,2,4
2025-03-05 18:00:00,2.32,2.2,7,360
2025-03-05 19:00:00,1.81,1.8,6,357
2025-03-05 20:00:00,1.71,1.61,7,7
2025-03-05 21:00:00,1.6,1.75,360,13
2025-03-05 22:00:00,1.49,1.8,340,19
2025-03-05 23:00:00,1.36,1.84,324,13
2025-03-06 00:00:00,1.61,2.09,330,17
2025-03-06 01:00:00,1.14,2.16,322,13
2025-03-06 02:00:00,1.14,2.14,322,11
2025-03-06 03:00:00,1.86,2.22,324,8
2025-03-06 04:00:00,1.58,2.0,325,3
2025-03-06 05:00:00,1.28,1.6,309,356
2025-03-06 06:00:00,1.26,1.55,288,345
2025-03-06 07:00:00,1.3,1.14,270,322
2025-03-06 08:00:00,0.92,1.12,257,297
2025-03-06 09:00:00,0.4,0.81,360,277
2025-03-06 10:00:00,1.02,1.5,11,323
2025-03-06 11:00:00,1.24,1.84,346,331
2025-03-06 12:00:00,1.84,2.06,338,331
2025-03-06 13:00:00,2.12,2.34,341,340
2025-03-06 14:00:00,1.68,2.45,343,348
2025-03-06 15:00:00,1.24,2.4,346,2
2025-03-06 16:00:00,1.12,2.35,350,12
2025-03-06 17:00:00,1.35,1.94,42,35
2025-03-06 18:00:00,1.0,1.46,37,74
2025-03-06 19:00:00,0.98,1.61,24,120
2025-03-06 20:00:00,1.03,1.22,29,125
2025-03-06 21:00:00,1.86,1.55,36,75
2025-03-06 22:00:00,1.78,1.71,52,83
2025-03-06 23:00:00,1.8,1.73,56,100
2025-03-07 00:00:00,1.49,1.3,48,122
2025-03-07 01:00:00,1.12,1.2,27,138
2025-03-07 02:00:00,1.36,1.17,36,160
2025-03-07 03:00:00,1.41,2.25,45,201
2025-03-07 04:00:00,0.78,1.5,50,184
2025-03-07 05:00:00,0.78,1.3,50,148
2025-03-07 06:00:00,1.58,1.53,55,122
2025-03-07 07:00:00,1.93,1.7,69,135
2025-03-07 08:00:00,2.14,1.58,101,145
2025-03-07 09:00:00,1.56,0.92,140,77
2025-03-07 10:00:00,1.36,0.81,126,83
2025-03-07 11:00:00,1.14,0.22,128,117
2025-03-07 12:00:00,1.0,0.2,127,90
2025-03-07 13:00:00,1.12,0.32,117,108
2025-03-07 14:00:00,1.51,1.3,98,90
2025-03-07 15:00:00,2.1,2.0,87,90
2025-03-07 16:00:00,2.2,2.32,87,97
2025-03-07 17:00:00,2.01,1.99,96,108
2025-03-07 18:00:00,1.65,1.48,104,118
2025-03-07 19:00:00,2.13,2.19,131,137
2025-03-07 20:00:00,2.11,2.38,149,158
2025-03-07 21:00:00,2.42,2.31,156,162
2025-03-07 22:00:00,2.66,2.53,160,171
2025-03-07 23:00:00,2.83,2.62,172,173
2025-03-08 00:00:00,3.01,2.93,186,188
2025-03-08 01:00:00,3.1,2.89,195,194
2025-03-08 02:00:00,3.13,3.01,197,195
2025-03-08 03:00:00,3.27,3.32,203,201
2025-03-08 04:00:00,3.45,3.4,210,208
2025-03-08 05:00:00,3.61,3.5,214,211
2025-03-08 06:00:00,3.76,3.58,220,216
2025-03-08 07:00:00,3.69,3.7,229,218
2025-03-08 08:00:00,3.8,3.82,235,227
2025-03-08 09:00:00,3.42,4.03,232,240
2025-03-08 10:00:00,3.69,4.12,237,247
2025-03-08 11:00:00,3.62,4.33,242,251
2025-03-08 12:00:00,3.58,4.49,247,253
2025-03-08 13:00:00,3.57,4.83,252,257
2025-03-08 14:00:00,3.79,5.08,258,260
2025-03-08 15:00:00,4.24,4.88,262,259
2025-03-08 16:00:00,4.43,4.47,264,260
2025-03-08 17:00:00,4.23,4.18,263,259
2025-03-08 18:00:00,3.35,3.4,260,256
2025-03-08 19:00:00,3.04,3.23,253,254
2025-03-08 20:00:00,3.18,3.73,257,262
2025-03-08 21:00:00,3.3,3.81,272,273
2025-03-08 22:00:00,3.01,3.21,276,274
2025-03-08 23:00:00,2.7,2.62,268,263
2025-03-09 00:00:00,2.22,2.38,262,255
2025-03-09 01:00:00,1.96,2.34,255,250
2025-03-09 02:00:00,1.99,2.25,252,249
2025-03-09 03:00:00,1.96,1.97,255,246
2025-03-09 04:00:00,1.84,1.84,248,241
2025-03-09 05:00:00,2.01,1.84,243,241
2025-03-09 06:00:00,1.93,1.97,249,246
2025-03-09 07:00:00,1.99,1.88,252,245
2025-03-09 08:00:00,1.75,1.34,257,243
2025-03-09 09:00:00,1.33,1.1,257,265
2025-03-09 10:00:00,1.41,1.03,278,299
2025-03-09 11:00:00,1.52,1.13,293,315
2025-03-09 12:00:00,1.79,0.98,297,336
2025-03-09 13:00:00,1.97,0.76,300,337
2025-03-09 14:00:00,1.86,0.76,306,337
2025-03-09 15:00:00,1.66,0.67,303,333
2025-03-09 16:00:00,1.58,0.76,288,293
2025-03-09 17:00:00,1.2,0.91,275,264
2025-03-09 18:00:00,0.98,1.3,246,212
2025-03-09 19:00:00,2.55,2.42,222,210
2025-03-09 20:00:00,2.22,2.2,216,210
2025-03-09 21:00:00,2.27,2.27,229,229
2025-03-09 22:00:00,2.27,2.55,229,228
2025-03-09 23:00:00,2.48,2.55,227,222
2025-03-10 00:00:00,2.5,2.06,233,219
2025-03-10 01:00:00,2.55,2.33,228,227
2025-03-10 02:00:00,2.2,2.44,231,235
2025-03-10 03:00:00,2.28,2.69,232,239
2025-03-10 04:00:00,2.39,2.64,237,241
2025-03-10 05:00:00,2.64,2.56,241,239
2025-03-10 06:00:00,2.87,2.83,241,238
2025-03-10 07:00:00,2.82,2.66,243,236
2025-03-10 08:00:00,2.73,2.66,246,236
2025-03-10 09:00:00,2.51,2.87,247,241
2025-03-10 10:00:00,2.92,3.09,248,241
2025-03-10 11:00:00,3.18,3.4,246,242
2025-03-10 12:00:00,3.22,3.49,244,243
2025-03-10 13:00:00,3.44,3.45,244,240
2025-03-10 14:00:00,3.44,3.58,244,240
2025-03-10 15:00:00,3.36,3.68,247,248
2025-03-10 16:00:00,3.32,3.64,249,249
2025-03-10 17:00:00,2.95,3.7,246,251
2025-03-10 18:00:00,2.34,4.03,230,247
2025-03-10 19:00:00,3.04,4.18,224,249
2025-03-10 20:00:00,3.41,4.68,230,254
2025-03-10 21:00:00,3.89,3.98,244,245
2025-03-10 22:00:00,3.98,3.89,252,252
2025-03-10 23:00:00,4.0,4.03,257,256
2025-03-11 00:00:00,4.26,4.67,261,260
2025-03-11 01:00:00,4.32,4.77,265,260
2025-03-11 02:00:00,4.03,4.82,263,265
2025-03-11 03:00:00,3.95,4.91,261,266
2025-03-11 04:00:00,3.96,4.62,260,265
2025-03-11 05:00:00,4.18,4.41,259,266
2025-03-11 06:00:00,3.77,4.11,259,266
2025-03-11 07:00:00,3.04,3.9,253,269
2025-03-11 08:00:00,2.82,3.2,253,270
2025-03-11 09:00:00,2.28,3.7,255,268
2025-03-11 10:00:00,2.42,3.8,263,270
2025-03-11 11:00:00,2.3,4.01,268,266
2025-03-11 12:00:00,2.02,3.65,261,261
2025-03-11 13:00:00,2.14,3.18,259,257
2025-03-11 14:00:00,2.38,3.07,255,251
2025-03-11 15:00:00,2.66,2.92,250,248
2025-03-11 16:00:00,2.69,2.73,248,242
2025-03-11 17:00:00,2.38,2.94,248,235
2025-03-11 18:00:00,2.55,3.28,244,232
2025-03-11 19:00:00,3.44,4.28,244,233
2025-03-11 20:00:00,3.96,4.67,249,225
2025-03-11 21:00:00,3.53,4.12,245,247
2025-03-11 22:00:00,3.79,4.44,252,247
2025-03-11 23:00:00,3.7,5.07,251,248
2025-03-12 00:00:00,3.42,6.04,249,254
2025-03-12 01:00:00,4.02,5.65,243,257
2025-03-12 02:00:00,3.96,5.43,249,257
2025-03-12 03:00:00,4.59,5.88,254,252
2025-03-12 04:00:00,5.14,6.17,257,250
2025-03-12 05:00:00,5.92,5.76,254,250
2025-03-12 06:00:00,6.65,5.79,254,249
2025-03-12 07:00:00,7.03,5.42,255,247
2025-03-12 08:00:00,7.01,5.15,256,246
2025-03-12 09:00:00,6.28,7.76,261,255
2025-03-12 10:00:00,7.09,8.01,261,254
2025-03-12 11:00:00,7.43,8.25,259,256
2025-03-12 12:00:00,7.84,8.22,259,257
2025-03-12 13:00:00,8.18,8.16,258,259
2025-03-12 14:00:00,8.16,8.04,259,259
2025-03-12 15:00:00,8.37,8.0,258,257
2025-03-12 16:00:00,8.47,8.05,258,256
2025-03-12 17:00:00,8.32,7.91,260,257
2025-03-12 18:00:00,8.19,8.18,262,258
2025-03-12 19:00:00,7.91,8.03,261,256
2025-03-12 20:00:00,6.89,7.65,261,259
2025-03-12 21:00:00,5.6,7.53,268,259
2025-03-12 22:00:00,5.1,7.41,269,260
2025-03-12 23:00:00,5.11,7.44,273,264
2025-03-13 00:00:00,4.8,7.21,271,267
2025-03-13 01:00:00,4.6,6.5,269,271
2025-03-13 02:00:00,4.7,5.5,268,270
2025-03-13 03:00:00,5.1,5.1,271,269
2025-03-13 04:00:00,5.3,5.0,270,270
2025-03-13 05:00:00,5.3,5.0,271,269
2025-03-13 06:00:00,4.81,5.21,274,267
2025-03-13 07:00:00,4.3,5.41,271,267
2025-03-13 08:00:00,4.0,5.6,273,268
2025-03-13 09:00:00,4.27,4.34,286,285
2025-03-13 10:00:00,4.24,4.08,289,287
2025-03-13 11:00:00,4.09,3.93,292,285
2025-03-13 12:00:00,3.96,3.74,291,286
2025-03-13 13:00:00,3.92,3.71,289,284
2025-03-13 14:00:00,3.83,3.52,290,285
2025-03-13 15:00:00,3.42,3.28,291,282
2025-03-13 16:00:00,2.97,3.04,290,279
2025-03-13 17:00:00,2.28,2.81,285,274
2025-03-13 18:00:00,2.14,2.4,259,268
2025-03-13 19:00:00,2.6,2.8,254,268
2025-03-13 20:00:00,2.63,2.72,261,264
2025-03-13 21:00:00,2.73,2.81,246,266
2025-03-13 22:00:00,2.44,2.53,251,261
2025-03-13 23:00:00,2.31,2.31,252,275
2025-03-14 00:00:00,2.21,1.9,265,288
2025-03-14 01:00:00,2.0,1.17,267,290
2025-03-14 02:00:00,1.46,1.5,286,4
2025-03-14 03:00:00,1.33,2.62,283,40
2025-03-14 04:00:00,1.3,3.06,337,52
2025-03-14 05:00:00,2.06,2.92,14,38
2025-03-14 06:00:00,2.38,2.9,15,44
2025-03-14 07:00:00,2.38,2.97,22,48
2025-03-14 08:00:00,1.84,2.4,68,45
2025-03-14 09:00:00,2.05,2.12,43,71
2025-03-14 10:00:00,2.55,2.45,42,78
2025-03-14 11:00:00,3.02,2.63,56,81
2025-03-14 12:00:00,3.18,2.93,62,82
2025-03-14 13:00:00,3.2,3.04,70,81
2025-03-14 14:00:00,2.89,3.03,76,82
2025-03-14 15:00:00,2.94,3.13,80,83
2025-03-14 16:00:00,3.04,3.24,81,81
2025-03-14 17:00:00,2.8,3.11,88,86
2025-03-14 18:00:00,2.2,2.91,93,106
2025-03-14 19:00:00,2.44,3.19,125,122
2025-03-14 20:00:00,2.58,3.47,144,139
2025-03-14 21:00:00,2.42,2.66,142,146
2025-03-14 22:00:00,2.33,2.75,149,147
2025-03-14 23:00:00,2.15,2.68,152,153
2025-03-15 00:00:00,2.3,2.42,146,150
2025-03-15 01:00:00,2.34,2.7,140,141
2025-03-15 02:00:00,2.83,3.19,135,139
2025-03-15 03:00:00,3.2,3.26,129,133
2025-03-15 04:00:00,3.56,3.54,128,119
2025-03-15 05:00:00,4.0,3.85,122,118
2025-03-15 06:00:00,4.25,4.2,117,115
2025-03-15 07:00:00,4.62,4.44,112,104
2025-03-15 08:00:00,4.9,4.98,107,100
2025-03-15 09:00:00,6.08,5.32,99,102
2025-03-15 10:00:00,6.24,5.57,96,99
2025-03-15 11:00:00,5.92,5.74,95,97
2025-03-15 12:00:00,5.71,5.39,94,101
2025-03-15 13:00:00,5.56,5.12,98,102
2025-03-15 14:00:00,5.23,5.25,97,108
2025-03-15 15:00:00,5.1,4.81,92,107
2025-03-15 16:00:00,4.8,4.54,91,104
2025-03-15 17:00:00,4.8,4.46,90,99
2025-03-15 18:00:00,5.2,4.4,90,93
2025-03-15 19:00:00,5.1,4.6,90,89
2025-03-15 20:00:00,4.92,5.0,95,88
2025-03-15 21:00:00,4.3,4.83,90,96
2025-03-15 22:00:00,4.3,4.92,90,95
2025-03-15 23:00:00,3.91,4.3,94,91
2025-03-16 00:00:00,3.81,3.83,95,83
2025-03-16 01:00:00,3.72,4.49,96,78
2025-03-16 02:00:00,3.41,4.54,93,76
2025-03-16 03:00:00,3.11,5.85,94,77
2025-03-16 04:00:00,2.71,6.09,94,76
2025-03-16 05:00:00,2.71,6.07,86,70
2025-03-16 06:00:00,2.57,5.69,77,80
2025-03-16 07:00:00,2.71,5.63,86,73
2025-03-16 08:00:00,3.21,5.76,94,73
2025-03-16 09:00:00,3.91,4.87,94,71
2025-03-16 10:00:00,3.32,4.81,97,73
2025-03-16 11:00:00,3.1,4.44,92,67
2025-03-16 12:00:00,3.1,5.07,90,68
2025-03-16 13:00:00,3.1,4.8,88,54
2025-03-16 14:00:00,3.21,4.81,86,47
2025-03-16 15:00:00,2.61,4.24,94,47
2025-03-16 16:00:00,1.6,4.31,94,44
2025-03-16 17:00:00,1.2,4.19,270,40
2025-03-16 18:00:00,4.4,4.05,270,40
2025-03-16 19:00:00,5.45,4.13,277,32
2025-03-16 20:00:00,5.14,3.73,277,20
2025-03-16 21:00:00,5.41,2.04,273,79
2025-03-16 22:00:00,5.0,3.41,272,50
2025-03-16 23:00:00,4.62,3.19,275,32
2025-03-17 00:00:00,4.47,5.14,280,37
2025-03-17 01:00:00,3.45,5.19,292,34
2025-03-17 02:00:00,2.72,4.81,6,21
2025-03-17 03:00:00,4.44,3.76,23,29
2025-03-17 04:00:00,4.34,3.59,26,13
2025-03-17 05:00:00,3.48,3.0,18,2
2025-03-17 06:00:00,2.98,2.73,14,352
2025-03-17 07:00:00,2.6,1.97,360,330
2025-03-17 08:00:00,2.47,2.42,339,322
2025-03-17 09:00:00,3.11,2.69,303,318
2025-03-17 10:00:00,3.6,3.08,272,283
2025-03-17 11:00:00,4.32,4.22,265,265
2025-03-17 12:00:00,4.95,5.0,262,258
2025-03-17 13:00:00,5.45,5.39,263,255
2025-03-17 14:00:00,5.61,5.51,266,258
2025-03-17 15:00:00,5.6,5.41,268,267
2025-03-17 16:00:00,5.3,5.2,269,271
2025-03-17 17:00:00,4.9,4.82,271,275
2025-03-17 18:00:00,4.7,4.01,272,274
2025-03-17 19:00:00,4.4,3.41,270,265
2025-03-17 20:00:00,4.7,3.83,268,263
2025-03-17 21:00:00,4.2,4.0,270,267
2025-03-17 22:00:00,3.6,4.1,272,267
2025-03-17 23:00:00,2.9,3.7,268,268
2025-03-18 00:00:00,2.18,3.21,254,266
2025-03-18 01:00:00,1.3,2.65,238,259
2025-03-18 02:00:00,0.92,1.93,229,249
2025-03-18 03:00:00,2.15,0.85,118,249
2025-03-18 04:00:00,1.57,1.08,117,214
2025-03-18 05:00:00,2.3,1.2,90,138
2025-03-18 06:00:00,3.0,2.55,92,101
2025-03-18 07:00:00,2.55,1.62,79,68
2025-03-18 08:00:00,2.75,2.9,71,92
2025-03-18 09:00:00,3.73,4.16,110,55
2025-03-18 10:00:00,3.2,4.47,90,40
2025-03-18 11:00:00,3.27,4.83,67,24
2025-03-18 12:00:00,3.0,5.46,53,8
2025-03-18 13:00:00,3.1,5.33,21,6
2025-03-18 14:00:00,4.1,5.45,359,353
2025-03-18 15:00:00,4.8,5.43,2,347
2025-03-18 16:00:00,5.73,5.05,16,352
2025-03-18 17:00:00,5.95,5.25,17,342
2025-03-18 18:00:00,5.83,4.79,22,334
2025-03-18 19:00:00,5.5,4.02,25,341
2025-03-18 20:00:00,4.47,3.7,27,341
2025-03-18 21:00:00,5.08,3.01,36,4
2025-03-18 22:00:00,4.36,3.08,37,347
2025-03-18 23:00:00,3.64,2.6,32,344
2025-03-19 00:00:00,2.82,1.8,27,341
2025-03-19 01:00:00,2.4,1.84,17,299
2025-03-19 02:00:00,1.7,2.04,357,281
2025-03-19 03:00:00,1.72,2.2,324,273
2025-03-19 04:00:00,1.57,2.02,297,261
2025-03-19 05:00:00,1.9,2.16,270,257
2025-03-19 06:00:00,1.96,2.21,255,252
2025-03-19 07:00:00,2.28,2.45,255,258
2025-03-19 08:00:00,3.21,3.31,265,273
2025-03-19 09:00:00,3.71,3.7,273,272
2025-03-19 10:00:00,4.62,4.44,275,278
2025-03-19 11:00:00,5.02,4.74,275,277
2025-03-19 12:00:00,5.1,4.84,272,277
2025-03-19 13:00:00,4.9,4.63,271,276
2025-03-19 14:00:00,4.8,4.6,269,272
2025-03-19 15:00:00,4.8,4.6,268,270
2025-03-19 16:00:00,4.8,4.6,269,270
2025-03-19 17:00:00,4.6,4.4,270,270
2025-03-19 18:00:00,4.3,3.91,269,267
2025-03-19 19:00:00,4.5,4.32,267,265
2025-03-19 20:00:00,5.0,5.0,269,268
2025-03-19 21:00:00,4.32,4.81,265,266
2025-03-19 22:00:00,4.03,4.71,263,266
2025-03-19 23:00:00,4.02,4.6,264,268
2025-03-20 00:00:00,4.02,4.6,264,268
2025-03-20 01:00:00,4.03,4.82,263,265
2025-03-20 02:00:00,4.14,4.93,262,264
2025-03-20 03:00:00,4.24,5.12,262,264
2025-03-20 04:00:00,4.46,5.51,261,267
2025-03-20 05:00:00,4.67,5.91,260,267
2025-03-20 06:00:00,4.87,6.12,261,265
2025-03-20 07:00:00,5.26,6.03,261,264
2025-03-20 08:00:00,5.74,6.14,263,263
2025-03-20 09:00:00,5.66,6.12,262,265
2025-03-20 10:00:00,5.95,6.33,262,265
2025-03-20 11:00:00,5.95,6.54,262,264
2025-03-20 12:00:00,6.07,6.74,261,264
2025-03-20 13:00:00,6.15,6.85,263,263
2025-03-20 14:00:00,6.46,7.26,262,263
2025-03-20 15:00:00,6.97,7.45,262,263
2025-03-20 16:00:00,7.28,7.54,261,264
2025-03-20 17:00:00,7.37,7.64,262,264
2025-03-20 18:00:00,7.18,7.55,261,263
2025-03-20 19:00:00,7.33,7.65,259,263
2025-03-20 20:00:00,7.63,7.65,259,263
2025-03-20 21:00:00,7.93,7.4,256,261
2025-03-20 22:00:00,8.26,7.6,259,261
2025-03-20 23:00:00,7.99,7.76,261,263
2025-03-21 00:00:00,7.68,7.86,262,263
2025-03-21 01:00:00,7.33,7.48,265,262
2025-03-21 02:00:00,7.23,7.28,264,261
2025-03-21 03:00:00,7.03,7.07,265,262
2025-03-21 04:00:00,6.84,6.97,264,262
2025-03-21 05:00:00,6.54,6.76,264,262
2025-03-21 06:00:00,6.34,6.46,264,262
2025-03-21 07:00:00,6.36,6.56,262,262
2025-03-21 08:00:00,6.45,6.75,263,263
2025-03-21 09:00:00,6.58,6.24,261,264
2025-03-21 10:00:00,6.68,6.56,261,262
2025-03-21 11:00:00,7.17,7.17,262,262
2025-03-21 12:00:00,7.58,7.79,262,261
2025-03-21 13:00:00,7.98,8.71,262,261
2025-03-21 14:00:00,8.47,8.99,263,262
2025-03-21 15:00:00,8.55,9.27,264,263
2025-03-21 16:00:00,8.45,9.15,264,264
2025-03-21 17:00:00,8.24,8.67,264,263
2025-03-21 18:00:00,7.74,8.19,264,262
2025-03-21 19:00:00,7.26,8.09,263,261
2025-03-21 20:00:00,6.77,8.19,262,262
2025-03-21 21:00:00,7.0,6.51,260,259
2025-03-21 22:00:00,6.81,6.61,260,260
2025-03-21 23:00:00,6.69,6.58,261,261
2025-03-22 00:00:00,6.69,6.56,261,262
2025-03-22 01:00:00,6.55,6.35,263,263
2025-03-22 02:00:00,6.34,6.36,264,262
2025-03-22 03:00:00,6.13,6.55,264,263
2025-03-22 04:00:00,5.92,6.42,265,266
2025-03-22 05:00:00,5.71,6.01,266,267
2025-03-22 06:00:00,5.62,5.71,265,266
2025-03-22 07:00:00,5.63,5.4,264,268
2025-03-22 08:00:00,5.83,5.41,264,267
2025-03-22 09:00:00,5.97,6.53,261,265
2025-03-22 10:00:00,7.0,7.34,260,264
2025-03-22 11:00:00,7.51,7.45,260,263
2025-03-22 12:00:00,7.63,7.74,259,264
2025-03-22 13:00:00,7.94,8.04,259,264
2025-03-22 14:00:00,8.32,8.35,260,264
2025-03-22 15:00:00,8.42,8.37,260,262
2025-03-22 16:00:00,8.39,8.26,262,263
2025-03-22 17:00:00,8.27,8.35,262,264
2025-03-22 18:00:00,7.76,8.06,263,263
2025-03-22 19:00:00,7.09,7.32,261,260
2025-03-22 20:00:00,6.49,6.71,260,260
2025-03-22 21:00:00,6.16,6.24,257,258
2025-03-22 22:00:00,5.87,5.82,256,258
2025-03-22 23:00:00,5.55,5.51,256,258
2025-03-23 00:00:00,5.24,5.18,257,260
2025-03-23 01:00:00,4.9,4.53,258,264
2025-03-23 02:00:00,4.55,3.75,261,261
2025-03-23 03:00:00,4.04,3.32,261,254
2025-03-23 04:00:00,3.55,2.88,260,250
2025-03-23 05:00:00,2.98,2.79,256,249
2025-03-23 06:00:00,2.38,2.25,248,249
2025-03-23 07:00:00,2.12,1.26,251,252
2025-03-23 08:00:00,1.12,0.32,260,198
2025-03-23 09:00:00,1.0,0.91,84,276
2025-03-23 10:00:00,1.26,0.61,108,279
2025-03-23 11:00:00,1.53,0.67,122,243
2025-03-23 12:00:00,1.35,1.43,138,245
2025-03-23 13:00:00,0.92,2.1,167,245
2025-03-23 14:00:00,1.33,2.56,193,239
2025-03-23 15:00:00,1.86,2.83,216,238
2025-03-23 16:00:00,2.5,2.61,233,238
2025-03-23 17:00:00,2.92,2.39,239,237
2025-03-23 18:00:00,3.0,2.16,244,236
2025-03-23 19:00:00,2.88,2.55,236,228
2025-03-23 20:00:00,3.41,2.84,230,231
2025-03-23 21:00:00,4.22,3.11,234,237
2025-03-23 22:00:00,4.66,3.94,235,246
2025-03-23 23:00:00,4.12,4.61,241,246
2025-03-24 00:00:00,3.98,4.12,245,247
2025-03-24 01:00:00,4.74,3.91,245,238
2025-03-24 02:00:00,4.92,3.89,241,244
2025-03-24 03:00:00,4.25,5.42,243,240
2025-03-24 04:00:00,4.12,4.52,241,242
2025-03-24 05:00:00,4.41,4.74,237,235
2025-03-24 06:00:00,4.9,4.77,231,237
2025-03-24 07:00:00,5.46,4.83,235,246
2025-03-24 08:00:00,6.08,5.46,243,246
2025-03-24 09:00:00,6.57,7.75,244,246
2025-03-24 10:00:00,7.61,9.13,242,245
2025-03-24 11:00:00,7.83,8.57,243,251
2025-03-24 12:00:00,7.48,8.74,247,254
2025-03-24 13:00:00,7.6,8.26,249,253
2025-03-24 14:00:00,7.39,7.82,247,254
2025-03-24 15:00:00,7.18,6.93,251,252
2025-03-24 16:00:00,6.55,7.34,254,250
2025-03-24 17:00:00,5.66,6.61,253,250
2025-03-24 18:00:00,5.13,5.89,249,249
2025-03-24 19:00:00,4.57,5.32,247,254
2025-03-24 20:00:00,5.12,5.3,253,259
2025-03-24 21:00:00,4.39,5.87,258,261
2025-03-24 22:00:00,4.44,5.85,262,262
2025-03-24 23:00:00,4.95,5.73,262,264
2025-03-25 00:00:00,5.22,5.3,265,268
2025-03-25 01:00:00,4.61,4.8,266,269
2025-03-25 02:00:00,4.52,4.1,265,273
2025-03-25 03:00:00,5.02,2.6,264,272
2025-03-25 04:00:00,5.15,2.0,262,267
2025-03-25 05:00:00,4.65,2.41,261,265
2025-03-25 06:00:00,4.57,2.83,260,262
2025-03-25 07:00:00,3.96,3.83,260,263
2025-03-25 08:00:00,3.75,4.1,261,257
2025-03-25 09:00:00,4.44,4.92,256,257
2025-03-25 10:00:00,4.62,5.18,252,260
2025-03-25 11:00:00,5.47,6.18,252,261
2025-03-25 12:00:00,6.33,5.9,254,259
2025-03-25 13:00:00,5.91,5.65,246,257
2025-03-25 14:00:00,6.66,5.35,242,253
2025-03-25 15:00:00,7.16,5.98,237,249
2025-03-25 16:00:00,7.89,6.3,240,250
2025-03-25 17:00:00,8.47,6.43,247,249
2025-03-25 18:00:00,8.32,6.93,250,250
2025-03-25 19:00:00,8.76,7.37,256,252
2025-03-25 20:00:00,9.1,7.74,255,256
2025-03-25 21:00:00,8.73,8.18,257,258
2025-03-25 22:00:00,8.54,7.85,256,263
2025-03-25 23:00:00,8.4,7.5,258,270
2025-03-26 00:00:00,7.84,6.5,264,271
2025-03-26 01:00:00,7.2,6.0,271,270
2025-03-26 02:00:00,6.41,5.5,273,272
2025-03-26 03:00:00,5.6,4.5,271,270
2025-03-26 04:00:00,5.2,3.21,269,266
2025-03-26 05:00:00,4.41,1.68,266,253
2025-03-26 06:00:00,2.4,1.8,253,199
2025-03-26 07:00:00,1.72,2.34,216,140
2025-03-26 08:00:00,0.67,2.48,207,137
2025-03-26 09:00:00,1.73,0.42,260,225
2025-03-26 10:00:00,0.98,1.08,246,146
2025-03-26 11:00:00,1.44,1.14,214,195
2025-03-26 12:00:00,2.08,1.36,235,216
2025-03-26 13:00:00,3.05,2.16,247,236
2025-03-26 14:00:00,3.62,3.42,242,218
2025-03-26 15:00:00,3.58,3.61,243,224
2025-03-26 16:00:00,3.44,3.89,234,226
2025-03-26 17:00:00,3.2,3.82,231,225
2025-03-26 18:00:00,2.92,3.47,232,226
2025-03-26 19:00:00,2.55,2.4,222,225
2025-03-26 20:00:00,4.27,2.6,213,203
2025-03-26 21:00:00,4.58,4.96,212,208
2025-03-26 22:00:00,5.22,5.34,216,218
2025-03-26 23:00:00,5.3,6.16,226,223
2025-03-27 00:00:00,6.63,6.73,236,228
2025-03-27 01:00:00,7.41,7.32,238,235
2025-03-27 02:00:00,7.52,7.89,241,240
2025-03-27 03:00:00,7.31,7.8,240,247
2025-03-27 04:00:00,6.74,7.29,252,245
2025-03-27 05:00:00,6.35,7.08,242,239
2025-03-27 06:00:00,6.53,7.66,243,234
2025-03-27 07:00:00,7.45,7.07,248,241
2025-03-27 08:00:00,7.49,7.29,251,243
2025-03-27 09:00:00,7.34,7.28,253,257
2025-03-27 10:00:00,6.36,7.04,257,259
2025-03-27 11:00:00,4.75,6.26,262,253
2025-03-27 12:00:00,3.86,5.54,260,263
2025-03-27 13:00:00,4.37,4.72,259,265
2025-03-27 14:00:00,4.41,4.44,266,262
2025-03-27 15:00:00,4.7,4.5,269,269
2025-03-27 16:00:00,4.7,4.92,271,275
2025-03-27 17:00:00,4.98,4.93,280,276
2025-03-27 18:00:00,4.75,5.11,278,273
2025-03-27 19:00:00,4.6,5.32,271,266
2025-03-27 20:00:00,5.0,6.9,268,271
2025-03-27 21:00:00,5.0,5.9,269,271
2025-03-27 22:00:00,5.2,6.21,271,273
2025-03-27 23:00:00,5.41,6.8,266,270
2025-03-28 00:00:00,5.79,6.73,260,265
2025-03-28 01:00:00,6.84,6.11,264,267
2025-03-28 02:00:00,6.5,5.4,268,271
2025-03-28 03:00:00,6.01,4.8,273,270
2025-03-28 04:00:00,5.7,5.3,271,268
2025-03-28 05:00:00,6.11,5.8,273,269
2025-03-28 06:00:00,6.05,5.7,278,271
2025-03-28 07:00:00,6.0,5.51,281,274
2025-03-28 08:00:00,6.0,5.89,281,280
2025-03-28 09:00:00,4.24,4.43,289,298
2025-03-28 10:00:00,3.55,4.63,302,303
2025-03-28 11:00:00,3.32,4.96,291,304
2025-03-28 12:00:00,3.05,5.33,302,293
2025-03-28 13:00:00,2.51,5.57,331,288
2025-03-28 14:00:00,3.02,5.79,304,280
2025-03-28 15:00:00,5.09,5.89,290,280
2025-03-28 16:00:00,5.15,5.79,288,280
2025-03-28 17:00:00,4.88,5.26,285,279
2025-03-28 18:00:00,4.57,4.83,280,276
2025-03-28 19:00:00,3.86,4.31,280,274
2025-03-28 20:00:00,3.71,4.2,275,271
2025-03-28 21:00:00,3.44,5.31,262,273
2025-03-28 22:00:00,4.0,5.74,271,277
2025-03-28 23:00:00,4.1,5.43,273,276
2025-03-29 00:00:00,4.3,5.0,273,272
2025-03-29 01:00:00,4.53,5.0,276,271
2025-03-29 02:00:00,4.2,4.7,273,270
2025-03-29 03:00:00,3.42,4.6,263,269
2025-03-29 04:00:00,2.94,4.7,252,268
2025-03-29 05:00:00,2.92,4.21,248,266
2025-03-29 06:00:00,2.77,3.77,244,259
2025-03-29 07:00:00,2.77,3.74,244,254
2025-03-29 08:00:00,3.55,4.56,248,255
2025-03-29 09:00:00,3.64,5.61,254,259
2025-03-29 10:00:00,4.65,6.45,251,257
2025-03-29 11:00:00,5.48,7.69,249,257
2025-03-29 12:00:00,6.48,6.84,250,255
2025-03-29 13:00:00,7.12,6.69,253,261
2025-03-29 14:00:00,7.06,8.41,258,268
2025-03-29 15:00:00,6.93,8.21,265,267
2025-03-29 16:00:00,6.57,7.6,257,268
2025-03-29 17:00:00,7.32,6.9,266,269
2025-03-29 18:00:00,6.51,6.3,266,269
2025-03-29 19:00:00,5.8,5.9,269,271
2025-03-29 20:00:00,5.74,5.8,277,271
2025-03-29 21:00:00,6.77,6.08,283,279
2025-03-29 22:00:00,6.67,6.12,283,281
2025-03-29 23:00:00,6.38,5.85,284,283
2025-03-30 00:00:00,5.68,5.24,284,283
2025-03-30 01:00:00,5.26,4.71,284,282
2025-03-30 02:00:00,4.95,4.3,284,282
2025-03-30 03:00:00,4.63,3.75,284,279
2025-03-30 04:00:00,4.37,3.62,286,276
2025-03-30 05:00:00,4.18,3.71,287,273
2025-03-30 06:00:00,3.93,3.8,285,272
2025-03-30 07:00:00,3.93,3.61,285,273
2025-03-30 08:00:00,4.37,3.86,286,280
2025-03-30 09:00:00,4.92,4.92,283,283
2025-03-30 10:00:00,5.46,5.07,284,285
2025-03-30 11:00:00,5.85,5.43,283,283
2025-03-30 12:00:00,5.98,5.72,280,275
2025-03-30 13:00:00,5.94,5.8,277,269
2025-03-30 14:00:00,5.8,5.46,272,256
2025-03-30 15:00:00,5.41,5.49,267,260
2025-03-30 16:00:00,5.11,5.1,267,259
2025-03-30 17:00:00,5.02,5.38,265,260
2025-03-30 18:00:00,4.71,5.59,266,260
2025-03-30 19:00:00,4.2,5.59,267,260
2025-03-30 20:00:00,4.11,5.73,266,264
2025-03-30 21:00:00,4.31,4.52,266,265
2025-03-30 22:00:00,4.5,4.9,270,270
2025-03-30 23:00:00,4.0,4.7,269,272
2025-03-31 00:00:00,4.1,4.4,269,271
2025-03-31 01:00:00,4.4,4.1,270,273
2025-03-31 02:00:00,4.7,3.7,270,272
2025-03-31 03:00:00,4.5,3.3,271,268
2025-03-31 04:00:00,4.1,3.41,273,267
2025-03-31 05:00:00,3.7,3.51,272,265
2025-03-31 06:00:00,3.3,3.24,268,261
2025-03-31 07:00:00,2.92,2.65,264,259
2025-03-31 08:00:00,3.1,2.3,270,268
2025-03-31 09:00:00,4.7,2.4,271,270
2025-03-31 10:00:00,4.7,2.52,271,277
2025-03-31 11:00:00,4.4,2.72,273,287
2025-03-31 12:00:00,4.2,2.79,273,291
2025-03-31 13:00:00,4.6,3.26,269,281
2025-03-31 14:00:00,4.84,3.8,263,272
2025-03-31 15:00:00,4.74,4.1,263,267
2025-03-31 16:00:00,4.57,3.93,260,263
2025-03-31 17:00:00,3.96,3.69,260,257
2025-03-31 18:00:00,3.52,3.54,255,254
2025-03-31 19:00:00,3.23,3.38,248,251
2025-03-31 20:00:00,3.96,3.76,254,253
2025-03-31 21:00:00,2.89,3.86,256,253
2025-03-31 22:00:00,3.13,4.0,263,257
2025-03-31 23:00:00,3.06,4.08,259,259
2025-04-01 00:00:00,3.1,4.14,255,262
2025-04-01 01:00:00,3.18,4.24,257,262
2025-04-01 02:00:00,3.3,4.36,256,261
2025-04-01 03:00:00,3.45,4.36,253,261
2025-04-01 04:00:00,3.4,4.16,256,260
2025-04-01 05:00:00,3.2,3.79,256,258
2025-04-01 06:00:00,2.91,3.4,254,256
2025-04-01 07:00:00,2.6,3.07,247,251
2025-04-01 08:00:00,2.47,3.1,256,255
2025-04-01 09:00:00,2.61,3.42,266,263
2025-04-01 10:00:00,2.5,3.71,270,267
2025-04-01 11:00:00,2.11,3.6,265,272
2025-04-01 12:00:00,2.06,3.04,256,261
2025-04-01 13:00:00,2.28,2.77,255,257
2025-04-01 14:00:00,2.62,2.93,252,262
2025-04-01 15:00:00,2.6,2.53,254,261
2025-04-01 16:00:00,2.22,2.01,262,264
2025-04-01 17:00:00,1.51,1.3,278,274
2025-04-01 18:00:00,0.32,0.36,288,326
2025-04-01 19:00:00,0.5,0.22,180,207
2025-04-01 20:00:00,1.93,1.9,201,198
2025-04-01 21:00:00,2.22,2.06,172,194
2025-04-01 22:00:00,2.55,2.04,169,191
2025-04-01 23:00:00,2.52,2.16,173,193
2025-04-02 00:00:00,2.42,2.09,173,197
2025-04-02 01:00:00,2.22,2.25,172,201
2025-04-02 02:00:00,2.12,1.77,172,227
2025-04-02 03:00:00,2.01,1.7,174,270
2025-04-02 04:00:00,2.0,1.8,177,270
2025-04-02 05:00:00,1.58,2.01,198,243
2025-04-02 06:00:00,1.72,2.36,216,234
2025-04-02 07:00:00,2.02,2.02,213,237
2025-04-02 08:00:00,1.36,1.92,253,261
2025-04-02 09:00:00,1.43,2.04,282,259
2025-04-02 10:00:00,2.16,3.03,304,278
2025-04-02 11:00:00,2.08,3.11,305,276
2025-04-02 12:00:00,1.0,3.4,307,272
2025-04-02 13:00:00,0.98,4.11,66,274
2025-04-02 14:00:00,2.82,3.3,84,268
2025-04-02 15:00:00,2.55,3.32,116,254
2025-04-02 16:00:00,2.1,3.18,115,257
2025-04-02 17:00:00,2.82,3.4,253,268
2025-04-02 18:00:00,3.61,2.0,267,267
2025-04-02 19:00:00,3.2,2.42,272,263
2025-04-02 20:00:00,1.75,2.55,283,259
2025-04-02 21:00:00,2.63,0.92,279,13
2025-04-02 22:00:00,1.88,0.51,295,11
2025-04-02 23:00:00,1.22,0.81,351,30
2025-04-03 00:00:00,1.44,2.1,34,25
2025-04-03 01:00:00,1.89,1.61,58,7
2025-04-03 02:00:00,2.42,1.28,52,309
2025-04-03 03:00:00,2.19,1.28,43,321
2025-04-03 04:00:00,1.97,2.06,24,346
2025-04-03 05:00:00,1.84,2.53,22,342
2025-04-03 06:00:00,1.97,2.82,24,343
2025-04-03 07:00:00,2.42,2.89,30,346
2025-04-03 08:00:00,2.78,2.61,30,356
2025-04-03 09:00:00,2.76,2.34,44,40
2025-04-03 10:00:00,2.91,2.77,49,49
2025-04-03 11:00:00,2.8,2.8,55,55
2025-04-03 12:00:00,2.77,2.59,64,62
2025-04-03 13:00:00,2.56,2.66,69,70
2025-04-03 14:00:00,2.75,2.69,71,75
2025-04-03 15:00:00,2.45,2.32,78,83
2025-04-03 16:00:00,2.06,2.1,104,93
2025-04-03 17:00:00,2.19,2.19,114,114
2025-04-03 18:00:00,1.89,1.94,122,125
2025-04-03 19:00:00,1.39,1.64,150,142
2025-04-03 20:00:00,1.9,1.5,183,176
2025-04-03 21:00:00,2.62,2.28,223,218
2025-04-03 22:00:00,2.62,2.77,230,229
2025-04-03 23:00:00,2.58,2.92,234,239
2025-04-04 00:00:00,2.42,2.75,232,237
2025-04-04 01:00:00,2.5,2.64,233,233
2025-04-04 02:00:00,2.47,2.58,238,234
2025-04-04 03:00:00,2.64,2.64,245,241
2025-04-04 04:00:00,2.85,3.04,252,253
2025-04-04 05:00:00,2.85,2.98,252,256
2025-04-04 06:00:00,2.85,2.75,252,251
2025-04-04 07:00:00,2.85,2.66,252,250
2025-04-04 08:00:00,2.75,3.04,260,261
2025-04-04 09:00:00,2.9,3.51,268,275
2025-04-04 10:00:00,3.3,4.0,272,271
2025-04-04 11:00:00,3.61,4.24,265,262
2025-04-04 12:00:00,3.61,4.32,256,257
2025-04-04 13:00:00,3.64,4.12,254,256
2025-04-04 14:00:00,3.91,4.0,257,257
2025-04-04 15:00:00,3.86,3.77,260,259
2025-04-04 16:00:00,3.57,3.86,259,260
2025-04-04 17:00:00,3.42,3.57,255,259
2025-04-04 18:00:00,3.01,3.1,255,255
2025-04-04 19:00:00,2.01,2.47,243,256
2025-04-04 20:00:00,2.64,2.88,245,250
2025-04-04 21:00:00,2.95,3.32,246,249
2025-04-04 22:00:00,3.38,3.44,251,244
2025-04-04 23:00:00,3.45,3.58,253,247
2025-04-05 00:00:00,3.06,5.22,259,253
2025-04-05 01:00:00,3.57,5.85,252,262
2025-04-05 02:00:00,3.18,5.93,246,264
2025-04-05 03:00:00,3.67,4.1,253,270
2025-04-05 04:00:00,3.26,4.53,252,239
2025-04-05 05:00:00,2.3,2.44,236,251
2025-04-05 06:00:00,2.12,2.04,225,169
2025-04-05 07:00:00,4.78,3.2,196,219
2025-04-05 08:00:00,5.37,4.68,207,222
2025-04-05 09:00:00,4.74,5.64,226,240
2025-04-05 10:00:00,5.49,6.51,213,223
2025-04-05 11:00:00,5.74,6.36,221,233
2025-04-05 12:00:00,6.52,6.55,229,239
2025-04-05 13:00:00,6.88,6.33,234,249
2025-04-05 14:00:00,6.46,5.76,248,253
2025-04-05 15:00:00,5.6,5.64,254,245
2025-04-05 16:00:00,5.17,4.55,255,230
2025-04-05 17:00:00,5.29,3.72,248,234
2025-04-05 18:00:00,5.41,4.49,242,249
2025-04-05 19:00:00,5.63,4.9,237,250
2025-04-05 20:00:00,4.99,5.96,237,247
2025-04-05 21:00:00,4.62,5.32,248,254
2025-04-05 22:00:00,5.02,5.48,247,255
2025-04-05 23:00:00,5.26,6.09,249,256
2025-04-06 00:00:00,6.26,6.36,253,262
2025-04-06 01:00:00,7.45,7.1,258,260
2025-04-06 02:00:00,7.14,7.05,259,263
2025-04-06 03:00:00,6.86,6.81,262,267
2025-04-06 04:00:00,7.13,6.61,265,267
2025-04-06 05:00:00,7.31,6.6,267,269
2025-04-06 06:00:00,7.2,6.2,271,272
2025-04-06 07:00:00,6.63,6.1,275,269
2025-04-06 08:00:00,6.36,5.8,278,269
2025-04-06 09:00:00,6.69,5.7,279,269
2025-04-06 10:00:00,6.69,5.5,279,269
2025-04-06 11:00:00,6.85,5.91,277,266
2025-04-06 12:00:00,6.73,6.36,275,262
2025-04-06 13:00:00,6.0,6.61,268,260
2025-04-06 14:00:00,5.85,6.79,262,261
2025-04-06 15:00:00,6.25,6.96,263,263
2025-04-06 16:00:00,6.55,6.73,263,265
2025-04-06 17:00:00,6.65,6.73,263,265
2025-04-06 18:00:00,6.55,5.93,263,264
2025-04-06 19:00:00,6.23,5.42,264,265
2025-04-06 20:00:00,6.14,5.35,263,262
2025-04-06 21:00:00,5.41,6.64,266,264
2025-04-06 22:00:00,5.33,6.74,264,264
2025-04-06 23:00:00,5.33,6.2,264,268
2025-04-07 00:00:00,5.22,5.51,266,274
2025-04-07 01:00:00,5.11,4.81,267,274
2025-04-07 02:00:00,5.2,4.2,268,271
2025-04-07 03:00:00,5.3,3.6,269,268
2025-04-07 04:00:00,5.1,3.22,268,263
2025-04-07 05:00:00,4.9,2.89,268,256
2025-04-07 06:00:00,4.5,2.79,267,249
2025-04-07 07:00:00,4.3,2.6,267,247
2025-04-07 08:00:00,4.3,2.73,267,262
2025-04-07 09:00:00,4.3,3.71,270,267
2025-04-07 10:00:00,4.5,4.1,271,267
2025-04-07 11:00:00,4.6,4.32,271,265
2025-04-07 12:00:00,4.7,4.54,269,262
2025-04-07 13:00:00,4.8,4.75,268,262
2025-04-07 14:00:00,4.94,4.96,263,261
2025-04-07 15:00:00,5.1,5.32,259,258
2025-04-07 16:00:00,5.07,5.36,255,256
2025-04-07 17:00:00,5.22,5.32,253,254
2025-04-07 18:00:00,5.28,5.35,251,253
2025-04-07 19:00:00,5.85,5.69,250,252
2025-04-07 20:00:00,5.95,6.65,250,254
2025-04-07 21:00:00,5.15,6.32,246,252
2025-04-07 22:00:00,6.41,6.2,236,249
2025-04-07 23:00:00,8.34,6.48,240,250
2025-04-08 00:00:00,10.75,6.83,247,252
2025-04-08 01:00:00,11.64,7.09,251,254
2025-04-08 02:00:00,11.2,7.56,250,252
2025-04-08 03:00:00,10.06,7.94,251,253
2025-04-08 04:00:00,9.05,8.25,254,256
2025-04-08 05:00:00,8.3,7.55,257,259
2025-04-08 06:00:00,8.15,6.75,264,263
2025-04-08 07:00:00,7.61,6.11,272,267
2025-04-08 08:00:00,6.96,5.7,277,270
2025-04-08 09:00:00,6.55,6.35,277,277
2025-04-08 10:00:00,6.77,6.04,278,277
2025-04-08 11:00:00,6.99,5.67,279,279
2025-04-08 12:00:00,6.89,5.39,279,281
2025-04-08 13:00:00,6.79,5.2,279,281
2025-04-08 14:00:00,6.41,5.18,281,280
2025-04-08 15:00:00,5.38,5.06,288,279
2025-04-08 16:00:00,4.24,4.49,289,282
2025-04-08 17:00:00,2.86,3.1,295,285
2025-04-08 18:00:00,0.92,1.5,311,274
2025-04-08 19:00:00,1.1,0.36,85,146
2025-04-08 20:00:00,1.49,1.84,138,221
2025-04-08 21:00:00,0.45,1.84,117,209
2025-04-08 22:00:00,1.0,2.09,96,253
2025-04-08 23:00:00,1.9,1.84,183,241
2025-04-09 00:00:00,2.6,1.56,203,225
2025-04-09 01:00:00,1.79,1.7,207,225
2025-04-09 02:00:00,0.41,1.78,194,232
2025-04-09 03:00:00,1.6,2.08,176,235
2025-04-09 04:00:00,2.51,2.36,185,216
2025-04-09 05:00:00,3.14,2.38,171,202
2025-04-09 06:00:00,2.92,2.72,158,197
2025-04-09 07:00:00,3.05,2.34,157,200
2025-04-09 08:00:00,2.62,1.1,162,175
2025-04-09 09:00:00,3.47,2.09,168,163
2025-04-09 10:00:00,3.69,2.24,167,170
2025-04-09 11:00:00,3.71,2.01,183,207
2025-04-09 12:00:00,3.64,2.64,196,233
2025-04-09 13:00:00,3.86,2.83,217,238
2025-04-09 14:00:00,3.94,2.73,234,242
2025-04-09 15:00:00,3.48,3.73,219,250
2025-04-09 16:00:00,3.4,3.49,223,246
2025-04-09 17:00:00,3.74,3.36,236,247
2025-04-09 18:00:00,3.13,2.42,243,246
2025-04-09 19:00:00,1.9,1.58,267,235
2025-04-09 20:00:00,3.23,2.36,286,234
2025-04-09 21:00:00,2.02,2.43,213,279
2025-04-09 22:00:00,2.05,3.36,223,293
2025-04-09 23:00:00,2.12,1.73,225,260
2025-04-10 00:00:00,1.92,1.92,231,242
2025-04-10 01:00:00,2.44,2.2,251,231
2025-04-10 02:00:00,2.62,2.95,252,242
2025-04-10 03:00:00,2.12,3.22,251,244
2025-04-10 04:00:00,1.66,2.37,245,242
2025-04-10 05:00:00,1.33,1.44,257,236
2025-04-10 06:00:00,1.65,1.89,256,212
2025-04-10 07:00:00,1.8,1.32,251,171
2025-04-10 08:00:00,1.4,1.32,270,81
2025-04-10 09:00:00,3.42,2.01,263,84
2025-04-10 10:00:00,3.6,2.61,270,86
2025-04-10 11:00:00,3.8,2.52,270,83
2025-04-10 12:00:00,4.11,2.9,274,90
2025-04-10 13:00:00,4.22,2.63,275,81
2025-04-10 14:00:00,4.01,2.6,274,74
2025-04-10 15:00:00,3.13,3.04,277,81
2025-04-10 16:00:00,2.24,2.91,280,86
2025-04-10 17:00:00,0.72,2.71,304,86
2025-04-10 18:00:00,0.92,2.3,77,92
2025-04-10 19:00:00,1.03,2.35,151,102
2025-04-10 20:00:00,1.61,2.35,187,102
2025-04-10 21:00:00,2.33,0.81,260,210
2025-04-10 22:00:00,2.45,1.6,258,266
2025-04-10 23:00:00,2.5,1.43,254,282
2025-04-11 00:00:00,2.31,2.01,252,276
2025-04-11 01:00:00,2.26,2.31,257,275
2025-04-11 02:00:00,2.26,2.26,257,257
2025-04-11 03:00:00,2.47,2.25,256,249
2025-04-11 04:00:00,2.67,2.15,257,248
2025-04-11 05:00:00,2.77,1.77,257,254
2025-04-11 06:00:00,2.69,1.61,255,263
2025-04-11 07:00:00,2.6,1.41,254,278
2025-04-11 08:00:00,2.24,1.0,260,276
2025-04-11 09:00:00,2.45,1.3,282,67
2025-04-11 10:00:00,2.06,2.02,293,70
2025-04-11 11:00:00,1.93,2.28,291,75
2025-04-11 12:00:00,1.7,2.43,273,81
2025-04-11 13:00:00,1.32,2.31,261,85
2025-04-11 14:00:00,0.8,2.4,270,88
2025-04-11 15:00:00,0.22,2.82,333,84
2025-04-11 16:00:00,0.7,3.1,270,92
2025-04-11 17:00:00,1.46,2.68,254,117
2025-04-11 18:00:00,1.21,2.05,246,137
2025-04-11 19:00:00,1.98,2.01,221,153
2025-04-11 20:00:00,2.37,2.21,208,175
2025-04-11 21:00:00,2.51,3.16,203,198
2025-04-11 22:00:00,3.05,3.85,203,208
2025-04-11 23:00:00,2.94,4.07,198,208
2025-04-12 00:00:00,3.26,3.3,198,215
2025-04-12 01:00:00,3.58,3.34,207,219
2025-04-12 02:00:00,2.77,3.05,193,212
2025-04-12 03:00:00,2.53,3.45,189,197
2025-04-12 04:00:00,2.21,4.03,175,187
2025-04-12 05:00:00,2.91,4.4,184,183
2025-04-12 06:00:00,3.52,4.31,173,184
2025-04-12 07:00:00,4.32,5.0,167,178
2025-04-12 08:00:00,4.93,5.25,162,172
2025-04-12 09:00:00,5.28,6.12,153,169
2025-04-12 10:00:00,5.46,6.05,145,158
2025-04-12 11:00:00,5.77,6.43,152,159
2025-04-12 12:00:00,5.41,6.85,161,151
2025-04-12 13:00:00,5.79,6.71,159,160
2025-04-12 14:00:00,5.28,6.15,151,158
2025-04-12 15:00:00,5.28,5.61,155,158
2025-04-12 16:00:00,4.39,4.98,137,170
2025-04-12 17:00:00,5.15,6.63,151,169
2025-04-12 18:00:00,5.59,7.19,156,148
2025-04-12 19:00:00,5.94,8.81,147,141
2025-04-12 20:00:00,6.59,9.28,131,143
2025-04-12 21:00:00,6.58,8.1,137,162
2025-04-12 22:00:00,7.78,6.81,136,183
2025-04-12 23:00:00,8.16,8.13,139,254
2025-04-13 00:00:00,7.53,9.11,140,261
2025-04-13 01:00:00,6.17,8.87,155,263
2025-04-13 02:00:00,5.62,7.84,219,259
2025-04-13 03:00:00,8.43,7.08,265,251
2025-04-13 04:00:00,9.03,6.63,266,247
2025-04-13 05:00:00,9.19,6.05,262,239
2025-04-13 06:00:00,8.2,5.44,257,234
2025-04-13 07:00:00,7.68,5.83,252,231
2025-04-13 08:00:00,7.47,6.48,250,232
2025-04-13 09:00:00,8.81,7.75,255,240
2025-04-13 10:00:00,8.3,8.75,248,239
2025-04-13 11:00:00,8.36,8.29,242,236
2025-04-13 12:00:00,8.45,8.49,243,238
2025-04-13 13:00:00,8.1,8.7,243,240
2025-04-13 14:00:00,7.69,8.83,242,239
2025-04-13 15:00:00,7.43,7.66,241,237
2025-04-13 16:00:00,6.86,6.38,239,235
2025-04-13 17:00:00,6.19,5.88,239,235
2025-04-13 18:00:00,5.95,5.5,241,245
2025-04-13 19:00:00,6.48,5.64,243,245
2025-04-13 20:00:00,7.56,7.72,244,239
2025-04-13 21:00:00,8.12,5.86,248,243
2025-04-13 22:00:00,8.02,8.07,247,236
2025-04-13 23:00:00,7.84,6.9,247,240
2025-04-14 00:00:00,7.29,7.13,245,239
2025-04-14 01:00:00,6.35,7.1,242,235
2025-04-14 02:00:00,5.49,7.31,237,240
2025-04-14 03:00:00,5.4,7.51,231,243
2025-04-14 04:00:00,5.59,8.01,227,242
2025-04-14 05:00:00,5.38,6.46,223,235
2025-04-14 06:00:00,4.68,5.46,222,229
2025-04-14 07:00:00,4.53,5.23,223,223
2025-04-14 08:00:00,5.33,5.52,230,228
2025-04-14 09:00:00,3.94,4.92,234,241
2025-04-14 10:00:00,3.41,3.8,220,235
2025-04-14 11:00:00,4.03,2.9,226,224
2025-04-14 12:00:00,3.82,2.2,225,180
2025-04-14 13:00:00,3.38,0.76,236,157
2025-04-14 14:00:00,1.84,2.38,229,75
2025-04-14 15:00:00,1.03,3.14,241,68
2025-04-14 16:00:00,2.7,3.86,129,53
2025-04-14 17:00:00,1.63,4.05,227,57
2025-04-14 18:00:00,1.04,3.53,343,65
2025-04-14 19:00:00,1.63,3.55,43,40
2025-04-14 20:00:00,3.05,3.14,67,22
2025-04-14 21:00:00,1.48,2.91,28,63
2025-04-14 22:00:00,2.76,3.97,46,49
2025-04-14 23:00:00,3.75,4.26,44,39
2025-04-15 00:00:00,3.69,4.16,33,35
2025-04-15 01:00:00,3.76,3.4,17,14
2025-04-15 02:00:00,3.85,3.85,9,351
2025-04-15 03:00:00,4.33,3.72,7,336
2025-04-15 04:00:00,3.52,3.36,345,323
2025-04-15 05:00:00,3.9,2.83,337,302
2025-04-15 06:00:00,3.98,2.8,321,270
2025-04-15 07:00:00,3.69,5.0,311,272
2025-04-15 08:00:00,4.07,5.76,298,278
2025-04-15 09:00:00,5.71,5.61,281,281
2025-04-15 10:00:00,5.92,5.31,282,290
2025-04-15 11:00:00,5.6,5.42,286,300
2025-04-15 12:00:00,5.57,5.48,291,291
2025-04-15 13:00:00,5.82,5.89,286,285
2025-04-15 14:00:00,5.94,6.06,283,283
2025-04-15 15:00:00,6.02,6.1,281,280
2025-04-15 16:00:00,5.89,6.13,280,276
2025-04-15 17:00:00,5.66,6.02,278,275
2025-04-15 18:00:00,5.33,5.81,276,274
2025-04-15 19:00:00,5.1,5.8,270,271
2025-04-15 20:00:00,5.61,6.0,267,269
2025-04-15 21:00:00,6.01,5.91,267,266
2025-04-15 22:00:00,5.71,5.72,267,265
2025-04-15 23:00:00,5.51,5.32,267,265
2025-04-16 00:00:00,5.2,5.04,268,263
2025-04-16 01:00:00,4.81,4.63,266,264
2025-04-16 02:00:00,4.51,4.53,266,264
2025-04-16 03:00:00,4.62,4.63,265,264
2025-04-16 04:00:00,4.42,4.94,265,263
2025-04-16 05:00:00,4.32,4.82,265,265
2025-04-16 06:00:00,4.12,4.42,264,265
2025-04-16 07:00:00,4.31,4.64,266,263
2025-04-16 08:00:00,4.6,4.72,272,265
2025-04-16 09:00:00,4.2,5.5,271,272
2025-04-16 10:00:00,4.0,5.6,273,271
2025-04-16 11:00:00,3.44,5.6,278,271
2025-04-16 12:00:00,3.24,5.4,279,271
2025-04-16 13:00:00,3.2,5.3,268,271
2025-04-16 14:00:00,3.67,5.3,259,271
2025-04-16 15:00:00,4.63,5.32,256,266
2025-04-16 16:00:00,5.07,5.06,255,261
2025-04-16 17:00:00,5.15,4.79,252,259
2025-04-16 18:00:00,4.94,4.37,249,254
2025-04-16 19:00:00,5.59,3.77,246,248
2025-04-16 20:00:00,5.85,4.02,250,243
2025-04-16 21:00:00,5.42,4.97,247,245
2025-04-16 22:00:00,5.23,5.63,244,250
2025-04-16 23:00:00,5.91,5.16,242,248
2025-04-17 00:00:00,6.18,5.02,241,247
2025-04-17 01:00:00,6.82,4.3,248,239
2025-04-17 02:00:00,5.28,3.97,243,236
2025-04-17 03:00:00,5.27,3.83,237,237
2025-04-17 04:00:00,5.48,4.8,232,239
2025-04-17 05:00:00,5.89,5.22,230,238
2025-04-17 06:00:00,5.7,5.02,232,235
2025-04-17 07:00:00,5.38,4.66,235,235
2025-04-17 08:00:00,5.27,4.6,237,236
2025-04-17 09:00:00,5.47,5.47,252,239
2025-04-17 10:00:00,5.41,5.41,251,236
2025-04-17 11:00:00,5.37,5.66,246,238
2025-04-17 12:00:00,5.41,5.58,242,237
2025-04-17 13:00:00,5.42,5.82,240,235
2025-04-17 14:00:00,5.27,5.77,237,236
2025-04-17 15:00:00,5.22,5.55,238,236
2025-04-17 16:00:00,5.1,5.22,235,234
2025-04-17 17:00:00,4.94,4.72,234,234
2025-04-17 18:00:00,4.99,3.98,237,231
2025-04-17 19:00:00,4.18,3.34,228,231
2025-04-17 20:00:00,4.9,3.78,231,233
2025-04-17 21:00:00,5.17,4.83,223,230
2025-04-17 22:00:00,6.16,7.21,234,241
2025-04-17 23:00:00,7.03,5.24,240,222
2025-04-18 00:00:00,7.83,5.3,245,234
2025-04-18 01:00:00,7.97,6.24,246,238
2025-04-18 02:00:00,7.95,5.99,249,242
2025-04-18 03:00:00,8.03,5.41,251,245
2025-04-18 04:00:00,8.16,5.48,253,249
2025-04-18 05:00:00,8.04,5.82,253,251
2025-04-18 06:00:00,8.16,6.87,253,249
2025-04-18 07:00:00,8.59,7.67,255,255
2025-04-18 08:00:00,8.49,7.86,258,255
2025-04-18 09:00:00,7.57,7.32,262,256
2025-04-18 10:00:00,6.77,6.84,262,258
2025-04-18 11:00:00,6.52,6.48,266,261
2025-04-18 12:00:00,6.7,6.87,268,262
2025-04-18 13:00:00,6.81,7.13,273,265
2025-04-18 14:00:00,6.42,7.31,274,268
2025-04-18 15:00:00,6.23,7.3,276,268
2025-04-18 16:00:00,5.43,7.0,276,271
2025-04-18 17:00:00,4.81,6.5,274,270
2025-04-18 18:00:00,3.91,5.9,267,272
2025-04-18 19:00:00,3.47,5.22,258,274
2025-04-18 20:00:00,3.86,4.51,253,274
2025-04-18 21:00:00,4.08,4.08,253,259
2025-04-18 22:00:00,3.49,3.51,246,250
2025-04-18 23:00:00,3.38,3.01,251,249
2025-04-19 00:00:00,3.2,2.66,250,250
2025-04-19 01:00:00,2.79,2.39,249,237
2025-04-19 02:00:00,2.82,2.1,247,245
2025-04-19 03:00:00,2.86,2.4,245,253
2025-04-19 04:00:00,3.32,2.15,249,242
2025-04-19 05:00:00,3.38,2.13,251,229
2025-04-19 06:00:00,3.13,2.06,243,219
2025-04-19 07:00:00,3.81,1.84,240,221
2025-04-19 08:00:00,4.48,1.75,246,204
2025-04-19 09:00:00,6.08,3.96,243,249
2025-04-19 10:00:00,6.13,4.49,242,249
2025-04-19 11:00:00,5.99,4.94,244,249
2025-04-19 12:00:00,5.99,5.15,244,246
2025-04-19 13:00:00,5.86,4.97,243,240
2025-04-19 14:00:00,5.41,5.24,236,241
2025-04-19 15:00:00,5.48,5.55,232,244
2025-04-19 16:00:00,5.58,4.92,234,241
2025-04-19 17:00:00,5.41,4.47,236,243
2025-04-19 18:00:00,4.37,3.71,250,243
2025-04-19 19:00:00,4.51,4.12,283,231
2025-04-19 20:00:00,5.92,5.94,258,226
2025-04-19 21:00:00,5.15,4.83,262,257
2025-04-19 22:00:00,4.74,5.61,263,274
2025-04-19 23:00:00,4.28,5.67,259,261
2025-04-20 00:00:00,4.02,4.96,264,261
2025-04-20 01:00:00,3.5,4.82,272,265
2025-04-20 02:00:00,3.0,4.5,270,269
2025-04-20 03:00:00,2.55,4.04,281,279
2025-04-20 04:00:00,2.16,3.52,283,277
2025-04-20 05:00:00,1.52,2.69,293,285
2025-04-20 06:00:00,0.71,1.84,315,292
2025-04-20 07:00:00,1.06,0.95,41,342
2025-04-20 08:00:00,1.97,1.39,66,30
2025-04-20 09:00:00,2.4,2.02,73,57
2025-04-20 10:00:00,2.16,2.25,77,69
2025-04-20 11:00:00,1.6,2.04,86,79
2025-04-20 12:00:00,1.4,1.9,86,72
2025-04-20 13:00:00,1.43,2.38,78,75
2025-04-20 14:00:00,2.14,2.63,79,81
2025-04-20 15:00:00,2.21,2.5,85,90
2025-04-20 16:00:00,2.42,2.61,97,94
2025-04-20 17:00:00,2.28,2.52,105,97
2025-04-20 18:00:00,1.84,2.09,119,107
2025-04-20 19:00:00,1.66,1.64,155,142
2025-04-20 20:00:00,1.84,1.84,193,158
2025-04-20 21:00:00,1.26,2.04,198,169
2025-04-20 22:00:00,2.62,2.21,223,185
2025-04-20 23:00:00,2.13,2.33,221,211
2025-04-21 00:00:00,2.2,2.5,219,217
2025-04-21 01:00:00,1.42,2.14,219,217
2025-04-21 02:00:00,0.32,1.32,252,279
2025-04-21 03:00:00,0.71,0.85,8,315
2025-04-21 04:00:00,1.1,0.91,95,186
2025-04-21 05:00:00,2.91,2.09,153,197
2025-04-21 06:00:00,3.08,2.7,144,180
2025-04-21 07:00:00,2.97,2.63,135,171
2025-04-21 08:00:00,3.61,1.99,138,162
2025-04-21 09:00:00,3.68,2.24,137,153
2025-04-21 10:00:00,3.98,2.5,141,164
2025-04-21 11:00:00,4.03,2.93,150,172
2025-04-21 12:00:00,3.96,3.03,164,188
2025-04-21 13:00:00,3.62,3.26,174,198
2025-04-21 14:00:00,3.5,3.49,178,204
2025-04-21 15:00:00,3.32,3.61,187,214
2025-04-21 16:00:00,3.04,3.55,197,220
2025-04-21 17:00:00,2.69,3.26,202,220
2025-04-21 18:00:00,2.34,3.18,200,224
2025-04-21 19:00:00,2.25,3.62,201,231
2025-04-21 20:00:00,2.79,4.53,201,229
2025-04-21 21:00:00,3.19,3.49,212,207
2025-04-21 22:00:00,3.42,3.7,218,218
2025-04-21 23:00:00,3.61,3.96,222,225
2025-04-22 00:00:00,3.54,4.34,225,232
2025-04-22 01:00:00,3.61,4.8,228,234
2025-04-22 02:00:00,3.2,5.27,231,237
2025-04-22 03:00:00,2.83,5.94,222,234
2025-04-22 04:00:00,3.11,5.56,222,232
2025-04-22 05:00:00,3.04,5.23,226,225
2025-04-22 06:00:00,3.54,5.67,225,221
2025-04-22 07:00:00,3.68,6.44,225,216
2025-04-22 08:00:00,3.55,7.57,220,214
2025-04-22 09:00:00,3.91,3.58,220,216
2025-04-22 10:00:00,4.24,4.1,225,214
2025-04-22 11:00:00,5.02,4.77,224,213
2025-04-22 12:00:00,5.26,4.92,219,209
2025-04-22 13:00:00,5.56,5.16,218,212
2025-04-22 14:00:00,5.8,4.35,212,203
2025-04-22 15:00:00,6.89,4.43,208,186
2025-04-22 16:00:00,5.87,4.52,210,185
2025-04-22 17:00:00,5.75,4.11,211,176
2025-04-22 18:00:00,5.13,3.83,213,195
2025-04-22 19:00:00,4.08,3.79,211,192
2025-04-22 20:00:00,2.4,2.1,197,183
2025-04-22 21:00:00,1.44,1.93,56,111
2025-04-22 22:00:00,1.51,1.33,8,103
2025-04-22 23:00:00,3.01,1.14,345,38
2025-04-23 00:00:00,3.57,1.9,342,342
2025-04-23 01:00:00,3.83,2.56,345,339
2025-04-23 02:00:00,3.81,3.16,355,342
2025-04-23 03:00:00,3.7,3.18,358,347
2025-04-23 04:00:00,3.3,3.01,2,356
2025-04-23 05:00:00,3.2,3.1,2,360
2025-04-23 06:00:00,3.21,3.2,5,2
2025-04-23 07:00:00,2.94,3.3,10,2
2025-04-23 08:00:00,2.94,3.3,10,2
2025-04-23 09:00:00,2.78,2.91,30,16
2025-04-23 10:00:00,2.92,3.45,31,10
2025-04-23 11:00:00,2.8,3.49,35,13
2025-04-23 12:00:00,2.7,3.45,39,17
2025-04-23 13:00:00,2.52,3.27,56,23
2025-04-23 14:00:00,2.15,2.87,62,29
2025-04-23 15:00:00,1.64,2.47,52,32
2025-04-23 16:00:00,1.14,1.86,52,36
2025-04-23 17:00:00,0.95,1.22,72,35
2025-04-23 18:00:00,0.36,0.45,124,63
2025-04-23 19:00:00,1.44,0.32,214,18
2025-04-23 20:00:00,2.56,1.34,249,297
2025-04-23 21:00:00,2.92,3.26,239,252
2025-04-23 22:00:00,3.76,3.71,245,256
2025-04-23 23:00:00,4.08,4.0,253,257
2025-04-24 00:00:00,4.12,4.46,256,261
2025-04-24 01:00:00,3.83,4.61,255,266
2025-04-24 02:00:00,4.2,4.6,258,270
2025-04-24 03:00:00,4.36,4.5,261,270
2025-04-24 04:00:00,4.33,4.3,263,269
2025-04-24 05:00:00,4.04,4.0,261,267
2025-04-24 06:00:00,4.14,3.32,262,263
2025-04-24 07:00:00,3.73,2.83,262,262
2025-04-24 08:00:00,4.2,3.21,269,266
2025-04-24 09:00:00,5.26,3.81,261,265
2025-04-24 10:00:00,5.97,3.98,256,258
2025-04-24 11:00:00,6.26,4.95,257,256
2025-04-24 12:00:00,7.12,5.82,259,258
2025-04-24 13:00:00,7.48,6.33,262,258
2025-04-24 14:00:00,7.27,6.59,262,260
2025-04-24 15:00:00,7.28,7.0,261,260
2025-04-24 16:00:00,7.18,7.12,261,259
2025-04-24 17:00:00,7.28,7.12,261,259
2025-04-24 18:00:00,7.3,7.1,261,260
2025-04-24 19:00:00,7.28,7.2,261,260
2025-04-24 20:00:00,7.67,7.27,263,262
2025-04-24 21:00:00,7.26,8.03,263,265
2025-04-24 22:00:00,7.73,8.2,265,271
2025-04-24 23:00:00,7.81,8.32,267,273
2025-04-25 00:00:00,7.6,8.13,270,275
2025-04-25 01:00:00,7.31,7.18,273,279
2025-04-25 02:00:00,6.84,6.35,276,277
2025-04-25 03:00:00,6.08,6.09,279,284
2025-04-25 04:00:00,5.24,5.39,283,285
2025-04-25 05:00:00,4.44,4.83,284,283
2025-04-25 06:00:00,4.11,4.69,288,281
2025-04-25 07:00:00,4.27,5.18,291,280
2025-04-25 08:00:00,4.52,5.87,288,279
2025-04-25 09:00:00,4.69,5.61,281,273
2025-04-25 10:00:00,5.05,6.2,278,271
2025-04-25 11:00:00,5.53,6.91,276,272
2025-04-25 12:00:00,5.72,7.21,275,272
2025-04-25 13:00:00,5.8,7.2,272,272
2025-04-25 14:00:00,6.1,7.2,271,272
2025-04-25 15:00:00,6.2,7.0,271,271
2025-04-25 16:00:00,6.2,6.8,271,270
2025-04-25 17:00:00,6.1,6.6,270,268
2025-04-25 18:00:00,6.1,6.51,270,267
2025-04-25 19:00:00,6.1,6.3,270,269
2025-04-25 20:00:00,6.4,6.2,271,272
2025-04-25 21:00:00,6.61,6.51,273,273
2025-04-25 22:00:00,6.62,6.21,274,273
2025-04-25 23:00:00,5.87,5.81,279,274
2025-04-26 00:00:00,5.08,5.42,280,275
2025-04-26 01:00:00,4.65,5.14,279,277
2025-04-26 02:00:00,4.53,4.93,276,276
2025-04-26 03:00:00,4.93,4.82,276,275
2025-04-26 04:00:00,5.04,4.62,277,275
2025-04-26 05:00:00,4.64,4.31,277,274
2025-04-26 06:00:00,4.21,4.0,274,273
2025-04-26 07:00:00,4.4,3.81,273,273
2025-04-26 08:00:00,4.42,4.3,275,273
2025-04-26 09:00:00,4.8,4.93,271,276
2025-04-26 10:00:00,5.91,5.02,266,276
2025-04-26 11:00:00,6.25,4.96,263,279
2025-04-26 12:00:00,6.1,5.22,260,282
2025-04-26 13:00:00,6.33,5.76,258,278
2025-04-26 14:00:00,6.73,5.73,259,276
2025-04-26 15:00:00,7.17,5.71,262,273
2025-04-26 16:00:00,7.55,6.0,263,270
2025-04-26 17:00:00,7.73,6.1,265,268
2025-04-26 18:00:00,7.95,6.54,264,264
2025-04-26 19:00:00,7.57,6.74,262,264
2025-04-26 20:00:00,7.27,6.31,262,267
2025-04-26 21:00:00,7.37,6.73,262,265
2025-04-26 22:00:00,7.45,6.72,263,266
2025-04-26 23:00:00,7.36,6.62,263,266
2025-04-27 00:00:00,7.38,6.63,261,265
2025-04-27 01:00:00,6.91,6.54,260,264
2025-04-27 02:00:00,7.43,6.17,259,262
2025-04-27 03:00:00,7.4,6.56,257,262
2025-04-27 04:00:00,7.2,6.83,256,265
2025-04-27 05:00:00,7.25,6.91,255,268
2025-04-27 06:00:00,6.74,7.21,252,268
2025-04-27 07:00:00,5.7,7.42,248,265
2025-04-27 08:00:00,6.26,6.95,245,263
2025-04-27 09:00:00,6.67,5.8,246,255
2025-04-27 10:00:00,6.93,6.09,252,256
2025-04-27 11:00:00,6.96,6.14,252,251
2025-04-27 12:00:00,7.31,6.58,253,253
2025-04-27 13:00:00,7.31,6.8,253,253
2025-04-27 14:00:00,7.79,6.93,254,252
2025-04-27 15:00:00,7.71,7.12,257,253
2025-04-27 16:00:00,7.62,6.68,256,253
2025-04-27 17:00:00,7.42,6.2,256,249
2025-04-27 18:00:00,7.25,5.63,255,250
2025-04-27 19:00:00,7.31,5.22,253,250
2025-04-27 20:00:00,8.21,5.11,248,247
2025-04-27 21:00:00,7.47,7.24,250,250
2025-04-27 22:00:00,8.1,8.06,254,259
2025-04-27 23:00:00,8.6,8.55,261,259
2025-04-28 00:00:00,8.39,8.35,262,259
2025-04-28 01:00:00,7.57,6.71,262,260
2025-04-28 02:00:00,6.62,5.22,266,265
2025-04-28 03:00:00,6.0,4.6,271,272
2025-04-28 04:00:00,5.45,4.14,277,278
2025-04-28 05:00:00,4.95,4.03,284,277
2025-04-28 06:00:00,4.18,3.62,281,276
2025-04-28 07:00:00,4.0,3.42,283,285
2025-04-28 08:00:00,4.1,3.09,283,295
2025-04-28 09:00:00,3.86,4.07,280,295
2025-04-28 10:00:00,4.22,4.73,275,283
2025-04-28 11:00:00,5.4,5.73,269,286
2025-04-28 12:00:00,6.51,6.04,266,286
2025-04-28 13:00:00,7.1,6.02,272,285
2025-04-28 14:00:00,6.38,5.82,279,282
2025-04-28 15:00:00,5.76,5.79,287,280
2025-04-28 16:00:00,4.62,5.49,292,280
2025-04-28 17:00:00,3.44,4.18,296,287
2025-04-28 18:00:00,1.63,2.91,317,297
2025-04-28 19:00:00,0.58,0.86,31,324
2025-04-28 20:00:00,0.85,0.63,159,72
2025-04-28 21:00:00,2.95,0.51,336,259
2025-04-28 22:00:00,3.24,1.33,326,283
2025-04-28 23:00:00,3.2,2.11,321,265
2025-04-29 00:00:00,2.56,2.5,321,254
2025-04-29 01:00:00,2.36,2.38,306,248
2025-04-29 02:00:00,2.43,2.47,279,249
2025-04-29 03:00:00,2.51,2.42,265,246
2025-04-29 04:00:00,2.5,2.34,270,250
2025-04-29 05:00:00,2.8,2.19,270,246
2025-04-29 06:00:00,2.92,2.19,264,246
2025-04-29 07:00:00,3.2,1.99,270,252
2025-04-29 08:00:00,3.93,2.3,285,268
2025-04-29 09:00:00,4.18,4.37,281,281
2025-04-29 10:00:00,4.4,4.73,287,283
2025-04-29 11:00:00,4.52,4.78,288,286
2025-04-29 12:00:00,4.63,4.95,284,284
2025-04-29 13:00:00,4.69,5.0,281,286
2025-04-29 14:00:00,4.64,4.92,277,283
2025-04-29 15:00:00,4.51,5.15,274,278
2025-04-29 16:00:00,4.5,4.91,269,274
2025-04-29 17:00:00,4.23,4.6,263,268
2025-04-29 18:00:00,4.0,4.36,257,261
2025-04-29 19:00:00,4.18,4.32,253,257
2025-04-29 20:00:00,4.54,4.63,256,256
2025-04-29 21:00:00,4.85,4.36,256,261
2025-04-29 22:00:00,5.29,4.2,255,258
2025-04-29 23:00:00,6.04,4.24,254,255
2025-04-30 00:00:00,5.7,4.75,255,255
2025-04-30 01:00:00,5.48,5.57,255,252
2025-04-30 02:00:00,5.36,5.79,256,252
2025-04-30 03:00:00,5.22,5.57,253,252
2025-04-30 04:00:00,5.28,5.15,251,252
2025-04-30 05:00:00,5.44,4.93,250,252
2025-04-30 06:00:00,5.69,4.78,252,250
2025-04-30 07:00:00,5.69,5.28,252,251
2025-04-30 08:00:00,5.95,5.73,253,254
2025-04-30 09:00:00,6.31,6.02,255,259
2025-04-30 10:00:00,6.41,6.38,259,256
2025-04-30 11:00:00,6.43,6.69,258,256
2025-04-30 12:00:00,6.36,6.79,254,256
2025-04-30 13:00:00,6.04,6.48,251,253
2025-04-30 14:00:00,5.74,6.11,247,249
2025-04-30 15:00:00,5.28,5.95,245,245
2025-04-30 16:00:00,4.7,5.37,243,243
2025-04-30 17:00:00,4.02,4.66,235,239
2025-04-30 18:00:00,3.4,3.88,223,235
2025-04-30 19:00:00,3.02,3.75,214,228
2025-04-30 20:00:00,3.94,3.7,210,218
2025-04-30 21:00:00,4.85,4.99,212,213
2025-04-30 22:00:00,4.72,5.06,216,218
2025-04-30 23:00:00,4.41,5.0,213,217
2025-05-01 00:00:00,4.43,5.22,208,216
2025-05-01 01:00:00,5.1,5.42,208,218
2025-05-01 02:00:00,5.97,5.58,211,216
2025-05-01 03:00:00,6.71,5.55,213,214
2025-05-01 04:00:00,6.8,5.69,213,214
2025-05-01 05:00:00,6.72,5.82,210,215
2025-05-01 06:00:00,6.4,6.07,207,213
2025-05-01 07:00:00,6.72,6.66,210,213
2025-05-01 08:00:00,7.57,6.9,214,210
2025-05-01 09:00:00,7.52,6.17,209,207
2025-05-01 10:00:00,6.4,6.57,205,206
2025-05-01 11:00:00,6.66,6.46,208,202
2025-05-01 12:00:00,6.66,6.76,208,209
2025-05-01 13:00:00,6.84,6.33,207,211
2025-05-01 14:00:00,7.47,6.52,205,216
2025-05-01 15:00:00,7.3,5.23,216,227
2025-05-01 16:00:00,7.38,5.38,221,227
2025-05-01 17:00:00,6.67,5.36,220,217
2025-05-01 18:00:00,5.46,4.55,235,230
2025-05-01 19:00:00,5.38,3.76,252,241
2025-05-01 20:00:00,4.93,4.07,252,242
2025-05-01 21:00:00,5.59,5.33,260,247
2025-05-01 22:00:00,5.89,5.78,260,247
2025-05-01 23:00:00,7.43,7.24,259,252
2025-05-02 00:00:00,7.33,7.45,259,258
2025-05-02 01:00:00,6.97,7.59,262,257
2025-05-02 02:00:00,6.35,8.24,263,260
2025-05-02 03:00:00,6.65,8.67,263,263
2025-05-02 04:00:00,7.33,8.21,265,268
2025-05-02 05:00:00,7.11,7.24,267,264
2025-05-02 06:00:00,7.1,7.02,271,266
2025-05-02 07:00:00,7.41,6.9,273,268
2025-05-02 08:00:00,7.98,7.7,278,269
2025-05-02 09:00:00,7.71,7.14,280,281
2025-05-02 10:00:00,7.59,7.26,283,282
2025-05-02 11:00:00,7.43,6.99,287,283
2025-05-02 12:00:00,6.86,6.24,289,282
2025-05-02 13:00:00,6.29,5.77,288,279
2025-05-02 14:00:00,6.24,5.62,282,275
2025-05-02 15:00:00,5.9,5.3,281,271
2025-05-02 16:00:00,5.56,5.0,278,268
2025-05-02 17:00:00,5.12,4.74,276,263
2025-05-02 18:00:00,4.7,5.43,271,264
2025-05-02 19:00:00,5.1,5.63,271,264
2025-05-02 20:00:00,6.21,5.05,267,262
2025-05-02 21:00:00,5.32,6.84,266,264
2025-05-02 22:00:00,5.04,6.01,263,267
2025-05-02 23:00:00,5.23,6.15,263,263
2025-05-03 00:00:00,5.35,5.79,262,260
2025-05-03 01:00:00,5.26,4.36,261,261
2025-05-03 02:00:00,5.33,3.45,264,260
2025-05-03 03:00:00,4.6,3.61,269,267
2025-05-03 04:00:00,4.0,3.42,269,255
2025-05-03 05:00:00,3.83,2.65,255,259
2025-05-03 06:00:00,3.32,2.12,263,251
2025-05-03 07:00:00,3.05,3.32,247,254
2025-05-03 08:00:00,3.58,3.81,243,247
2025-05-03 09:00:00,2.22,3.88,234,258
2025-05-03 10:00:00,3.5,4.12,233,247
2025-05-03 11:00:00,4.63,4.74,237,252
2025-05-03 12:00:00,4.91,5.12,237,253
2025-05-03 13:00:00,5.47,5.43,252,257
2025-05-03 14:00:00,5.02,5.1,264,259
2025-05-03 15:00:00,5.42,5.02,265,264
2025-05-03 16:00:00,5.2,4.67,272,280
2025-05-03 17:00:00,5.52,4.44,275,278
2025-05-03 18:00:00,5.92,4.52,275,275
2025-05-03 19:00:00,6.5,5.3,271,268
2025-05-03 20:00:00,6.7,6.52,271,266
2025-05-03 21:00:00,6.44,6.6,276,269
2025-05-03 22:00:00,6.12,6.23,275,276
2025-05-03 23:00:00,5.91,5.74,273,277
2025-05-04 00:00:00,5.6,5.33,271,276
2025-05-04 01:00:00,5.8,5.22,270,274
2025-05-04 02:00:00,5.9,5.51,270,273
2025-05-04 03:00:00,5.9,5.71,272,274
2025-05-04 04:00:00,5.91,5.74,273,277
2025-05-04 05:00:00,6.03,6.02,276,281
2025-05-04 06:00:00,6.34,5.73,276,282
2025-05-04 07:00:00,6.99,5.76,279,287
2025-05-04 08:00:00,7.3,5.79,279,288
2025-05-04 09:00:00,6.18,6.91,284,284
2025-05-04 10:00:00,6.89,6.87,283,286
2025-05-04 11:00:00,7.35,7.23,282,284
2025-05-04 12:00:00,7.57,7.18,278,283
2025-05-04 13:00:00,7.72,7.37,274,278
2025-05-04 14:00:00,8.01,7.52,272,274
2025-05-04 15:00:00,8.21,7.6,273,272
2025-05-04 16:00:00,8.11,7.32,272,274
2025-05-04 17:00:00,7.72,6.92,274,274
2025-05-04 18:00:00,7.03,6.51,275,273
2025-05-04 19:00:00,6.7,6.4,272,269
2025-05-04 20:00:00,6.3,6.51,269,266
2025-05-04 21:00:00,5.9,5.8,271,272
2025-05-04 22:00:00,4.85,4.9,278,272
2025-05-04 23:00:00,3.32,3.8,277,272
2025-05-05 00:00:00,2.6,2.77,247,257
2025-05-05 01:00:00,2.33,2.47,245,249
2025-05-05 02:00:00,2.42,2.51,246,247
2025-05-05 03:00:00,2.56,2.37,249,242
2025-05-05 04:00:00,1.97,2.31,246,252
2025-05-05 05:00:00,1.52,2.14,247,259
2025-05-05 06:00:00,1.92,1.48,242,242
2025-05-05 07:00:00,1.56,0.92,230,229
2025-05-05 08:00:00,0.51,0.41,259,284
2025-05-05 09:00:00,1.63,0.32,133,288
2025-05-05 10:00:00,1.08,0.41,146,76
2025-05-05 11:00:00,0.51,0.51,191,101
2025-05-05 12:00:00,0.5,0.1,323,360
2025-05-05 13:00:00,0.92,1.25,103,29
2025-05-05 14:00:00,1.08,1.17,248,20
2025-05-05 15:00:00,3.7,3.97,218,214
2025-05-05 16:00:00,2.13,2.94,229,215
2025-05-05 17:00:00,1.9,3.32,198,201
2025-05-05 18:00:00,1.58,2.94,198,198
2025-05-05 19:00:00,1.3,2.91,180,207
2025-05-05 20:00:00,2.02,3.14,189,211
2025-05-05 21:00:00,2.05,1.49,227,228
2025-05-05 22:00:00,2.16,1.97,236,246
2025-05-05 23:00:00,2.3,2.09,236,253
2025-05-06 00:00:00,2.5,1.92,233,242
2025-05-06 01:00:00,2.66,2.19,236,223
2025-05-06 02:00:00,3.02,2.56,236,231
2025-05-06 03:00:00,2.72,2.56,234,239
2025-05-06 04:00:00,0.95,1.39,252,240
2025-05-06 05:00:00,1.02,1.25,349,241
2025-05-06 06:00:00,1.3,0.64,23,231
2025-05-06 07:00:00,1.58,1.08,72,68
2025-05-06 08:00:00,2.47,1.36,76,54
2025-05-06 09:00:00,2.73,1.84,82,77
2025-05-06 10:00:00,3.11,1.35,96,48
2025-05-06 11:00:00,2.96,1.71,78,69
2025-05-06 12:00:00,2.98,0.81,76,30
2025-05-06 13:00:00,2.97,0.91,70,264
2025-05-06 14:00:00,2.95,1.22,66,279
2025-05-06 15:00:00,2.94,1.0,55,270
2025-05-06 16:00:00,3.06,0.92,52,283
2025-05-06 17:00:00,2.84,0.95,51,288
2025-05-06 18:00:00,2.15,0.51,62,79
2025-05-06 19:00:00,1.33,0.5,77,217
2025-05-06 20:00:00,0.8,1.0,90,276
2025-05-06 21:00:00,1.3,2.2,203,330
2025-05-06 22:00:00,2.2,1.61,231,353
2025-05-06 23:00:00,2.56,1.73,239,350
2025-05-07 00:00:00,2.73,1.9,246,360
2025-05-07 01:00:00,2.6,2.02,247,9
2025-05-07 02:00:00,2.15,2.01,248,6
2025-05-07 03:00:00,1.79,2.1,243,3
2025-05-07 04:00:00,1.61,2.2,240,3
2025-05-07 05:00:00,1.8,1.81,236,354
2025-05-07 06:00:00,1.8,1.53,236,328
2025-05-07 07:00:00,1.34,1.26,243,288
2025-05-07 08:00:00,1.61,1.65,277,284
2025-05-07 09:00:00,2.0,0.91,273,276
2025-05-07 10:00:00,2.12,1.73,278,280
2025-05-07 11:00:00,2.43,1.68,279,287
2025-05-07 12:00:00,2.43,0.57,279,315
2025-05-07 13:00:00,2.11,0.95,275,72
2025-05-07 14:00:00,1.2,2.32,270,83
2025-05-07 15:00:00,0.1,3.21,90,85
2025-05-07 16:00:00,0.91,3.0,96,90
2025-05-07 17:00:00,1.53,2.8,101,90
2025-05-07 18:00:00,1.25,2.41,119,95
2025-05-07 19:00:00,1.22,1.66,125,123
2025-05-07 20:00:00,1.75,1.94,167,145
2025-05-07 21:00:00,1.77,1.84,196,202
2025-05-07 22:00:00,2.86,2.72,234,234
2025-05-07 23:00:00,2.42,2.22,240,234
2025-05-08 00:00:00,2.08,1.84,235,221
2025-05-08 01:00:00,1.92,1.7,231,230
2025-05-08 02:00:00,2.14,1.84,233,229
2025-05-08 03:00:00,2.39,1.7,237,225
2025-05-08 04:00:00,2.53,1.84,252,221
2025-05-08 05:00:00,2.45,1.84,258,221
2025-05-08 06:00:00,1.84,1.78,248,218
2025-05-08 07:00:00,0.82,1.35,256,222
2025-05-08 08:00:00,0.61,1.7,261,230
2025-05-08 09:00:00,0.1,1.12,90,170
2025-05-08 10:00:00,1.12,1.46,153,164
2025-05-08 11:00:00,1.8,1.58,146,162
2025-05-08 12:00:00,1.5,1.73,184,190
2025-05-08 13:00:00,2.12,2.5,225,217
2025-05-08 14:00:00,3.26,3.2,227,231
2025-05-08 15:00:00,2.83,2.48,225,220
2025-05-08 16:00:00,2.55,1.52,225,203
2025-05-08 17:00:00,2.48,1.32,223,171
2025-05-08 18:00:00,2.62,1.6,220,180
2025-05-08 19:00:00,2.27,1.88,229,205
2025-05-08 20:00:00,1.89,2.26,212,193
2025-05-08 21:00:00,2.63,2.19,189,204
2025-05-08 22:00:00,3.35,3.38,197,214
2025-05-08 23:00:00,3.57,3.44,191,216
2025-05-09 00:00:00,3.34,2.56,189,219
2025-05-09 01:00:00,3.21,2.34,184,220
2025-05-09 02:00:00,3.26,1.98,191,229
2025-05-09 03:00:00,3.18,2.06,193,219
2025-05-09 04:00:00,3.0,2.28,182,209
2025-05-09 05:00:00,2.6,2.6,178,196
2025-05-09 06:00:00,2.92,2.33,186,170
2025-05-09 07:00:00,3.24,1.91,171,174
2025-05-09 08:00:00,2.86,3.02,168,146
2025-05-09 09:00:00,2.92,4.47,158,146
2025-05-09 10:00:00,3.54,4.74,137,125
2025-05-09 11:00:00,4.2,5.99,102,116
2025-05-09 12:00:00,5.12,5.63,102,110
2025-05-09 13:00:00,4.73,4.74,103,97
2025-05-09 14:00:00,5.82,5.16,106,112
2025-05-09 15:00:00,6.11,6.53,111,130
2025-05-09 16:00:00,6.31,6.44,105,136
2025-05-09 17:00:00,6.26,5.66,107,138
2025-05-09 18:00:00,6.36,4.48,109,156
2025-05-09 19:00:00,5.7,4.46,112,196
2025-05-09 20:00:00,4.97,5.87,115,224
2025-05-09 21:00:00,4.2,4.21,93,198
2025-05-09 22:00:00,3.1,4.67,90,225
2025-05-09 23:00:00,2.0,6.0,93,240
2025-05-10 00:00:00,0.82,7.2,104,243
2025-05-10 01:00:00,1.0,8.17,233,248
2025-05-10 02:00:00,1.43,8.76,258,251
2025-05-10 03:00:00,2.61,8.74,238,254
2025-05-10 04:00:00,3.77,8.52,238,254
2025-05-10 05:00:00,5.52,8.45,248,249
2025-05-10 06:00:00,6.96,8.38,249,247
2025-05-10 07:00:00,7.28,8.12,254,248
2025-05-10 08:00:00,7.13,8.16,255,251
2025-05-10 09:00:00,6.79,7.45,256,263
2025-05-10 10:00:00,7.33,7.3,259,261
2025-05-10 11:00:00,7.84,7.33,259,259
2025-05-10 12:00:00,7.5,7.69,261,257
2025-05-10 13:00:00,7.09,8.08,261,258
2025-05-10 14:00:00,7.5,7.43,261,259
2025-05-10 15:00:00,7.27,6.79,262,261
2025-05-10 16:00:00,7.09,6.85,261,263
2025-05-10 17:00:00,6.59,6.87,260,257
2025-05-10 18:00:00,6.4,6.21,260,266
2025-05-10 19:00:00,5.71,6.2,267,271
2025-05-10 20:00:00,5.3,5.8,269,271
2025-05-10 21:00:00,5.5,5.61,268,267
2025-05-10 22:00:00,4.8,5.0,268,268
2025-05-10 23:00:00,5.01,4.7,267,268
2025-05-11 00:00:00,5.1,4.51,268,274
2025-05-11 01:00:00,4.9,4.12,268,276
2025-05-11 02:00:00,4.6,3.91,269,274
2025-05-11 03:00:00,4.3,3.5,269,272
2025-05-11 04:00:00,3.8,3.31,270,275
2025-05-11 05:00:00,3.4,2.93,270,278
2025-05-11 06:00:00,3.2,2.3,268,272
2025-05-11 07:00:00,3.1,2.4,268,268
2025-05-11 08:00:00,2.82,2.4,276,268
2025-05-11 09:00:00,3.13,1.73,277,280
2025-05-11 10:00:00,2.83,1.26,278,288
2025-05-11 11:00:00,2.35,1.3,282,274
2025-05-11 12:00:00,2.45,1.7,282,298
2025-05-11 13:00:00,2.26,1.14,283,322
2025-05-11 14:00:00,1.3,1.3,270,270
2025-05-11 15:00:00,0.81,2.21,330,288
2025-05-11 16:00:00,0.78,1.73,310,280
2025-05-11 17:00:00,1.04,2.42,343,263
2025-05-11 18:00:00,1.58,2.72,305,264
2025-05-11 19:00:00,2.2,2.83,273,262
2025-05-11 20:00:00,3.2,2.93,268,262
2025-05-11 21:00:00,3.61,3.0,273,268
2025-05-11 22:00:00,3.7,3.31,270,267
2025-05-11 23:00:00,3.6,3.41,270,265
2025-05-12 00:00:00,3.7,3.52,268,263
2025-05-12 01:00:00,3.81,3.72,267,264
2025-05-12 02:00:00,3.85,3.82,261,264
2025-05-12 03:00:00,4.06,3.92,260,264
2025-05-12 04:00:00,4.06,3.93,260,263
2025-05-12 05:00:00,4.04,4.12,261,264
2025-05-12 06:00:00,4.03,4.16,263,260
2025-05-12 07:00:00,4.41,4.34,266,262
2025-05-12 08:00:00,4.8,5.21,270,267
2025-05-12 09:00:00,5.01,5.81,273,266
2025-05-12 10:00:00,5.5,6.31,271,266
2025-05-12 11:00:00,5.8,6.53,269,265
2025-05-12 12:00:00,5.81,6.64,267,264
2025-05-12 13:00:00,5.6,6.52,268,266
2025-05-12 14:00:00,5.4,6.31,268,267
2025-05-12 15:00:00,5.2,6.1,268,268
2025-05-12 16:00:00,5.12,5.71,266,267
2025-05-12 17:00:00,4.93,5.31,264,267
2025-05-12 18:00:00,4.74,4.92,263,265
2025-05-12 19:00:00,4.47,4.54,260,262
2025-05-12 20:00:00,4.54,4.55,256,261
2025-05-12 21:00:00,4.63,4.46,256,254
2025-05-12 22:00:00,4.32,4.34,257,255
2025-05-12 23:00:00,4.03,4.15,256,255
2025-05-13 00:00:00,4.0,4.41,257,257
2025-05-13 01:00:00,4.3,4.71,258,258
2025-05-13 02:00:00,4.32,5.02,257,257
2025-05-13 03:00:00,4.73,5.41,257,258
2025-05-13 04:00:00,4.75,5.53,255,257
2025-05-13 05:00:00,4.95,5.81,256,259
2025-05-13 06:00:00,5.26,5.89,256,260
2025-05-13 07:00:00,5.71,6.28,259,261
2025-05-13 08:00:00,6.3,6.86,260,262
2025-05-13 09:00:00,6.3,6.64,260,264
2025-05-13 10:00:00,6.55,6.82,263,266
2025-05-13 11:00:00,6.63,6.71,265,267
2025-05-13 12:00:00,6.84,6.95,264,263
2025-05-13 13:00:00,6.85,7.17,263,262
2025-05-13 14:00:00,6.84,7.27,264,262
2025-05-13 15:00:00,6.65,6.99,263,261
2025-05-13 16:00:00,6.55,6.81,263,260
2025-05-13 17:00:00,6.43,6.41,265,259
2025-05-13 18:00:00,6.23,6.18,264,261
2025-05-13 19:00:00,5.74,6.32,263,259
2025-05-13 20:00:00,5.35,6.32,262,259
2025-05-13 21:00:00,5.49,5.57,260,261
2025-05-13 22:00:00,5.46,5.46,262,262
2025-05-13 23:00:00,5.43,5.26,264,261
2025-05-14 00:00:00,4.93,4.87,264,261
2025-05-14 01:00:00,4.74,4.88,263,259
2025-05-14 02:00:00,4.73,5.18,264,260
2025-05-14 03:00:00,5.02,5.02,264,257
2025-05-14 04:00:00,5.02,4.46,264,254
2025-05-14 05:00:00,5.14,4.11,263,252
2025-05-14 06:00:00,5.14,3.96,263,249
2025-05-14 07:00:00,5.12,4.49,266,253
2025-05-14 08:00:00,5.51,5.48,266,255
2025-05-14 09:00:00,5.83,5.74,264,263
2025-05-14 10:00:00,5.79,5.34,260,257
2025-05-14 11:00:00,5.39,5.19,255,251
2025-05-14 12:00:00,4.87,4.11,251,244
2025-05-14 13:00:00,4.25,3.72,243,234
2025-05-14 14:00:00,4.13,3.89,238,228
2025-05-14 15:00:00,4.1,4.33,236,230
2025-05-14 16:00:00,3.94,4.12,234,231
2025-05-14 17:00:00,3.78,3.84,233,231
2025-05-14 18:00:00,3.34,3.36,231,233
2025-05-14 19:00:00,2.9,2.83,226,228
2025-05-14 20:00:00,3.26,3.18,223,226
2025-05-14 21:00:00,3.89,4.6,226,226
2025-05-14 22:00:00,4.19,5.52,237,238
2025-05-14 23:00:00,4.03,5.61,247,248
2025-05-15 00:00:00,4.53,5.48,248,249
2025-05-15 01:00:00,5.39,5.83,248,248
2025-05-15 02:00:00,5.83,6.61,248,250
2025-05-15 03:00:00,6.33,7.34,254,250
2025-05-15 04:00:00,6.58,7.02,253,250
2025-05-15 05:00:00,5.89,6.24,249,248
2025-05-15 06:00:00,6.09,5.66,247,238
2025-05-15 07:00:00,5.37,6.0,243,233
2025-05-15 08:00:00,5.32,6.22,242,244
2025-05-15 09:00:00,4.72,5.56,238,240
2025-05-15 10:00:00,5.01,5.68,244,242
2025-05-15 11:00:00,4.85,5.96,248,247
2025-05-15 12:00:00,5.22,6.39,258,253
2025-05-15 13:00:00,6.0,7.02,259,253
2025-05-15 14:00:00,5.82,6.82,258,256
2025-05-15 15:00:00,6.12,6.89,259,257
2025-05-15 16:00:00,6.53,7.3,259,257
2025-05-15 17:00:00,6.51,7.41,259,260
2025-05-15 18:00:00,6.49,7.07,260,262
2025-05-15 19:00:00,6.2,6.58,260,261
2025-05-15 20:00:00,5.98,6.34,260,264
2025-05-15 21:00:00,6.11,5.4,266,268
2025-05-15 22:00:00,6.25,5.02,263,265
2025-05-15 23:00:00,6.15,4.81,263,266
2025-05-16 00:00:00,5.62,4.5,265,267
2025-05-16 01:00:00,5.33,4.52,264,265
2025-05-16 02:00:00,5.76,4.51,262,266
2025-05-16 03:00:00,5.93,4.94,264,263
2025-05-16 04:00:00,6.14,5.57,263,261
2025-05-16 05:00:00,6.17,5.56,262,262
2025-05-16 06:00:00,6.2,5.47,260,261
2025-05-16 07:00:00,6.18,5.69,261,260
2025-05-16 08:00:00,6.17,5.81,262,259
2025-05-16 09:00:00,5.09,4.48,250,241
2025-05-16 10:00:00,4.92,4.41,246,237
2025-05-16 11:00:00,5.06,4.88,240,235
2025-05-16 12:00:00,5.16,5.37,238,243
2025-05-16 13:00:00,5.22,5.37,238,246
2025-05-16 14:00:00,4.99,4.61,237,240
2025-05-16 15:00:00,4.83,4.08,236,239
2025-05-16 16:00:00,4.66,3.18,235,224
2025-05-16 17:00:00,4.0,2.62,233,223
2025-05-16 18:00:00,3.68,2.42,225,232
2025-05-16 19:00:00,3.75,1.64,228,218
2025-05-16 20:00:00,3.55,2.1,220,177
2025-05-16 21:00:00,2.52,4.25,214,229
2025-05-16 22:00:00,1.93,4.31,201,224
2025-05-16 23:00:00,3.1,4.03,178,224
2025-05-17 00:00:00,3.59,3.5,167,217
2025-05-17 01:00:00,4.07,3.69,152,221
2025-05-17 02:00:00,3.7,2.48,142,223
2025-05-17 03:00:00,1.0,2.78,233,218
2025-05-17 04:00:00,2.51,3.05,151,212
2025-05-17 05:00:00,3.3,3.05,145,212
2025-05-17 06:00:00,3.2,3.18,141,208
2025-05-17 07:00:00,2.7,3.26,141,191
2025-05-17 08:00:00,1.57,3.44,207,188
2025-05-17 09:00:00,1.82,3.21,279,176
2025-05-17 10:00:00,2.97,3.03,290,172
2025-05-17 11:00:00,2.93,2.84,278,170
2025-05-17 12:00:00,3.31,2.71,265,176
2025-05-17 13:00:00,3.98,2.97,258,222
2025-05-17 14:00:00,4.03,3.67,247,244
2025-05-17 15:00:00,4.56,3.92,244,251
2025-05-17 16:00:00,5.28,4.14,245,250
2025-05-17 17:00:00,6.0,4.11,246,252
2025-05-17 18:00:00,6.76,4.63,246,256
2025-05-17 19:00:00,7.68,5.57,252,252
2025-05-17 20:00:00,8.38,6.71,253,253
2025-05-17 21:00:00,10.63,7.32,258,256
2025-05-17 22:00:00,10.46,7.84,260,253
2025-05-17 23:00:00,10.08,8.28,259,258
2025-05-18 00:00:00,10.01,8.29,261,262
2025-05-18 01:00:00,9.35,7.82,264,266
2025-05-18 02:00:00,7.6,7.0,269,268
2025-05-18 03:00:00,6.46,6.22,278,275
2025-05-18 04:00:00,5.19,5.63,286,282
2025-05-18 05:00:00,4.34,4.54,285,278
2025-05-18 06:00:00,3.45,3.63,292,278
2025-05-18 07:00:00,3.74,3.45,304,292
2025-05-18 08:00:00,3.58,3.11,306,318
2025-05-18 09:00:00,3.18,2.78,298,308
2025-05-18 10:00:00,3.42,2.78,285,300
2025-05-18 11:00:00,3.83,3.48,277,288
2025-05-18 12:00:00,4.51,4.36,274,279
2025-05-18 13:00:00,5.0,5.0,271,271
2025-05-18 14:00:00,5.4,5.4,269,270
2025-05-18 15:00:00,5.6,5.6,269,268
2025-05-18 16:00:00,5.62,5.61,265,267
2025-05-18 17:00:00,5.45,5.52,263,265
2025-05-18 18:00:00,5.3,5.41,259,266
2025-05-18 19:00:00,5.14,5.12,257,264
2025-05-18 20:00:00,5.02,5.02,257,265
2025-05-18 21:00:00,4.5,6.51,267,252
2025-05-18 22:00:00,4.7,6.71,270,253
2025-05-18 23:00:00,4.8,6.91,271,256
2025-05-19 00:00:00,4.6,6.82,272,259
2025-05-19 01:00:00,3.91,6.48,266,261
2025-05-19 02:00:00,3.71,6.14,256,263
2025-05-19 03:00:00,3.42,5.54,249,263
2025-05-19 04:00:00,3.31,4.77,241,260
2025-05-19 05:00:00,3.5,4.12,239,256
2025-05-19 06:00:00,3.44,4.61,234,243
2025-05-19 07:00:00,3.32,3.98,224,242
2025-05-19 08:00:00,3.84,3.78,219,233
2025-05-19 09:00:00,5.0,4.25,233,221
2025-05-19 10:00:00,5.37,4.67,243,225
2025-05-19 11:00:00,5.69,5.4,246,231
2025-05-19 12:00:00,6.24,5.86,248,233
2025-05-19 13:00:00,6.32,6.08,247,234
2025-05-19 14:00:00,6.65,6.44,249,237
2025-05-19 15:00:00,7.15,6.71,250,242
2025-05-19 16:00:00,7.21,7.08,251,247
2025-05-19 17:00:00,7.05,7.5,252,249
2025-05-19 18:00:00,7.18,7.62,251,251
2025-05-19 19:00:00,7.49,7.65,251,253
2025-05-19 20:00:00,8.01,7.75,250,250
2025-05-19 21:00:00,8.32,8.54,252,249
2025-05-19 22:00:00,8.54,8.76,254,251
2025-05-19 23:00:00,8.57,8.73,253,252
2025-05-20 00:00:00,8.54,8.13,252,256
2025-05-20 01:00:00,8.73,7.55,250,259
2025-05-20 02:00:00,8.32,6.68,254,261
2025-05-20 03:00:00,7.76,5.74,255,263
2025-05-20 04:00:00,6.96,4.92,258,265
2025-05-20 05:00:00,6.38,4.21,256,266
2025-05-20 06:00:00,6.24,4.23,258,263
2025-05-20 07:00:00,6.1,4.39,260,258
2025-05-20 08:00:00,6.16,4.36,257,261
2025-05-20 09:00:00,6.11,6.9,255,253
2025-05-20 10:00:00,6.29,6.99,252,253
2025-05-20 11:00:00,6.45,6.69,251,256
2025-05-20 12:00:00,6.52,6.89,249,257
2025-05-20 13:00:00,6.61,6.77,250,257
2025-05-20 14:00:00,6.46,6.55,248,258
2025-05-20 15:00:00,6.11,6.26,249,257
2025-05-20 16:00:00,5.63,5.92,250,254
2025-05-20 17:00:00,5.38,5.7,252,255
2025-05-20 18:00:00,5.22,5.55,253,256
2025-05-20 19:00:00,5.46,5.77,256,256
2025-05-20 20:00:00,5.68,6.31,256,255
2025-05-20 21:00:00,6.45,5.04,257,256
2025-05-20 22:00:00,6.36,5.55,262,256
2025-05-20 23:00:00,5.98,5.7,260,255
2025-05-21 00:00:00,6.04,5.39,258,255
2025-05-21 01:00:00,6.04,5.12,258,258
2025-05-21 02:00:00,6.43,4.92,258,257
2025-05-21 03:00:00,6.3,4.67,260,260
2025-05-21 04:00:00,6.4,4.95,260,262
2025-05-21 05:00:00,6.41,5.43,259,264
2025-05-21 06:00:00,6.1,5.82,260,265
2025-05-21 07:00:00,4.54,5.83,262,264
2025-05-21 08:00:00,3.4,5.72,272,265
2025-05-21 09:00:00,1.21,4.0,336,271
2025-05-21 10:00:00,1.2,3.2,270,272
2025-05-21 11:00:00,1.36,2.91,234,266
2025-05-21 12:00:00,1.3,2.8,212,268
2025-05-21 13:00:00,0.78,2.82,140,276
2025-05-21 14:00:00,0.4,2.16,90,257
2025-05-21 15:00:00,1.04,2.42,253,246
2025-05-21 16:00:00,1.94,2.94,258,252
2025-05-21 17:00:00,1.43,3.08,245,257
2025-05-21 18:00:00,0.42,3.11,45,266
2025-05-21 19:00:00,0.71,3.37,98,282
2025-05-21 20:00:00,0.91,2.8,174,268
2025-05-21 21:00:00,1.17,2.28,149,232
2025-05-21 22:00:00,1.21,2.36,156,234
2025-05-21 23:00:00,0.81,2.38,120,255
2025-05-22 00:00:00,0.5,2.69,143,255
2025-05-22 01:00:00,0.61,2.34,171,250
2025-05-22 02:00:00,0.61,2.21,171,252
2025-05-22 03:00:00,0.2,2.72,360,264
2025-05-22 04:00:00,0.67,1.8,243,270
2025-05-22 05:00:00,0.54,1.46,292,286
2025-05-22 06:00:00,0.98,0.58,24,31
2025-05-22 07:00:00,1.17,1.92,59,51
2025-05-22 08:00:00,2.02,1.84,57,49
2025-05-22 09:00:00,2.62,2.27,50,49
2025-05-22 10:00:00,2.83,1.98,58,45
2025-05-22 11:00:00,2.6,2.14,67,37
2025-05-22 12:00:00,2.56,2.48,69,43
2025-05-22 13:00:00,2.51,2.48,67,40
2025-05-22 14:00:00,2.64,2.7,61,39
2025-05-22 15:00:00,2.88,2.36,70,36
2025-05-22 16:00:00,2.59,2.25,62,32
2025-05-22 17:00:00,2.33,2.34,65,40
2025-05-22 18:00:00,1.84,1.84,68,45
2025-05-22 19:00:00,1.2,0.99,85,45
2025-05-22 20:00:00,1.66,1.34,155,63
2025-05-22 21:00:00,2.55,2.3,135,92
2025-05-22 22:00:00,2.48,2.51,140,95
2025-05-22 23:00:00,2.69,2.7,138,92
2025-05-23 00:00:00,2.48,2.91,140,86
2025-05-23 01:00:00,2.33,3.04,133,107
2025-05-23 02:00:00,2.55,3.3,135,104
2025-05-23 03:00:00,2.56,3.11,129,86
2025-05-23 04:00:00,2.44,2.92,125,84
2025-05-23 05:00:00,2.59,2.7,118,88
2025-05-23 06:00:00,2.51,2.4,113,90
2025-05-23 07:00:00,2.62,2.52,97,83
2025-05-23 08:00:00,2.77,3.3,103,88
2025-05-23 09:00:00,3.45,2.72,100,107
2025-05-23 10:00:00,3.72,3.49,96,103
2025-05-23 11:00:00,3.82,3.24,96,99
2025-05-23 12:00:00,3.91,3.18,93,103
2025-05-23 13:00:00,3.61,2.79,93,105
2025-05-23 14:00:00,3.01,2.94,94,100
2025-05-23 15:00:00,2.84,3.71,100,104
2025-05-23 16:00:00,2.55,3.2,101,104
2025-05-23 17:00:00,3.08,2.72,103,107
2025-05-23 18:00:00,2.6,3.01,90,96
2025-05-23 19:00:00,3.11,3.14,96,99
2025-05-23 20:00:00,3.21,2.82,94,107
2025-05-23 21:00:00,3.42,2.52,83,97
2025-05-23 22:00:00,4.0,2.75,89,100
2025-05-23 23:00:00,3.81,2.63,85,99
2025-05-24 00:00:00,3.73,2.93,82,98
2025-05-24 01:00:00,3.96,3.11,80,94
2025-05-24 02:00:00,3.71,3.3,76,88
2025-05-24 03:00:00,3.91,3.62,77,84
2025-05-24 04:00:00,4.0,3.82,87,84
2025-05-24 05:00:00,4.11,4.0,86,90
2025-05-24 06:00:00,4.7,4.2,89,91
2025-05-24 07:00:00,5.11,4.73,87,96
2025-05-24 08:00:00,5.5,4.71,88,94
2025-05-24 09:00:00,5.51,5.25,87,82
2025-05-24 10:00:00,6.0,5.46,88,82
2025-05-24 11:00:00,5.74,5.3,83,79
2025-05-24 12:00:00,5.53,5.49,77,80
2025-05-24 13:00:00,5.43,5.58,77,75
2025-05-24 14:00:00,5.07,5.37,68,66
2025-05-24 15:00:00,5.46,4.83,66,50
2025-05-24 16:00:00,5.24,4.95,61,43
2025-05-24 17:00:00,5.15,5.47,61,40
2025-05-24 18:00:00,5.37,5.59,61,43
2025-05-24 19:00:00,4.92,5.59,61,43
2025-05-24 20:00:00,4.24,5.25,56,31
2025-05-24 21:00:00,3.61,4.24,48,71
2025-05-24 22:00:00,3.38,4.19,34,50
2025-05-24 23:00:00,3.0,4.75,30,49
2025-05-25 00:00:00,2.66,3.98,20,39
2025-05-25 01:00:00,2.44,3.45,19,22
2025-05-25 02:00:00,2.81,2.85,4,18
2025-05-25 03:00:00,2.42,2.94,353,10
2025-05-25 04:00:00,1.61,2.82,330,6
2025-05-25 05:00:00,1.57,2.5,333,2
2025-05-25 06:00:00,1.7,2.26,332,347
2025-05-25 07:00:00,1.78,2.09,322,343
2025-05-25 08:00:00,1.98,2.18,311,344
2025-05-25 09:00:00,2.2,2.16,330,326
2025-05-25 10:00:00,2.62,2.64,320,323
2025-05-25 11:00:00,2.78,2.64,308,307
2025-05-25 12:00:00,2.51,2.79,293,291
2025-05-25 13:00:00,2.38,2.96,285,282
2025-05-25 14:00:00,2.63,2.8,261,272
2025-05-25 15:00:00,1.63,2.73,313,278
2025-05-25 16:00:00,0.95,2.55,342,281
2025-05-25 17:00:00,0.71,3.01,352,274
2025-05-25 18:00:00,0.22,2.8,27,268
2025-05-25 19:00:00,0.45,2.06,153,256
2025-05-25 20:00:00,1.89,2.15,238,242
2025-05-25 21:00:00,2.38,2.46,255,243
2025-05-25 22:00:00,2.67,2.72,257,253
2025-05-25 23:00:00,2.82,2.72,253,253
2025-05-26 00:00:00,2.85,3.01,252,255
2025-05-26 01:00:00,2.62,3.06,252,259
2025-05-26 02:00:00,2.47,3.01,249,255
2025-05-26 03:00:00,2.6,3.1,247,255
2025-05-26 04:00:00,2.56,3.28,249,258
2025-05-26 05:00:00,1.97,3.32,246,263
2025-05-26 06:00:00,1.33,3.11,257,266
2025-05-26 07:00:00,1.26,2.7,252,268
2025-05-26 08:00:00,1.41,2.5,262,270
2025-05-26 09:00:00,0.76,0.91,157,264
2025-05-26 10:00:00,2.14,0.67,143,117
2025-05-26 11:00:00,2.47,1.52,148,113
2025-05-26 12:00:00,2.19,1.33,156,103
2025-05-26 13:00:00,1.6,1.02,176,79
2025-05-26 14:00:00,1.56,1.0,230,53
2025-05-26 15:00:00,2.31,0.72,252,56
2025-05-26 16:00:00,2.64,0.28,245,225
2025-05-26 17:00:00,2.59,2.09,242,253
2025-05-26 18:00:00,2.02,2.06,237,256
2025-05-26 19:00:00,1.7,1.33,230,257
2025-05-26 20:00:00,1.7,1.79,220,243
2025-05-26 21:00:00,1.87,1.84,196,229
2025-05-26 22:00:00,1.99,1.84,198,225
2025-05-26 23:00:00,2.6,1.8,203,236
2025-05-27 00:00:00,2.59,2.1,208,245
2025-05-27 01:00:00,2.05,2.26,223,257
2025-05-27 02:00:00,1.71,2.18,263,254
2025-05-27 03:00:00,1.39,1.66,249,237
2025-05-27 04:00:00,1.27,1.17,225,250
2025-05-27 05:00:00,1.22,0.7,215,270
2025-05-27 06:00:00,1.12,0.71,207,278
2025-05-27 07:00:00,0.5,0.5,233,53
2025-05-27 08:00:00,0.54,1.0,292,84
2025-05-27 09:00:00,1.81,2.02,174,70
2025-05-27 10:00:00,2.1,2.47,155,76
2025-05-27 11:00:00,2.33,2.55,149,79
2025-05-27 12:00:00,2.02,2.77,147,77
2025-05-27 13:00:00,1.28,2.94,129,72
2025-05-27 14:00:00,1.35,3.13,48,63
2025-05-27 15:00:00,1.36,2.84,73,80
2025-05-27 16:00:00,1.46,2.3,106,88
2025-05-27 17:00:00,1.88,1.7,115,87
2025-05-27 18:00:00,1.7,1.22,130,99
2025-05-27 19:00:00,1.35,0.92,138,131
2025-05-27 20:00:00,1.34,1.82,153,171
2025-05-27 21:00:00,0.9,1.39,180,210
2025-05-27 22:00:00,1.75,0.94,156,238
2025-05-27 23:00:00,1.58,1.12,162,297
2025-05-28 00:00:00,1.82,1.2,189,275
2025-05-28 01:00:00,1.61,1.36,210,253
2025-05-28 02:00:00,1.57,1.9,243,267
2025-05-28 03:00:00,1.26,1.53,252,238
2025-05-28 04:00:00,1.17,1.58,250,235
2025-05-28 05:00:00,0.82,1.84,256,241
2025-05-28 06:00:00,0.67,1.56,297,225
2025-05-28 07:00:00,0.73,1.03,74,241
2025-05-28 08:00:00,1.43,0.5,78,323
2025-05-28 09:00:00,0.5,1.21,53,336
2025-05-28 10:00:00,0.5,1.49,37,20
2025-05-28 11:00:00,1.75,2.18,77,74
2025-05-28 12:00:00,2.11,1.88,95,65
2025-05-28 13:00:00,2.14,1.62,101,68
2025-05-28 14:00:00,2.0,1.26,90,72
2025-05-28 15:00:00,1.91,1.14,84,75
2025-05-28 16:00:00,2.01,0.7,84,90
2025-05-28 17:00:00,1.81,0.54,84,68
2025-05-28 18:00:00,1.53,1.04,122,73
2025-05-28 19:00:00,0.92,0.98,103,114
2025-05-28 20:00:00,0.91,1.3,174,176
2025-05-28 21:00:00,2.21,1.03,175,241
2025-05-28 22:00:00,1.55,1.79,285,243
2025-05-28 23:00:00,1.0,1.49,264,250
2025-05-29 00:00:00,1.24,1.79,256,243
2025-05-29 01:00:00,1.9,1.71,252,249
2025-05-29 02:00:00,1.86,1.63,234,259
2025-05-29 03:00:00,1.88,2.06,245,241
2025-05-29 04:00:00,2.19,1.84,246,248
2025-05-29 05:00:00,2.02,1.71,237,249
2025-05-29 06:00:00,1.8,1.57,236,243
2025-05-29 07:00:00,0.92,1.14,257,255
2025-05-29 08:00:00,0.86,1.0,324,323
2025-05-29 09:00:00,1.5,1.42,4,39
2025-05-29 10:00:00,1.84,1.63,49,47
2025-05-29 11:00:00,2.28,1.84,67,49
2025-05-29 12:00:00,2.31,2.0,72,53
2025-05-29 13:00:00,2.02,2.27,70,49
2025-05-29 14:00:00,2.2,2.48,60,43
2025-05-29 15:00:00,1.77,2.4,74,45
2025-05-29 16:00:00,2.15,2.13,62,41
2025-05-29 17:00:00,2.25,1.86,69,36
2025-05-29 18:00:00,1.63,1.61,79,60
2025-05-29 19:00:00,0.42,1.41,45,98
2025-05-29 20:00:00,1.25,1.13,119,135
2025-05-29 21:00:00,1.6,1.51,86,98
2025-05-29 22:00:00,2.31,1.3,72,58
2025-05-29 23:00:00,2.38,2.53,75,72
2025-05-30 00:00:00,2.6,1.57,67,63
2025-05-30 01:00:00,2.68,1.79,63,27
2025-05-30 02:00:00,2.75,2.86,57,65
2025-05-30 03:00:00,2.86,2.36,54,54
2025-05-30 04:00:00,3.04,2.87,63,61
2025-05-30 05:00:00,2.75,2.87,57,61
2025-05-30 06:00:00,2.62,2.64,47,61
2025-05-30 07:00:00,2.3,2.28,56,52
2025-05-30 08:00:00,2.91,3.16,63,55
2025-05-30 09:00:00,3.4,3.45,66,68
2025-05-30 10:00:00,3.64,3.61,69,71
2025-05-30 11:00:00,3.67,3.53,73,65
2025-05-30 12:00:00,3.61,3.62,71,66
2025-05-30 13:00:00,3.45,3.45,68,60
2025-05-30 14:00:00,3.44,3.44,64,54
2025-05-30 15:00:00,3.11,3.11,57,48
2025-05-30 16:00:00,2.66,2.97,56,42
2025-05-30 17:00:00,2.42,2.48,60,47
2025-05-30 18:00:00,2.44,1.7,71,50
2025-05-30 19:00:00,0.36,0.98,56,66
2025-05-30 20:00:00,1.24,1.03,346,29
2025-05-30 21:00:00,1.3,1.56,94,45
2025-05-30 22:00:00,1.93,1.53,69,32
2025-05-30 23:00:00,2.1,1.27,65,315
2025-05-31 00:00:00,1.91,2.1,43,267
2025-05-31 01:00:00,1.4,2.53,360,261
2025-05-31 02:00:00,1.56,2.72,320,253
2025-05-31 03:00:00,1.49,2.66,290,250
2025-05-31 04:00:00,1.57,2.6,297,254
2025-05-31 05:00:00,1.66,2.79,303,255
2025-05-31 06:00:00,1.7,2.85,298,252
2025-05-31 07:00:00,1.8,2.3,273,268
2025-05-31 08:00:00,1.92,3.07,279,289
2025-05-31 09:00:00,1.1,2.61,355,302
2025-05-31 10:00:00,2.14,2.95,37,332
2025-05-31 11:00:00,2.7,3.93,39,353
2025-05-31 12:00:00,2.97,4.23,42,353
2025-05-31 13:00:00,3.18,4.13,46,353
2025-05-31 14:00:00,2.97,4.01,48,356
2025-05-31 15:00:00,2.55,3.81,48,5
2025-05-31 16:00:00,2.02,3.13,33,7
2025-05-31 17:00:00,1.81,2.38,354,345
2025-05-31 18:00:00,1.26,1.53,342,328
2025-05-31 19:00:00,1.0,1.5,307,270
2025-05-31 20:00:00,1.06,2.04,319,259
2025-05-31 21:00:00,1.51,1.08,262,304
2025-05-31 22:00:00,1.99,1.12,252,280
2025-05-31 23:00:00,2.06,1.9,247,267
2025-06-01 00:00:00,1.94,2.93,258,262
2025-06-01 01:00:00,2.09,2.44,253,251
2025-06-01 02:00:00,1.77,2.44,254,251
2025-06-01 03:00:00,1.75,2.42,239,246
2025-06-01 04:00:00,2.1,2.2,245,240
2025-06-01 05:00:00,2.34,2.72,250,253
2025-06-01 06:00:00,2.33,3.01,245,255
2025-06-01 07:00:00,2.21,2.47,252,256
2025-06-01 08:00:00,2.51,2.3,265,270
2025-06-01 09:00:00,2.82,2.57,276,283
2025-06-01 10:00:00,3.31,2.47,275,291
2025-06-01 11:00:00,3.14,2.24,279,297
2025-06-01 12:00:00,2.75,2.02,289,290
2025-06-01 13:00:00,2.5,2.16,286,283
2025-06-01 14:00:00,2.16,1.91,283,276
2025-06-01 15:00:00,2.3,0.81,272,263
2025-06-01 16:00:00,2.2,0.28,267,225
2025-06-01 17:00:00,2.1,0.36,270,214
2025-06-01 18:00:00,2.01,0.4,264,180
2025-06-01 19:00:00,2.31,1.56,252,230
2025-06-01 20:00:00,2.31,1.97,252,246
2025-06-01 21:00:00,2.19,1.89,246,238
2025-06-01 22:00:00,1.93,1.89,249,238
2025-06-01 23:00:00,2.02,1.86,250,234
2025-06-02 00:00:00,1.97,1.77,246,223
2025-06-02 01:00:00,1.14,1.86,255,234
2025-06-02 02:00:00,1.3,1.63,266,223
2025-06-02 03:00:00,1.5,1.63,233,223
2025-06-02 04:00:00,1.7,1.58,225,215
2025-06-02 05:00:00,1.94,1.75,235,211
2025-06-02 06:00:00,1.7,1.75,230,204
2025-06-02 07:00:00,1.61,1.48,240,208
2025-06-02 08:00:00,1.22,1.14,261,195
2025-06-02 09:00:00,1.0,0.2,264,270
2025-06-02 10:00:00,0.91,0.14,264,135
2025-06-02 11:00:00,0.73,0.91,196,186
2025-06-02 12:00:00,1.3,1.42,148,231
2025-06-02 13:00:00,1.7,1.48,152,242
2025-06-02 14:00:00,1.8,2.56,180,211
2025-06-02 15:00:00,2.0,2.21,217,175
2025-06-02 16:00:00,1.7,2.55,230,154
2025-06-02 17:00:00,1.3,2.39,238,147
2025-06-02 18:00:00,1.04,2.34,253,140
2025-06-02 19:00:00,1.26,1.98,252,131
2025-06-02 20:00:00,1.14,2.16,255,124
2025-06-02 21:00:00,1.0,1.3,180,238
2025-06-02 22:00:00,1.5,1.61,184,210
2025-06-02 23:00:00,1.26,1.49,198,160
2025-06-03 00:00:00,1.08,1.87,214,164
2025-06-03 01:00:00,1.2,1.71,222,173
2025-06-03 02:00:00,1.0,1.77,233,164
2025-06-03 03:00:00,0.63,2.15,252,158
2025-06-03 04:00:00,0.45,3.06,333,142
2025-06-03 05:00:00,0.82,3.18,14,136
2025-06-03 06:00:00,1.12,3.88,27,125
2025-06-03 07:00:00,1.22,4.02,55,117
2025-06-03 08:00:00,1.75,3.9,103,113
2025-06-03 09:00:00,1.86,1.87,36,106
2025-06-03 10:00:00,1.91,1.46,43,106
2025-06-03 11:00:00,1.55,0.86,15,144
2025-06-03 12:00:00,1.28,0.92,321,229
2025-06-03 13:00:00,2.53,1.57,279,243
2025-06-03 14:00:00,4.0,2.82,270,264
2025-06-03 15:00:00,4.7,3.6,272,268
2025-06-03 16:00:00,4.7,4.3,270,271
2025-06-03 17:00:00,5.0,4.5,268,267
2025-06-03 18:00:00,4.96,4.3,261,267
2025-06-03 19:00:00,5.36,4.12,256,264
2025-06-03 20:00:00,5.79,4.8,260,268
2025-06-03 21:00:00,5.87,5.36,261,261
2025-06-03 22:00:00,6.34,5.61,264,266
2025-06-03 23:00:00,6.23,5.7,264,269
2025-06-04 00:00:00,6.04,5.9,263,271
2025-06-04 01:00:00,5.94,6.3,263,271
2025-06-04 02:00:00,5.84,6.2,263,272
2025-06-04 03:00:00,5.94,5.4,263,271
2025-06-04 04:00:00,5.72,4.5,265,273
2025-06-04 05:00:00,4.74,4.41,263,274
2025-06-04 06:00:00,5.8,3.6,255,268
2025-06-04 07:00:00,8.13,3.91,256,267
2025-06-04 08:00:00,8.32,4.05,257,254
2025-06-04 09:00:00,7.5,6.93,261,252
2025-06-04 10:00:00,6.92,7.32,259,256
2025-06-04 11:00:00,6.87,7.62,262,256
2025-06-04 12:00:00,7.16,7.98,263,255
2025-06-04 13:00:00,7.44,7.69,264,254
2025-06-04 14:00:00,7.45,7.59,263,257
2025-06-04 15:00:00,7.06,7.5,263,261
2025-06-04 16:00:00,6.93,7.47,265,262
2025-06-04 17:00:00,6.71,6.5,267,268
2025-06-04 18:00:00,6.0,6.0,270,269
2025-06-04 19:00:00,5.12,5.6,276,271
2025-06-04 20:00:00,5.12,4.9,274,272
2025-06-04 21:00:00,4.8,5.7,272,269
2025-06-04 22:00:00,3.9,4.7,271,270
2025-06-04 23:00:00,3.41,3.9,265,269
2025-06-05 00:00:00,3.13,3.47,263,258
2025-06-05 01:00:00,2.82,2.91,253,254
2025-06-05 02:00:00,3.16,3.01,259,255
2025-06-05 03:00:00,3.45,3.07,260,251
2025-06-05 04:00:00,3.49,3.13,257,253
2025-06-05 05:00:00,3.35,3.01,253,255
2025-06-05 06:00:00,3.16,2.75,252,251
2025-06-05 07:00:00,3.75,2.84,261,260
2025-06-05 08:00:00,4.2,3.6,269,270
2025-06-05 09:00:00,4.3,4.1,270,271
2025-06-05 10:00:00,4.6,4.11,271,274
2025-06-05 11:00:00,4.32,4.04,275,279
2025-06-05 12:00:00,4.4,3.93,273,277
2025-06-05 13:00:00,4.4,3.9,270,271
2025-06-05 14:00:00,4.2,4.1,269,270
2025-06-05 15:00:00,4.31,4.1,266,269
2025-06-05 16:00:00,4.43,4.11,264,266
2025-06-05 17:00:00,4.54,4.13,262,263
2025-06-05 18:00:00,4.75,4.13,262,263
2025-06-05 19:00:00,4.79,4.12,259,264
2025-06-05 20:00:00,4.47,4.01,260,266
2025-06-05 21:00:00,4.3,4.81,267,266
2025-06-05 22:00:00,4.0,4.3,269,270
2025-06-05 23:00:00,3.81,4.0,267,267
2025-06-06 00:00:00,4.2,3.82,258,264
2025-06-06 01:00:00,4.57,3.65,260,261
2025-06-06 02:00:00,3.92,3.47,264,258
2025-06-06 03:00:00,3.86,3.67,260,259
2025-06-06 04:00:00,3.91,3.96,257,260
2025-06-06 05:00:00,4.08,3.4,259,256
2025-06-06 06:00:00,4.46,3.79,261,258
2025-06-06 07:00:00,4.96,4.04,261,261
2025-06-06 08:00:00,5.36,4.16,261,260
2025-06-06 09:00:00,5.85,5.91,262,266
2025-06-06 10:00:00,5.84,6.11,263,267
2025-06-06 11:00:00,6.02,6.51,265,267
2025-06-06 12:00:00,6.02,6.31,265,267
2025-06-06 13:00:00,5.81,6.03,267,264
2025-06-06 14:00:00,5.45,6.2,263,260
2025-06-06 15:00:00,5.43,6.48,257,257
2025-06-06 16:00:00,5.73,6.77,254,257
2025-06-06 17:00:00,6.14,7.24,254,259
2025-06-06 18:00:00,6.31,6.99,255,261
2025-06-06 19:00:00,6.11,6.75,255,263
2025-06-06 20:00:00,6.26,6.32,253,265
2025-06-06 21:00:00,5.95,7.07,262,262
2025-06-06 22:00:00,6.24,6.97,264,262
2025-06-06 23:00:00,6.35,6.68,263,261
2025-06-07 00:00:00,6.46,6.41,262,259
2025-06-07 01:00:00,6.48,6.0,261,259
2025-06-07 02:00:00,6.36,5.92,262,258
2025-06-07 03:00:00,6.35,5.79,263,260
2025-06-07 04:00:00,6.66,5.79,262,260
2025-06-07 05:00:00,6.96,5.84,263,263
2025-06-07 06:00:00,6.74,5.85,264,262
2025-06-07 07:00:00,6.63,5.84,265,263
2025-06-07 08:00:00,6.23,5.84,264,263
2025-06-07 09:00:00,6.14,6.01,263,267
2025-06-07 10:00:00,6.05,5.71,262,267
2025-06-07 11:00:00,5.76,5.11,262,267
2025-06-07 12:00:00,5.46,4.62,262,265
2025-06-07 13:00:00,5.3,4.33,259,263
2025-06-07 14:00:00,5.26,4.13,261,263
2025-06-07 15:00:00,4.98,4.13,260,263
2025-06-07 16:00:00,4.79,4.03,259,263
2025-06-07 17:00:00,4.77,4.06,260,260
2025-06-07 18:00:00,4.22,3.95,256,261
2025-06-07 19:00:00,3.96,3.63,260,262
2025-06-07 20:00:00,3.77,3.55,259,260
2025-06-07 21:00:00,3.95,4.0,261,271
2025-06-07 22:00:00,4.4,4.0,267,271
2025-06-07 23:00:00,4.43,3.9,264,271
2025-06-08 00:00:00,4.42,3.7,265,270
2025-06-08 01:00:00,4.3,3.4,270,268
2025-06-08 02:00:00,4.5,3.3,270,270
2025-06-08 03:00:00,4.53,3.1,276,272
2025-06-08 04:00:00,4.64,2.9,277,270
2025-06-08 05:00:00,4.47,2.6,280,270
2025-06-08 06:00:00,4.06,2.31,280,275
2025-06-08 07:00:00,3.45,2.22,280,278
2025-06-08 08:00:00,2.9,2.24,272,280
2025-06-08 09:00:00,3.14,1.87,279,286
2025-06-08 10:00:00,2.31,0.81,288,300
2025-06-08 11:00:00,1.58,0.14,288,45
2025-06-08 12:00:00,0.76,1.3,293,86
2025-06-08 13:00:00,0.28,2.0,45,93
2025-06-08 14:00:00,1.08,2.42,68,97
2025-06-08 15:00:00,1.7,2.53,93,99
2025-06-08 16:00:00,2.02,2.38,99,112
2025-06-08 17:00:00,1.93,2.01,111,117
2025-06-08 18:00:00,1.66,1.7,123,135
2025-06-08 19:00:00,1.14,1.25,142,151
2025-06-08 20:00:00,1.51,1.4,188,184
2025-06-08 21:00:00,1.77,1.77,227,223
2025-06-08 22:00:00,1.98,1.91,229,223
2025-06-08 23:00:00,2.28,2.0,232,233
2025-06-09 00:00:00,2.38,2.28,248,232
2025-06-09 01:00:00,2.62,2.52,263,236
2025-06-09 02:00:00,2.8,2.85,268,252
2025-06-09 03:00:00,2.6,2.72,268,264
2025-06-09 04:00:00,2.6,2.6,272,270
2025-06-09 05:00:00,2.61,2.7,274,270
2025-06-09 06:00:00,2.7,2.31,272,275
2025-06-09 07:00:00,2.71,2.41,274,275
2025-06-09 08:00:00,2.4,2.41,270,275
2025-06-09 09:00:00,2.09,2.14,253,281
2025-06-09 10:00:00,2.08,1.6,215,274
2025-06-09 11:00:00,2.28,1.14,218,255
2025-06-09 12:00:00,2.48,0.71,227,262
2025-06-09 13:00:00,2.56,0.78,231,40
2025-06-09 14:00:00,2.78,1.97,240,66
2025-06-09 15:00:00,2.73,2.12,246,82
2025-06-09 16:00:00,2.73,1.8,246,87
2025-06-09 17:00:00,2.62,1.0,252,90
2025-06-09 18:00:00,2.28,0.6,255,180
2025-06-09 19:00:00,1.97,1.56,246,225
2025-06-09 20:00:00,1.94,1.78,235,218
2025-06-09 21:00:00,2.44,2.13,235,229
2025-06-09 22:00:00,2.85,2.14,252,233
2025-06-09 23:00:00,2.79,2.7,255,231
2025-06-10 00:00:00,3.14,2.95,261,242
2025-06-10 01:00:00,3.51,3.01,265,255
2025-06-10 02:00:00,3.91,3.04,266,261
2025-06-10 03:00:00,4.01,2.93,266,262
2025-06-10 04:00:00,4.22,2.77,265,257
2025-06-10 05:00:00,4.16,2.45,260,258
2025-06-10 06:00:00,4.34,2.77,262,257
2025-06-10 07:00:00,4.13,2.75,263,260
2025-06-10 08:00:00,3.32,2.86,254,258
2025-06-10 09:00:00,4.71,4.22,266,265
2025-06-10 10:00:00,4.24,4.4,262,271
2025-06-10 11:00:00,4.37,3.61,259,251
2025-06-10 12:00:00,4.54,3.89,256,252
2025-06-10 13:00:00,4.78,4.27,254,254
2025-06-10 14:00:00,4.9,4.34,253,255
2025-06-10 15:00:00,5.22,4.49,253,258
2025-06-10 16:00:00,5.41,4.39,251,258
2025-06-10 17:00:00,5.63,4.08,253,259
2025-06-10 18:00:00,5.47,4.0,252,257
2025-06-10 19:00:00,5.46,4.06,256,260
2025-06-10 20:00:00,5.57,3.77,261,259
2025-06-10 21:00:00,5.6,5.25,268,252
2025-06-10 22:00:00,5.71,5.14,267,263
2025-06-10 23:00:00,5.51,5.16,266,261
2025-06-11 00:00:00,4.92,4.82,265,265
2025-06-11 01:00:00,4.31,4.72,266,265
2025-06-11 02:00:00,3.95,4.4,261,273
2025-06-11 03:00:00,4.26,4.5,261,271
2025-06-11 04:00:00,4.54,4.52,262,265
2025-06-11 05:00:00,4.63,4.21,264,266
2025-06-11 06:00:00,4.52,4.2,265,269
2025-06-11 07:00:00,4.5,3.83,270,277
2025-06-11 08:00:00,4.8,3.74,272,286
2025-06-11 09:00:00,3.4,4.73,284,276
2025-06-11 10:00:00,3.4,4.26,284,279
2025-06-11 11:00:00,3.57,3.91,288,283
2025-06-11 12:00:00,3.69,3.42,283,285
2025-06-11 13:00:00,3.92,3.3,276,284
2025-06-11 14:00:00,4.03,3.01,277,285
2025-06-11 15:00:00,3.86,1.73,280,280
2025-06-11 16:00:00,3.63,0.91,278,276
2025-06-11 17:00:00,3.6,0.0,272,270
2025-06-11 18:00:00,3.4,0.99,270,135
2025-06-11 19:00:00,3.0,0.91,270,174
2025-06-11 20:00:00,2.71,1.77,266,227
2025-06-11 21:00:00,2.69,2.47,255,256
2025-06-11 22:00:00,2.77,2.35,257,258
2025-06-11 23:00:00,2.4,2.18,253,254
2025-06-12 00:00:00,2.21,2.09,252,253
2025-06-12 01:00:00,1.99,2.1,252,245
2025-06-12 02:00:00,2.06,1.84,247,241
2025-06-12 03:00:00,1.88,1.66,245,237
2025-06-12 04:00:00,1.33,1.53,257,238
2025-06-12 05:00:00,1.08,1.22,236,235
2025-06-12 06:00:00,0.92,0.86,229,234
2025-06-12 07:00:00,0.22,0.54,63,68
2025-06-12 08:00:00,1.3,1.33,94,77
2025-06-12 09:00:00,2.06,2.0,113,87
2025-06-12 10:00:00,2.39,2.06,123,104
2025-06-12 11:00:00,2.3,1.88,124,115
2025-06-12 12:00:00,2.19,1.93,114,111
2025-06-12 13:00:00,2.61,1.99,94,108
2025-06-12 14:00:00,3.14,1.73,81,100
2025-06-12 15:00:00,3.0,2.44,88,71
2025-06-12 16:00:00,2.86,2.01,102,96
2025-06-12 17:00:00,2.51,1.39,113,120
2025-06-12 18:00:00,2.0,0.8,127,180
2025-06-12 19:00:00,1.7,1.41,130,225
2025-06-12 20:00:00,1.46,1.49,164,222
2025-06-12 21:00:00,1.63,1.89,191,212
2025-06-12 22:00:00,1.73,1.84,190,221
2025-06-12 23:00:00,1.77,1.7,196,230
2025-06-13 00:00:00,2.01,1.75,207,239
2025-06-13 01:00:00,1.97,1.92,210,231
2025-06-13 02:00:00,2.08,1.49,215,228
2025-06-13 03:00:00,1.8,1.63,214,223
2025-06-13 04:00:00,1.42,1.56,231,225
2025-06-13 05:00:00,1.63,1.49,227,222
2025-06-13 06:00:00,1.34,1.17,243,239
2025-06-13 07:00:00,1.25,0.94,241,238
2025-06-13 08:00:00,0.89,0.5,243,233
2025-06-13 09:00:00,0.32,0.41,288,14
2025-06-13 10:00:00,0.32,0.95,252,72
2025-06-13 11:00:00,0.86,0.7,144,90
2025-06-13 12:00:00,1.3,0.54,176,112
2025-06-13 13:00:00,1.5,0.76,233,157
2025-06-13 14:00:00,1.93,0.71,249,225
2025-06-13 15:00:00,2.44,1.53,251,259
2025-06-13 16:00:00,2.51,2.42,247,246
2025-06-13 17:00:00,2.44,2.18,251,254
2025-06-13 18:00:00,2.75,2.19,251,246
2025-06-13 19:00:00,3.01,2.4,249,270
2025-06-13 20:00:00,3.29,2.52,250,263
2025-06-13 21:00:00,2.56,1.58,239,252
2025-06-13 22:00:00,2.69,2.52,239,263
2025-06-13 23:00:00,2.72,2.24,234,260
2025-06-14 00:00:00,3.0,2.1,240,245
2025-06-14 01:00:00,3.05,2.25,229,249
2025-06-14 02:00:00,3.11,2.34,228,250
2025-06-14 03:00:00,2.7,2.34,231,250
2025-06-14 04:00:00,2.27,2.82,229,247
2025-06-14 05:00:00,1.88,2.53,205,261
2025-06-14 06:00:00,1.3,2.31,180,265
2025-06-14 07:00:00,1.84,1.94,139,258
2025-06-14 08:00:00,2.63,2.04,99,259
2025-06-14 09:00:00,1.82,1.43,81,245
2025-06-14 10:00:00,2.12,0.92,98,193
2025-06-14 11:00:00,2.43,0.89,99,153
2025-06-14 12:00:00,2.94,0.92,80,167
2025-06-14 13:00:00,7.38,1.17,103,149
2025-06-14 14:00:00,2.1,2.62,3,133
2025-06-14 15:00:00,2.91,3.96,74,111
2025-06-14 16:00:00,2.48,2.43,50,81
2025-06-14 17:00:00,2.25,1.99,58,72
2025-06-14 18:00:00,1.43,2.2,12,87
2025-06-14 19:00:00,1.14,2.38,345,75
2025-06-14 20:00:00,1.49,2.38,318,75
2025-06-14 21:00:00,1.43,1.88,258,295
2025-06-14 22:00:00,1.52,1.3,247,266
2025-06-14 23:00:00,2.0,0.91,233,264
2025-06-15 00:00:00,2.06,1.17,231,250
2025-06-15 01:00:00,2.19,1.49,246,250
2025-06-15 02:00:00,2.38,2.5,255,254
2025-06-15 03:00:00,2.47,2.79,256,255
2025-06-15 04:00:00,2.43,2.82,261,264
2025-06-15 05:00:00,2.32,2.72,263,264
2025-06-15 06:00:00,2.73,2.72,262,264
2025-06-15 07:00:00,2.62,2.57,263,257
2025-06-15 08:00:00,2.63,2.04,261,259
2025-06-15 09:00:00,1.84,2.92,257,264
2025-06-15 10:00:00,1.52,2.86,203,258
2025-06-15 11:00:00,1.51,2.75,188,251
2025-06-15 12:00:00,1.65,2.46,194,243
2025-06-15 13:00:00,2.34,2.64,220,233
2025-06-15 14:00:00,3.41,3.06,230,232
2025-06-15 15:00:00,3.34,3.08,231,234
2025-06-15 16:00:00,3.54,3.14,225,233
2025-06-15 17:00:00,3.91,3.22,230,234
2025-06-15 18:00:00,3.4,3.3,227,235
2025-06-15 19:00:00,3.19,2.77,221,229
2025-06-15 20:00:00,3.55,3.26,220,223
2025-06-15 21:00:00,2.83,3.4,222,223
2025-06-15 22:00:00,3.19,3.56,229,218
2025-06-15 23:00:00,3.28,4.92,232,218
2025-06-16 00:00:00,3.47,5.52,224,228
2025-06-16 01:00:00,3.82,5.16,225,234
2025-06-16 02:00:00,4.1,5.49,227,237
2025-06-16 03:00:00,4.83,5.88,236,238
2025-06-16 04:00:00,4.72,5.47,249,239
2025-06-16 05:00:00,4.39,5.33,258,240
2025-06-16 06:00:00,4.36,4.79,261,247
2025-06-16 07:00:00,3.71,3.81,265,256
2025-06-16 08:00:00,4.22,3.38,265,251
2025-06-16 09:00:00,3.2,1.8,256,251
2025-06-16 10:00:00,2.55,1.7,259,225
2025-06-16 11:00:00,3.51,2.48,250,230
2025-06-16 12:00:00,2.97,3.54,250,241
2025-06-16 13:00:00,3.31,3.58,241,234
2025-06-16 14:00:00,3.96,2.88,249,214
2025-06-16 15:00:00,4.37,3.8,250,243
2025-06-16 16:00:00,4.62,3.98,252,245
2025-06-16 17:00:00,4.49,5.35,249,249
2025-06-16 18:00:00,4.87,5.85,251,250
2025-06-16 19:00:00,4.53,5.85,248,250
2025-06-16 20:00:00,4.25,5.35,246,249
2025-06-16 21:00:00,5.5,5.46,251,244
2025-06-16 22:00:00,5.31,5.77,250,244
2025-06-16 23:00:00,5.63,6.32,250,247
2025-06-17 00:00:00,5.98,6.56,249,249
2025-06-17 01:00:00,6.48,6.45,250,251
2025-06-17 02:00:00,6.64,6.26,252,250
2025-06-17 03:00:00,6.55,6.07,251,250
2025-06-17 04:00:00,6.21,6.02,255,249
2025-06-17 05:00:00,5.43,5.69,257,252
2025-06-17 06:00:00,4.75,5.22,255,253
2025-06-17 07:00:00,4.43,4.59,252,254
2025-06-17 08:00:00,4.43,4.08,252,253
2025-06-17 09:00:00,4.84,4.96,252,251
2025-06-17 10:00:00,4.84,5.17,252,255
2025-06-17 11:00:00,5.06,5.29,252,255
2025-06-17 12:00:00,5.29,5.48,248,255
2025-06-17 13:00:00,5.57,5.54,252,253
2025-06-17 14:00:00,5.47,5.38,252,252
2025-06-17 15:00:00,5.15,5.25,252,252
2025-06-17 16:00:00,4.9,4.78,253,254
2025-06-17 17:00:00,4.52,4.03,252,256
2025-06-17 18:00:00,3.83,3.45,255,260
2025-06-17 19:00:00,3.73,2.69,250,255
2025-06-17 20:00:00,2.97,3.58,250,243
2025-06-17 21:00:00,1.78,2.64,232,245
2025-06-17 22:00:00,2.0,3.0,233,240
2025-06-17 23:00:00,2.33,3.01,245,249
2025-06-18 00:00:00,2.55,3.26,244,252
2025-06-18 01:00:00,2.69,3.49,255,257
2025-06-18 02:00:00,2.93,3.85,262,261
2025-06-18 03:00:00,3.13,4.11,263,266
2025-06-18 04:00:00,3.2,4.1,272,267
2025-06-18 05:00:00,3.31,3.6,273,268
2025-06-18 06:00:00,3.55,3.31,280,267
2025-06-18 07:00:00,3.35,3.2,280,270
2025-06-18 08:00:00,3.31,3.2,273,272
2025-06-18 09:00:00,3.51,2.72,275,276
2025-06-18 10:00:00,3.75,2.94,279,280
2025-06-18 11:00:00,3.93,3.14,277,279
2025-06-18 12:00:00,4.01,3.44,274,278
2025-06-18 13:00:00,4.2,3.81,273,275
2025-06-18 14:00:00,4.3,4.0,273,273
2025-06-18 15:00:00,4.22,4.2,275,270
2025-06-18 16:00:00,4.32,3.9,275,269
2025-06-18 17:00:00,4.1,3.6,273,268
2025-06-18 18:00:00,3.8,3.22,270,263
2025-06-18 19:00:00,3.51,3.18,265,257
2025-06-18 20:00:00,3.44,3.37,262,258
2025-06-18 21:00:00,3.01,3.44,255,262
2025-06-18 22:00:00,3.16,3.28,259,258
2025-06-18 23:00:00,3.18,3.28,257,258
2025-06-19 00:00:00,3.32,3.37,254,258
2025-06-19 01:00:00,3.45,3.37,260,258
2025-06-19 02:00:00,3.65,3.37,261,258
2025-06-19 03:00:00,3.93,3.3,263,256
2025-06-19 04:00:00,4.02,3.1,264,255
2025-06-19 05:00:00,3.71,2.82,265,253
2025-06-19 06:00:00,3.31,2.56,265,249
2025-06-19 07:00:00,3.03,2.31,262,252
2025-06-19 08:00:00,3.11,2.73,264,262
2025-06-19 09:00:00,3.0,2.51,270,265
2025-06-19 10:00:00,3.1,2.8,272,268
2025-06-19 11:00:00,3.11,3.0,274,268
2025-06-19 12:00:00,3.01,3.01,276,266
2025-06-19 13:00:00,2.82,2.92,276,264
2025-06-19 14:00:00,2.5,2.12,272,251
2025-06-19 15:00:00,1.8,2.42,251,240
2025-06-19 16:00:00,2.26,3.28,257,239
2025-06-19 17:00:00,2.11,2.48,265,230
2025-06-19 18:00:00,1.17,1.49,250,222
2025-06-19 19:00:00,1.49,1.91,228,223
2025-06-19 20:00:00,1.84,2.27,221,229
2025-06-19 21:00:00,2.56,2.3,219,236
2025-06-19 22:00:00,2.78,2.19,210,227
2025-06-19 23:00:00,2.76,2.33,224,227
2025-06-20 00:00:00,2.83,2.34,238,230
2025-06-20 01:00:00,2.88,2.02,250,237
2025-06-20 02:00:00,2.6,2.02,247,237
2025-06-20 03:00:00,2.55,2.11,244,239
2025-06-20 04:00:00,2.59,1.78,242,232
2025-06-20 05:00:00,2.92,1.77,239,227
2025-06-20 06:00:00,2.69,2.16,225,236
2025-06-20 07:00:00,3.11,2.8,225,235
2025-06-20 08:00:00,3.47,3.5,224,239
2025-06-20 09:00:00,4.85,3.98,238,242
2025-06-20 10:00:00,4.84,4.25,240,240
2025-06-20 11:00:00,4.8,4.17,239,240
2025-06-20 12:00:00,5.0,4.3,233,234
2025-06-20 13:00:00,5.1,4.36,228,233
2025-06-20 14:00:00,4.96,4.4,228,231
2025-06-20 15:00:00,4.62,4.75,231,229
2025-06-20 16:00:00,4.96,4.89,228,229
2025-06-20 17:00:00,5.3,5.11,226,230
2025-06-20 18:00:00,5.66,4.74,228,228
2025-06-20 19:00:00,5.73,4.22,226,234
2025-06-20 20:00:00,5.32,4.97,221,220
2025-06-20 21:00:00,7.28,6.01,224,226
2025-06-20 22:00:00,7.22,6.42,227,217
2025-06-20 23:00:00,5.78,6.33,233,219
2025-06-21 00:00:00,5.28,6.24,243,221
2025-06-21 01:00:00,4.75,6.93,248,225
2025-06-21 02:00:00,6.1,7.44,268,229
2025-06-21 03:00:00,5.85,7.22,262,228
2025-06-21 04:00:00,5.24,7.36,257,223
2025-06-21 05:00:00,5.03,7.72,249,222
2025-06-21 06:00:00,4.22,9.0,248,246
2025-06-21 07:00:00,3.57,9.14,259,250
2025-06-21 08:00:00,2.57,8.9,257,255
2025-06-21 09:00:00,5.97,6.0,239,246
2025-06-21 10:00:00,4.94,4.37,263,254
2025-06-21 11:00:00,4.67,3.0,260,233
2025-06-21 12:00:00,3.91,5.31,257,227
2025-06-21 13:00:00,1.99,5.48,252,249
2025-06-21 14:00:00,1.44,6.01,34,252
2025-06-21 15:00:00,1.39,5.76,300,253
2025-06-21 16:00:00,3.2,5.15,270,252
2025-06-21 17:00:00,3.67,4.9,259,250
2025-06-21 18:00:00,4.01,4.75,266,255
2025-06-21 19:00:00,3.54,4.49,254,258
2025-06-21 20:00:00,4.28,4.14,259,262
2025-06-21 21:00:00,2.75,3.71,260,265
2025-06-21 22:00:00,2.2,3.5,273,268
2025-06-21 23:00:00,3.01,3.8,291,268
2025-06-22 00:00:00,3.4,3.8,270,270
2025-06-22 01:00:00,4.4,3.7,271,270
2025-06-22 02:00:00,4.8,3.6,272,272
2025-06-22 03:00:00,4.4,3.4,271,272
2025-06-22 04:00:00,3.9,3.11,269,274
2025-06-22 05:00:00,3.42,2.71,263,266
2025-06-22 06:00:00,3.34,2.38,261,248
2025-06-22 07:00:00,3.71,2.62,265,252
2025-06-22 08:00:00,4.0,2.93,269,262
2025-06-22 09:00:00,3.91,2.43,274,279
2025-06-22 10:00:00,4.24,2.96,278,282
2025-06-22 11:00:00,4.46,3.32,279,286
2025-06-22 12:00:00,4.55,3.57,279,281
2025-06-22 13:00:00,4.44,3.91,278,274
2025-06-22 14:00:00,4.1,4.0,283,270
2025-06-22 15:00:00,3.57,3.9,281,271
2025-06-22 16:00:00,3.4,3.7,272,272
2025-06-22 17:00:00,3.41,3.4,267,270
2025-06-22 18:00:00,3.42,3.11,263,266
2025-06-22 19:00:00,3.14,3.03,261,262
2025-06-22 20:00:00,3.01,3.11,255,266
2025-06-22 21:00:00,2.93,4.03,262,263
2025-06-22 22:00:00,2.82,3.92,253,264
2025-06-22 23:00:00,2.82,3.83,253,263
2025-06-23 00:00:00,2.62,3.77,252,259
2025-06-23 01:00:00,2.4,3.63,253,262
2025-06-23 02:00:00,2.44,3.72,251,264
2025-06-23 03:00:00,2.4,3.61,253,267
2025-06-23 04:00:00,2.4,3.13,253,263
2025-06-23 05:00:00,2.28,2.96,255,258
2025-06-23 06:00:00,2.09,2.67,253,257
2025-06-23 07:00:00,1.46,2.33,254,260
2025-06-23 08:00:00,1.22,2.4,279,268
2025-06-23 09:00:00,0.58,2.22,301,278
2025-06-23 10:00:00,0.64,1.55,51,285
2025-06-23 11:00:00,1.66,0.3,65,360
2025-06-23 12:00:00,2.25,1.21,69,66
2025-06-23 13:00:00,2.57,1.8,77,71
2025-06-23 14:00:00,2.67,2.04,77,79
2025-06-23 15:00:00,2.33,2.22,80,82
2025-06-23 16:00:00,2.04,2.0,79,93
2025-06-23 17:00:00,1.81,1.8,84,93
2025-06-23 18:00:00,1.32,1.43,99,102
2025-06-23 19:00:00,1.0,1.0,127,127
2025-06-23 20:00:00,1.61,1.6,173,176
2025-06-23 21:00:00,1.88,2.16,155,167
2025-06-23 22:00:00,1.82,2.04,171,169
2025-06-23 23:00:00,1.84,1.63,167,169
2025-06-24 00:00:00,1.9,1.48,180,208
2025-06-24 01:00:00,1.9,1.57,183,243
2025-06-24 02:00:00,1.91,1.7,186,270
2025-06-24 03:00:00,0.42,1.9,135,267
2025-06-24 04:00:00,0.67,1.6,117,274
2025-06-24 05:00:00,2.22,1.17,144,290
2025-06-24 06:00:00,2.48,0.67,137,297
2025-06-24 07:00:00,2.33,0.58,115,59
2025-06-24 08:00:00,2.89,1.04,104,73
2025-06-24 09:00:00,3.47,2.04,102,101
2025-06-24 10:00:00,3.65,2.75,99,100
2025-06-24 11:00:00,3.01,3.0,105,92
2025-06-24 12:00:00,3.6,2.82,92,107
2025-06-24 13:00:00,3.65,2.6,99,92
2025-06-24 14:00:00,3.3,2.35,92,102
2025-06-24 15:00:00,3.6,2.16,90,103
2025-06-24 16:00:00,3.5,2.4,90,107
2025-06-24 17:00:00,3.71,2.51,87,95
2025-06-24 18:00:00,3.81,3.21,87,85
2025-06-24 19:00:00,3.62,4.08,84,79
2025-06-24 20:00:00,3.47,4.12,78,61
2025-06-24 21:00:00,3.51,3.77,85,58
2025-06-24 22:00:00,3.37,3.92,78,52
2025-06-24 23:00:00,3.64,3.58,74,54
2025-06-25 00:00:00,3.83,3.24,70,56
2025-06-25 01:00:00,3.81,3.18,67,66
2025-06-25 02:00:00,3.72,2.65,66,79
2025-06-25 03:00:00,3.76,2.2,65,87
2025-06-25 04:00:00,3.57,1.92,72,81
2025-06-25 05:00:00,3.42,1.7,69,87
2025-06-25 06:00:00,3.31,1.5,61,90
2025-06-25 07:00:00,2.97,1.53,57,101
2025-06-25 08:00:00,2.72,1.41,54,98
2025-06-25 09:00:00,0.91,2.0,84,93
2025-06-25 10:00:00,0.92,1.39,139,120
2025-06-25 11:00:00,1.14,1.41,165,135
2025-06-25 12:00:00,1.62,1.34,158,153
2025-06-25 13:00:00,2.01,1.36,117,144
2025-06-25 14:00:00,2.43,1.53,81,148
2025-06-25 15:00:00,2.31,2.86,85,216
2025-06-25 16:00:00,2.3,3.28,88,232
2025-06-25 17:00:00,1.9,4.14,93,250
2025-06-25 18:00:00,0.57,3.95,135,261
2025-06-25 19:00:00,1.2,3.55,222,260
2025-06-25 20:00:00,1.89,3.76,238,253
2025-06-25 21:00:00,2.82,0.78,264,310
2025-06-25 22:00:00,3.44,0.81,262,277
2025-06-25 23:00:00,3.91,1.48,267,242
2025-06-26 00:00:00,4.0,1.94,269,258
2025-06-26 01:00:00,4.1,3.11,267,264
2025-06-26 02:00:00,3.9,3.45,269,260
2025-06-26 03:00:00,3.8,3.67,272,259
2025-06-26 04:00:00,3.71,3.55,273,260
2025-06-26 05:00:00,3.2,3.62,270,264
2025-06-26 06:00:00,3.01,3.73,264,262
2025-06-26 07:00:00,3.21,3.77,266,259
2025-06-26 08:00:00,3.3,3.93,268,263
2025-06-26 09:00:00,3.6,3.91,270,266
2025-06-26 10:00:00,3.52,3.92,277,264
2025-06-26 11:00:00,3.44,3.81,278,267
2025-06-26 12:00:00,3.24,3.81,279,273
2025-06-26 13:00:00,3.18,3.72,283,276
2025-06-26 14:00:00,3.35,3.51,280,275
2025-06-26 15:00:00,3.44,3.31,278,267
2025-06-26 16:00:00,3.61,3.2,275,270
2025-06-26 17:00:00,3.81,3.1,273,268
2025-06-26 18:00:00,3.8,3.22,272,263
2025-06-26 19:00:00,3.5,3.62,272,264
2025-06-26 20:00:00,3.41,3.41,267,267
2025-06-26 21:00:00,3.1,3.7,268,268
2025-06-26 22:00:00,3.2,3.4,270,272
2025-06-26 23:00:00,3.0,3.1,270,270
2025-06-27 00:00:00,2.9,2.5,272,272
2025-06-27 01:00:00,2.6,2.4,268,268
2025-06-27 02:00:00,3.21,3.21,266,265
2025-06-27 03:00:00,2.9,3.21,270,266
2025-06-27 04:00:00,3.2,3.81,272,265
2025-06-27 05:00:00,3.1,3.7,270,272
2025-06-27 06:00:00,2.7,3.21,268,266
2025-06-27 07:00:00,3.0,3.5,270,268
2025-06-27 08:00:00,3.0,3.3,270,268
2025-06-27 09:00:00,3.4,4.0,272,269
2025-06-27 10:00:00,3.3,4.0,272,273
2025-06-27 11:00:00,3.11,4.21,276,274
2025-06-27 12:00:00,3.31,3.91,273,274
2025-06-27 13:00:00,3.0,3.18,272,283
2025-06-27 14:00:00,2.72,2.9,276,270
2025-06-27 15:00:00,2.52,1.04,277,253
2025-06-27 16:00:00,1.81,3.04,264,279
2025-06-27 17:00:00,2.4,2.7,272,268
2025-06-27 18:00:00,1.8,2.12,270,262
2025-06-27 19:00:00,1.43,2.5,258,270
2025-06-27 20:00:00,2.1,2.32,267,263
2025-06-27 21:00:00,2.62,1.93,252,249
2025-06-27 22:00:00,2.73,2.06,246,247
2025-06-27 23:00:00,2.85,2.18,252,254
2025-06-28 00:00:00,2.91,2.45,254,258
2025-06-28 01:00:00,3.01,2.57,255,257
2025-06-28 02:00:00,3.32,2.79,254,255
2025-06-28 03:00:00,3.32,2.98,254,256
2025-06-28 04:00:00,2.85,2.94,252,260
2025-06-28 05:00:00,2.38,2.86,248,258
2025-06-28 06:00:00,2.34,3.06,250,259
2025-06-28 07:00:00,2.51,3.26,247,259
2025-06-28 08:00:00,3.0,3.26,244,259
2025-06-28 09:00:00,3.16,4.03,252,263
2025-06-28 10:00:00,3.29,3.73,250,262
2025-06-28 11:00:00,3.29,3.31,250,265
2025-06-28 12:00:00,3.26,3.34,252,261
2025-06-28 13:00:00,3.81,3.62,256,264
2025-06-28 14:00:00,4.0,4.02,257,264
2025-06-28 15:00:00,3.98,4.13,258,263
2025-06-28 16:00:00,3.79,3.75,258,261
2025-06-28 17:00:00,3.86,3.34,260,261
2025-06-28 18:00:00,3.79,3.21,258,265
2025-06-28 19:00:00,3.64,2.82,254,264
2025-06-28 20:00:00,3.61,2.73,256,262
2025-06-28 21:00:00,2.69,3.45,255,253
2025-06-28 22:00:00,3.23,3.65,254,261
2025-06-28 23:00:00,4.27,3.83,254,263
2025-06-29 00:00:00,4.81,4.43,249,264
2025-06-29 01:00:00,4.65,4.62,251,265
2025-06-29 02:00:00,4.34,4.64,255,263
2025-06-29 03:00:00,4.04,4.87,261,261
2025-06-29 04:00:00,3.73,5.36,262,261
2025-06-29 05:00:00,3.52,5.26,263,261
2025-06-29 06:00:00,3.73,5.05,262,262
2025-06-29 07:00:00,4.12,4.22,264,265
2025-06-29 08:00:00,4.1,3.81,267,265
2025-06-29 09:00:00,3.83,3.91,263,273
2025-06-29 10:00:00,3.42,3.8,263,272
2025-06-29 11:00:00,3.32,3.8,263,270
2025-06-29 12:00:00,3.69,4.1,257,270
2025-06-29 13:00:00,3.75,4.0,261,270
2025-06-29 14:00:00,3.75,3.9,261,270
2025-06-29 15:00:00,3.67,3.81,259,267
2025-06-29 16:00:00,3.64,3.51,254,267
2025-06-29 17:00:00,3.64,3.21,254,266
2025-06-29 18:00:00,3.61,2.93,256,262
2025-06-29 19:00:00,3.71,2.67,256,257
2025-06-29 20:00:00,3.91,2.53,257,252
2025-06-29 21:00:00,3.1,3.69,255,257
2025-06-29 22:00:00,3.75,3.83,261,263
2025-06-29 23:00:00,4.23,4.0,263,269
2025-06-30 00:00:00,4.7,3.9,268,269
2025-06-30 01:00:00,4.5,4.1,269,267
2025-06-30 02:00:00,4.2,3.9,271,269
2025-06-30 03:00:00,4.1,3.51,273,265
2025-06-30 04:00:00,3.9,2.82,271,264
2025-06-30 05:00:00,3.8,2.52,268,263
2025-06-30 06:00:00,4.0,2.83,270,262
2025-06-30 07:00:00,4.4,3.5,271,268
2025-06-30 08:00:00,4.5,3.51,273,273
2025-06-30 09:00:00,5.22,3.41,265,273
2025-06-30 10:00:00,5.23,3.3,263,268
2025-06-30 11:00:00,5.32,4.1,265,267
2025-06-30 12:00:00,4.92,4.3,265,267
2025-06-30 13:00:00,4.73,4.41,264,266
2025-06-30 14:00:00,4.26,4.3,261,269
2025-06-30 15:00:00,3.81,4.21,256,266
2025-06-30 16:00:00,3.61,3.91,256,266
2025-06-30 17:00:00,3.32,3.91,254,267
2025-06-30 18:00:00,3.2,3.63,256,262
2025-06-30 19:00:00,3.1,3.22,255,263
2025-06-30 20:00:00,2.82,3.13,253,263
2025-06-30 21:00:00,3.27,3.31,247,265
2025-06-30 22:00:00,3.55,3.2,248,268
2025-06-30 23:00:00,3.83,3.21,255,266
2025-07-01 00:00:00,4.06,3.4,260,268
2025-07-01 01:00:00,4.63,3.5,256,268
2025-07-01 02:00:00,3.31,3.71,267,267
2025-07-01 03:00:00,3.03,4.0,262,269
2025-07-01 04:00:00,3.54,4.0,262,267
2025-07-01 05:00:00,3.83,4.2,263,267
2025-07-01 06:00:00,4.23,4.4,263,269
2025-07-01 07:00:00,4.81,4.7,266,270
2025-07-01 08:00:00,5.3,4.7,269,272
2025-07-01 09:00:00,5.2,5.3,271,269
2025-07-01 10:00:00,4.8,5.4,271,269
2025-07-01 11:00:00,4.2,5.2,267,268
2025-07-01 12:00:00,4.13,4.73,263,264
2025-07-01 13:00:00,4.16,4.53,260,264
2025-07-01 14:00:00,4.04,4.42,261,265
2025-07-01 15:00:00,3.95,3.82,261,264
2025-07-01 16:00:00,3.69,3.71,257,267
2025-07-01 17:00:00,3.59,3.72,257,264
2025-07-01 18:00:00,3.57,3.81,259,265
2025-07-01 19:00:00,3.37,4.32,258,265
2025-07-01 20:00:00,3.18,4.46,257,261
2025-07-01 21:00:00,4.96,4.63,261,264
2025-07-01 22:00:00,5.23,5.02,263,265
2025-07-01 23:00:00,5.0,5.0,268,269
2025-07-02 00:00:00,5.0,4.8,271,270
2025-07-02 01:00:00,4.5,4.4,273,271
2025-07-02 02:00:00,4.3,4.0,271,270
2025-07-02 03:00:00,4.3,3.8,273,272
2025-07-02 04:00:00,4.3,4.0,270,271
2025-07-02 05:00:00,4.2,4.0,273,273
2025-07-02 06:00:00,3.81,4.11,275,274
2025-07-02 07:00:00,3.91,4.1,273,273
2025-07-02 08:00:00,4.33,4.42,277,275
2025-07-02 09:00:00,5.4,4.9,271,272
2025-07-02 10:00:00,5.5,4.9,271,272
2025-07-02 11:00:00,5.5,5.0,269,271
2025-07-02 12:00:00,5.2,4.9,271,272
2025-07-02 13:00:00,4.9,5.1,272,272
2025-07-02 14:00:00,4.8,4.9,270,269
2025-07-02 15:00:00,4.7,4.8,269,272
2025-07-02 16:00:00,4.9,4.2,268,270
2025-07-02 17:00:00,4.7,4.0,268,269
2025-07-02 18:00:00,4.5,3.92,267,264
2025-07-02 19:00:00,4.5,3.71,269,265
2025-07-02 20:00:00,4.1,3.62,267,264
2025-07-02 21:00:00,3.82,3.51,264,265
2025-07-02 22:00:00,3.81,3.41,265,265
2025-07-02 23:00:00,3.61,3.61,265,267
2025-07-03 00:00:00,3.71,3.34,267,261
2025-07-03 01:00:00,3.71,3.32,267,263
2025-07-03 02:00:00,3.91,3.51,266,267
2025-07-03 03:00:00,4.1,3.7,269,268
2025-07-03 04:00:00,4.1,3.9,270,269
2025-07-03 05:00:00,4.0,4.1,269,271
2025-07-03 06:00:00,3.9,4.3,269,273
2025-07-03 07:00:00,4.3,4.41,271,274
2025-07-03 08:00:00,4.8,4.6,270,271
2025-07-03 09:00:00,5.0,4.6,270,271
2025-07-03 10:00:00,5.12,4.9,266,272
2025-07-03 11:00:00,5.3,5.0,268,270
2025-07-03 12:00:00,5.41,4.8,266,268
2025-07-03 13:00:00,5.11,4.8,267,269
2025-07-03 14:00:00,4.95,4.6,262,269
2025-07-03 15:00:00,4.75,4.3,262,270
2025-07-03 16:00:00,4.47,4.0,260,269
2025-07-03 17:00:00,4.46,3.81,261,267
2025-07-03 18:00:00,4.36,3.71,261,265
2025-07-03 19:00:00,3.96,3.54,260,262
2025-07-03 20:00:00,3.88,3.51,258,265
2025-07-03 21:00:00,3.81,4.1,265,257
2025-07-03 22:00:00,4.22,4.43,265,264
2025-07-03 23:00:00,4.71,4.72,266,265
2025-07-04 00:00:00,4.7,4.93,268,264
2025-07-04 01:00:00,4.81,5.12,266,266
2025-07-04 02:00:00,5.1,5.11,268,267
2025-07-04 03:00:00,5.41,5.4,266,268
2025-07-04 04:00:00,5.61,5.7,266,269
2025-07-04 05:00:00,5.61,5.7,266,269
2025-07-04 06:00:00,5.5,5.81,268,274
2025-07-04 07:00:00,5.8,5.71,271,274
2025-07-04 08:00:00,5.91,5.7,267,271
2025-07-04 09:00:00,6.6,6.1,268,269
2025-07-04 10:00:00,6.5,6.1,268,269
2025-07-04 11:00:00,6.31,6.1,267,270
2025-07-04 12:00:00,6.0,5.7,268,269
2025-07-04 13:00:00,5.7,5.4,269,271
2025-07-04 14:00:00,5.2,5.1,269,270
2025-07-04 15:00:00,4.93,4.8,264,271
2025-07-04 16:00:00,5.12,4.7,266,268
2025-07-04 17:00:00,5.51,4.8,266,268
2025-07-04 18:00:00,5.71,4.8,267,270
2025-07-04 19:00:00,5.81,4.5,267,269
2025-07-04 20:00:00,5.61,4.41,267,266
2025-07-04 21:00:00,5.81,5.4,267,269
2025-07-04 22:00:00,5.51,5.31,267,267
2025-07-04 23:00:00,5.31,5.2,267,268
2025-07-05 00:00:00,5.22,5.1,265,268
2025-07-05 01:00:00,5.33,5.0,264,268
2025-07-05 02:00:00,5.23,5.1,263,270
2025-07-05 03:00:00,5.22,5.1,265,272
2025-07-05 04:00:00,5.0,5.1,268,272
2025-07-05 05:00:00,4.9,5.11,270,273
2025-07-05 06:00:00,4.7,5.0,268,270
2025-07-05 07:00:00,4.7,5.0,268,269
2025-07-05 08:00:00,5.0,5.1,269,269
2025-07-05 09:00:00,5.1,4.9,270,269
2025-07-05 10:00:00,5.2,5.0,271,271
2025-07-05 11:00:00,5.1,5.1,271,271
2025-07-05 12:00:00,5.0,5.2,270,272
2025-07-05 13:00:00,5.1,5.2,270,271
2025-07-05 14:00:00,5.2,5.2,269,270
2025-07-05 15:00:00,5.4,5.2,268,271
2025-07-05 16:00:00,5.5,5.3,268,272
2025-07-05 17:00:00,5.6,5.1,268,271
2025-07-05 18:00:00,5.4,4.9,269,271
2025-07-05 19:00:00,5.0,4.6,270,270
2025-07-05 20:00:00,4.6,4.5,269,269
2025-07-05 21:00:00,4.7,4.6,269,268
2025-07-05 22:00:00,4.8,4.6,269,268
2025-07-05 23:00:00,4.8,4.6,270,268
2025-07-06 00:00:00,4.7,4.7,269,268
2025-07-06 01:00:00,4.6,4.8,270,268
2025-07-06 02:00:00,4.5,4.9,270,269
2025-07-06 03:00:00,4.6,4.9,269,270
2025-07-06 04:00:00,4.7,4.9,268,269
2025-07-06 05:00:00,4.8,5.0,268,269
2025-07-06 06:00:00,5.0,5.0,269,270
2025-07-06 07:00:00,5.1,5.1,270,271
2025-07-06 08:00:00,5.2,5.1,271,272
2025-07-06 09:00:00,5.3,5.7,270,272
2025-07-06 10:00:00,5.3,5.5,272,272
2025-07-06 11:00:00,5.11,5.31,273,273
2025-07-06 12:00:00,4.91,5.12,274,274
2025-07-06 13:00:00,4.6,4.91,272,274
2025-07-06 14:00:00,4.4,4.7,271,272
2025-07-06 15:00:00,4.1,4.6,270,271
2025-07-06 16:00:00,3.8,4.6,268,270
2025-07-06 17:00:00,3.51,4.5,267,269
2025-07-06 18:00:00,3.41,4.4,267,267
2025-07-06 19:00:00,3.21,4.1,266,267
2025-07-06 20:00:00,3.11,3.82,264,264
2025-07-06 21:00:00,3.52,3.2,263,268
2025-07-06 22:00:00,3.52,3.21,263,266
2025-07-06 23:00:00,3.71,3.41,265,265
2025-07-07 00:00:00,3.8,3.51,268,265
2025-07-07 01:00:00,3.9,3.61,271,265
2025-07-07 02:00:00,3.9,3.51,271,267
2025-07-07 03:00:00,3.6,3.4,270,268
2025-07-07 04:00:00,3.3,3.3,270,270
2025-07-07 05:00:00,2.8,3.2,270,270
2025-07-07 06:00:00,2.6,2.9,268,272
2025-07-07 07:00:00,2.8,2.32,270,277
2025-07-07 08:00:00,2.7,1.53,272,281
2025-07-07 09:00:00,2.93,2.82,278,276
2025-07-07 10:00:00,2.7,2.52,272,277
2025-07-07 11:00:00,2.02,1.71,290,277
2025-07-07 12:00:00,1.39,1.12,291,280
2025-07-07 13:00:00,0.5,0.63,37,342
2025-07-07 14:00:00,2.09,2.24,73,80
2025-07-07 15:00:00,2.43,2.8,99,92
2025-07-07 16:00:00,2.16,2.22,103,98
2025-07-07 17:00:00,2.12,1.53,98,101
2025-07-07 18:00:00,1.8,1.26,93,108
2025-07-07 19:00:00,1.9,1.61,90,97
2025-07-07 20:00:00,1.55,1.39,105,111
2025-07-07 21:00:00,1.39,1.2,120,132
2025-07-07 22:00:00,0.99,0.95,135,162
2025-07-07 23:00:00,0.98,1.2,156,228
2025-07-08 00:00:00,1.33,1.44,193,236
2025-07-08 01:00:00,1.49,1.56,228,230
2025-07-08 02:00:00,1.41,1.41,225,225
2025-07-08 03:00:00,1.66,1.35,237,228
2025-07-08 04:00:00,1.39,1.53,240,238
2025-07-08 05:00:00,1.17,1.55,239,255
2025-07-08 06:00:00,0.82,1.4,194,266
2025-07-08 07:00:00,0.86,1.3,126,270
2025-07-08 08:00:00,1.08,1.17,112,301
2025-07-08 09:00:00,1.12,1.5,80,94
2025-07-08 10:00:00,2.0,2.02,90,99
2025-07-08 11:00:00,2.6,2.62,92,97
2025-07-08 12:00:00,3.01,2.81,86,94
2025-07-08 13:00:00,2.92,2.7,84,88
2025-07-08 14:00:00,2.61,2.51,86,85
2025-07-08 15:00:00,2.4,1.51,88,98
2025-07-08 16:00:00,2.22,1.39,82,120
2025-07-08 17:00:00,2.1,1.7,87,118
2025-07-08 18:00:00,1.7,1.75,90,103
2025-07-08 19:00:00,1.7,1.75,93,103
2025-07-08 20:00:00,1.53,1.58,101,108
2025-07-08 21:00:00,2.16,1.57,103,153
2025-07-08 22:00:00,2.22,1.49,98,138
2025-07-08 23:00:00,2.12,1.8,98,146
2025-07-09 00:00:00,2.12,1.98,98,139
2025-07-09 01:00:00,2.11,1.77,95,133
2025-07-09 02:00:00,2.21,1.77,95,133
2025-07-09 03:00:00,2.1,1.7,90,135
2025-07-09 04:00:00,2.1,1.84,90,139
2025-07-09 05:00:00,2.01,1.84,84,139
2025-07-09 06:00:00,2.14,1.77,79,133
2025-07-09 07:00:00,2.43,1.58,81,108
2025-07-09 08:00:00,2.83,1.75,82,103
2025-07-09 09:00:00,3.08,2.01,77,84
2025-07-09 10:00:00,3.23,2.42,74,83
2025-07-09 11:00:00,3.45,2.92,73,84
2025-07-09 12:00:00,3.42,3.11,75,86
2025-07-09 13:00:00,3.32,3.35,74,80
2025-07-09 14:00:00,3.2,3.49,76,77
2025-07-09 15:00:00,2.98,3.47,76,78
2025-07-09 16:00:00,2.79,3.28,75,78
2025-07-09 17:00:00,2.55,3.08,79,77
2025-07-09 18:00:00,2.53,2.94,81,80
2025-07-09 19:00:00,2.42,3.03,83,82
2025-07-09 20:00:00,2.41,2.71,85,86
2025-07-09 21:00:00,2.72,2.12,84,82
2025-07-09 22:00:00,2.86,2.31,78,85
2025-07-09 23:00:00,2.73,2.53,82,81
2025-07-10 00:00:00,2.71,2.63,86,81
2025-07-10 01:00:00,2.71,2.75,86,80
2025-07-10 02:00:00,2.84,2.69,80,75
2025-07-10 03:00:00,2.79,2.82,75,73
2025-07-10 04:00:00,2.91,2.82,74,73
2025-07-10 05:00:00,2.85,2.89,72,76
2025-07-10 06:00:00,3.1,3.1,69,75
2025-07-10 07:00:00,3.42,3.52,69,75
2025-07-10 08:00:00,3.77,3.86,68,80
2025-07-10 09:00:00,4.09,4.02,68,71
2025-07-10 10:00:00,4.25,4.02,66,63
2025-07-10 11:00:00,4.48,4.12,66,61
2025-07-10 12:00:00,4.43,4.16,65,63
2025-07-10 13:00:00,4.34,4.25,64,66
2025-07-10 14:00:00,4.29,4.43,62,65
2025-07-10 15:00:00,4.25,4.39,63,66
2025-07-10 16:00:00,4.16,4.25,63,66
2025-07-10 17:00:00,3.98,4.25,62,66
2025-07-10 18:00:00,3.76,4.03,65,67
2025-07-10 19:00:00,3.94,3.99,66,68
2025-07-10 20:00:00,3.85,4.05,65,70
2025-07-10 21:00:00,4.16,3.94,66,66
2025-07-10 22:00:00,4.24,4.09,71,68
2025-07-10 23:00:00,4.18,4.14,73,70
2025-07-11 00:00:00,4.08,4.33,73,71
2025-07-11 01:00:00,4.05,4.43,70,72
2025-07-11 02:00:00,3.92,4.37,71,70
2025-07-11 03:00:00,3.96,4.46,69,70
2025-07-11 04:00:00,3.9,4.59,67,70
2025-07-11 05:00:00,3.89,4.62,64,72
2025-07-11 06:00:00,3.8,4.56,63,75
2025-07-11 07:00:00,3.89,4.56,64,75
2025-07-11 08:00:00,4.31,4.71,68,73
2025-07-11 09:00:00,4.21,4.68,72,70
2025-07-11 10:00:00,4.49,4.68,69,70
2025-07-11 11:00:00,4.62,4.62,68,68
2025-07-11 12:00:00,4.59,4.62,70,68
2025-07-11 13:00:00,4.44,4.66,67,67
2025-07-11 14:00:00,4.35,4.53,67,68
2025-07-11 15:00:00,4.25,4.44,66,67
2025-07-11 16:00:00,3.99,4.16,68,66
2025-07-11 17:00:00,3.86,3.86,69,69
2025-07-11 18:00:00,3.73,3.61,70,71
2025-07-11 19:00:00,3.64,3.57,74,72
2025-07-11 20:00:00,3.69,3.74,77,74
2025-07-11 21:00:00,3.95,4.16,81,80
2025-07-11 22:00:00,3.95,4.16,81,80
2025-07-11 23:00:00,3.95,3.96,81,80
2025-07-12 00:00:00,3.82,3.95,84,81
2025-07-12 01:00:00,3.71,4.03,85,83
2025-07-12 02:00:00,3.52,3.92,83,84
2025-07-12 03:00:00,3.75,3.71,81,85
2025-07-12 04:00:00,3.52,3.82,83,84
2025-07-12 05:00:00,3.72,3.92,84,84
2025-07-12 06:00:00,3.6,4.01,88,86
2025-07-12 07:00:00,3.61,4.0,85,91
2025-07-12 08:00:00,3.7,3.9,92,91
2025-07-12 09:00:00,3.9,3.7,90,92
2025-07-12 10:00:00,3.9,3.8,90,88
2025-07-12 11:00:00,3.8,3.6,92,88
2025-07-12 12:00:00,3.61,3.3,93,92
2025-07-12 13:00:00,3.21,2.81,95,94
2025-07-12 14:00:00,2.94,2.62,100,97
2025-07-12 15:00:00,2.77,2.52,103,97
2025-07-12 16:00:00,2.45,2.33,102,100
2025-07-12 17:00:00,2.16,2.06,103,104
2025-07-12 18:00:00,1.88,1.53,115,122
2025-07-12 19:00:00,1.56,1.28,140,141
2025-07-12 20:00:00,1.75,1.61,167,173
2025-07-12 21:00:00,1.8,1.53,177,191
2025-07-12 22:00:00,1.91,1.75,186,193
2025-07-12 23:00:00,1.84,1.73,193,190
2025-07-13 00:00:00,1.73,1.88,190,205
2025-07-13 01:00:00,1.26,1.62,198,202
2025-07-13 02:00:00,1.7,2.02,208,213
2025-07-13 03:00:00,1.7,1.64,220,232
2025-07-13 04:00:00,1.56,1.48,230,242
2025-07-13 05:00:00,1.03,1.3,241,247
2025-07-13 06:00:00,1.0,1.7,233,242
2025-07-13 07:00:00,1.0,1.36,233,253
2025-07-13 08:00:00,0.67,1.55,243,255
2025-07-13 09:00:00,0.41,1.4,284,274
2025-07-13 10:00:00,0.32,1.36,252,287
2025-07-13 11:00:00,0.61,1.1,261,270
2025-07-13 12:00:00,1.17,0.82,290,256
2025-07-13 13:00:00,0.81,0.64,277,219
2025-07-13 14:00:00,1.4,1.1,274,185
2025-07-13 15:00:00,1.43,1.25,245,241
2025-07-13 16:00:00,1.93,2.41,249,275
2025-07-13 17:00:00,1.8,2.3,270,268
2025-07-13 18:00:00,2.42,2.15,277,248
2025-07-13 19:00:00,1.08,2.4,248,268
2025-07-13 20:00:00,1.58,2.32,235,263
2025-07-13 21:00:00,1.06,1.52,41,247
2025-07-13 22:00:00,3.0,1.0,334,270
2025-07-13 23:00:00,2.21,1.22,355,235
2025-07-14 00:00:00,2.97,0.61,42,261
2025-07-14 01:00:00,3.61,1.14,42,218
2025-07-14 02:00:00,2.64,1.03,29,209
2025-07-14 03:00:00,4.48,1.25,51,119
2025-07-14 04:00:00,3.81,0.54,30,68
2025-07-14 05:00:00,3.94,1.89,27,122
2025-07-14 06:00:00,3.76,1.77,25,133
2025-07-14 07:00:00,4.08,2.11,17,85
2025-07-14 08:00:00,3.89,2.11,18,95
2025-07-14 09:00:00,2.47,3.08,14,77
2025-07-14 10:00:00,2.75,2.58,350,54
2025-07-14 11:00:00,3.41,3.64,328,58
2025-07-14 12:00:00,4.12,4.3,337,59
2025-07-14 13:00:00,4.2,4.61,335,66
2025-07-14 14:00:00,3.45,4.8,338,59
2025-07-14 15:00:00,2.91,4.61,344,49
2025-07-14 16:00:00,3.32,5.02,314,46
2025-07-14 17:00:00,3.04,5.23,297,45
2025-07-14 18:00:00,2.97,5.52,303,42
2025-07-14 19:00:00,3.01,5.48,264,38
2025-07-14 20:00:00,3.63,5.94,262,36
2025-07-14 21:00:00,3.72,3.14,264,239
2025-07-14 22:00:00,3.93,2.44,263,215
2025-07-14 23:00:00,4.22,1.8,256,177
2025-07-15 00:00:00,4.75,1.41,262,135
2025-07-15 01:00:00,4.71,2.12,258,109
2025-07-15 02:00:00,4.06,2.81,260,94
2025-07-15 03:00:00,4.0,2.79,257,69
2025-07-15 04:00:00,3.93,2.53,255,72
2025-07-15 05:00:00,3.96,2.47,254,76
2025-07-15 06:00:00,3.96,2.28,260,75
2025-07-15 07:00:00,4.23,2.91,263,86
2025-07-15 08:00:00,4.54,2.94,262,100
2025-07-15 09:00:00,3.88,3.38,258,214
2025-07-15 10:00:00,3.83,3.41,250,220
2025-07-15 11:00:00,3.72,3.0,246,240
2025-07-15 12:00:00,3.45,2.18,240,254
2025-07-15 13:00:00,3.31,2.33,245,260
2025-07-15 14:00:00,3.38,3.35,236,260
2025-07-15 15:00:00,3.14,4.61,233,246
2025-07-15 16:00:00,3.58,4.9,247,258
2025-07-15 17:00:00,3.09,4.36,245,261
2025-07-15 18:00:00,2.69,5.07,248,255
2025-07-15 19:00:00,3.2,4.87,250,251
2025-07-15 20:00:00,3.7,4.44,251,247
2025-07-15 21:00:00,4.18,5.85,249,253
2025-07-15 22:00:00,4.2,5.51,245,258
2025-07-15 23:00:00,4.57,5.63,247,253
2025-07-16 00:00:00,5.06,5.72,252,251
2025-07-16 01:00:00,5.76,5.6,250,251
2025-07-16 02:00:00,5.69,5.38,246,252
2025-07-16 03:00:00,5.52,5.57,248,252
2025-07-16 04:00:00,5.83,5.82,248,251
2025-07-16 05:00:00,5.2,5.46,247,256
2025-07-16 06:00:00,5.42,5.19,247,254
2025-07-16 07:00:00,5.03,4.62,253,248
2025-07-16 08:00:00,4.53,4.18,248,249
2025-07-16 09:00:00,4.19,4.24,237,251
2025-07-16 10:00:00,4.02,4.46,235,254
2025-07-16 11:00:00,4.1,4.84,236,240
2025-07-16 12:00:00,3.62,4.05,231,237
2025-07-16 13:00:00,3.2,4.38,219,235
2025-07-16 14:00:00,3.22,4.55,206,230
2025-07-16 15:00:00,3.72,4.52,204,235
2025-07-16 16:00:00,3.86,4.1,201,227
2025-07-16 17:00:00,4.7,4.22,204,216
2025-07-16 18:00:00,5.64,4.66,210,203
2025-07-16 19:00:00,6.5,5.19,217,205
2025-07-16 20:00:00,6.39,5.75,220,211
2025-07-16 21:00:00,5.02,6.02,215,216
2025-07-16 22:00:00,5.78,5.8,217,216
2025-07-16 23:00:00,6.4,5.76,219,219
2025-07-17 00:00:00,6.59,5.39,221,220
2025-07-17 01:00:00,6.82,5.4,219,219
2025-07-17 02:00:00,6.1,5.64,215,217
2025-07-17 03:00:00,5.72,5.76,216,219
2025-07-17 04:00:00,5.56,5.38,218,223
2025-07-17 05:00:00,5.02,5.03,224,229
2025-07-17 06:00:00,4.6,5.1,228,235
2025-07-17 07:00:00,4.53,5.08,229,238
2025-07-17 08:00:00,4.46,5.11,222,239
2025-07-17 09:00:00,4.6,5.45,228,227
2025-07-17 10:00:00,4.39,5.24,227,228
2025-07-17 11:00:00,4.53,5.17,225,227
2025-07-17 12:00:00,4.31,5.46,224,229
2025-07-17 13:00:00,3.84,5.17,219,229
2025-07-17 14:00:00,3.26,4.36,223,233
2025-07-17 15:00:00,3.34,3.75,219,226
2025-07-17 16:00:00,3.31,3.5,209,217
2025-07-17 17:00:00,2.73,3.71,208,207
2025-07-17 18:00:00,3.26,3.04,207,207
2025-07-17 19:00:00,3.98,3.47,205,213
2025-07-17 20:00:00,4.57,4.08,209,216
2025-07-17 21:00:00,5.51,4.7,209,209
2025-07-17 22:00:00,5.73,5.0,209,217
2025-07-17 23:00:00,5.77,5.27,208,213
2025-07-18 00:00:00,5.64,4.92,207,218
2025-07-18 01:00:00,5.39,4.83,211,220
2025-07-18 02:00:00,4.92,4.68,218,222
2025-07-18 03:00:00,4.55,4.74,220,222
2025-07-18 04:00:00,4.39,4.53,223,223
2025-07-18 05:00:00,4.1,4.39,223,221
2025-07-18 06:00:00,3.89,4.42,222,218
2025-07-18 07:00:00,3.72,3.83,216,221
2025-07-18 08:00:00,3.7,3.4,218,223
2025-07-18 09:00:00,3.83,3.61,221,226
2025-07-18 10:00:00,3.89,3.82,226,223
2025-07-18 11:00:00,3.62,3.4,231,223
2025-07-18 12:00:00,3.47,2.97,226,222
2025-07-18 13:00:00,3.19,2.97,221,225
2025-07-18 14:00:00,3.02,3.22,214,216
2025-07-18 15:00:00,2.73,3.0,208,217
2025-07-18 16:00:00,2.2,3.3,210,215
2025-07-18 17:00:00,2.13,3.34,221,219
2025-07-18 18:00:00,2.69,3.61,211,226
2025-07-18 19:00:00,3.36,3.82,210,227
2025-07-18 20:00:00,3.56,3.98,218,231
2025-07-18 21:00:00,3.68,4.24,225,223
2025-07-18 22:00:00,3.75,4.46,228,226
2025-07-18 23:00:00,3.75,4.74,228,228
2025-07-19 00:00:00,3.62,4.74,231,228
2025-07-19 01:00:00,3.56,4.6,232,228
2025-07-19 02:00:00,3.47,4.48,224,231
2025-07-19 03:00:00,3.32,4.5,224,233
2025-07-19 04:00:00,3.25,4.14,225,233
2025-07-19 05:00:00,2.83,4.18,225,228
2025-07-19 06:00:00,2.97,4.03,225,226
2025-07-19 07:00:00,3.78,4.31,217,224
2025-07-19 08:00:00,3.75,4.53,228,227
2025-07-19 09:00:00,3.47,4.17,213,226
2025-07-19 10:00:00,3.39,4.53,225,225
2025-07-19 11:00:00,4.24,4.42,225,232
2025-07-19 12:00:00,3.89,4.78,222,233
2025-07-19 13:00:00,4.12,4.86,231,233
2025-07-19 14:00:00,4.05,4.88,230,235
2025-07-19 15:00:00,4.11,5.05,229,236
2025-07-19 16:00:00,4.46,5.2,228,240
2025-07-19 17:00:00,4.56,5.46,232,242
2025-07-19 18:00:00,4.64,5.3,233,238
2025-07-19 19:00:00,4.56,4.92,232,246
2025-07-19 20:00:00,4.55,4.79,237,247
2025-07-19 21:00:00,4.66,4.88,239,247
2025-07-19 22:00:00,4.72,4.39,238,246
2025-07-19 23:00:00,4.66,4.22,239,248
2025-07-20 00:00:00,4.48,4.11,241,244
2025-07-20 01:00:00,4.22,4.02,239,243
2025-07-20 02:00:00,4.19,3.76,237,241
2025-07-20 03:00:00,4.3,3.86,234,239
2025-07-20 04:00:00,4.38,3.86,235,239
2025-07-20 05:00:00,4.16,3.54,235,241
2025-07-20 06:00:00,4.02,3.27,235,247
2025-07-20 07:00:00,3.76,3.51,245,250
2025-07-20 08:00:00,3.57,3.89,252,252
2025-07-20 09:00:00,3.72,3.47,239,237
2025-07-20 10:00:00,3.77,3.44,238,234
2025-07-20 11:00:00,4.0,3.52,238,235
2025-07-20 12:00:00,4.05,3.47,237,237
2025-07-20 13:00:00,3.92,3.14,232,239
2025-07-20 14:00:00,3.78,3.11,233,237
2025-07-20 15:00:00,3.5,2.94,233,235
2025-07-20 16:00:00,3.2,2.8,231,235
2025-07-20 17:00:00,2.98,2.64,230,233
2025-07-20 18:00:00,2.7,2.34,231,230
2025-07-20 19:00:00,2.66,2.12,236,225
2025-07-20 20:00:00,2.56,2.12,239,225
2025-07-20 21:00:00,2.77,2.3,229,236
2025-07-20 22:00:00,3.05,2.5,229,233
2025-07-20 23:00:00,3.41,2.76,230,226
2025-07-21 00:00:00,3.76,2.97,230,228
2025-07-21 01:00:00,3.66,3.12,235,230
2025-07-21 02:00:00,3.86,3.14,239,233
2025-07-21 03:00:00,3.94,3.08,243,234
2025-07-21 04:00:00,4.02,3.3,243,235
2025-07-21 05:00:00,4.07,3.47,245,237
2025-07-21 06:00:00,3.94,3.67,246,241
2025-07-21 07:00:00,3.9,3.76,247,245
2025-07-21 08:00:00,4.05,3.85,250,245
2025-07-21 09:00:00,3.51,4.3,250,245
2025-07-21 10:00:00,3.74,4.25,254,246
2025-07-21 11:00:00,3.98,4.09,252,248
2025-07-21 12:00:00,3.96,3.86,249,249
2025-07-21 13:00:00,3.73,3.7,250,251
2025-07-21 14:00:00,3.57,3.38,252,251
2025-07-21 15:00:00,3.61,3.16,251,252
2025-07-21 16:00:00,3.35,3.14,243,248
2025-07-21 17:00:00,3.11,3.04,237,243
2025-07-21 18:00:00,3.18,3.11,242,237
2025-07-21 19:00:00,3.2,2.95,250,242
2025-07-21 20:00:00,3.49,2.97,257,237
2025-07-21 21:00:00,3.61,3.45,256,260
2025-07-21 22:00:00,3.83,3.75,263,261
2025-07-21 23:00:00,4.12,3.92,264,264
2025-07-22 00:00:00,4.3,4.01,269,266
2025-07-22 01:00:00,4.22,4.1,275,267
2025-07-22 02:00:00,4.3,4.0,271,270
2025-07-22 03:00:00,4.41,3.8,266,272
2025-07-22 04:00:00,4.62,3.9,265,270
2025-07-22 05:00:00,4.4,4.1,267,271
2025-07-22 06:00:00,4.1,4.0,269,270
2025-07-22 07:00:00,4.0,4.1,271,273
2025-07-22 08:00:00,4.0,4.13,270,277
2025-07-22 09:00:00,3.9,3.73,270,278
2025-07-22 10:00:00,3.9,3.62,270,276
2025-07-22 11:00:00,3.8,3.6,268,272
2025-07-22 12:00:00,3.6,3.71,268,265
2025-07-22 13:00:00,3.3,3.61,270,265
2025-07-22 14:00:00,3.3,3.41,268,265
2025-07-22 15:00:00,3.2,3.4,272,268
2025-07-22 16:00:00,3.3,3.52,270,263
2025-07-22 17:00:00,3.21,3.57,265,259
2025-07-22 18:00:00,3.1,3.55,268,260
2025-07-22 19:00:00,2.92,3.42,264,263
2025-07-22 20:00:00,3.01,3.11,266,266
2025-07-22 21:00:00,2.45,3.2,258,272
2025-07-22 22:00:00,2.52,3.31,263,273
2025-07-22 23:00:00,2.62,3.31,252,273
2025-07-23 00:00:00,2.83,3.3,262,272
2025-07-23 01:00:00,3.01,3.31,264,275
2025-07-23 02:00:00,2.92,3.2,264,272
2025-07-23 03:00:00,2.9,3.1,270,270
2025-07-23 04:00:00,2.8,3.1,268,268
2025-07-23 05:00:00,2.7,3.1,268,268
2025-07-23 06:00:00,2.61,2.82,266,264
2025-07-23 07:00:00,2.6,2.8,272,268
2025-07-23 08:00:00,2.71,2.9,274,272
2025-07-23 09:00:00,3.11,2.83,276,278
2025-07-23 10:00:00,3.01,2.82,276,276
2025-07-23 11:00:00,2.83,2.71,278,274
2025-07-23 12:00:00,2.43,2.84,279,280
2025-07-23 13:00:00,2.22,2.84,278,280
2025-07-23 14:00:00,2.2,2.72,270,276
2025-07-23 15:00:00,2.31,2.7,265,272
2025-07-23 16:00:00,2.61,2.6,266,272
2025-07-23 17:00:00,2.5,2.5,268,270
2025-07-23 18:00:00,2.3,2.4,268,268
2025-07-23 19:00:00,2.14,2.21,259,265
2025-07-23 20:00:00,2.47,2.33,256,260
2025-07-23 21:00:00,2.02,2.43,250,261
2025-07-23 22:00:00,2.21,2.52,252,263
2025-07-23 23:00:00,2.34,2.73,250,262
2025-07-24 00:00:00,2.56,2.94,249,260
2025-07-24 01:00:00,2.75,3.13,251,263
2025-07-24 02:00:00,2.98,3.21,256,265
2025-07-24 03:00:00,3.04,3.31,261,265
2025-07-24 04:00:00,2.93,3.41,262,267
2025-07-24 05:00:00,2.83,3.11,262,266
2025-07-24 06:00:00,2.63,2.81,261,266
2025-07-24 07:00:00,2.51,2.7,265,268
2025-07-24 08:00:00,2.6,2.8,272,268
2025-07-24 09:00:00,2.81,3.1,274,272
2025-07-24 10:00:00,2.92,3.2,276,272
2025-07-24 11:00:00,2.8,3.0,272,270
2025-07-24 12:00:00,2.3,2.81,268,266
2025-07-24 13:00:00,1.82,2.81,261,266
2025-07-24 14:00:00,1.84,2.8,257,268
2025-07-24 15:00:00,1.94,2.8,258,268
2025-07-24 16:00:00,1.94,2.7,258,268
2025-07-24 17:00:00,1.81,2.41,264,265
2025-07-24 18:00:00,1.6,2.12,270,262
2025-07-24 19:00:00,1.32,2.09,261,253
2025-07-24 20:00:00,1.57,2.47,243,249
2025-07-24 21:00:00,1.7,2.33,220,245
2025-07-24 22:00:00,1.92,2.19,219,246
2025-07-24 23:00:00,2.05,2.38,223,248
2025-07-25 00:00:00,2.33,2.44,227,251
2025-07-25 01:00:00,2.33,2.44,227,251
2025-07-25 02:00:00,2.13,2.69,229,248
2025-07-25 03:00:00,2.06,2.79,231,249
2025-07-25 04:00:00,2.27,2.75,229,251
2025-07-25 05:00:00,2.28,2.69,232,255
2025-07-25 06:00:00,1.98,2.45,229,258
2025-07-25 07:00:00,1.66,2.38,245,255
2025-07-25 08:00:00,1.63,2.43,259,261
2025-07-25 09:00:00,1.24,2.1,284,270
2025-07-25 10:00:00,0.32,1.8,252,273
2025-07-25 11:00:00,0.94,1.3,148,270
2025-07-25 12:00:00,1.53,1.22,148,261
2025-07-25 13:00:00,1.46,1.24,164,256
2025-07-25 14:00:00,0.85,1.46,201,254
2025-07-25 15:00:00,0.81,1.96,240,255
2025-07-25 16:00:00,1.08,2.35,236,258
2025-07-25 17:00:00,1.3,2.14,238,259
2025-07-25 18:00:00,1.3,1.58,238,252
2025-07-25 19:00:00,1.63,1.7,223,230
2025-07-25 20:00:00,1.84,2.14,209,217
2025-07-25 21:00:00,1.94,1.94,215,215
2025-07-25 22:00:00,2.08,2.2,215,210
2025-07-25 23:00:00,2.3,2.61,214,212
2025-07-26 00:00:00,2.61,2.88,212,214
2025-07-26 01:00:00,2.78,3.06,218,218
2025-07-26 02:00:00,2.64,2.78,233,232
2025-07-26 03:00:00,2.76,2.47,226,256
2025-07-26 04:00:00,2.48,2.45,230,258
2025-07-26 05:00:00,2.09,2.19,253,246
2025-07-26 06:00:00,2.12,1.84,278,241
2025-07-26 07:00:00,1.53,1.39,238,249
2025-07-26 08:00:00,1.39,1.17,249,250
2025-07-26 09:00:00,0.61,0.58,279,121
2025-07-26 10:00:00,0.45,1.84,117,131
2025-07-26 11:00:00,1.27,2.05,135,133
2025-07-26 12:00:00,1.63,2.19,133,137
2025-07-26 13:00:00,1.86,2.0,126,127
2025-07-26 14:00:00,1.64,1.91,128,133
2025-07-26 15:00:00,1.3,1.97,122,150
2025-07-26 16:00:00,1.4,1.66,90,155
2025-07-26 17:00:00,1.73,1.57,80,153
2025-07-26 18:00:00,1.53,1.25,101,151
2025-07-26 19:00:00,1.3,1.12,122,170
2025-07-26 20:00:00,1.41,1.5,172,184
2025-07-26 21:00:00,1.75,1.82,204,171
2025-07-26 22:00:00,1.89,1.71,212,173
2025-07-26 23:00:00,2.16,1.7,214,177
2025-07-27 00:00:00,2.27,1.73,221,190
2025-07-27 01:00:00,2.11,1.66,239,205
2025-07-27 02:00:00,2.0,2.01,267,207
2025-07-27 03:00:00,2.06,2.28,256,209
2025-07-27 04:00:00,1.97,2.0,246,217
2025-07-27 05:00:00,1.79,1.33,243,257
2025-07-27 06:00:00,1.8,1.4,251,270
2025-07-27 07:00:00,1.53,1.24,259,256
2025-07-27 08:00:00,1.61,1.39,240,249
2025-07-27 09:00:00,0.73,1.13,254,225
2025-07-27 10:00:00,0.76,0.72,67,214
2025-07-27 11:00:00,1.3,0.5,86,143
2025-07-27 12:00:00,1.43,0.92,102,131
2025-07-27 13:00:00,1.57,1.21,117,114
2025-07-27 14:00:00,1.53,1.53,122,101
2025-07-27 15:00:00,1.35,1.63,132,101
2025-07-27 16:00:00,1.12,1.3,153,113
2025-07-27 17:00:00,0.61,1.2,171,138
2025-07-27 18:00:00,0.54,0.76,202,157
2025-07-27 19:00:00,1.22,1.3,215,203
2025-07-27 20:00:00,1.75,1.61,211,210
2025-07-27 21:00:00,1.98,2.14,221,217
2025-07-27 22:00:00,2.27,2.27,229,229
2025-07-27 23:00:00,2.44,2.44,235,235
2025-07-28 00:00:00,2.28,2.37,241,242
2025-07-28 01:00:00,2.28,2.6,247,254
2025-07-28 02:00:00,2.09,2.6,253,254
2025-07-28 03:00:00,2.18,2.28,254,255
2025-07-28 04:00:00,2.09,2.24,253,260
2025-07-28 05:00:00,1.84,1.87,248,254
2025-07-28 06:00:00,1.71,1.43,249,258
2025-07-28 07:00:00,1.61,1.32,263,261
2025-07-28 08:00:00,1.91,1.51,276,278
2025-07-28 09:00:00,1.84,0.81,283,277
2025-07-28 10:00:00,1.39,0.1,300,90
2025-07-28 11:00:00,0.45,1.0,333,84
2025-07-28 12:00:00,0.41,2.0,104,93
2025-07-28 13:00:00,1.12,2.33,100,100
2025-07-28 14:00:00,1.81,2.63,84,99
2025-07-28 15:00:00,2.1,2.61,90,94
2025-07-28 16:00:00,2.09,2.4,107,90
2025-07-28 17:00:00,1.48,1.9,118,87
2025-07-28 18:00:00,1.06,1.3,139,94
2025-07-28 19:00:00,0.9,0.57,180,135
2025-07-28 20:00:00,1.56,1.53,220,212
2025-07-28 21:00:00,1.72,1.58,216,198
2025-07-28 22:00:00,1.77,1.66,227,205
2025-07-28 23:00:00,1.8,1.7,236,225
2025-07-29 00:00:00,1.88,1.53,245,238
2025-07-29 01:00:00,1.84,1.56,248,230
2025-07-29 02:00:00,1.75,1.75,246,239
2025-07-29 03:00:00,1.57,1.79,243,243
2025-07-29 04:00:00,1.43,1.79,245,243
2025-07-29 05:00:00,1.17,1.58,250,235
2025-07-29 06:00:00,0.99,1.5,225,233
2025-07-29 07:00:00,0.4,1.17,180,239
2025-07-29 08:00:00,0.51,1.14,169,255
2025-07-29 09:00:00,0.82,0.1,104,90
2025-07-29 10:00:00,1.58,0.54,108,158
2025-07-29 11:00:00,1.89,1.2,122,132
2025-07-29 12:00:00,2.06,1.66,119,123
2025-07-29 13:00:00,2.4,1.65,107,104
2025-07-29 14:00:00,2.6,1.3,106,90
2025-07-29 15:00:00,2.12,1.68,98,107
2025-07-29 16:00:00,2.0,1.92,93,118
2025-07-29 17:00:00,1.68,1.84,107,139
2025-07-29 18:00:00,1.28,1.84,129,158
2025-07-29 19:00:00,1.04,1.4,163,176
2025-07-29 20:00:00,1.99,1.43,198,192
2025-07-29 21:00:00,1.68,1.65,197,194
2025-07-29 22:00:00,1.68,1.68,197,197
2025-07-29 23:00:00,1.68,1.79,197,207
2025-07-30 00:00:00,1.71,1.8,201,214
2025-07-30 01:00:00,1.84,1.86,202,216
2025-07-30 02:00:00,2.02,1.78,200,218
2025-07-30 03:00:00,2.06,1.84,203,229
2025-07-30 04:00:00,1.56,1.84,225,241
2025-07-30 05:00:00,1.2,1.48,275,242
2025-07-30 06:00:00,0.82,1.42,284,231
2025-07-30 07:00:00,0.54,0.85,292,249
2025-07-30 08:00:00,0.32,0.41,18,284
2025-07-30 09:00:00,0.32,1.24,342,76
2025-07-30 10:00:00,1.3,1.61,86,97
2025-07-30 11:00:00,2.09,1.8,107,109
2025-07-30 12:00:00,2.4,2.2,107,120
2025-07-30 13:00:00,2.65,2.46,101,117
2025-07-30 14:00:00,2.67,2.85,103,108
2025-07-30 15:00:00,2.72,2.82,107,113
2025-07-30 16:00:00,2.66,2.69,110,121
2025-07-30 17:00:00,2.42,2.5,114,127
2025-07-30 18:00:00,1.97,2.06,120,129
2025-07-30 19:00:00,1.64,1.56,128,140
2025-07-30 20:00:00,1.84,1.66,139,155
2025-07-30 21:00:00,2.13,2.41,139,138
2025-07-30 22:00:00,2.22,2.42,144,142
2025-07-30 23:00:00,2.25,2.25,148,148
2025-07-31 00:00:00,2.1,2.16,155,146
2025-07-31 01:00:00,2.1,2.16,155,146
2025-07-31 02:00:00,1.79,2.06,153,141
2025-07-31 03:00:00,1.93,2.19,159,137
2025-07-31 04:00:00,1.84,2.12,158,135
2025-07-31 05:00:00,1.55,2.12,165,135
2025-07-31 06:00:00,1.0,2.13,127,131
2025-07-31 07:00:00,1.82,1.94,99,125
2025-07-31 08:00:00,1.62,2.08,112,125
2025-07-31 09:00:00,1.17,2.08,160,125
2025-07-31 10:00:00,1.61,2.46,150,117
2025-07-31 11:00:00,2.16,2.62,146,108
2025-07-31 12:00:00,2.28,2.86,142,102
2025-07-31 13:00:00,2.27,2.88,131,110
2025-07-31 14:00:00,2.28,2.73,119,114
2025-07-31 15:00:00,2.38,2.72,112,107
2025-07-31 16:00:00,2.15,2.32,112,97
2025-07-31 17:00:00,1.92,2.0,99,93
2025-07-31 18:00:00,1.9,1.91,90,96
2025-07-31 19:00:00,1.58,1.77,108,106
2025-07-31 20:00:00,1.64,1.57,128,117
2025-07-31 21:00:00,1.58,2.14,145,101
2025-07-31 22:00:00,1.79,2.15,153,118
2025-07-31 23:00:00,1.94,2.05,145,133
2025-08-01 00:00:00,1.48,1.98,152,139
2025-08-01 01:00:00,1.73,1.88,170,155
2025-08-01 02:00:00,1.81,1.84,186,167
2025-08-01 03:00:00,1.3,1.8,203,214
2025-08-01 04:00:00,1.17,1.58,239,252
2025-08-01 05:00:00,1.4,1.17,274,250
2025-08-01 06:00:00,1.2,0.41,275,256
2025-08-01 07:00:00,0.51,0.4,281,90
2025-08-01 08:00:00,0.14,0.51,135,79
2025-08-01 09:00:00,0.36,0.61,326,81
2025-08-01 10:00:00,1.04,1.5,73,90
2025-08-01 11:00:00,1.3,1.84,90,103
2025-08-01 12:00:00,1.51,1.87,98,106
2025-08-01 13:00:00,1.73,2.24,100,100
2025-08-01 14:00:00,2.1,2.61,90,94
2025-08-01 15:00:00,2.4,2.6,92,92
2025-08-01 16:00:00,2.11,2.3,95,90
2025-08-01 17:00:00,1.77,2.02,106,99
2025-08-01 18:00:00,1.61,1.77,120,106
2025-08-01 19:00:00,1.9,1.71,93,111
2025-08-01 20:00:00,2.1,1.39,90,120
2025-08-01 21:00:00,1.21,1.92,66,99
2025-08-01 22:00:00,0.63,2.0,162,93
2025-08-01 23:00:00,1.43,2.16,205,103
2025-08-02 00:00:00,1.12,1.7,207,90
2025-08-02 01:00:00,1.5,1.12,217,63
2025-08-02 02:00:00,1.78,0.73,232,106
2025-08-02 03:00:00,1.56,1.39,220,159
2025-08-02 04:00:00,1.49,1.49,222,160
2025-08-02 05:00:00,1.48,1.41,242,188
2025-08-02 06:00:00,1.49,1.22,228,215
2025-08-02 07:00:00,1.65,1.17,256,211
2025-08-02 08:00:00,1.9,0.5,270,127
2025-08-02 09:00:00,3.11,1.7,274,270
2025-08-02 10:00:00,2.92,1.61,276,277
2025-08-02 11:00:00,2.81,1.75,274,283
2025-08-02 12:00:00,2.61,1.73,274,280
2025-08-02 13:00:00,2.32,1.8,277,273
2025-08-02 14:00:00,2.32,1.71,277,277
2025-08-02 15:00:00,2.52,1.84,277,283
2025-08-02 16:00:00,2.31,1.24,275,284
2025-08-02 17:00:00,1.9,0.7,270,270
2025-08-02 18:00:00,1.4,1.08,266,248
2025-08-02 19:00:00,1.39,1.33,249,257
2025-08-02 20:00:00,1.8,1.5,236,274
2025-08-02 21:00:00,1.92,1.4,242,180
2025-08-02 22:00:00,2.06,1.48,241,208
2025-08-02 23:00:00,2.12,1.27,251,225
2025-08-03 00:00:00,2.31,1.49,252,222
2025-08-03 01:00:00,2.43,1.63,261,227
2025-08-03 02:00:00,2.24,1.14,260,218
2025-08-03 03:00:00,2.06,1.1,247,275
2025-08-03 04:00:00,1.88,1.36,245,253
2025-08-03 05:00:00,1.79,0.92,243,257
2025-08-03 06:00:00,1.58,0.45,235,333
2025-08-03 07:00:00,1.27,0.54,225,158
2025-08-03 08:00:00,0.78,1.33,230,103
2025-08-03 09:00:00,1.03,0.71,241,225
2025-08-03 10:00:00,1.04,0.71,253,172
2025-08-03 11:00:00,0.63,0.71,162,172
2025-08-03 12:00:00,1.12,1.3,153,203
2025-08-03 13:00:00,1.26,1.42,162,231
2025-08-03 14:00:00,1.51,1.44,188,236
2025-08-03 15:00:00,1.57,1.35,207,228
2025-08-03 16:00:00,1.53,1.52,212,203
2025-08-03 17:00:00,1.35,2.04,222,191
2025-08-03 18:00:00,1.14,1.87,232,196
2025-08-03 19:00:00,1.36,1.43,234,192
2025-08-03 20:00:00,1.5,1.6,217,176
2025-08-03 21:00:00,1.06,1.5,221,180
2025-08-03 22:00:00,2.06,2.0,194,177
2025-08-03 23:00:00,1.73,2.42,190,173
2025-08-04 00:00:00,2.14,2.12,169,161
2025-08-04 01:00:00,2.6,2.09,164,163
2025-08-04 02:00:00,2.95,2.94,156,170
2025-08-04 03:00:00,2.38,3.07,158,199
2025-08-04 04:00:00,3.66,3.73,145,200
2025-08-04 05:00:00,3.33,3.4,139,194
2025-08-04 06:00:00,2.98,2.33,130,170
2025-08-04 07:00:00,3.0,2.88,120,160
2025-08-04 08:00:00,3.27,3.28,157,192
2025-08-04 09:00:00,2.25,1.79,201,207
2025-08-04 10:00:00,1.5,2.5,176,217
2025-08-04 11:00:00,1.03,2.84,151,219
2025-08-04 12:00:00,0.85,2.55,111,225
2025-08-04 13:00:00,1.28,1.91,231,227
2025-08-04 14:00:00,1.22,0.45,279,117
2025-08-04 15:00:00,1.5,1.57,217,63
2025-08-04 16:00:00,1.84,1.57,209,63
2025-08-04 17:00:00,1.7,1.66,208,57
2025-08-04 18:00:00,1.03,1.39,209,21
2025-08-04 19:00:00,1.06,0.81,139,353
2025-08-04 20:00:00,1.36,1.3,144,293
2025-08-04 21:00:00,0.85,2.41,159,265
2025-08-04 22:00:00,1.12,2.62,207,263
2025-08-04 23:00:00,1.22,2.9,235,268
2025-08-05 00:00:00,1.71,2.71,249,266
2025-08-05 01:00:00,1.84,2.57,248,257
2025-08-05 02:00:00,1.93,2.47,249,256
2025-08-05 03:00:00,1.99,2.28,252,255
2025-08-05 04:00:00,2.22,2.35,262,258
2025-08-05 05:00:00,2.21,2.43,265,261
2025-08-05 06:00:00,2.11,2.53,265,261
2025-08-05 07:00:00,2.1,2.62,267,263
2025-08-05 08:00:00,2.2,2.91,270,266
2025-08-05 09:00:00,1.9,2.12,273,262
2025-08-05 10:00:00,2.0,2.61,270,274
2025-08-05 11:00:00,2.42,3.11,263,274
2025-08-05 12:00:00,2.84,3.1,260,268
2025-08-05 13:00:00,3.01,3.3,264,268
2025-08-05 14:00:00,3.22,2.7,263,268
2025-08-05 15:00:00,3.01,3.28,264,258
2025-08-05 16:00:00,2.73,3.35,262,260
2025-08-05 17:00:00,2.8,3.04,270,261
2025-08-05 18:00:00,2.57,2.4,257,270
2025-08-05 19:00:00,2.14,1.8,259,267
2025-08-05 20:00:00,1.93,1.96,249,255
2025-08-05 21:00:00,1.66,1.75,245,246
2025-08-05 22:00:00,1.79,1.92,243,242
2025-08-05 23:00:00,2.1,2.12,245,251
2025-08-06 00:00:00,2.68,2.47,243,249
2025-08-06 01:00:00,3.29,2.18,250,254
2025-08-06 02:00:00,3.26,1.92,243,242
2025-08-06 03:00:00,2.64,2.1,245,245
2025-08-06 04:00:00,2.28,2.34,241,230
2025-08-06 05:00:00,2.33,2.14,239,233
2025-08-06 06:00:00,2.83,2.61,228,238
2025-08-06 07:00:00,4.03,3.09,247,241
2025-08-06 08:00:00,4.92,3.89,246,244
2025-08-06 09:00:00,4.88,4.59,242,254
2025-08-06 10:00:00,5.28,4.2,245,245
2025-08-06 11:00:00,5.28,5.01,245,244
2025-08-06 12:00:00,5.55,5.65,247,247
2025-08-06 13:00:00,5.52,6.35,248,244
2025-08-06 14:00:00,5.2,6.43,247,249
2025-08-06 15:00:00,5.05,6.54,243,247
2025-08-06 16:00:00,4.79,7.47,244,242
2025-08-06 17:00:00,4.94,7.05,249,252
2025-08-06 18:00:00,5.42,7.47,247,258
2025-08-06 19:00:00,5.65,8.2,247,257
2025-08-06 20:00:00,6.62,8.53,245,260
2025-08-06 21:00:00,5.94,8.13,263,265
2025-08-06 22:00:00,5.6,7.11,272,268
2025-08-06 23:00:00,5.6,6.42,268,266
2025-08-07 00:00:00,5.31,6.01,273,267
2025-08-07 01:00:00,4.9,5.61,270,266
2025-08-07 02:00:00,4.8,5.43,269,264
2025-08-07 03:00:00,5.0,5.36,269,261
2025-08-07 04:00:00,4.91,5.35,266,262
2025-08-07 05:00:00,4.92,5.36,265,261
2025-08-07 06:00:00,5.21,5.15,267,262
2025-08-07 07:00:00,5.4,4.2,270,270
2025-08-07 08:00:00,5.7,3.82,269,276
2025-08-07 09:00:00,4.6,6.9,271,271
2025-08-07 10:00:00,4.62,6.8,275,270
2025-08-07 11:00:00,4.34,6.03,278,276
2025-08-07 12:00:00,3.95,5.15,279,278
2025-08-07 13:00:00,3.51,4.49,273,282
2025-08-07 14:00:00,3.21,3.98,265,282
2025-08-07 15:00:00,2.65,3.85,259,279
2025-08-07 16:00:00,1.2,3.51,275,273
2025-08-07 17:00:00,0.64,2.8,39,272
2025-08-07 18:00:00,2.15,1.87,68,286
2025-08-07 19:00:00,1.71,1.33,97,283
2025-08-07 20:00:00,1.14,1.7,128,267
2025-08-07 21:00:00,1.3,0.57,180,225
2025-08-07 22:00:00,1.49,1.99,222,252
2025-08-07 23:00:00,1.92,2.53,242,261
2025-08-08 00:00:00,2.35,2.51,258,265
2025-08-08 01:00:00,2.4,2.51,268,265
2025-08-08 02:00:00,2.3,2.51,270,265
2025-08-08 03:00:00,2.31,2.5,275,268
2025-08-08 04:00:00,2.3,2.2,272,270
2025-08-08 05:00:00,2.0,2.2,273,270
2025-08-08 06:00:00,1.7,2.01,273,264
2025-08-08 07:00:00,1.33,2.32,283,277
2025-08-08 08:00:00,1.32,2.1,279,270
2025-08-08 09:00:00,0.41,1.02,256,259
2025-08-08 10:00:00,0.36,1.2,236,265
2025-08-08 11:00:00,0.63,1.7,252,273
2025-08-08 12:00:00,1.0,2.21,276,275
2025-08-08 13:00:00,1.2,2.5,265,272
2025-08-08 14:00:00,1.04,2.6,287,270
2025-08-08 15:00:00,1.1,2.26,275,257
2025-08-08 16:00:00,0.2,2.1,270,267
2025-08-08 17:00:00,0.45,1.6,297,266
2025-08-08 18:00:00,0.73,1.33,254,283
2025-08-08 19:00:00,0.7,1.22,270,261
2025-08-08 20:00:00,1.0,1.26,264,252
2025-08-08 21:00:00,1.12,1.61,190,240
2025-08-08 22:00:00,0.92,1.66,193,237
2025-08-08 23:00:00,1.2,1.66,222,245
2025-08-09 00:00:00,1.63,1.79,227,243
2025-08-09 01:00:00,1.56,1.58,230,252
2025-08-09 02:00:00,1.28,2.02,231,250
2025-08-09 03:00:00,1.84,1.9,229,252
2025-08-09 04:00:00,1.86,2.12,234,251
2025-08-09 05:00:00,1.91,2.18,223,254
2025-08-09 06:00:00,1.56,1.96,220,255
2025-08-09 07:00:00,1.34,2.06,243,256
2025-08-09 08:00:00,1.2,1.94,270,258
2025-08-09 09:00:00,1.21,2.65,246,281
2025-08-09 10:00:00,1.56,2.4,230,268
2025-08-09 11:00:00,1.66,2.6,237,272
2025-08-09 12:00:00,1.14,2.24,218,260
2025-08-09 13:00:00,0.72,1.84,214,257
2025-08-09 14:00:00,1.22,2.38,145,255
2025-08-09 15:00:00,0.67,2.84,117,260
2025-08-09 16:00:00,0.89,2.73,153,262
2025-08-09 17:00:00,0.78,2.63,130,261
2025-08-09 18:00:00,0.36,2.63,214,261
2025-08-09 19:00:00,0.22,2.5,243,272
2025-08-09 20:00:00,0.95,2.3,342,272
2025-08-09 21:00:00,0.5,1.41,307,188
2025-08-09 22:00:00,0.76,1.61,337,210
2025-08-09 23:00:00,1.3,1.72,274,216
2025-08-10 00:00:00,1.3,1.77,270,223
2025-08-10 01:00:00,1.17,1.7,301,242
2025-08-10 02:00:00,0.99,1.96,315,255
2025-08-10 03:00:00,0.5,1.79,307,243
2025-08-10 04:00:00,0.58,1.75,31,239
2025-08-10 05:00:00,1.49,1.46,48,254
2025-08-10 06:00:00,1.75,1.26,59,252
2025-08-10 07:00:00,1.2,0.36,48,236
2025-08-10 08:00:00,1.75,0.73,59,16
2025-08-10 09:00:00,2.73,1.22,66,35
2025-08-10 10:00:00,2.86,1.03,65,61
2025-08-10 11:00:00,2.87,0.94,61,58
2025-08-10 12:00:00,2.66,0.51,70,79
2025-08-10 13:00:00,2.64,0.67,65,27
2025-08-10 14:00:00,2.73,0.85,62,45
2025-08-10 15:00:00,2.78,1.43,60,65
2025-08-10 16:00:00,2.56,1.5,59,90
2025-08-10 17:00:00,2.61,2.01,58,96
2025-08-10 18:00:00,2.37,2.01,62,96
2025-08-10 19:00:00,2.19,1.41,66,98
2025-08-10 20:00:00,2.09,1.34,73,153
2025-08-10 21:00:00,1.28,1.7,51,140
2025-08-10 22:00:00,1.51,1.63,8,169
2025-08-10 23:00:00,1.0,1.3,360,148
2025-08-11 00:00:00,0.67,2.02,333,147
2025-08-11 01:00:00,0.81,2.09,353,163
2025-08-11 02:00:00,0.71,1.2,352,175
2025-08-11 03:00:00,0.85,1.3,315,184
2025-08-11 04:00:00,0.22,0.76,243,203
2025-08-11 05:00:00,0.36,0.2,34,90
2025-08-11 06:00:00,1.1,1.0,85,180
2025-08-11 07:00:00,1.56,1.42,140,219
2025-08-11 08:00:00,1.0,1.2,84,222
2025-08-11 09:00:00,1.51,1.91,82,96
2025-08-11 10:00:00,1.92,1.53,81,101
2025-08-11 11:00:00,1.5,1.17,90,121
2025-08-11 12:00:00,0.58,0.91,149,96
2025-08-11 13:00:00,1.0,0.36,270,236
2025-08-11 14:00:00,0.76,0.45,337,27
2025-08-11 15:00:00,1.65,0.73,76,106
2025-08-11 16:00:00,1.61,0.32,97,162
2025-08-11 17:00:00,1.2,0.32,138,72
2025-08-11 18:00:00,0.9,0.58,90,211
2025-08-11 19:00:00,1.66,1.36,147,36
2025-08-11 20:00:00,1.17,0.8,200,180
2025-08-11 21:00:00,1.84,1.41,119,172
2025-08-11 22:00:00,1.26,1.82,108,189
2025-08-11 23:00:00,2.0,1.63,143,169
2025-08-12 00:00:00,1.91,1.61,137,187
2025-08-12 01:00:00,2.12,1.82,135,189
2025-08-12 02:00:00,2.73,1.6,98,180
2025-08-12 03:00:00,3.01,1.6,75,176
2025-08-12 04:00:00,3.31,2.34,65,160
2025-08-12 05:00:00,3.36,2.86,53,155
2025-08-12 06:00:00,3.04,2.4,44,135
2025-08-12 07:00:00,2.97,2.6,42,113
2025-08-12 08:00:00,2.92,3.52,38,105
2025-08-12 09:00:00,3.0,4.3,64,89
2025-08-12 10:00:00,3.05,4.02,58,71
2025-08-12 11:00:00,2.75,4.02,57,55
2025-08-12 12:00:00,2.55,3.62,64,51
2025-08-12 13:00:00,2.33,3.22,80,30
2025-08-12 14:00:00,2.66,2.86,70,12
2025-08-12 15:00:00,2.63,3.1,81,358
2025-08-12 16:00:00,2.31,2.6,85,360
2025-08-12 17:00:00,2.2,2.16,87,347
2025-08-12 18:00:00,2.02,1.6,99,356
2025-08-12 19:00:00,1.36,0.8,126,360
2025-08-12 20:00:00,1.53,0.64,148,321
2025-08-12 21:00:00,1.3,1.22,203,171
2025-08-12 22:00:00,1.34,1.4,207,184
2025-08-12 23:00:00,1.49,1.36,222,197
2025-08-13 00:00:00,1.7,1.34,225,207
2025-08-13 01:00:00,1.77,1.7,227,225
2025-08-13 02:00:00,2.26,1.64,225,232
2025-08-13 03:00:00,2.33,1.98,223,225
2025-08-13 04:00:00,2.22,1.63,216,227
2025-08-13 05:00:00,2.25,0.58,212,149
2025-08-13 06:00:00,2.01,2.25,207,159
2025-08-13 07:00:00,1.84,1.9,202,177
2025-08-13 08:00:00,1.9,1.5,198,184
2025-08-13 09:00:00,1.86,2.34,234,160
2025-08-13 10:00:00,2.2,2.16,231,167
2025-08-13 11:00:00,2.61,2.09,238,163
2025-08-13 12:00:00,2.64,2.14,241,169
2025-08-13 13:00:00,2.58,2.06,234,166
2025-08-13 14:00:00,2.62,2.3,230,182
2025-08-13 15:00:00,2.98,2.71,230,184
2025-08-13 16:00:00,2.8,2.73,235,204
2025-08-13 17:00:00,2.83,3.22,238,206
2025-08-13 18:00:00,2.42,3.67,246,209
2025-08-13 19:00:00,2.42,4.16,246,215
2025-08-13 20:00:00,2.64,4.25,245,221
2025-08-13 21:00:00,3.05,4.02,247,243
2025-08-13 22:00:00,3.67,4.43,241,242
2025-08-13 23:00:00,4.27,4.47,237,243
2025-08-14 00:00:00,4.69,4.61,236,246
2025-08-14 01:00:00,5.13,5.03,237,249
2025-08-14 02:00:00,5.33,5.35,240,253
2025-08-14 03:00:00,5.68,5.32,242,254
2025-08-14 04:00:00,5.89,5.32,249,254
2025-08-14 05:00:00,6.14,5.17,254,255
2025-08-14 06:00:00,6.57,4.92,257,257
2025-08-14 07:00:00,6.43,4.81,258,258
2025-08-14 08:00:00,6.22,4.85,259,262
2025-08-14 09:00:00,4.92,5.94,265,263
2025-08-14 10:00:00,4.7,6.13,269,264
2025-08-14 11:00:00,4.6,6.25,270,263
2025-08-14 12:00:00,4.52,6.17,265,262
2025-08-14 13:00:00,5.35,5.74,262,263
2025-08-14 14:00:00,5.31,5.64,267,263
2025-08-14 15:00:00,5.3,5.32,268,266
2025-08-14 16:00:00,5.41,5.0,266,269
2025-08-14 17:00:00,5.16,4.91,261,266
2025-08-14 18:00:00,4.75,4.84,255,263
2025-08-14 19:00:00,4.1,4.43,257,264
2025-08-14 20:00:00,4.08,4.33,259,263
2025-08-14 21:00:00,4.72,4.33,265,263
2025-08-14 22:00:00,4.81,4.11,266,266
2025-08-14 23:00:00,5.0,4.2,271,269
2025-08-15 00:00:00,5.02,4.1,275,271
2025-08-15 01:00:00,4.51,3.81,274,273
2025-08-15 02:00:00,4.51,3.5,274,272
2025-08-15 03:00:00,4.2,3.81,273,275
2025-08-15 04:00:00,3.91,3.81,273,275
2025-08-15 05:00:00,3.71,3.8,273,270
2025-08-15 06:00:00,3.54,3.91,278,273
2025-08-15 07:00:00,3.13,3.72,277,276
2025-08-15 08:00:00,3.24,3.28,279,282
2025-08-15 09:00:00,2.93,2.24,278,280
2025-08-15 10:00:00,2.82,2.14,276,281
2025-08-15 11:00:00,2.83,2.16,278,283
2025-08-15 12:00:00,2.83,2.18,278,286
2025-08-15 13:00:00,2.84,2.24,280,280
2025-08-15 14:00:00,2.92,2.33,276,280
2025-08-15 15:00:00,2.91,2.52,274,277
2025-08-15 16:00:00,2.8,2.4,270,272
2025-08-15 17:00:00,2.41,2.1,265,267
2025-08-15 18:00:00,2.26,1.8,257,267
2025-08-15 19:00:00,2.45,1.71,258,263
2025-08-15 20:00:00,2.47,1.82,256,261
2025-08-15 21:00:00,2.4,2.55,253,259
2025-08-15 22:00:00,2.61,2.62,266,263
2025-08-15 23:00:00,2.7,2.9,272,268
2025-08-16 00:00:00,2.8,3.1,268,272
2025-08-16 01:00:00,3.0,3.11,270,276
2025-08-16 02:00:00,3.21,3.13,275,277
2025-08-16 03:00:00,3.13,3.11,277,274
2025-08-16 04:00:00,3.01,3.31,276,275
2025-08-16 05:00:00,3.01,3.31,274,275
2025-08-16 06:00:00,2.8,3.13,272,277
2025-08-16 07:00:00,2.73,2.94,278,280
2025-08-16 08:00:00,2.72,3.11,276,276
2025-08-16 09:00:00,3.1,3.71,268,275
2025-08-16 10:00:00,3.6,3.61,270,273
2025-08-16 11:00:00,4.1,3.61,269,275
2025-08-16 12:00:00,4.4,3.71,269,275
2025-08-16 13:00:00,4.3,3.81,271,273
2025-08-16 14:00:00,4.2,3.8,271,272
2025-08-16 15:00:00,4.04,3.91,261,267
2025-08-16 16:00:00,3.91,4.1,266,270
2025-08-16 17:00:00,3.81,4.0,265,270
2025-08-16 18:00:00,3.51,3.8,265,268
2025-08-16 19:00:00,3.31,3.71,267,267
2025-08-16 20:00:00,3.4,3.51,268,267
2025-08-16 21:00:00,4.74,4.63,263,264
2025-08-16 22:00:00,4.94,5.02,263,264
2025-08-16 23:00:00,5.14,5.22,263,265
2025-08-17 00:00:00,5.41,5.43,267,264
2025-08-17 01:00:00,5.4,5.23,268,263
2025-08-17 02:00:00,4.93,5.11,264,267
2025-08-17 03:00:00,4.73,5.0,264,268
2025-08-17 04:00:00,4.8,4.72,269,275
2025-08-17 05:00:00,4.4,4.46,271,279
2025-08-17 06:00:00,4.21,4.03,274,277
2025-08-17 07:00:00,3.91,3.83,274,277
2025-08-17 08:00:00,3.7,3.75,270,279
2025-08-17 09:00:00,4.1,3.52,271,277
2025-08-17 10:00:00,4.3,3.45,273,280
2025-08-17 11:00:00,4.3,3.45,273,280
2025-08-17 12:00:00,4.2,3.35,273,280
2025-08-17 13:00:00,4.0,3.21,271,274
2025-08-17 14:00:00,3.8,3.3,272,272
2025-08-17 15:00:00,3.71,3.3,275,272
2025-08-17 16:00:00,3.52,3.21,277,275
2025-08-17 17:00:00,3.11,3.11,274,274
2025-08-17 18:00:00,2.9,2.9,272,270
2025-08-17 19:00:00,2.8,2.5,270,270
2025-08-17 20:00:00,2.6,2.6,270,270
2025-08-17 21:00:00,2.3,2.24,272,260
2025-08-17 22:00:00,2.02,2.21,261,265
2025-08-17 23:00:00,2.14,1.94,259,258
2025-08-18 00:00:00,2.24,1.94,260,258
2025-08-18 01:00:00,2.52,1.92,263,261
2025-08-18 02:00:00,2.72,1.96,264,255
2025-08-18 03:00:00,3.0,1.68,268,253
2025-08-18 04:00:00,3.1,2.16,270,257
2025-08-18 05:00:00,2.8,2.43,268,261
2025-08-18 06:00:00,3.01,2.73,266,262
2025-08-18 07:00:00,3.1,3.32,272,263
2025-08-18 08:00:00,3.21,3.92,275,264
2025-08-18 09:00:00,3.61,2.81,275,266
2025-08-18 10:00:00,3.51,3.22,273,263
2025-08-18 11:00:00,3.4,3.62,270,264
2025-08-18 12:00:00,3.4,3.95,268,261
2025-08-18 13:00:00,3.41,4.08,267,259
2025-08-18 14:00:00,3.52,4.3,263,258
2025-08-18 15:00:00,3.65,4.18,261,259
2025-08-18 16:00:00,3.59,4.28,257,259
2025-08-18 17:00:00,3.38,4.51,251,257
2025-08-18 18:00:00,3.45,5.1,253,259
2025-08-18 19:00:00,3.7,5.06,251,261
2025-08-18 20:00:00,3.71,5.16,256,261
2025-08-18 21:00:00,3.79,3.98,252,258
2025-08-18 22:00:00,4.55,4.46,261,261
2025-08-18 23:00:00,4.81,4.93,266,264
2025-08-19 00:00:00,4.7,5.04,270,263
2025-08-19 01:00:00,5.0,5.62,271,265
2025-08-19 02:00:00,5.2,5.71,270,266
2025-08-19 03:00:00,5.51,6.2,267,268
2025-08-19 04:00:00,5.81,6.5,267,269
2025-08-19 05:00:00,5.7,6.11,269,267
2025-08-19 06:00:00,5.61,6.22,273,265
2025-08-19 07:00:00,5.51,6.2,273,269
2025-08-19 08:00:00,5.4,6.3,271,271
2025-08-19 09:00:00,4.4,5.71,271,267
2025-08-19 10:00:00,4.8,5.82,271,265
2025-08-19 11:00:00,4.8,6.02,271,265
2025-08-19 12:00:00,4.7,5.81,270,266
2025-08-19 13:00:00,4.61,5.32,266,265
2025-08-19 14:00:00,4.82,4.85,265,256
2025-08-19 15:00:00,4.94,4.98,263,260
2025-08-19 16:00:00,4.6,4.88,268,259
2025-08-19 17:00:00,4.7,5.02,268,257
2025-08-19 18:00:00,4.64,5.14,263,263
2025-08-19 19:00:00,4.65,5.22,261,265
2025-08-19 20:00:00,4.54,5.41,262,267
2025-08-19 21:00:00,4.42,5.53,265,264
2025-08-19 22:00:00,4.42,5.63,265,264
2025-08-19 23:00:00,4.8,6.31,270,266
2025-08-20 00:00:00,5.2,6.72,270,266
2025-08-20 01:00:00,5.3,6.85,272,263
2025-08-20 02:00:00,5.61,6.81,274,267
2025-08-20 03:00:00,5.51,7.0,273,269
2025-08-20 04:00:00,5.5,7.22,272,266
2025-08-20 05:00:00,5.3,7.01,271,267
2025-08-20 06:00:00,5.02,6.61,275,267
2025-08-20 07:00:00,4.55,6.64,279,264
2025-08-20 08:00:00,4.36,6.95,279,263
2025-08-20 09:00:00,5.01,5.2,267,269
2025-08-20 10:00:00,4.4,4.7,267,269
2025-08-20 11:00:00,3.91,4.3,266,270
2025-08-20 12:00:00,3.75,4.1,261,269
2025-08-20 13:00:00,3.54,4.11,262,266
2025-08-20 14:00:00,3.45,3.88,260,258
2025-08-20 15:00:00,3.37,4.16,258,260
2025-08-20 16:00:00,3.18,4.63,257,256
2025-08-20 17:00:00,3.1,4.64,255,263
2025-08-20 18:00:00,2.82,4.03,253,277
2025-08-20 19:00:00,2.4,3.1,253,268
2025-08-20 20:00:00,2.38,3.21,255,266
2025-08-20 21:00:00,2.55,4.12,259,264
2025-08-20 22:00:00,3.01,4.3,255,270
2025-08-20 23:00:00,3.54,4.4,262,271
2025-08-21 00:00:00,3.81,4.3,267,273
2025-08-21 01:00:00,3.8,4.21,268,274
2025-08-21 02:00:00,3.7,4.3,270,271
2025-08-21 03:00:00,3.7,4.1,270,270
2025-08-21 04:00:00,3.41,3.8,273,270
2025-08-21 05:00:00,3.1,3.51,270,267
2025-08-21 06:00:00,2.7,3.31,268,273
2025-08-21 07:00:00,2.7,3.31,270,275
2025-08-21 08:00:00,2.8,3.32,270,277
2025-08-21 09:00:00,3.01,2.96,274,282
2025-08-21 10:00:00,3.0,2.67,272,283
2025-08-21 11:00:00,2.81,1.9,274,273
2025-08-21 12:00:00,2.5,1.82,272,261
2025-08-21 13:00:00,2.6,2.21,272,252
2025-08-21 14:00:00,2.51,2.21,265,252
2025-08-21 15:00:00,2.5,1.96,268,255
2025-08-21 16:00:00,2.31,1.84,265,248
2025-08-21 17:00:00,2.02,1.65,261,256
2025-08-21 18:00:00,1.87,1.36,254,253
2025-08-21 19:00:00,1.6,1.48,270,242
2025-08-21 20:00:00,1.61,1.56,263,230
2025-08-21 21:00:00,1.58,1.84,215,221
2025-08-21 22:00:00,1.77,2.19,223,227
2025-08-21 23:00:00,1.84,2.8,225,235
2025-08-22 00:00:00,1.91,2.8,227,235
2025-08-22 01:00:00,2.06,2.61,231,238
2025-08-22 02:00:00,2.16,2.66,236,250
2025-08-22 03:00:00,2.37,2.77,242,257
2025-08-22 04:00:00,2.15,2.66,248,250
2025-08-22 05:00:00,2.38,2.51,255,241
2025-08-22 06:00:00,2.18,2.47,254,249
2025-08-22 07:00:00,2.04,2.66,259,250
2025-08-22 08:00:00,2.4,2.84,268,260
2025-08-22 09:00:00,2.62,2.93,277,278
2025-08-22 10:00:00,2.3,3.01,272,276
2025-08-22 11:00:00,2.2,2.81,267,266
2025-08-22 12:00:00,2.4,2.96,270,258
2025-08-22 13:00:00,2.8,2.94,272,260
2025-08-22 14:00:00,3.0,3.01,270,255
2025-08-22 15:00:00,2.9,3.04,270,261
2025-08-22 16:00:00,2.81,3.03,266,262
2025-08-22 17:00:00,2.81,2.84,266,260
2025-08-22 18:00:00,2.73,2.45,262,258
2025-08-22 19:00:00,2.72,2.28,264,241
2025-08-22 20:00:00,2.6,2.51,272,247
2025-08-22 21:00:00,2.61,2.8,266,268
2025-08-22 22:00:00,2.82,2.81,264,266
2025-08-22 23:00:00,2.91,2.92,266,264
2025-08-23 00:00:00,3.01,2.82,264,264
2025-08-23 01:00:00,3.11,2.82,264,264
2025-08-23 02:00:00,3.21,2.73,265,262
2025-08-23 03:00:00,3.11,2.65,264,259
2025-08-23 04:00:00,3.03,2.55,262,259
2025-08-23 05:00:00,2.83,2.28,262,255
2025-08-23 06:00:00,2.45,1.99,258,252
2025-08-23 07:00:00,2.14,1.63,259,259
2025-08-23 08:00:00,2.1,1.61,273,277
2025-08-23 09:00:00,2.16,1.77,283,286
2025-08-23 10:00:00,1.8,0.85,289,315
2025-08-23 11:00:00,1.17,1.0,301,37
2025-08-23 12:00:00,0.71,1.55,315,75
2025-08-23 13:00:00,0.28,2.1,315,93
2025-08-23 14:00:00,1.48,1.8,62,87
2025-08-23 15:00:00,1.51,1.81,98,84
2025-08-23 16:00:00,1.63,1.68,101,107
2025-08-23 17:00:00,1.02,1.43,101,102
2025-08-23 18:00:00,0.78,1.06,140,131
2025-08-23 19:00:00,1.32,1.26,189,162
2025-08-23 20:00:00,1.5,1.43,217,192
2025-08-23 21:00:00,2.06,1.84,256,241
2025-08-23 22:00:00,2.02,1.71,261,249
2025-08-23 23:00:00,2.1,1.68,267,253
2025-08-24 00:00:00,1.91,1.62,276,248
2025-08-24 01:00:00,1.9,1.39,273,240
2025-08-24 02:00:00,1.7,1.26,270,252
2025-08-24 03:00:00,1.6,1.17,270,250
2025-08-24 04:00:00,1.4,1.17,274,239
2025-08-24 05:00:00,1.41,1.13,262,225
2025-08-24 06:00:00,1.33,0.94,257,212
2025-08-24 07:00:00,1.22,1.0,261,180
2025-08-24 08:00:00,1.3,0.61,266,171
2025-08-24 09:00:00,1.2,0.41,275,256
2025-08-24 10:00:00,0.71,0.71,262,172
2025-08-24 11:00:00,0.54,0.82,248,166
2025-08-24 12:00:00,0.9,0.54,270,158
2025-08-24 13:00:00,0.71,0.32,262,108
2025-08-24 14:00:00,0.73,1.33,286,103
2025-08-24 15:00:00,0.3,1.14,270,128
2025-08-24 16:00:00,0.51,0.95,191,162
2025-08-24 17:00:00,0.54,0.82,202,194
2025-08-24 18:00:00,0.58,0.89,211,207
2025-08-24 19:00:00,1.39,1.43,249,205
2025-08-24 20:00:00,1.7,1.72,242,216
2025-08-24 21:00:00,1.9,1.9,252,252
2025-08-24 22:00:00,1.93,1.91,249,264
2025-08-24 23:00:00,1.99,1.65,252,256
2025-08-25 00:00:00,1.99,1.36,252,253
2025-08-25 01:00:00,2.06,1.21,256,246
2025-08-25 02:00:00,2.16,1.03,257,241
2025-08-25 03:00:00,2.09,1.14,253,232
2025-08-25 04:00:00,2.18,1.14,254,232
2025-08-25 05:00:00,2.12,1.39,251,240
2025-08-25 06:00:00,2.02,1.75,250,246
2025-08-25 07:00:00,1.92,1.26,261,252
2025-08-25 08:00:00,2.2,1.3,273,266
2025-08-25 09:00:00,2.73,2.61,262,266
2025-08-25 10:00:00,2.72,2.89,253,256
2025-08-25 11:00:00,3.05,3.01,247,249
2025-08-25 12:00:00,3.23,3.0,248,244
2025-08-25 13:00:00,3.29,2.94,250,252
2025-08-25 14:00:00,3.23,2.98,254,256
2025-08-25 15:00:00,3.23,3.16,254,259
2025-08-25 16:00:00,3.3,3.21,256,265
2025-08-25 17:00:00,3.37,2.94,258,260
2025-08-25 18:00:00,3.4,2.69,256,255
2025-08-25 19:00:00,3.35,2.56,253,249
2025-08-25 20:00:00,3.3,2.94,256,252
2025-08-25 21:00:00,3.76,3.37,253,258
2025-08-25 22:00:00,4.54,3.35,256,260
2025-08-25 23:00:00,4.59,3.45,254,260
2025-08-26 00:00:00,4.59,3.59,250,257
2025-08-26 01:00:00,4.72,3.91,249,257
2025-08-26 02:00:00,4.59,4.36,250,261
2025-08-26 03:00:00,4.44,4.73,247,264
2025-08-26 04:00:00,4.48,4.82,246,265
2025-08-26 05:00:00,4.74,4.93,242,264
2025-08-26 06:00:00,5.01,4.74,241,263
2025-08-26 07:00:00,5.19,4.54,242,262
2025-08-26 08:00:00,5.28,4.62,243,265
2025-08-26 09:00:00,5.96,4.97,247,255
2025-08-26 10:00:00,6.18,4.54,247,256
2025-08-26 11:00:00,6.17,3.55,250,260
2025-08-26 12:00:00,5.53,3.77,257,259
2025-08-26 13:00:00,5.06,4.49,261,253
2025-08-26 14:00:00,5.02,4.96,257,251
2025-08-26 15:00:00,5.22,5.29,253,255
2025-08-26 16:00:00,5.36,5.17,256,255
2025-08-26 17:00:00,4.81,4.28,249,259
2025-08-26 18:00:00,4.05,3.67,250,259
2025-08-26 19:00:00,3.76,3.14,253,261
2025-08-26 20:00:00,3.62,2.16,264,257
2025-08-26 21:00:00,3.62,3.21,276,266
2025-08-26 22:00:00,3.6,2.92,272,264
2025-08-26 23:00:00,3.2,3.01,270,266
2025-08-27 00:00:00,2.8,3.21,270,266
2025-08-27 01:00:00,2.4,3.0,272,270
2025-08-27 02:00:00,2.1,2.81,270,274
2025-08-27 03:00:00,1.9,2.61,273,274
2025-08-27 04:00:00,1.9,2.41,273,275
2025-08-27 05:00:00,1.65,2.31,284,275
2025-08-27 06:00:00,1.89,1.94,302,282
2025-08-27 07:00:00,1.8,1.75,326,294
2025-08-27 08:00:00,1.79,1.58,27,305
2025-08-27 09:00:00,0.3,2.64,270,53
2025-08-27 10:00:00,0.28,2.97,135,48
2025-08-27 11:00:00,0.41,2.97,104,42
2025-08-27 12:00:00,1.14,3.38,38,56
2025-08-27 13:00:00,1.65,3.55,76,58
2025-08-27 14:00:00,2.28,3.67,61,64
2025-08-27 15:00:00,2.92,3.53,68,65
2025-08-27 16:00:00,3.01,3.4,69,66
2025-08-27 17:00:00,3.44,3.48,64,72
2025-08-27 18:00:00,2.73,3.35,82,73
2025-08-27 19:00:00,2.4,3.26,90,79
2025-08-27 20:00:00,2.62,3.44,97,82
2025-08-27 21:00:00,2.79,3.03,75,98
2025-08-27 22:00:00,2.57,2.83,77,98
2025-08-27 23:00:00,1.84,2.63,68,99
2025-08-28 00:00:00,1.46,2.56,74,111
2025-08-28 01:00:00,1.7,2.33,87,115
2025-08-28 02:00:00,1.52,2.24,113,117
2025-08-28 03:00:00,1.0,2.3,127,124
2025-08-28 04:00:00,1.1,2.22,175,126
2025-08-28 05:00:00,1.65,2.02,194,123
2025-08-28 06:00:00,1.92,2.22,189,126
2025-08-28 07:00:00,1.77,2.08,196,125
2025-08-28 08:00:00,1.62,2.2,202,129
2025-08-28 09:00:00,2.01,1.42,207,129
2025-08-28 10:00:00,2.34,0.78,220,130
2025-08-28 11:00:00,2.78,0.85,232,249
2025-08-28 12:00:00,2.56,1.53,239,259
2025-08-28 13:00:00,2.95,1.55,242,255
2025-08-28 14:00:00,2.82,1.3,243,247
2025-08-28 15:00:00,2.68,1.08,243,214
2025-08-28 16:00:00,2.68,0.61,243,261
2025-08-28 17:00:00,2.55,0.61,244,279
2025-08-28 18:00:00,2.73,0.72,242,236
2025-08-28 19:00:00,2.69,1.14,239,218
2025-08-28 20:00:00,3.0,1.77,240,223
2025-08-28 21:00:00,3.18,2.92,242,239
2025-08-28 22:00:00,3.67,3.09,244,245
2025-08-28 23:00:00,4.31,3.49,248,246
2025-08-29 00:00:00,4.9,4.37,250,254
2025-08-29 01:00:00,5.47,5.18,252,260
2025-08-29 02:00:00,5.41,5.57,254,261
2025-08-29 03:00:00,5.79,5.77,260,261
2025-08-29 04:00:00,5.93,5.95,264,262
2025-08-29 05:00:00,6.01,6.03,267,264
2025-08-29 06:00:00,6.21,6.44,267,264
2025-08-29 07:00:00,6.2,6.5,270,269
2025-08-29 08:00:00,6.2,6.4,269,270
2025-08-29 09:00:00,6.5,7.0,271,271
2025-08-29 10:00:00,6.5,6.6,271,268
2025-08-29 11:00:00,6.3,6.0,268,269
2025-08-29 12:00:00,5.51,5.6,266,269
2025-08-29 13:00:00,5.08,5.41,260,267
2025-08-29 14:00:00,4.98,5.41,260,266
2025-08-29 15:00:00,4.69,5.54,259,263
2025-08-29 16:00:00,4.47,5.45,260,263
2025-08-29 17:00:00,4.2,5.32,258,265
2025-08-29 18:00:00,4.34,5.26,262,261
2025-08-29 19:00:00,4.63,5.05,264,262
2025-08-29 20:00:00,4.92,4.74,265,263
2025-08-29 21:00:00,4.0,4.3,269,269
2025-08-29 22:00:00,4.1,4.3,269,267
2025-08-29 23:00:00,4.3,4.31,267,266
2025-08-30 00:00:00,4.5,4.1,269,270
2025-08-30 01:00:00,4.4,4.1,269,271
2025-08-30 02:00:00,4.3,4.1,270,271
2025-08-30 03:00:00,4.1,3.8,270,272
2025-08-30 04:00:00,3.9,3.5,271,270
2025-08-30 05:00:00,3.6,3.3,272,270
2025-08-30 06:00:00,3.5,3.3,270,272
2025-08-30 07:00:00,3.3,3.01,268,274
2025-08-30 08:00:00,3.3,3.16,268,281
2025-08-30 09:00:00,3.81,2.71,265,274
2025-08-30 10:00:00,3.71,2.6,275,272
2025-08-30 11:00:00,3.22,2.3,277,272
2025-08-30 12:00:00,2.71,2.1,274,267
2025-08-30 13:00:00,2.7,2.3,270,270
2025-08-30 14:00:00,2.81,1.82,266,279
2025-08-30 15:00:00,2.71,0.78,266,310
2025-08-30 16:00:00,2.53,0.32,261,342
2025-08-30 17:00:00,1.94,0.32,258,18
2025-08-30 18:00:00,1.51,0.81,262,120
2025-08-30 19:00:00,1.36,0.92,253,139
2025-08-30 20:00:00,1.62,1.32,248,189
2025-08-30 21:00:00,1.56,1.61,230,240
2025-08-30 22:00:00,1.58,1.58,235,235
2025-08-30 23:00:00,1.66,1.72,237,234
2025-08-31 00:00:00,1.77,1.75,227,239
2025-08-31 01:00:00,1.88,1.84,245,248
2025-08-31 02:00:00,2.02,1.86,250,234
2025-08-31 03:00:00,2.02,1.86,250,234
2025-08-31 04:00:00,1.8,1.86,236,234
2025-08-31 05:00:00,1.84,1.92,225,242
2025-08-31 06:00:00,1.63,1.75,223,239
2025-08-31 07:00:00,1.42,1.43,219,245
2025-08-31 08:00:00,1.28,1.57,219,243
2025-08-31 09:00:00,1.36,1.84,234,241
2025-08-31 10:00:00,1.28,2.28,231,241
2025-08-31 11:00:00,1.44,2.06,214,241
2025-08-31 12:00:00,1.64,1.93,218,249
2025-08-31 13:00:00,1.9,1.93,198,249
2025-08-31 14:00:00,2.3,2.34,214,250
2025-08-31 15:00:00,2.69,2.28,222,241
2025-08-31 16:00:00,2.76,2.42,226,246
2025-08-31 17:00:00,2.69,2.33,228,239
2025-08-31 18:00:00,2.55,2.44,228,235
2025-08-31 19:00:00,2.91,2.75,229,237
2025-08-31 20:00:00,3.47,2.87,226,241
2025-08-31 21:00:00,4.33,3.58,236,234
2025-08-31 22:00:00,4.7,3.83,243,237
2025-08-31 23:00:00,4.92,4.03,246,240
2025-09-01 00:00:00,4.61,4.19,246,237
2025-09-01 01:00:00,3.98,4.41,245,237
2025-09-01 02:00:00,3.55,4.36,238,238
2025-09-01 03:00:00,3.69,4.44,237,239
2025-09-01 04:00:00,3.74,4.72,236,238
2025-09-01 05:00:00,3.84,5.06,231,240
2025-09-01 06:00:00,4.16,5.5,235,243
2025-09-01 07:00:00,4.13,5.91,238,246
2025-09-01 08:00:00,4.22,6.11,239,249
2025-09-01 09:00:00,4.8,6.13,239,246
2025-09-01 10:00:00,4.74,6.05,235,248
2025-09-01 11:00:00,4.48,5.88,241,252
2025-09-01 12:00:00,3.89,5.85,244,253
2025-09-01 13:00:00,3.71,5.82,256,251
2025-09-01 14:00:00,3.88,5.72,258,251
2025-09-01 15:00:00,3.79,5.29,258,255
2025-09-01 16:00:00,3.71,4.49,256,258
2025-09-01 17:00:00,3.7,4.28,251,259
2025-09-01 18:00:00,3.76,4.47,253,260
2025-09-01 19:00:00,3.93,4.51,255,266
2025-09-01 20:00:00,3.67,4.31,259,266
2025-09-01 21:00:00,2.75,3.29,251,250
2025-09-01 22:00:00,3.13,3.51,253,250
2025-09-01 23:00:00,3.42,3.74,255,254
2025-09-02 00:00:00,3.42,3.83,255,255
2025-09-02 01:00:00,3.42,3.77,263,259
2025-09-02 02:00:00,3.31,3.85,265,261
2025-09-02 03:00:00,3.03,3.83,262,263
2025-09-02 04:00:00,2.9,3.5,268,268
2025-09-02 05:00:00,3.01,3.21,266,275
2025-09-02 06:00:00,2.91,2.9,254,272
2025-09-02 07:00:00,2.75,2.62,260,263
2025-09-02 08:00:00,2.72,2.82,276,264
2025-09-02 09:00:00,2.62,2.61,277,266
2025-09-02 10:00:00,2.96,2.7,282,270
2025-09-02 11:00:00,2.62,2.6,263,286
2025-09-02 12:00:00,3.1,1.92,268,298
2025-09-02 13:00:00,2.81,1.08,266,338
2025-09-02 14:00:00,2.9,1.08,270,34
2025-09-02 15:00:00,3.0,1.75,268,66
2025-09-02 16:00:00,2.81,2.0,274,90
2025-09-02 17:00:00,2.51,1.6,275,94
2025-09-02 18:00:00,2.1,1.03,270,119
2025-09-02 19:00:00,2.02,1.46,261,164
2025-09-02 20:00:00,2.02,1.91,250,186
2025-09-02 21:00:00,1.77,1.46,223,196
2025-09-02 22:00:00,1.84,1.72,225,216
2025-09-02 23:00:00,1.77,1.78,223,232
2025-09-03 00:00:00,1.63,1.94,227,235
2025-09-03 01:00:00,1.28,1.92,231,231
2025-09-03 02:00:00,1.25,1.91,241,227
2025-09-03 03:00:00,1.13,1.75,225,239
2025-09-03 04:00:00,0.41,1.78,284,232
2025-09-03 05:00:00,0.57,1.56,135,230
2025-09-03 06:00:00,2.11,1.34,149,243
2025-09-03 07:00:00,2.5,1.08,143,248
2025-09-03 08:00:00,1.14,0.1,128,180
2025-09-03 09:00:00,1.9,1.39,93,111
2025-09-03 10:00:00,2.4,1.71,92,111
2025-09-03 11:00:00,2.61,1.84,94,112
2025-09-03 12:00:00,2.9,2.06,92,104
2025-09-03 13:00:00,3.21,2.12,95,98
2025-09-03 14:00:00,3.16,2.32,101,97
2025-09-03 15:00:00,2.45,2.11,102,95
2025-09-03 16:00:00,2.14,2.42,101,97
2025-09-03 17:00:00,2.33,2.06,100,104
2025-09-03 18:00:00,1.77,1.53,106,122
2025-09-03 19:00:00,1.57,1.75,117,156
2025-09-03 20:00:00,1.84,1.84,131,167
2025-09-03 21:00:00,2.64,1.63,127,137
2025-09-03 22:00:00,2.27,1.41,131,172
2025-09-03 23:00:00,2.19,1.71,133,173
2025-09-04 00:00:00,1.89,1.5,122,176
2025-09-04 01:00:00,1.89,1.6,122,180
2025-09-04 02:00:00,1.94,1.73,125,190
2025-09-04 03:00:00,1.75,1.58,114,215
2025-09-04 04:00:00,2.21,1.44,108,236
2025-09-04 05:00:00,1.77,1.26,106,252
2025-09-04 06:00:00,2.24,0.71,100,278
2025-09-04 07:00:00,2.2,0.5,90,233
2025-09-04 08:00:00,2.4,0.72,92,146
2025-09-04 09:00:00,2.65,1.49,101,110
2025-09-04 10:00:00,2.7,2.06,88,104
2025-09-04 11:00:00,2.83,2.38,82,105
2025-09-04 12:00:00,2.85,2.28,72,105
2025-09-04 13:00:00,2.42,2.06,66,104
2025-09-04 14:00:00,2.31,1.8,72,109
2025-09-04 15:00:00,2.11,1.53,59,101
2025-09-04 16:00:00,2.56,1.3,59,94
2025-09-04 17:00:00,2.33,1.4,47,86
2025-09-04 18:00:00,2.66,1.3,70,90
2025-09-04 19:00:00,1.89,1.2,58,90
2025-09-04 20:00:00,2.22,1.41,54,98
2025-09-04 21:00:00,3.0,1.73,64,100
2025-09-04 22:00:00,2.82,1.77,63,106
2025-09-04 23:00:00,2.69,1.75,68,114
2025-09-05 00:00:00,2.69,1.79,75,117
2025-09-05 01:00:00,2.28,1.55,61,105
2025-09-05 02:00:00,2.06,1.46,67,106
2025-09-05 03:00:00,2.02,1.36,57,107
2025-09-05 04:00:00,1.64,1.5,52,90
2025-09-05 05:00:00,1.78,1.61,52,83
2025-09-05 06:00:00,1.77,1.51,47,82
2025-09-05 07:00:00,2.06,1.41,67,98
2025-09-05 08:00:00,1.97,1.41,60,98
2025-09-05 09:00:00,2.28,1.53,61,79
2025-09-05 10:00:00,2.22,1.33,54,77
2025-09-05 11:00:00,1.78,1.04,52,73
2025-09-05 12:00:00,1.57,1.12,63,80
2025-09-05 13:00:00,1.49,1.4,70,90
2025-09-05 14:00:00,1.57,1.32,63,99
2025-09-05 15:00:00,1.51,1.1,82,85
2025-09-05 16:00:00,1.6,1.3,90,94
2025-09-05 17:00:00,1.84,1.24,103,104
2025-09-05 18:00:00,1.58,1.28,108,129
2025-09-05 19:00:00,1.36,1.5,144,143
2025-09-05 20:00:00,1.5,1.73,180,190
2025-09-05 21:00:00,1.43,1.63,168,191
2025-09-05 22:00:00,1.62,2.08,202,215
2025-09-05 23:00:00,1.92,2.14,219,217
2025-09-06 00:00:00,1.91,2.26,227,225
2025-09-06 01:00:00,2.19,2.58,227,234
2025-09-06 02:00:00,2.27,2.8,229,235
2025-09-06 03:00:00,2.33,3.19,227,238
2025-09-06 04:00:00,2.48,3.33,227,237
2025-09-06 05:00:00,2.58,3.58,234,247
2025-09-06 06:00:00,2.8,3.68,235,248
2025-09-06 07:00:00,3.28,4.21,239,252
2025-09-06 08:00:00,3.76,4.81,245,249
2025-09-06 09:00:00,4.62,4.75,252,248
2025-09-06 10:00:00,4.68,5.66,250,249
2025-09-06 11:00:00,4.75,5.76,248,253
2025-09-06 12:00:00,5.03,5.33,249,247
2025-09-06 13:00:00,5.6,5.06,251,245
2025-09-06 14:00:00,4.59,4.61,254,240
2025-09-06 15:00:00,4.65,5.5,245,245
2025-09-06 16:00:00,4.46,5.24,254,241
2025-09-06 17:00:00,5.37,6.36,246,251
2025-09-06 18:00:00,5.87,6.86,247,251
2025-09-06 19:00:00,5.85,6.33,253,254
2025-09-06 20:00:00,5.95,6.24,250,254
2025-09-06 21:00:00,5.06,6.39,245,253
2025-09-06 22:00:00,5.73,6.93,245,252
2025-09-06 23:00:00,6.31,6.77,245,254
2025-09-07 00:00:00,6.45,6.55,246,251
2025-09-07 01:00:00,6.61,6.26,250,253
2025-09-07 02:00:00,6.42,6.02,252,255
2025-09-07 03:00:00,6.91,5.71,267,259
2025-09-07 04:00:00,6.24,4.92,264,265
2025-09-07 05:00:00,5.92,4.0,265,267
2025-09-07 06:00:00,4.9,3.8,270,272
2025-09-07 07:00:00,4.2,3.0,270,268
2025-09-07 08:00:00,3.9,2.62,270,277
2025-09-07 09:00:00,4.21,3.41,274,265
2025-09-07 10:00:00,4.11,3.51,274,267
2025-09-07 11:00:00,3.91,3.7,266,272
2025-09-07 12:00:00,3.7,3.71,268,273
2025-09-07 13:00:00,3.73,3.51,262,273
2025-09-07 14:00:00,3.72,3.21,264,266
2025-09-07 15:00:00,3.65,2.61,261,266
2025-09-07 16:00:00,3.59,2.77,257,257
2025-09-07 17:00:00,3.79,3.2,258,256
2025-09-07 18:00:00,3.85,3.35,261,260
2025-09-07 19:00:00,3.83,3.65,263,261
2025-09-07 20:00:00,3.82,3.54,264,262
2025-09-07 21:00:00,3.81,3.51,267,267
2025-09-07 22:00:00,3.41,3.01,267,264
2025-09-07 23:00:00,3.31,2.82,265,264
2025-09-08 00:00:00,3.13,2.65,263,259
2025-09-08 01:00:00,2.93,2.61,262,266
2025-09-08 02:00:00,2.77,2.6,257,268
2025-09-08 03:00:00,2.65,2.1,259,273
2025-09-08 04:00:00,2.42,1.7,263,273
2025-09-08 05:00:00,1.84,1.1,257,270
2025-09-08 06:00:00,1.78,1.3,232,270
2025-09-08 07:00:00,1.7,0.94,230,238
2025-09-08 08:00:00,1.04,0.58,253,239
2025-09-08 09:00:00,1.3,1.08,274,124
2025-09-08 10:00:00,0.91,2.02,276,123
2025-09-08 11:00:00,0.61,1.98,261,131
2025-09-08 12:00:00,0.54,1.8,248,146
2025-09-08 13:00:00,0.76,1.1,247,180
2025-09-08 14:00:00,0.91,0.51,264,259
2025-09-08 15:00:00,0.7,1.0,270,233
2025-09-08 16:00:00,1.2,1.8,275,236
2025-09-08 17:00:00,1.6,2.82,266,243
2025-09-08 18:00:00,2.11,2.33,265,245
2025-09-08 19:00:00,2.32,1.2,263,275
2025-09-08 20:00:00,1.9,0.36,270,326
2025-09-08 21:00:00,1.73,1.75,260,257
2025-09-08 22:00:00,1.46,2.0,254,267
2025-09-08 23:00:00,1.53,1.24,238,256
2025-09-09 00:00:00,1.2,1.14,275,232
2025-09-09 01:00:00,1.0,1.62,307,202
2025-09-09 02:00:00,1.56,1.68,315,197
2025-09-09 03:00:00,1.79,2.3,297,124
2025-09-09 04:00:00,1.84,1.39,315,111
2025-09-09 05:00:00,1.08,1.42,326,51
2025-09-09 06:00:00,1.75,0.72,336,34
2025-09-09 07:00:00,0.5,0.63,233,18
2025-09-09 08:00:00,0.73,1.14,254,75
2025-09-09 09:00:00,1.79,1.28,117,39
2025-09-09 10:00:00,0.85,1.71,135,7
2025-09-09 11:00:00,1.84,1.63,139,79
2025-09-09 12:00:00,1.17,3.04,160,117
2025-09-09 13:00:00,1.24,2.51,166,113
2025-09-09 14:00:00,0.92,1.65,193,104
2025-09-09 15:00:00,2.26,1.14,315,75
2025-09-09 16:00:00,0.9,1.12,270,100
2025-09-09 17:00:00,1.17,2.33,149,80
2025-09-09 18:00:00,1.06,3.11,319,94
2025-09-09 19:00:00,1.0,1.22,186,9
2025-09-09 20:00:00,0.22,1.39,243,111
2025-09-09 21:00:00,1.84,1.39,158,30
2025-09-09 22:00:00,1.99,1.35,162,42
2025-09-09 23:00:00,2.04,1.53,169,32
2025-09-10 00:00:00,2.1,1.42,177,39
2025-09-10 01:00:00,1.61,1.56,187,40
2025-09-10 02:00:00,0.86,1.28,216,39
2025-09-10 03:00:00,0.3,1.56,270,40
2025-09-10 04:00:00,1.0,1.97,127,60
2025-09-10 05:00:00,2.47,2.9,148,88
2025-09-10 06:00:00,1.97,2.91,156,86
2025-09-10 07:00:00,1.21,2.31,156,85
2025-09-10 08:00:00,0.36,2.0,214,87
2025-09-10 09:00:00,0.81,1.25,60,119
2025-09-10 10:00:00,1.52,1.49,67,110
2025-09-10 11:00:00,2.06,1.63,76,101
2025-09-10 12:00:00,2.06,1.6,76,86
2025-09-10 13:00:00,2.09,1.71,73,83
2025-09-10 14:00:00,1.99,1.68,72,73
2025-09-10 15:00:00,2.0,1.55,87,75
2025-09-10 16:00:00,1.8,1.73,90,80
2025-09-10 17:00:00,1.5,1.94,86,78
2025-09-10 18:00:00,1.22,1.61,99,83
2025-09-10 19:00:00,1.22,1.57,145,117
2025-09-10 20:00:00,1.33,1.75,193,156
2025-09-10 21:00:00,1.55,2.16,105,236
2025-09-10 22:00:00,1.42,2.33,129,245
2025-09-10 23:00:00,1.02,2.06,169,241
2025-09-11 00:00:00,0.5,1.84,217,229
2025-09-11 01:00:00,0.82,1.72,284,234
2025-09-11 02:00:00,1.12,1.5,280,233
2025-09-11 03:00:00,0.4,1.08,360,236
2025-09-11 04:00:00,0.78,0.91,50,276
2025-09-11 05:00:00,3.04,0.54,81,338
2025-09-11 06:00:00,3.2,0.94,104,32
2025-09-11 07:00:00,2.86,1.84,102,41
2025-09-11 08:00:00,2.31,1.26,95,72
2025-09-11 09:00:00,3.14,2.21,81,85
2025-09-11 10:00:00,3.63,2.5,82,88
2025-09-11 11:00:00,3.85,2.9,81,92
2025-09-11 12:00:00,3.77,3.0,79,92
2025-09-11 13:00:00,3.55,3.1,80,90
2025-09-11 14:00:00,3.37,3.01,78,86
2025-09-11 15:00:00,3.16,2.91,79,86
2025-09-11 16:00:00,3.06,2.71,79,86
2025-09-11 17:00:00,3.04,2.5,81,88
2025-09-11 18:00:00,2.93,2.2,82,90
2025-09-11 19:00:00,2.8,2.21,90,95
2025-09-11 20:00:00,2.14,2.6,101,113
2025-09-11 21:00:00,3.22,2.82,83,96
2025-09-11 22:00:00,3.41,3.03,87,98
2025-09-11 23:00:00,3.31,3.03,87,98
2025-09-12 00:00:00,3.1,2.81,90,94
2025-09-12 01:00:00,3.11,2.96,94,102
2025-09-12 02:00:00,3.1,3.52,90,97
2025-09-12 03:00:00,3.13,3.81,83,95
2025-09-12 04:00:00,2.65,3.81,79,95
2025-09-12 05:00:00,2.67,3.55,77,100
2025-09-12 06:00:00,2.8,3.71,90,104
2025-09-12 07:00:00,2.9,3.71,92,104
2025-09-12 08:00:00,3.41,4.0,93,103
2025-09-12 09:00:00,3.8,4.44,90,104
2025-09-12 10:00:00,3.7,4.28,92,101
2025-09-12 11:00:00,3.91,4.14,87,98
2025-09-12 12:00:00,3.8,3.81,90,95
2025-09-12 13:00:00,3.6,3.54,90,98
2025-09-12 14:00:00,3.4,3.65,92,99
2025-09-12 15:00:00,3.2,3.67,92,101
2025-09-12 16:00:00,3.11,3.34,86,99
2025-09-12 17:00:00,3.01,3.22,84,97
2025-09-12 18:00:00,3.11,3.6,86,90
2025-09-12 19:00:00,3.0,3.44,90,98
2025-09-12 20:00:00,3.21,3.34,94,99
2025-09-12 21:00:00,2.94,3.45,80,100
2025-09-12 22:00:00,2.69,3.49,75,103
2025-09-12 23:00:00,2.64,3.52,65,105
2025-09-13 00:00:00,2.1,3.51,87,95
2025-09-13 01:00:00,1.77,3.83,137,97
2025-09-13 02:00:00,1.78,3.5,128,92
2025-09-13 03:00:00,1.1,2.75,175,80
2025-09-13 04:00:00,1.46,1.7,196,87
2025-09-13 05:00:00,2.15,0.81,242,240
2025-09-13 06:00:00,1.98,1.64,229,232
2025-09-13 07:00:00,1.2,3.75,95,224
2025-09-13 08:00:00,1.92,5.08,9,238
2025-09-13 09:00:00,3.8,1.96,268,165
2025-09-13 10:00:00,3.72,3.22,294,206
2025-09-13 11:00:00,3.45,3.33,300,221
2025-09-13 12:00:00,3.22,3.33,334,229
2025-09-13 13:00:00,3.1,2.95,2,242
2025-09-13 14:00:00,2.35,3.85,348,335
2025-09-13 15:00:00,2.25,3.07,339,19
2025-09-13 16:00:00,1.9,2.6,357,16
2025-09-13 17:00:00,1.71,1.84,7,29
2025-09-13 18:00:00,1.3,1.49,23,42
2025-09-13 19:00:00,1.5,1.84,53,45
2025-09-13 20:00:00,1.08,1.78,56,38
2025-09-13 21:00:00,1.75,0.86,77,54
2025-09-13 22:00:00,1.61,0.36,97,56
2025-09-13 23:00:00,1.84,0.22,103,27
2025-09-14 00:00:00,1.92,0.5,118,180
2025-09-14 01:00:00,1.7,0.71,130,172
2025-09-14 02:00:00,1.63,1.41,137,188
2025-09-14 03:00:00,1.58,1.79,145,207
2025-09-14 04:00:00,1.43,1.84,155,225
2025-09-14 05:00:00,1.32,1.78,189,232
2025-09-14 06:00:00,1.43,2.06,245,231
2025-09-14 07:00:00,1.8,2.15,251,248
2025-09-14 08:00:00,1.96,2.31,255,252
2025-09-14 09:00:00,1.66,2.82,245,253
2025-09-14 10:00:00,1.99,2.69,252,255
2025-09-14 11:00:00,2.21,2.52,252,263
2025-09-14 12:00:00,2.53,2.7,261,268
2025-09-14 13:00:00,2.84,3.01,260,266
2025-09-14 14:00:00,3.01,3.21,266,265
2025-09-14 15:00:00,3.01,3.22,266,263
2025-09-14 16:00:00,2.91,3.04,266,261
2025-09-14 17:00:00,2.94,2.86,260,258
2025-09-14 18:00:00,2.96,2.89,258,256
2025-09-14 19:00:00,3.3,2.88,256,250
2025-09-14 20:00:00,3.65,3.37,261,258
2025-09-14 21:00:00,3.16,3.59,259,257
2025-09-14 22:00:00,3.44,3.77,262,259
2025-09-14 23:00:00,3.62,3.83,264,263
2025-09-15 00:00:00,3.91,3.91,266,267
2025-09-15 01:00:00,4.11,4.3,266,269
2025-09-15 02:00:00,4.3,4.51,269,274
2025-09-15 03:00:00,4.2,4.0,273,271
2025-09-15 04:00:00,4.01,3.8,274,272
2025-09-15 05:00:00,3.71,3.4,273,268
2025-09-15 06:00:00,3.01,3.31,266,267
2025-09-15 07:00:00,2.61,3.01,266,264
2025-09-15 08:00:00,2.51,2.8,265,270
2025-09-15 09:00:00,2.4,2.61,272,274
2025-09-15 10:00:00,1.92,2.53,279,279
2025-09-15 11:00:00,1.84,2.57,283,283
2025-09-15 12:00:00,2.02,2.79,279,285
2025-09-15 13:00:00,1.9,2.67,270,283
2025-09-15 14:00:00,1.8,2.72,267,276
2025-09-15 15:00:00,1.82,2.6,261,270
2025-09-15 16:00:00,2.11,2.6,265,268
2025-09-15 17:00:00,2.32,2.41,263,265
2025-09-15 18:00:00,2.22,2.38,262,255
2025-09-15 19:00:00,2.6,2.6,254,247
2025-09-15 20:00:00,2.67,2.79,257,255
2025-09-15 21:00:00,2.15,2.86,248,258
2025-09-15 22:00:00,2.19,2.83,246,262
2025-09-15 23:00:00,2.18,2.77,254,257
2025-09-16 00:00:00,2.25,2.65,249,259
2025-09-16 01:00:00,2.33,2.67,245,257
2025-09-16 02:00:00,2.47,2.53,249,252
2025-09-16 03:00:00,2.85,2.38,252,255
2025-09-16 04:00:00,3.06,2.18,259,254
2025-09-16 05:00:00,3.07,2.01,251,264
2025-09-16 06:00:00,3.05,2.3,247,270
2025-09-16 07:00:00,2.88,2.1,250,270
2025-09-16 08:00:00,2.77,2.0,257,270
2025-09-16 09:00:00,2.81,2.5,266,270
2025-09-16 10:00:00,2.91,2.7,266,268
2025-09-16 11:00:00,3.14,2.83,261,262
2025-09-16 12:00:00,3.55,3.3,260,256
2025-09-16 13:00:00,4.0,3.71,257,256
2025-09-16 14:00:00,4.32,3.79,257,258
2025-09-16 15:00:00,4.32,4.05,257,254
2025-09-16 16:00:00,4.18,4.37,253,250
2025-09-16 17:00:00,4.08,3.99,253,248
2025-09-16 18:00:00,3.89,3.36,252,247
2025-09-16 19:00:00,3.35,3.0,253,244
2025-09-16 20:00:00,3.32,3.13,254,243
2025-09-16 21:00:00,3.42,3.57,255,252
2025-09-16 22:00:00,3.83,4.08,255,253
2025-09-16 23:00:00,4.46,4.24,254,255
2025-09-17 00:00:00,4.61,4.4,257,253
2025-09-17 01:00:00,4.55,4.56,261,255
2025-09-17 02:00:00,4.63,4.54,264,256
2025-09-17 03:00:00,5.1,4.34,268,262
2025-09-17 04:00:00,4.63,3.92,264,264
2025-09-17 05:00:00,3.96,3.72,260,264
2025-09-17 06:00:00,3.35,3.45,260,260
2025-09-17 07:00:00,3.01,3.1,264,255
2025-09-17 08:00:00,2.92,2.91,276,254
2025-09-17 09:00:00,2.15,3.52,242,255
2025-09-17 10:00:00,2.2,2.86,267,245
2025-09-17 11:00:00,1.68,3.32,253,249
2025-09-17 12:00:00,0.72,3.99,326,248
2025-09-17 13:00:00,0.6,4.49,270,249
2025-09-17 14:00:00,1.4,5.19,266,251
2025-09-17 15:00:00,1.39,5.95,240,250
2025-09-17 16:00:00,1.92,5.77,242,256
2025-09-17 17:00:00,2.08,4.61,235,257
2025-09-17 18:00:00,2.56,3.81,249,265
2025-09-17 19:00:00,2.18,2.62,254,313
2025-09-17 20:00:00,2.45,2.46,258,333
2025-09-17 21:00:00,1.88,4.98,245,260
2025-09-17 22:00:00,1.66,5.22,237,265
2025-09-17 23:00:00,1.21,4.9,246,268
2025-09-18 00:00:00,1.08,4.51,248,274
2025-09-18 01:00:00,1.12,3.45,333,280
2025-09-18 02:00:00,1.25,1.88,29,295
2025-09-18 03:00:00,1.42,2.04,51,11
2025-09-18 04:00:00,2.83,1.8,45,34
2025-09-18 05:00:00,3.96,1.64,47,52
2025-09-18 06:00:00,4.42,2.5,52,74
2025-09-18 07:00:00,4.56,3.31,52,65
2025-09-18 08:00:00,4.66,3.76,55,73
2025-09-18 09:00:00,3.4,4.22,43,68
2025-09-18 10:00:00,3.26,4.03,50,76
2025-09-18 11:00:00,3.69,3.61,49,71
2025-09-18 12:00:00,4.0,3.86,53,73
2025-09-18 13:00:00,3.83,3.64,57,69
2025-09-18 14:00:00,3.52,3.7,55,71
2025-09-18 15:00:00,3.26,3.58,50,67
2025-09-18 16:00:00,2.98,3.51,50,70
2025-09-18 17:00:00,2.88,3.7,56,71
2025-09-18 18:00:00,2.38,3.95,68,81
2025-09-18 19:00:00,2.26,3.42,77,75
2025-09-18 20:00:00,2.72,3.35,73,80
2025-09-18 21:00:00,2.22,3.29,82,70
2025-09-18 22:00:00,2.12,3.45,82,73
2025-09-18 23:00:00,2.3,3.23,88,74
2025-09-19 00:00:00,2.21,2.94,85,72
2025-09-19 01:00:00,2.24,2.75,80,71
2025-09-19 02:00:00,1.8,2.6,93,74
2025-09-19 03:00:00,2.21,2.6,85,74
2025-09-19 04:00:00,2.21,2.62,85,72
2025-09-19 05:00:00,2.12,2.6,82,74
2025-09-19 06:00:00,2.11,2.5,85,74
2025-09-19 07:00:00,2.04,2.57,79,77
2025-09-19 08:00:00,2.65,3.06,79,79
2025-09-19 09:00:00,2.84,3.18,80,77
2025-09-19 10:00:00,3.2,3.45,88,80
2025-09-19 11:00:00,3.1,3.34,88,81
2025-09-19 12:00:00,2.6,3.08,90,77
2025-09-19 13:00:00,2.6,2.84,90,80
2025-09-19 14:00:00,2.04,2.6,101,74
2025-09-19 15:00:00,1.92,2.94,99,80
2025-09-19 16:00:00,1.94,2.55,102,79
2025-09-19 17:00:00,1.77,2.11,106,85
2025-09-19 18:00:00,2.15,1.7,118,93
2025-09-19 19:00:00,2.59,1.71,118,111
2025-09-19 20:00:00,2.2,2.25,120,122
2025-09-19 21:00:00,2.47,2.56,111,121
2025-09-19 22:00:00,2.75,2.42,100,114
2025-09-19 23:00:00,2.28,1.8,67,87
2025-09-20 00:00:00,3.11,2.24,84,80
2025-09-20 01:00:00,3.72,2.24,96,63
2025-09-20 02:00:00,3.91,3.01,86,69
2025-09-20 03:00:00,3.49,3.38,63,56
2025-09-20 04:00:00,2.92,3.55,52,68
2025-09-20 05:00:00,3.55,3.8,50,55
2025-09-20 06:00:00,3.11,3.19,48,32
2025-09-20 07:00:00,3.33,3.65,41,81
2025-09-20 08:00:00,3.04,2.86,81,65
2025-09-20 09:00:00,4.08,1.98,73,49
2025-09-20 10:00:00,2.31,1.49,85,20
2025-09-20 11:00:00,1.65,1.24,76,14
2025-09-20 12:00:00,0.58,1.17,59,20
2025-09-20 13:00:00,1.14,1.61,255,30
2025-09-20 14:00:00,1.63,2.5,281,2
2025-09-20 15:00:00,2.89,2.1,284,25
2025-09-20 16:00:00,2.94,2.12,280,19
2025-09-20 17:00:00,2.28,2.46,299,27
2025-09-20 18:00:00,2.77,2.37,347,28
2025-09-20 19:00:00,2.22,2.33,8,25
2025-09-20 20:00:00,1.97,2.25,30,32
2025-09-20 21:00:00,1.68,2.12,17,19
2025-09-20 22:00:00,1.75,2.15,13,28
2025-09-20 23:00:00,1.93,1.97,21,24
2025-09-21 00:00:00,1.62,2.1,22,25
2025-09-21 01:00:00,1.97,1.66,24,33
2025-09-21 02:00:00,2.01,1.25,27,29
2025-09-21 03:00:00,1.92,2.01,28,27
2025-09-21 04:00:00,2.36,2.68,36,27
2025-09-21 05:00:00,2.33,2.64,43,37
2025-09-21 06:00:00,2.48,2.16,43,34
2025-09-21 07:00:00,2.48,2.25,47,32
2025-09-21 08:00:00,2.78,2.61,38,32
2025-09-21 09:00:00,3.12,2.98,40,40
2025-09-21 10:00:00,3.4,3.0,43,37
2025-09-21 11:00:00,3.61,3.42,48,38
2025-09-21 12:00:00,3.61,3.55,46,50
2025-09-21 13:00:00,3.47,3.61,49,44
2025-09-21 14:00:00,3.22,3.12,54,50
2025-09-21 15:00:00,3.02,3.24,56,56
2025-09-21 16:00:00,2.75,3.3,57,55
2025-09-21 17:00:00,2.47,3.12,58,50
2025-09-21 18:00:00,1.88,2.66,65,56
2025-09-21 19:00:00,1.75,2.25,66,58
2025-09-21 20:00:00,2.28,2.33,75,65
2025-09-21 21:00:00,2.4,2.02,73,81
2025-09-21 22:00:00,2.24,2.51,80,95
2025-09-21 23:00:00,2.41,2.53,85,108
2025-09-22 00:00:00,2.6,2.56,92,121
2025-09-22 01:00:00,2.42,2.69,97,112
2025-09-22 02:00:00,2.42,2.73,97,118
2025-09-22 03:00:00,2.7,2.77,92,116
2025-09-22 04:00:00,2.6,2.85,92,108
2025-09-22 05:00:00,3.0,2.77,88,103
2025-09-22 06:00:00,3.01,2.86,86,102
2025-09-22 07:00:00,3.0,2.94,92,100
2025-09-22 08:00:00,3.4,3.14,92,99
2025-09-22 09:00:00,3.71,3.32,93,106
2025-09-22 10:00:00,3.91,3.64,94,106
2025-09-22 11:00:00,3.9,3.4,91,104
2025-09-22 12:00:00,3.7,3.4,92,104
2025-09-22 13:00:00,3.5,3.47,88,102
2025-09-22 14:00:00,3.3,3.24,88,99
2025-09-22 15:00:00,3.11,2.8,86,92
2025-09-22 16:00:00,2.81,2.6,86,90
2025-09-22 17:00:00,2.5,2.52,88,97
2025-09-22 18:00:00,2.51,2.31,95,95
2025-09-22 19:00:00,2.53,2.01,99,96
2025-09-22 20:00:00,2.83,2.63,98,99
2025-09-22 21:00:00,2.3,3.13,92,97
2025-09-22 22:00:00,2.91,3.26,86,101
2025-09-22 23:00:00,2.7,3.32,92,97
2025-09-23 00:00:00,2.42,3.22,83,97
2025-09-23 01:00:00,2.51,3.13,85,97
2025-09-23 02:00:00,2.21,2.72,85,96
2025-09-23 03:00:00,2.16,2.83,77,98
2025-09-23 04:00:00,2.24,2.7,80,92
2025-09-23 05:00:00,2.14,2.91,79,94
2025-09-23 06:00:00,2.28,2.9,75,88
2025-09-23 07:00:00,2.79,2.82,75,84
2025-09-23 08:00:00,3.23,3.44,74,82
2025-09-23 09:00:00,3.49,3.67,77,79
2025-09-23 10:00:00,3.81,4.04,76,81
2025-09-23 11:00:00,4.26,4.24,81,82
2025-09-23 12:00:00,4.36,4.24,81,82
2025-09-23 13:00:00,4.39,4.24,78,82
2025-09-23 14:00:00,4.05,4.16,74,80
2025-09-23 15:00:00,4.0,3.93,77,83
2025-09-23 16:00:00,3.82,3.72,84,84
2025-09-23 17:00:00,3.63,3.41,82,87
2025-09-23 18:00:00,3.21,3.51,86,85
2025-09-23 19:00:00,3.1,3.31,90,85
2025-09-23 20:00:00,2.92,3.1,96,90
2025-09-23 21:00:00,2.94,3.11,108,86
2025-09-23 22:00:00,2.6,3.11,106,86
2025-09-23 23:00:00,2.91,3.1,117,88
2025-09-24 00:00:00,2.87,3.2,119,88
2025-09-24 01:00:00,2.82,2.9,117,92
2025-09-24 02:00:00,3.05,2.5,122,106
2025-09-24 03:00:00,3.08,2.48,126,133
2025-09-24 04:00:00,3.12,3.11,130,132
2025-09-24 05:00:00,2.91,2.9,131,136
2025-09-24 06:00:00,2.69,2.76,135,136
2025-09-24 07:00:00,2.7,2.62,141,140
2025-09-24 08:00:00,2.92,2.87,158,151
2025-09-24 09:00:00,2.8,2.68,178,153
2025-09-24 10:00:00,2.98,2.82,194,163
2025-09-24 11:00:00,3.31,3.0,209,182
2025-09-24 12:00:00,3.41,3.22,220,210
2025-09-24 13:00:00,3.96,3.94,225,234
2025-09-24 14:00:00,4.7,4.39,232,246
2025-09-24 15:00:00,4.92,4.9,241,250
2025-09-24 16:00:00,4.43,4.78,245,250
2025-09-24 17:00:00,4.35,4.74,247,252
2025-09-24 18:00:00,4.05,4.62,250,248
2025-09-24 19:00:00,4.03,4.39,247,246
2025-09-24 20:00:00,3.96,4.56,249,244
2025-09-24 21:00:00,3.81,4.18,240,249
2025-09-24 22:00:00,3.99,3.98,248,252
2025-09-24 23:00:00,3.47,3.51,237,250
2025-09-25 00:00:00,3.72,3.2,239,250
2025-09-25 01:00:00,3.04,3.04,243,243
2025-09-25 02:00:00,3.42,2.69,249,239
2025-09-25 03:00:00,3.2,2.79,270,249
2025-09-25 04:00:00,3.31,2.7,267,270
2025-09-25 05:00:00,3.32,2.92,254,264
2025-09-25 06:00:00,3.45,3.01,253,249
2025-09-25 07:00:00,3.35,3.13,260,253
2025-09-25 08:00:00,2.98,3.35,256,253
2025-09-25 09:00:00,3.57,3.09,259,245
2025-09-25 10:00:00,3.47,3.48,258,252
2025-09-25 11:00:00,3.26,3.42,259,249
2025-09-25 12:00:00,3.69,3.23,257,248
2025-09-25 13:00:00,3.77,3.42,259,249
2025-09-25 14:00:00,3.88,3.96,258,249
2025-09-25 15:00:00,3.98,4.08,258,259
2025-09-25 16:00:00,3.71,3.98,265,258
2025-09-25 17:00:00,3.42,3.75,263,261
2025-09-25 18:00:00,2.94,3.28,260,258
2025-09-25 19:00:00,3.08,3.08,257,257
2025-09-25 20:00:00,3.44,3.1,262,249
2025-09-25 21:00:00,3.5,3.31,268,265
2025-09-25 22:00:00,3.2,3.11,268,264
2025-09-25 23:00:00,3.04,3.1,261,268
2025-09-26 00:00:00,3.03,3.01,262,264
2025-09-26 01:00:00,2.77,2.82,257,264
2025-09-26 02:00:00,2.47,2.31,256,265
2025-09-26 03:00:00,2.18,1.7,254,270
2025-09-26 04:00:00,1.84,1.0,248,270
2025-09-26 05:00:00,1.84,0.92,241,257
2025-09-26 06:00:00,1.7,0.2,230,270
2025-09-26 07:00:00,1.42,0.2,219,180
2025-09-26 08:00:00,0.54,0.28,158,135
2025-09-26 09:00:00,0.42,0.45,45,27
2025-09-26 10:00:00,0.85,0.98,69,24
2025-09-26 11:00:00,0.5,0.81,53,30
2025-09-26 12:00:00,0.1,0.76,360,23
2025-09-26 13:00:00,0.22,0.94,333,32
2025-09-26 14:00:00,0.58,1.36,329,54
2025-09-26 15:00:00,0.5,1.79,323,63
2025-09-26 16:00:00,0.32,1.87,342,74
2025-09-26 17:00:00,0.4,1.7,90,87
2025-09-26 18:00:00,0.71,1.4,98,90
2025-09-26 19:00:00,0.71,1.39,135,111
2025-09-26 20:00:00,0.81,0.71,173,172
2025-09-26 21:00:00,1.33,1.49,193,200
2025-09-26 22:00:00,1.58,1.94,235,215
2025-09-26 23:00:00,1.77,1.77,227,223
2025-09-27 00:00:00,1.02,1.39,259,240
2025-09-27 01:00:00,0.92,1.36,221,216
2025-09-27 02:00:00,1.22,1.49,81,222
2025-09-27 03:00:00,2.43,0.78,99,230
2025-09-27 04:00:00,2.42,0.45,83,153
2025-09-27 05:00:00,2.6,2.39,92,147
2025-09-27 06:00:00,2.72,2.33,107,155
2025-09-27 07:00:00,2.87,2.25,119,148
2025-09-27 08:00:00,2.91,2.06,106,141
2025-09-27 09:00:00,3.22,3.05,97,113
2025-09-27 10:00:00,3.44,3.45,98,112
2025-09-27 11:00:00,3.26,3.55,108,112
2025-09-27 12:00:00,2.82,3.09,117,115
2025-09-27 13:00:00,2.22,2.61,126,122
2025-09-27 14:00:00,1.75,2.33,121,121
2025-09-27 15:00:00,2.38,2.28,112,119
2025-09-27 16:00:00,2.18,2.51,106,113
2025-09-27 17:00:00,1.7,2.34,118,130
2025-09-27 18:00:00,1.41,1.56,135,130
2025-09-27 19:00:00,1.61,1.94,150,145
2025-09-27 20:00:00,2.06,2.34,166,160
2025-09-27 21:00:00,1.8,2.32,183,173
2025-09-27 22:00:00,1.92,2.1,189,183
2025-09-27 23:00:00,1.94,2.0,192,180
2025-09-28 00:00:00,1.87,1.81,196,186
2025-09-28 01:00:00,1.84,1.81,202,186
2025-09-28 02:00:00,2.02,1.92,200,189
2025-09-28 03:00:00,1.97,1.93,204,201
2025-09-28 04:00:00,1.92,2.24,208,207
2025-09-28 05:00:00,2.13,2.12,221,199
2025-09-28 06:00:00,2.2,1.9,219,183
2025-09-28 07:00:00,2.01,1.93,207,201
2025-09-28 08:00:00,1.52,1.9,203,198
2025-09-28 09:00:00,2.67,1.53,193,191
2025-09-28 10:00:00,2.52,0.2,214,90
2025-09-28 11:00:00,3.44,1.0,188,84
2025-09-28 12:00:00,2.97,2.18,213,74
2025-09-28 13:00:00,3.89,2.28,224,113
2025-09-28 14:00:00,4.05,2.02,237,123
2025-09-28 15:00:00,4.32,2.13,257,139
2025-09-28 16:00:00,4.95,0.36,262,146
2025-09-28 17:00:00,5.41,0.22,273,333
2025-09-28 18:00:00,5.32,0.92,274,311
2025-09-28 19:00:00,4.83,1.63,276,313
2025-09-28 20:00:00,4.72,1.84,275,299
2025-09-28 21:00:00,3.92,2.16,276,304
2025-09-28 22:00:00,3.52,1.91,277,313
2025-09-28 23:00:00,3.18,2.42,283,322
2025-09-29 00:00:00,3.01,2.26,285,315
2025-09-29 01:00:00,2.75,2.27,289,311
2025-09-29 02:00:00,2.46,2.0,297,323
2025-09-29 03:00:00,2.08,1.79,305,333
2025-09-29 04:00:00,1.84,1.66,311,335
2025-09-29 05:00:00,1.63,1.53,313,328
2025-09-29 06:00:00,1.66,1.52,327,337
2025-09-29 07:00:00,1.39,1.39,330,330
2025-09-29 08:00:00,1.21,1.43,336,348
2025-09-29 09:00:00,1.3,1.8,356,3
2025-09-29 10:00:00,1.94,2.22,12,8
2025-09-29 11:00:00,1.79,2.09,27,17
2025-09-29 12:00:00,1.63,1.89,43,32
2025-09-29 13:00:00,2.06,1.55,51,15
2025-09-29 14:00:00,2.2,2.05,60,47
2025-09-29 15:00:00,2.02,2.15,70,68
2025-09-29 16:00:00,1.9,1.79,72,63
2025-09-29 17:00:00,1.49,1.21,70,66
2025-09-29 18:00:00,1.12,1.2,100,90
2025-09-29 19:00:00,1.68,1.41,163,98
2025-09-29 20:00:00,1.3,1.17,184,149
2025-09-29 21:00:00,1.64,1.84,218,202
2025-09-29 22:00:00,1.63,1.72,227,216
2025-09-29 23:00:00,1.8,1.91,236,223
2025-09-30 00:00:00,2.06,1.86,231,234
2025-09-30 01:00:00,1.84,2.06,221,231
2025-09-30 02:00:00,1.91,2.13,227,229
2025-09-30 03:00:00,2.16,2.16,236,236
2025-09-30 04:00:00,2.06,1.66,219,245
2025-09-30 05:00:00,1.84,1.41,229,262
2025-09-30 06:00:00,1.72,1.26,234,252
2025-09-30 07:00:00,1.63,1.0,227,270
2025-09-30 08:00:00,1.36,0.92,234,257
2025-09-30 09:00:00,1.7,1.1,273,275
2025-09-30 10:00:00,1.5,0.73,274,254
2025-09-30 11:00:00,1.3,0.71,247,188
2025-09-30 12:00:00,1.48,0.81,242,173
2025-09-30 13:00:00,1.71,0.58,249,211
2025-09-30 14:00:00,1.9,0.36,273,304
2025-09-30 15:00:00,2.9,1.0,272,323
2025-09-30 16:00:00,2.6,1.44,270,304
2025-09-30 17:00:00,2.11,1.22,265,279
2025-09-30 18:00:00,1.65,1.46,256,254
2025-09-30 19:00:00,1.84,1.8,248,236
2025-09-30 20:00:00,2.12,1.94,251,235
2025-09-30 21:00:00,2.15,2.12,248,251
2025-09-30 22:00:00,1.93,2.02,249,250
2025-09-30 23:00:00,1.77,2.06,254,247
2025-10-01 00:00:00,1.8,2.02,251,250
2025-10-01 01:00:00,1.77,1.99,254,252
2025-10-01 02:00:00,1.9,1.99,252,252
2025-10-01 03:00:00,1.79,1.99,243,252
2025-10-01 04:00:00,1.75,1.93,246,249
2025-10-01 05:00:00,1.9,1.75,252,246
2025-10-01 06:00:00,1.68,1.43,253,245
2025-10-01 07:00:00,1.71,1.75,249,239
2025-10-01 08:00:00,1.65,1.24,256,256
2025-10-01 09:00:00,1.68,1.55,287,285
2025-10-01 10:00:00,1.87,1.3,286,293
2025-10-01 11:00:00,2.06,1.61,299,277
2025-10-01 12:00:00,2.33,1.53,295,281
2025-10-01 13:00:00,2.64,1.92,295,279
2025-10-01 14:00:00,2.75,2.01,289,297
2025-10-01 15:00:00,2.21,1.58,288,288
2025-10-01 16:00:00,1.21,0.98,294,294
2025-10-01 17:00:00,0.14,0.14,135,315
2025-10-01 18:00:00,1.25,0.82,209,166
2025-10-01 19:00:00,1.79,2.06,243,219
2025-10-01 20:00:00,1.99,1.99,252,252
2025-10-01 21:00:00,2.18,2.12,254,262
2025-10-01 22:00:00,2.04,2.06,259,256
2025-10-01 23:00:00,2.21,2.02,252,250
2025-10-02 00:00:00,1.97,1.71,246,249
2025-10-02 01:00:00,2.1,1.61,245,240
2025-10-02 02:00:00,1.88,1.48,245,242
2025-10-02 03:00:00,1.75,1.03,246,241
2025-10-02 04:00:00,1.44,0.94,236,238
2025-10-02 05:00:00,1.35,0.82,222,256
2025-10-02 06:00:00,1.06,0.22,221,333
2025-10-02 07:00:00,0.63,0.73,252,106
2025-10-02 08:00:00,0.51,1.66,191,123
2025-10-02 09:00:00,0.5,1.1,233,95
2025-10-02 10:00:00,0.3,1.3,180,90
2025-10-02 11:00:00,0.71,1.22,172,99
2025-10-02 12:00:00,0.45,1.17,153,121
2025-10-02 13:00:00,0.61,0.72,81,124
2025-10-02 14:00:00,1.34,1.1,63,95
2025-10-02 15:00:00,1.92,1.3,81,86
2025-10-02 16:00:00,2.21,1.6,85,86
2025-10-02 17:00:00,1.6,1.8,94,87
2025-10-02 18:00:00,1.14,1.32,142,99
2025-10-02 19:00:00,1.4,1.63,176,133
2025-10-02 20:00:00,1.51,1.98,172,135
2025-10-02 21:00:00,1.7,1.77,140,196
2025-10-02 22:00:00,1.86,1.24,144,166
2025-10-02 23:00:00,2.01,2.11,153,121
2025-10-03 00:00:00,1.97,2.28,150,119
2025-10-03 01:00:00,2.14,2.5,143,143
2025-10-03 02:00:00,2.3,2.4,146,163
2025-10-03 03:00:00,2.22,2.28,144,157
2025-10-03 04:00:00,2.27,2.25,139,148
2025-10-03 05:00:00,2.27,2.26,131,135
2025-10-03 06:00:00,2.56,2.69,121,121
2025-10-03 07:00:00,2.33,2.38,115,112
2025-10-03 08:00:00,2.38,3.04,112,117
2025-10-03 09:00:00,3.95,3.45,99,112
2025-10-03 10:00:00,4.3,3.42,93,111
2025-10-03 11:00:00,4.11,3.81,86,113
2025-10-03 12:00:00,3.91,3.72,93,114
2025-10-03 13:00:00,3.93,3.76,97,107
2025-10-03 14:00:00,4.01,3.67,94,101
2025-10-03 15:00:00,3.93,3.16,97,101
2025-10-03 16:00:00,3.8,3.13,88,107
2025-10-03 17:00:00,3.47,2.98,102,104
2025-10-03 18:00:00,3.51,3.58,95,113
2025-10-03 19:00:00,3.67,3.79,101,108
2025-10-03 20:00:00,4.01,3.61,94,104
2025-10-03 21:00:00,4.18,3.42,111,97
2025-10-03 22:00:00,3.99,4.2,112,87
2025-10-03 23:00:00,4.07,4.0,115,90
2025-10-04 00:00:00,3.48,3.73,108,98
2025-10-04 01:00:00,3.3,3.9,104,90
2025-10-04 02:00:00,3.2,3.54,104,98
2025-10-04 03:00:00,3.14,3.1,99,92
2025-10-04 04:00:00,3.0,3.32,90,74
2025-10-04 05:00:00,2.83,2.47,82,58
2025-10-04 06:00:00,2.53,3.93,72,75
2025-10-04 07:00:00,2.46,3.31,63,61
2025-10-04 08:00:00,2.69,3.35,59,73
2025-10-04 09:00:00,3.2,2.98,70,76
2025-10-04 10:00:00,3.27,3.0,67,64
2025-10-04 11:00:00,3.28,3.4,59,62
2025-10-04 12:00:00,3.33,3.35,57,63
2025-10-04 13:00:00,3.08,3.14,54,59
2025-10-04 14:00:00,3.14,3.0,53,60
2025-10-04 15:00:00,2.98,2.78,50,60
2025-10-04 16:00:00,2.55,2.64,45,61
2025-10-04 17:00:00,2.62,2.47,50,58
2025-10-04 18:00:00,2.44,1.84,55,68
2025-10-04 19:00:00,1.78,1.35,52,42
2025-10-04 20:00:00,1.66,1.52,65,67
2025-10-04 21:00:00,1.5,2.27,53,49
2025-10-04 22:00:00,1.08,2.42,56,52
2025-10-04 23:00:00,1.27,1.97,45,60
2025-10-05 00:00:00,1.43,1.66,25,57
2025-10-05 01:00:00,1.1,1.66,355,65
2025-10-05 02:00:00,0.95,1.9,342,72
2025-10-05 03:00:00,0.95,1.97,342,66
2025-10-05 04:00:00,0.92,1.89,347,58
2025-10-05 05:00:00,0.71,1.41,8,45
2025-10-05 06:00:00,0.67,0.98,63,66
2025-10-05 07:00:00,0.7,1.06,90,49
2025-10-05 08:00:00,1.08,1.21,68,24
2025-10-05 09:00:00,1.0,0.99,84,45
2025-10-05 10:00:00,0.71,1.22,82,35
2025-10-05 11:00:00,0.76,1.25,67,29
2025-10-05 12:00:00,0.78,1.06,50,41
2025-10-05 13:00:00,1.17,1.2,59,5
2025-10-05 14:00:00,1.84,1.0,68,360
2025-10-05 15:00:00,2.15,1.7,68,62
2025-10-05 16:00:00,2.66,2.06,70,67
2025-10-05 17:00:00,2.25,1.62,69,68
2025-10-05 18:00:00,2.15,0.98,68,66
2025-10-05 19:00:00,2.42,1.58,60,72
2025-10-05 20:00:00,2.46,1.66,63,57
2025-10-05 21:00:00,1.71,1.92,83,62
2025-10-05 22:00:00,1.82,1.72,81,54
2025-10-05 23:00:00,1.84,1.94,68,55
2025-10-06 00:00:00,1.08,1.94,112,55
2025-10-06 01:00:00,1.51,2.02,82,57
2025-10-06 02:00:00,1.75,2.51,103,61
2025-10-06 03:00:00,1.2,2.55,48,48
2025-10-06 04:00:00,1.3,2.84,32,51
2025-10-06 05:00:00,1.56,2.76,45,46
2025-10-06 06:00:00,3.97,3.48,56,51
2025-10-06 07:00:00,3.86,3.55,59,58
2025-10-06 08:00:00,3.64,3.71,53,63
2025-10-06 09:00:00,4.47,4.0,50,53
2025-10-06 10:00:00,4.05,3.72,57,66
2025-10-06 11:00:00,4.3,3.81,59,67
2025-10-06 12:00:00,4.1,4.25,56,66
2025-10-06 13:00:00,3.97,3.98,56,65
2025-10-06 14:00:00,3.92,4.07,52,65
2025-10-06 15:00:00,3.96,3.94,47,66
2025-10-06 16:00:00,3.96,4.25,47,63
2025-10-06 17:00:00,4.11,3.86,41,69
2025-10-06 18:00:00,3.68,3.52,43,75
2025-10-06 19:00:00,3.83,3.35,75,73
2025-10-06 20:00:00,4.04,3.58,81,60
2025-10-06 21:00:00,4.94,3.8,83,92
2025-10-06 22:00:00,5.21,3.81,87,95
2025-10-06 23:00:00,5.2,3.2,90,92
2025-10-07 00:00:00,5.02,3.22,85,97
2025-10-07 01:00:00,5.0,3.44,88,98
2025-10-07 02:00:00,4.8,3.71,89,95
2025-10-07 03:00:00,4.5,3.88,93,102
2025-10-07 04:00:00,4.62,3.88,95,102
2025-10-07 05:00:00,4.5,4.04,91,99
2025-10-07 06:00:00,4.61,3.86,94,107
2025-10-07 07:00:00,4.4,4.18,89,107
2025-10-07 08:00:00,4.2,4.27,93,106
2025-10-07 09:00:00,3.77,3.88,101,102
2025-10-07 10:00:00,3.98,3.61,102,109
2025-10-07 11:00:00,3.93,3.36,97,113
2025-10-07 12:00:00,3.47,3.14,102,121
2025-10-07 13:00:00,3.32,2.88,106,124
2025-10-07 14:00:00,3.28,2.86,102,126
2025-10-07 15:00:00,3.06,2.77,101,131
2025-10-07 16:00:00,2.82,2.62,96,130
2025-10-07 17:00:00,2.61,2.62,94,130
2025-10-07 18:00:00,2.02,2.62,99,130
2025-10-07 19:00:00,2.0,2.34,93,130
2025-10-07 20:00:00,1.81,2.08,96,125
2025-10-07 21:00:00,2.77,1.81,77,84
2025-10-07 22:00:00,2.57,1.63,77,101
2025-10-07 23:00:00,2.62,1.24,83,104
2025-10-08 00:00:00,2.35,1.12,78,153
2025-10-08 01:00:00,2.12,1.24,71,166
2025-10-08 02:00:00,1.61,0.45,60,153
2025-10-08 03:00:00,1.68,0.61,73,9
2025-10-08 04:00:00,1.75,1.03,59,299
2025-10-08 05:00:00,1.8,1.13,56,315
2025-10-08 06:00:00,1.8,1.66,56,25
2025-10-08 07:00:00,2.01,2.33,63,65
2025-10-08 08:00:00,2.2,2.01,60,63
2025-10-08 09:00:00,2.15,2.58,62,54
2025-10-08 10:00:00,2.64,2.69,61,59
2025-10-08 11:00:00,2.73,2.82,66,63
2025-10-08 12:00:00,2.91,2.95,63,62
2025-10-08 13:00:00,2.83,2.95,58,66
2025-10-08 14:00:00,2.56,2.95,51,66
2025-10-08 15:00:00,2.62,2.91,43,63
2025-10-08 16:00:00,2.95,3.0,66,60
2025-10-08 17:00:00,2.92,2.92,68,52
2025-10-08 18:00:00,2.6,2.75,67,57
2025-10-08 19:00:00,2.34,3.04,70,63
2025-10-08 20:00:00,2.64,3.81,61,76
2025-10-08 21:00:00,3.09,3.71,65,76
2025-10-08 22:00:00,3.09,4.0,61,77
2025-10-08 23:00:00,2.82,3.95,63,81
2025-10-09 00:00:00,3.13,3.81,73,76
2025-10-09 01:00:00,3.61,3.59,71,77
2025-10-09 02:00:00,3.42,3.54,69,74
2025-10-09 03:00:00,3.68,3.57,68,72
2025-10-09 04:00:00,3.96,3.51,69,70
2025-10-09 05:00:00,3.4,3.64,66,69
2025-10-09 06:00:00,3.27,3.58,67,67
2025-10-09 07:00:00,3.36,3.7,67,71
2025-10-09 08:00:00,3.48,3.86,72,73
2025-10-09 09:00:00,3.54,3.86,74,80
2025-10-09 10:00:00,3.69,4.02,77,84
2025-10-09 11:00:00,3.67,4.11,79,86
2025-10-09 12:00:00,3.59,3.91,77,87
2025-10-09 13:00:00,3.4,3.8,76,90
2025-10-09 14:00:00,3.49,3.5,77,88
2025-10-09 15:00:00,3.28,3.5,78,90
2025-10-09 16:00:00,3.3,3.6,76,90
2025-10-09 17:00:00,3.45,3.4,80,90
2025-10-09 18:00:00,3.42,3.3,83,92
2025-10-09 19:00:00,3.71,3.51,85,95
2025-10-09 20:00:00,3.5,3.44,88,98
2025-10-09 21:00:00,3.51,3.4,87,90
2025-10-09 22:00:00,3.7,3.41,92,95
2025-10-09 23:00:00,3.55,3.22,100,97
2025-10-10 00:00:00,3.26,2.98,101,104
2025-10-10 01:00:00,3.16,2.94,108,108
2025-10-10 02:00:00,2.97,2.92,110,112
2025-10-10 03:00:00,2.97,2.79,110,111
2025-10-10 04:00:00,3.14,2.94,112,108
2025-10-10 05:00:00,2.82,3.07,117,109
2025-10-10 06:00:00,3.0,3.04,116,107
2025-10-10 07:00:00,3.31,3.0,119,120
2025-10-10 08:00:00,3.14,3.0,112,116
2025-10-10 09:00:00,3.35,3.12,117,130
2025-10-10 10:00:00,2.72,2.97,107,132
2025-10-10 11:00:00,2.82,2.55,117,132
2025-10-10 12:00:00,2.78,2.22,128,144
2025-10-10 13:00:00,2.7,1.75,141,167
2025-10-10 14:00:00,2.27,1.7,139,183
2025-10-10 15:00:00,2.36,1.2,144,180
2025-10-10 16:00:00,1.86,1.22,144,171
2025-10-10 17:00:00,1.7,1.24,130,166
2025-10-10 18:00:00,2.27,1.51,131,172
2025-10-10 19:00:00,2.58,1.33,144,167
2025-10-10 20:00:00,2.72,1.87,144,164
2025-10-10 21:00:00,3.2,3.09,141,151
2025-10-10 22:00:00,3.22,3.13,144,153
2025-10-10 23:00:00,3.12,2.86,140,155
2025-10-11 00:00:00,3.28,2.64,142,155
2025-10-11 01:00:00,3.14,2.32,149,173
2025-10-11 02:00:00,2.97,2.43,160,189
2025-10-11 03:00:00,2.85,2.59,162,208
2025-10-11 04:00:00,2.3,2.78,178,218
2025-10-11 05:00:00,1.99,2.92,198,232
2025-10-11 06:00:00,2.16,3.4,214,242
2025-10-11 07:00:00,2.42,3.89,218,244
2025-10-11 08:00:00,3.0,4.09,217,248
2025-10-11 09:00:00,3.19,3.74,221,236
2025-10-11 10:00:00,3.61,4.48,228,246
2025-10-11 11:00:00,3.86,4.94,239,249
2025-10-11 12:00:00,4.07,5.19,245,251
2025-10-11 13:00:00,3.96,5.02,249,257
2025-10-11 14:00:00,4.24,4.83,255,257
2025-10-11 15:00:00,3.96,5.06,254,261
2025-10-11 16:00:00,3.75,4.88,261,259
2025-10-11 17:00:00,3.61,4.08,267,259
2025-10-11 18:00:00,3.98,3.71,258,256
2025-10-11 19:00:00,3.71,3.81,267,256
2025-10-11 20:00:00,3.16,3.79,259,258
2025-10-11 21:00:00,3.55,3.71,260,265
2025-10-11 22:00:00,3.42,3.01,263,274
2025-10-11 23:00:00,3.0,2.52,272,277
2025-10-12 00:00:00,2.61,2.8,274,268
2025-10-12 01:00:00,2.3,2.62,272,263
2025-10-12 02:00:00,1.51,1.33,278,283
2025-10-12 03:00:00,0.98,0.64,294,309
2025-10-12 04:00:00,0.45,0.64,63,39
2025-10-12 05:00:00,1.12,1.21,63,66
2025-10-12 06:00:00,1.89,1.7,32,50
2025-10-12 07:00:00,2.37,2.2,28,51
2025-10-12 08:00:00,2.19,2.27,24,49
2025-10-12 09:00:00,2.64,1.62,37,22
2025-10-12 10:00:00,2.75,2.0,33,3
2025-10-12 11:00:00,2.8,2.3,35,358
2025-10-12 12:00:00,2.61,2.26,32,347
2025-10-12 13:00:00,2.97,2.2,45,360
2025-10-12 14:00:00,2.84,2.32,51,7
2025-10-12 15:00:00,2.98,2.5,50,16
2025-10-12 16:00:00,2.94,2.31,55,18
2025-10-12 17:00:00,3.0,1.43,53,12
2025-10-12 18:00:00,2.8,2.3,55,56
2025-10-12 19:00:00,3.13,2.64,63,61
2025-10-12 20:00:00,3.18,3.0,66,64
2025-10-12 21:00:00,3.35,3.42,73,69
2025-10-12 22:00:00,3.35,3.51,73,70
2025-10-12 23:00:00,3.13,3.45,73,68
2025-10-13 00:00:00,2.85,3.2,72,70
2025-10-13 01:00:00,2.42,3.16,66,72
2025-10-13 02:00:00,1.99,2.97,72,70
2025-10-13 03:00:00,2.11,2.96,85,78
2025-10-13 04:00:00,2.5,2.57,88,77
2025-10-13 05:00:00,2.12,2.88,82,70
2025-10-13 06:00:00,2.5,3.35,74,73
2025-10-13 07:00:00,2.6,3.53,67,65
2025-10-13 08:00:00,3.44,3.81,64,67
2025-10-13 09:00:00,3.16,2.89,72,76
2025-10-13 10:00:00,3.13,3.04,63,73
2025-10-13 11:00:00,3.36,2.98,53,76
2025-10-13 12:00:00,3.33,2.82,57,73
2025-10-13 13:00:00,3.81,2.95,60,62
2025-10-13 14:00:00,3.42,3.2,52,51
2025-10-13 15:00:00,4.03,3.4,67,62
2025-10-13 16:00:00,3.06,3.42,52,52
2025-10-13 17:00:00,3.64,3.36,69,60
2025-10-13 18:00:00,3.48,2.91,72,63
2025-10-13 19:00:00,3.81,2.44,67,71
2025-10-13 20:00:00,3.58,3.23,60,68
2025-10-13 21:00:00,2.44,3.7,55,52
2025-10-13 22:00:00,3.29,3.94,70,66
2025-10-13 23:00:00,3.77,4.3,79,65
2025-10-14 00:00:00,3.81,4.16,87,66
2025-10-14 01:00:00,3.96,4.27,80,69
2025-10-14 02:00:00,4.43,3.98,84,65
2025-10-14 03:00:00,4.18,4.46,79,70
2025-10-14 04:00:00,4.37,4.49,74,78
2025-10-14 05:00:00,4.33,3.63,71,82
2025-10-14 06:00:00,4.62,3.51,72,85
2025-10-14 07:00:00,4.46,3.88,74,78
2025-10-14 08:00:00,4.25,4.18,60,79
2025-10-14 09:00:00,4.05,4.44,70,67
2025-10-14 10:00:00,3.83,4.39,70,66
2025-10-14 11:00:00,4.12,4.47,61,63
2025-10-14 12:00:00,3.98,3.94,65,63
2025-10-14 13:00:00,3.71,3.94,63,63
2025-10-14 14:00:00,3.78,3.8,53,63
2025-10-14 15:00:00,3.54,3.57,61,72
2025-10-14 16:00:00,3.4,3.32,62,69
2025-10-14 17:00:00,3.18,3.13,62,63
2025-10-14 18:00:00,3.02,2.91,56,63
2025-10-14 19:00:00,3.0,3.0,60,64
2025-10-14 20:00:00,3.0,3.08,60,54
2025-10-14 21:00:00,3.14,3.5,68,59
2025-10-14 22:00:00,3.42,3.45,69,60
2025-10-14 23:00:00,3.61,3.4,71,66
2025-10-15 00:00:00,3.49,3.42,77,75
2025-10-15 01:00:00,3.28,3.32,78,83
2025-10-15 02:00:00,3.08,3.14,77,81
2025-10-15 03:00:00,3.04,2.98,81,76
2025-10-15 04:00:00,3.26,2.69,79,75
2025-10-15 05:00:00,3.28,2.75,78,80
2025-10-15 06:00:00,3.23,2.84,74,80
2025-10-15 07:00:00,3.16,3.14,79,59
2025-10-15 08:00:00,3.23,3.18,74,66
2025-10-15 09:00:00,3.89,2.91,72,63
2025-10-15 10:00:00,3.55,3.22,68,60
2025-10-15 11:00:00,4.22,3.86,76,69
2025-10-15 12:00:00,3.7,3.31,90,85
2025-10-15 13:00:00,3.51,3.01,93,86
2025-10-15 14:00:00,3.21,2.52,95,83
2025-10-15 15:00:00,3.16,2.31,101,95
2025-10-15 16:00:00,3.32,3.42,97,97
2025-10-15 17:00:00,2.7,3.01,92,96
2025-10-15 18:00:00,2.92,2.06,96,104
2025-10-15 19:00:00,2.71,2.21,94,95
2025-10-15 20:00:00,2.5,2.45,92,102
2025-10-15 21:00:00,2.86,2.82,102,84
2025-10-15 22:00:00,3.37,2.52,102,97
2025-10-15 23:00:00,3.08,2.6,126,90
2025-10-16 00:00:00,3.32,1.61,136,60
2025-10-16 01:00:00,3.75,1.71,134,21
2025-10-16 02:00:00,4.11,1.02,131,79
2025-10-16 03:00:00,4.0,2.55,127,64
2025-10-16 04:00:00,2.66,2.12,70,45
2025-10-16 05:00:00,3.81,2.02,85,57
2025-10-16 06:00:00,3.13,2.14,83,79
2025-10-16 07:00:00,5.46,2.24,55,80
2025-10-16 08:00:00,4.73,2.21,77,95
2025-10-16 09:00:00,3.3,4.24,55,82
2025-10-16 10:00:00,3.05,3.96,67,80
2025-10-16 11:00:00,2.64,3.55,61,68
2025-10-16 12:00:00,2.92,3.11,59,57
2025-10-16 13:00:00,2.5,3.11,53,57
2025-10-16 14:00:00,2.55,2.83,42,45
2025-10-16 15:00:00,2.72,2.55,17,42
2025-10-16 16:00:00,2.76,2.42,44,52
2025-10-16 17:00:00,3.16,2.3,55,56
2025-10-16 18:00:00,2.42,1.84,66,49
2025-10-16 19:00:00,1.92,1.36,62,54
2025-10-16 20:00:00,2.62,1.7,40,40
2025-10-16 21:00:00,3.26,2.2,63,60
2025-10-16 22:00:00,3.09,3.76,61,61
2025-10-16 23:00:00,3.13,3.98,63,72
2025-10-17 00:00:00,3.4,3.79,66,78
2025-10-17 01:00:00,3.61,3.96,76,80
2025-10-17 02:00:00,3.31,3.47,87,78
2025-10-17 03:00:00,3.0,3.18,90,77
2025-10-17 04:00:00,2.91,3.1,86,75
2025-10-17 05:00:00,2.81,3.37,86,78
2025-10-17 06:00:00,2.9,3.72,92,84
2025-10-17 07:00:00,3.32,3.8,97,90
2025-10-17 08:00:00,3.64,3.75,106,99
2025-10-17 09:00:00,3.79,3.96,108,100
2025-10-17 10:00:00,3.18,4.28,118,101
2025-10-17 11:00:00,2.61,4.22,122,104
2025-10-17 12:00:00,2.75,3.85,123,115
2025-10-17 13:00:00,2.69,3.14,138,127
2025-10-17 14:00:00,2.16,2.76,146,136
2025-10-17 15:00:00,1.92,2.62,141,140
2025-10-17 16:00:00,1.84,2.7,135,141
2025-10-17 17:00:00,1.98,2.2,135,141
2025-10-17 18:00:00,2.48,1.72,130,144
2025-10-17 19:00:00,2.72,2.11,144,149
2025-10-17 20:00:00,3.61,2.55,146,154
2025-10-17 21:00:00,3.22,3.48,150,162
2025-10-17 22:00:00,3.76,3.26,155,169
2025-10-17 23:00:00,3.2,3.57,166,169
2025-10-18 00:00:00,1.94,3.51,192,177
2025-10-18 01:00:00,0.95,2.38,288,195
2025-10-18 02:00:00,0.63,1.84,252,209
2025-10-18 03:00:00,0.51,1.36,259,234
2025-10-18 04:00:00,1.0,1.9,186,270
2025-10-18 05:00:00,0.78,1.53,220,238
2025-10-18 06:00:00,1.56,1.39,310,249
2025-10-18 07:00:00,1.56,2.75,320,260
2025-10-18 08:00:00,2.24,2.83,333,262
2025-10-18 09:00:00,3.0,1.43,360,348
2025-10-18 10:00:00,2.5,1.8,2,341
2025-10-18 11:00:00,2.53,2.78,18,330
2025-10-18 12:00:00,2.28,3.55,23,350
2025-10-18 13:00:00,2.06,3.21,23,5
2025-10-18 14:00:00,2.39,3.18,33,13
2025-10-18 15:00:00,2.26,3.31,45,25
2025-10-18 16:00:00,2.56,3.14,51,31
2025-10-18 17:00:00,2.48,2.94,50,35
2025-10-18 18:00:00,2.48,2.83,50,42
2025-10-18 19:00:00,2.52,2.55,56,42
2025-10-18 20:00:00,2.37,2.62,62,43
2025-10-18 21:00:00,2.25,2.55,69,64
2025-10-18 22:00:00,2.15,2.59,68,62
2025-10-18 23:00:00,2.02,2.55,70,64
2025-10-19 00:00:00,1.9,2.55,72,64
2025-10-19 01:00:00,1.96,2.53,75,72
2025-10-19 02:00:00,2.16,2.69,77,68
2025-10-19 03:00:00,2.22,2.69,82,75
2025-10-19 04:00:00,2.2,2.75,93,80
2025-10-19 05:00:00,2.06,2.51,104,85
2025-10-19 06:00:00,1.93,2.3,111,92
2025-10-19 07:00:00,1.78,2.33,128,100
2025-10-19 08:00:00,1.92,2.56,141,111
2025-10-19 09:00:00,2.33,2.13,133,139
2025-10-19 10:00:00,2.06,1.63,151,169
2025-10-19 11:00:00,1.46,1.64,196,232
2025-10-19 12:00:00,2.4,2.38,253,255
2025-10-19 13:00:00,3.13,3.16,263,259
2025-10-19 14:00:00,3.32,3.62,263,264
2025-10-19 15:00:00,3.3,3.6,268,268
2025-10-19 16:00:00,3.21,3.41,266,265
2025-10-19 17:00:00,2.84,3.01,260,264
2025-10-19 18:00:00,2.4,2.41,270,275
2025-10-19 19:00:00,1.9,1.8,267,267
2025-10-19 20:00:00,1.73,1.5,260,274
2025-10-19 21:00:00,1.92,1.77,261,313
2025-10-19 22:00:00,1.6,1.52,270,337
2025-10-19 23:00:00,1.46,1.02,254,349
2025-10-20 00:00:00,1.41,0.92,278,319
2025-10-20 01:00:00,1.66,0.78,327,320
2025-10-20 02:00:00,0.72,0.4,326,270
2025-10-20 03:00:00,0.91,0.71,6,8
2025-10-20 04:00:00,1.3,1.2,23,355
2025-10-20 05:00:00,1.52,1.91,23,313
2025-10-20 06:00:00,1.55,1.22,15,305
2025-10-20 07:00:00,1.53,1.8,11,326
2025-10-20 08:00:00,1.43,1.87,25,344
2025-10-20 09:00:00,2.69,2.42,31,24
2025-10-20 10:00:00,2.97,3.33,48,41
2025-10-20 11:00:00,2.62,3.19,50,41
2025-10-20 12:00:00,2.92,2.92,59,52
2025-10-20 13:00:00,3.22,3.09,60,61
2025-10-20 14:00:00,3.26,3.28,63,59
2025-10-20 15:00:00,3.0,3.22,60,60
2025-10-20 16:00:00,2.86,2.91,65,63
2025-10-20 17:00:00,2.51,2.51,67,67
2025-10-20 18:00:00,2.18,2.25,74,69
2025-10-20 19:00:00,2.02,2.28,81,67
2025-10-20 20:00:00,1.92,2.21,81,72
2025-10-20 21:00:00,1.81,1.43,84,78
2025-10-20 22:00:00,1.6,1.4,86,94
2025-10-20 23:00:00,1.26,1.43,108,102
2025-10-21 00:00:00,1.43,1.7,102,87
2025-10-21 01:00:00,1.43,1.81,102,84
2025-10-21 02:00:00,1.08,1.61,112,83
2025-10-21 03:00:00,0.73,1.55,106,75
2025-10-21 04:00:00,0.67,1.68,117,73
2025-10-21 05:00:00,0.81,1.39,83,69
2025-10-21 06:00:00,0.8,1.43,90,65
2025-10-21 07:00:00,0.9,1.58,90,55
2025-10-21 08:00:00,0.81,1.53,83,58
2025-10-21 09:00:00,0.64,1.87,129,74
2025-10-21 10:00:00,0.76,2.22,247,82
2025-10-21 11:00:00,0.73,2.51,254,85
2025-10-21 12:00:00,0.36,2.81,56,86
2025-10-21 13:00:00,1.5,2.5,53,74
2025-10-21 14:00:00,2.25,2.5,58,74
2025-10-21 15:00:00,2.61,2.25,58,69
2025-10-21 16:00:00,2.42,2.28,52,61
2025-10-21 17:00:00,2.02,1.75,57,66
2025-10-21 18:00:00,1.0,1.04,37,73
2025-10-21 19:00:00,1.1,1.14,355,75
2025-10-21 20:00:00,1.33,1.5,13,53
2025-10-21 21:00:00,1.46,1.32,74,81
2025-10-21 22:00:00,1.43,1.3,78,58
2025-10-21 23:00:00,1.14,1.2,38,48
2025-10-22 00:00:00,1.03,1.53,29,32
2025-10-22 01:00:00,1.41,1.66,352,25
2025-10-22 02:00:00,1.3,1.72,356,36
2025-10-22 03:00:00,1.12,1.8,350,34
2025-10-22 04:00:00,1.4,1.86,356,36
2025-10-22 05:00:00,1.43,1.98,12,45
2025-10-22 06:00:00,1.68,2.05,17,47
2025-10-22 07:00:00,1.78,2.42,38,60
2025-10-22 08:00:00,2.16,3.16,34,72
2025-10-22 09:00:00,3.07,3.76,71,73
2025-10-22 10:00:00,3.45,3.92,68,71
2025-10-22 11:00:00,3.38,3.86,71,73
2025-10-22 12:00:00,3.13,3.81,73,76
2025-10-22 13:00:00,2.89,3.96,76,74
2025-10-22 14:00:00,2.72,3.98,73,72
2025-10-22 15:00:00,2.75,3.61,71,76
2025-10-22 16:00:00,3.01,3.57,75,79
2025-10-22 17:00:00,2.84,3.41,80,87
2025-10-22 18:00:00,3.01,3.5,84,88
2025-10-22 19:00:00,2.8,3.35,88,80
2025-10-22 20:00:00,2.86,3.24,78,99
2025-10-22 21:00:00,2.62,2.11,108,59
2025-10-22 22:00:00,2.55,1.66,116,57
2025-10-22 23:00:00,2.33,1.65,121,76
2025-10-23 00:00:00,2.34,1.57,130,117
2025-10-23 01:00:00,2.14,1.5,127,127
2025-10-23 02:00:00,1.92,1.64,129,128
2025-10-23 03:00:00,1.77,1.66,133,115
2025-10-23 04:00:00,1.84,2.06,135,104
2025-10-23 05:00:00,1.77,1.8,133,93
2025-10-23 06:00:00,1.84,1.82,139,81
2025-10-23 07:00:00,1.91,1.66,137,57
2025-10-23 08:00:00,2.06,2.0,141,37
2025-10-23 09:00:00,2.04,1.44,101,56
2025-10-23 10:00:00,2.12,1.34,109,63
2025-10-23 11:00:00,2.06,1.4,104,86
2025-10-23 12:00:00,2.41,0.54,95,338
2025-10-23 13:00:00,2.04,1.36,101,287
2025-10-23 14:00:00,0.91,1.2,96,275
2025-10-23 15:00:00,1.43,1.14,78,285
2025-10-23 16:00:00,1.58,0.45,108,27
2025-10-23 17:00:00,1.0,1.75,143,77
2025-10-23 18:00:00,1.75,1.56,193,50
2025-10-23 19:00:00,1.94,1.63,215,349
2025-10-23 20:00:00,1.86,2.1,216,360
2025-10-23 21:00:00,1.21,1.71,24,339
2025-10-23 22:00:00,1.53,1.75,349,347
2025-10-23 23:00:00,2.02,1.71,340,21
2025-10-24 00:00:00,2.19,1.89,336,32
2025-10-24 01:00:00,2.2,2.2,357,30
2025-10-24 02:00:00,2.1,2.9,25,44
2025-10-24 03:00:00,1.97,2.83,30,48
2025-10-24 04:00:00,2.19,2.97,43,48
2025-10-24 05:00:00,2.61,3.28,58,52
2025-10-24 06:00:00,2.28,3.38,67,56
2025-10-24 07:00:00,3.09,3.31,65,65
2025-10-24 08:00:00,3.38,3.49,71,66
2025-10-24 09:00:00,3.62,3.79,66,72
2025-10-24 10:00:00,3.57,3.76,72,65
2025-10-24 11:00:00,3.71,3.34,76,81
2025-10-24 12:00:00,3.35,3.29,73,70
2025-10-24 13:00:00,3.07,3.55,71,68
2025-10-24 14:00:00,2.98,3.38,76,71
2025-10-24 15:00:00,3.3,3.16,76,72
2025-10-24 16:00:00,2.12,2.72,71,73
2025-10-24 17:00:00,2.71,2.9,86,90
2025-10-24 18:00:00,1.8,2.72,93,73
2025-10-24 19:00:00,2.2,2.43,120,81
2025-10-24 20:00:00,2.33,2.52,80,83
2025-10-24 21:00:00,2.6,2.2,90,87
2025-10-24 22:00:00,2.65,1.6,101,90
2025-10-24 23:00:00,2.67,1.8,103,87
2025-10-25 00:00:00,2.46,1.66,117,115
2025-10-25 01:00:00,2.25,1.8,122,124
2025-10-25 02:00:00,1.52,2.01,113,117
2025-10-25 03:00:00,1.7,1.92,118,99
2025-10-25 04:00:00,1.21,1.92,114,99
2025-10-25 05:00:00,1.92,1.94,141,102
2025-10-25 06:00:00,2.22,1.9,144,108
2025-10-25 07:00:00,2.24,1.6,153,86
2025-10-25 08:00:00,0.45,1.46,153,74
2025-10-25 09:00:00,1.98,0.73,229,16
2025-10-25 10:00:00,2.1,1.1,245,360
2025-10-25 11:00:00,2.02,1.12,250,333
2025-10-25 12:00:00,2.01,0.92,243,311
2025-10-25 13:00:00,2.02,1.42,250,309
2025-10-25 14:00:00,1.58,1.56,252,310
2025-10-25 15:00:00,0.71,0.92,262,311
2025-10-25 16:00:00,1.0,0.3,90,360
2025-10-25 17:00:00,1.0,1.2,96,85
2025-10-25 18:00:00,0.95,1.3,108,90
2025-10-25 19:00:00,1.2,0.92,138,103
2025-10-25 20:00:00,0.82,0.32,166,72
2025-10-25 21:00:00,1.86,1.93,234,249
2025-10-25 22:00:00,1.61,1.87,240,254
2025-10-25 23:00:00,1.57,1.96,243,255
2025-10-26 00:00:00,1.66,2.22,245,262
2025-10-26 01:00:00,1.87,2.09,254,253
2025-10-26 02:00:00,2.02,2.43,261,261
2025-10-26 03:00:00,1.71,2.52,263,263
2025-10-26 04:00:00,1.73,2.8,260,268
2025-10-26 05:00:00,1.53,2.71,259,266
2025-10-26 06:00:00,1.4,2.73,266,262
2025-10-26 07:00:00,1.3,2.9,266,272
2025-10-26 08:00:00,1.5,2.8,270,272
2025-10-26 09:00:00,3.0,1.96,296,285
2025-10-26 10:00:00,3.07,1.92,289,279
2025-10-26 11:00:00,2.86,2.97,282,290
2025-10-26 12:00:00,3.32,2.98,286,284
2025-10-26 13:00:00,3.52,3.45,285,280
2025-10-26 14:00:00,3.75,3.72,279,276
2025-10-26 15:00:00,4.13,4.01,277,274
2025-10-26 16:00:00,4.32,4.1,275,271
2025-10-26 17:00:00,4.7,4.3,270,270
2025-10-26 18:00:00,5.0,4.4,271,270
2025-10-26 19:00:00,4.42,4.4,265,270
2025-10-26 20:00:00,4.6,4.4,268,270
2025-10-26 21:00:00,3.65,4.7,261,272
2025-10-26 22:00:00,3.72,5.0,264,270
2025-10-26 23:00:00,3.93,5.5,263,270
2025-10-27 00:00:00,4.69,5.8,259,272
2025-10-27 01:00:00,5.25,5.6,262,271
2025-10-27 02:00:00,6.22,5.31,265,273
2025-10-27 03:00:00,6.42,4.8,266,272
2025-10-27 04:00:00,6.32,4.4,265,271
2025-10-27 05:00:00,5.8,4.2,269,269
2025-10-27 06:00:00,5.01,4.1,273,267
2025-10-27 07:00:00,4.51,3.91,274,266
2025-10-27 08:00:00,4.72,4.3,275,270
2025-10-27 09:00:00,4.75,4.82,278,275
2025-10-27 10:00:00,5.05,5.12,278,276
2025-10-27 11:00:00,5.25,5.33,278,276
2025-10-27 12:00:00,5.33,5.33,276,276
2025-10-27 13:00:00,5.51,5.61,274,274
2025-10-27 14:00:00,5.71,5.81,274,274
2025-10-27 15:00:00,5.7,5.9,272,272
2025-10-27 16:00:00,5.7,5.9,268,269
2025-10-27 17:00:00,5.61,5.7,267,269
2025-10-27 18:00:00,5.41,5.3,267,271
2025-10-27 19:00:00,5.0,5.0,269,270
2025-10-27 20:00:00,4.8,4.6,271,271
2025-10-27 21:00:00,4.28,4.01,281,274
2025-10-27 22:00:00,4.28,4.3,281,271
2025-10-27 23:00:00,4.51,3.7,274,270
2025-10-28 00:00:00,3.9,3.21,271,266
2025-10-28 01:00:00,3.41,3.03,267,262
2025-10-28 02:00:00,3.04,3.04,261,261
2025-10-28 03:00:00,2.98,3.06,256,259
2025-10-28 04:00:00,2.85,3.06,252,259
2025-10-28 05:00:00,2.75,3.16,251,259
2025-10-28 06:00:00,2.79,3.16,249,259
2025-10-28 07:00:00,2.79,3.28,249,258
2025-10-28 08:00:00,2.89,3.32,256,263
2025-10-28 09:00:00,3.31,3.4,275,272
2025-10-28 10:00:00,3.45,3.62,280,276
2025-10-28 11:00:00,3.61,3.85,284,279
2025-10-28 12:00:00,3.67,4.1,287,283
2025-10-28 13:00:00,3.9,4.11,293,288
2025-10-28 14:00:00,3.98,3.99,295,292
2025-10-28 15:00:00,3.81,3.73,293,290
2025-10-28 16:00:00,3.38,3.42,289,285
2025-10-28 17:00:00,2.77,3.01,283,276
2025-10-28 18:00:00,2.1,2.8,267,268
2025-10-28 19:00:00,2.51,3.1,265,272
2025-10-28 20:00:00,2.41,2.9,265,268
2025-10-28 21:00:00,2.52,2.32,263,263
2025-10-28 22:00:00,2.26,2.06,257,247
2025-10-28 23:00:00,1.93,1.88,249,245
2025-10-29 00:00:00,1.79,1.93,243,249
2025-10-29 01:00:00,1.66,1.9,245,252
2025-10-29 02:00:00,1.62,1.8,248,251
2025-10-29 03:00:00,1.62,1.62,248,248
2025-10-29 04:00:00,1.58,1.57,252,243
2025-10-29 05:00:00,1.49,1.52,250,247
2025-10-29 06:00:00,1.39,1.3,249,247
2025-10-29 07:00:00,1.34,1.26,243,252
2025-10-29 08:00:00,0.92,1.0,221,233
2025-10-29 09:00:00,0.3,0.32,270,198
2025-10-29 10:00:00,0.61,0.1,351,90
2025-10-29 11:00:00,0.63,0.8,18,90
2025-10-29 12:00:00,0.71,0.95,82,108
2025-10-29 13:00:00,1.24,0.76,104,113
2025-10-29 14:00:00,1.55,0.28,105,135
2025-10-29 15:00:00,1.84,0.1,103,270
2025-10-29 16:00:00,2.16,0.41,103,256
2025-10-29 17:00:00,1.8,1.0,124,264
2025-10-29 18:00:00,1.79,1.58,153,235
2025-10-29 19:00:00,1.73,1.7,170,208
2025-10-29 20:00:00,1.84,1.84,193,209
2025-10-29 21:00:00,2.01,2.2,207,219
2025-10-29 22:00:00,2.06,2.12,219,225
2025-10-29 23:00:00,2.05,2.12,223,225
2025-10-30 00:00:00,1.84,1.98,229,225
2025-10-30 01:00:00,1.94,1.98,235,229
2025-10-30 02:00:00,1.92,1.91,231,227
2025-10-30 03:00:00,1.98,2.05,229,227
2025-10-30 04:00:00,2.44,2.19,235,227
2025-10-30 05:00:00,2.42,2.2,240,231
2025-10-30 06:00:00,2.75,2.33,251,239
2025-10-30 07:00:00,2.98,2.28,256,241
2025-10-30 08:00:00,2.53,1.79,261,243
2025-10-30 09:00:00,1.94,2.16,258,257
2025-10-30 10:00:00,2.1,2.5,270,254
2025-10-30 11:00:00,2.41,2.71,275,266
2025-10-30 12:00:00,2.67,2.71,283,266
2025-10-30 13:00:00,2.83,2.6,278,272
2025-10-30 14:00:00,2.82,2.62,276,277
2025-10-30 15:00:00,2.53,2.63,279,279
2025-10-30 16:00:00,2.22,2.3,278,272
2025-10-30 17:00:00,1.8,1.7,270,267
2025-10-30 18:00:00,1.84,1.71,257,249
2025-10-30 19:00:00,1.92,1.66,242,237
2025-10-30 20:00:00,1.75,1.56,246,220
2025-10-30 21:00:00,2.02,1.5,250,233
2025-10-30 22:00:00,1.79,1.72,243,234
2025-10-30 23:00:00,1.94,1.92,235,231
2025-10-31 00:00:00,1.79,1.65,243,256
2025-10-31 01:00:00,1.87,1.75,254,239
2025-10-31 02:00:00,1.57,1.92,243,242
2025-10-31 03:00:00,1.52,2.24,247,260
2025-10-31 04:00:00,1.39,2.02,249,261
2025-10-31 05:00:00,0.82,1.63,256,259
2025-10-31 06:00:00,0.5,1.33,270,257
2025-10-31 07:00:00,0.82,0.98,14,246
2025-10-31 08:00:00,1.12,0.42,100,225
2025-10-31 09:00:00,2.2,0.45,87,117
2025-10-31 10:00:00,2.51,0.89,67,63
2025-10-31 11:00:00,2.96,0.61,78,81
2025-10-31 12:00:00,2.9,0.76,90,293
2025-10-31 13:00:00,2.43,1.2,81,265
2025-10-31 14:00:00,2.33,1.9,80,267
2025-10-31 15:00:00,2.33,2.3,80,270
2025-10-31 16:00:00,2.11,2.01,85,264
2025-10-31 17:00:00,1.36,1.61,107,263
2025-10-31 18:00:00,1.26,1.99,162,252
2025-10-31 19:00:00,1.62,2.21,202,252
2025-10-31 20:00:00,2.2,2.12,240,251
2025-10-31 21:00:00,2.21,2.55,252,259
2025-10-31 22:00:00,2.51,3.2,265,256
2025-10-31 23:00:00,2.51,3.91,275,257
2025-11-01 00:00:00,1.91,4.18,276,259
2025-11-01 01:00:00,2.75,4.26,251,261
2025-11-01 02:00:00,3.59,3.91,257,267
2025-11-01 03:00:00,4.16,3.8,260,268
2025-11-01 04:00:00,4.75,3.9,262,269
2025-11-01 05:00:00,4.8,4.2,269,271
2025-11-01 06:00:00,4.18,4.5,281,271
2025-11-01 07:00:00,3.96,4.5,286,269
2025-11-01 08:00:00,4.14,4.6,278,270
2025-11-01 09:00:00,4.55,4.44,279,278
2025-11-01 10:00:00,4.74,4.75,277,278
2025-11-01 11:00:00,5.23,5.02,277,276
2025-11-01 12:00:00,5.54,5.23,277,277
2025-11-01 13:00:00,5.62,5.25,275,278
2025-11-01 14:00:00,5.51,5.23,273,277
2025-11-01 15:00:00,5.2,5.22,269,274
2025-11-01 16:00:00,4.92,4.9,265,271
2025-11-01 17:00:00,4.75,4.21,262,266
2025-11-01 18:00:00,4.77,3.85,260,261
2025-11-01 19:00:00,5.0,4.3,258,258
2025-11-01 20:00:00,4.95,4.9,256,258
2025-11-01 21:00:00,4.71,4.57,253,247
2025-11-01 22:00:00,5.49,6.21,260,255
2025-11-01 23:00:00,6.05,6.59,262,260
2025-11-02 00:00:00,6.04,6.64,263,264
2025-11-02 01:00:00,5.54,6.02,263,265
2025-11-02 02:00:00,5.73,5.92,264,265
2025-11-02 03:00:00,5.82,6.0,265,268
2025-11-02 04:00:00,5.9,6.4,270,270
2025-11-02 05:00:00,6.1,6.6,270,272
2025-11-02 06:00:00,6.3,7.12,269,274
2025-11-02 07:00:00,6.6,7.12,272,274
2025-11-02 08:00:00,7.01,7.05,273,277
2025-11-02 09:00:00,7.92,7.62,274,275
2025-11-02 10:00:00,7.94,7.42,276,275
2025-11-02 11:00:00,7.53,7.03,275,276
2025-11-02 12:00:00,6.97,6.83,278,275
2025-11-02 13:00:00,6.4,6.73,280,275
2025-11-02 14:00:00,5.98,6.44,280,276
2025-11-02 15:00:00,5.77,5.97,279,279
2025-11-02 16:00:00,5.57,5.48,279,285
2025-11-02 17:00:00,5.06,5.04,279,284
2025-11-02 18:00:00,4.77,4.59,280,286
2025-11-02 19:00:00,4.73,3.98,283,288
2025-11-02 20:00:00,4.34,3.69,285,283
2025-11-02 21:00:00,4.34,3.42,285,277
2025-11-02 22:00:00,3.67,3.22,287,277
2025-11-02 23:00:00,3.23,2.82,286,276
2025-11-03 00:00:00,3.08,2.5,283,272
2025-11-03 01:00:00,2.26,2.01,283,264
2025-11-03 02:00:00,1.53,1.71,302,263
2025-11-03 03:00:00,1.53,1.5,302,266
2025-11-03 04:00:00,1.58,1.3,305,274
2025-11-03 05:00:00,1.36,1.4,306,270
2025-11-03 06:00:00,1.2,1.41,312,262
2025-11-03 07:00:00,1.14,1.12,322,260
2025-11-03 08:00:00,1.0,0.28,354,315
2025-11-03 09:00:00,2.56,1.55,39,15
2025-11-03 10:00:00,2.97,2.42,48,38
2025-11-03 11:00:00,2.62,2.69,50,48
2025-11-03 12:00:00,2.16,2.25,56,58
2025-11-03 13:00:00,1.68,1.49,73,70
2025-11-03 14:00:00,1.5,1.2,90,90
2025-11-03 15:00:00,1.8,1.3,90,86
2025-11-03 16:00:00,1.94,1.33,102,103
2025-11-03 17:00:00,1.73,1.08,100,124
2025-11-03 18:00:00,1.58,1.58,125,145
2025-11-03 19:00:00,1.8,1.9,161,177
2025-11-03 20:00:00,1.8,2.05,177,223
2025-11-03 21:00:00,1.9,1.92,198,219
2025-11-03 22:00:00,1.92,2.19,208,227
2025-11-03 23:00:00,2.22,2.66,216,236
2025-11-04 00:00:00,2.77,3.04,221,243
2025-11-04 01:00:00,3.04,3.27,226,247
2025-11-04 02:00:00,3.14,3.51,233,250
2025-11-04 03:00:00,3.55,3.61,238,251
2025-11-04 04:00:00,3.81,3.64,240,249
2025-11-04 05:00:00,3.71,3.7,243,251
2025-11-04 06:00:00,3.72,3.7,246,251
2025-11-04 07:00:00,3.96,3.92,249,251
2025-11-04 08:00:00,4.49,4.08,253,253
2025-11-04 09:00:00,4.93,4.57,252,260
2025-11-04 10:00:00,5.12,5.18,258,260
2025-11-04 11:00:00,5.18,5.36,260,261
2025-11-04 12:00:00,5.26,5.25,261,262
2025-11-04 13:00:00,5.18,5.02,260,264
2025-11-04 14:00:00,4.87,4.73,261,264
2025-11-04 15:00:00,4.54,4.22,262,265
2025-11-04 16:00:00,4.23,3.82,263,264
2025-11-04 17:00:00,3.85,3.32,261,263
2025-11-04 18:00:00,3.47,3.06,258,259
2025-11-04 19:00:00,3.26,2.98,259,256
2025-11-04 20:00:00,2.94,2.69,260,255
2025-11-04 21:00:00,2.77,2.5,257,254
2025-11-04 22:00:00,2.4,2.25,253,249
2025-11-04 23:00:00,2.34,2.25,250,249
2025-11-05 00:00:00,2.47,2.38,256,255
2025-11-05 01:00:00,2.35,2.18,258,254
2025-11-05 02:00:00,2.06,1.9,256,252
2025-11-05 03:00:00,1.8,1.62,251,248
2025-11-05 04:00:00,1.7,1.66,242,245
2025-11-05 05:00:00,1.53,1.36,238,234
2025-11-05 06:00:00,1.3,1.28,238,231
2025-11-05 07:00:00,1.12,0.51,243,191
2025-11-05 08:00:00,0.58,0.71,239,135
2025-11-05 09:00:00,1.08,0.57,112,225
2025-11-05 10:00:00,1.22,0.63,125,288
2025-11-05 11:00:00,0.71,1.0,135,307
2025-11-05 12:00:00,0.36,1.08,146,304
2025-11-05 13:00:00,0.45,0.64,63,309
2025-11-05 14:00:00,0.98,0.5,66,37
2025-11-05 15:00:00,1.53,1.33,79,77
2025-11-05 16:00:00,2.1,1.92,87,99
2025-11-05 17:00:00,1.81,1.68,96,107
2025-11-05 18:00:00,1.58,1.61,108,120
2025-11-05 19:00:00,1.75,1.84,114,151
2025-11-05 20:00:00,1.72,2.1,126,177
2025-11-05 21:00:00,1.63,1.91,133,186
2025-11-05 22:00:00,1.2,1.58,138,198
2025-11-05 23:00:00,0.98,1.63,156,227
2025-11-06 00:00:00,0.86,1.89,216,238
2025-11-06 01:00:00,2.24,2.16,243,236
2025-11-06 02:00:00,2.06,2.42,241,240
2025-11-06 03:00:00,2.01,1.84,243,241
2025-11-06 04:00:00,1.97,1.53,246,238
2025-11-06 05:00:00,1.88,1.25,245,241
2025-11-06 06:00:00,1.58,0.9,235,270
2025-11-06 07:00:00,1.39,0.73,240,254
2025-11-06 08:00:00,0.76,0.45,247,243
2025-11-06 09:00:00,1.32,0.73,261,74
2025-11-06 10:00:00,1.66,0.98,295,24
2025-11-06 11:00:00,1.89,1.53,328,11
2025-11-06 12:00:00,1.9,1.8,357,19
2025-11-06 13:00:00,2.06,1.7,23,28
2025-11-06 14:00:00,2.33,1.84,31,45
2025-11-06 15:00:00,2.2,1.88,39,65
2025-11-06 16:00:00,1.92,1.77,51,74
2025-11-06 17:00:00,1.48,1.32,62,81
2025-11-06 18:00:00,1.62,1.33,68,103
2025-11-06 19:00:00,2.12,1.21,71,114
2025-11-06 20:00:00,1.6,1.04,86,73
2025-11-06 21:00:00,1.71,2.4,83,73
2025-11-06 22:00:00,2.12,1.9,82,93
2025-11-06 23:00:00,2.31,1.91,95,96
2025-11-07 00:00:00,1.8,1.7,109,90
2025-11-07 01:00:00,1.5,2.24,127,100
2025-11-07 02:00:00,1.77,2.51,133,85
2025-11-07 03:00:00,2.19,2.9,114,88
2025-11-07 04:00:00,2.51,2.6,119,92
2025-11-07 05:00:00,2.08,2.6,145,90
2025-11-07 06:00:00,1.89,2.22,122,98
2025-11-07 07:00:00,2.73,2.89,118,104
2025-11-07 08:00:00,2.56,2.62,141,97
2025-11-07 09:00:00,0.42,2.85,135,108
2025-11-07 10:00:00,1.14,3.2,75,104
2025-11-07 11:00:00,2.0,3.3,93,104
2025-11-07 12:00:00,2.33,2.98,100,104
2025-11-07 13:00:00,2.26,2.73,103,98
2025-11-07 14:00:00,2.43,2.52,99,97
2025-11-07 15:00:00,2.71,2.8,86,88
2025-11-07 16:00:00,3.1,3.03,75,82
2025-11-07 17:00:00,2.75,2.91,80,86
2025-11-07 18:00:00,2.53,2.9,99,92
2025-11-07 19:00:00,2.69,2.84,105,100
2025-11-07 20:00:00,2.98,2.83,104,98
2025-11-07 21:00:00,2.04,3.16,79,101
2025-11-07 22:00:00,1.8,2.97,71,110
2025-11-07 23:00:00,2.2,2.86,90,115
2025-11-08 00:00:00,2.04,2.78,101,120
2025-11-08 01:00:00,2.16,2.95,103,114
2025-11-08 02:00:00,1.99,2.94,108,108
2025-11-08 03:00:00,1.87,2.91,106,106
2025-11-08 04:00:00,1.8,2.97,87,110
2025-11-08 05:00:00,2.83,2.77,82,116
2025-11-08 06:00:00,2.63,2.7,81,129
2025-11-08 07:00:00,2.75,2.55,80,135
2025-11-08 08:00:00,2.62,2.48,72,140
2025-11-08 09:00:00,3.01,2.77,69,131
2025-11-08 10:00:00,2.66,2.92,70,142
2025-11-08 11:00:00,2.73,2.82,82,153
2025-11-08 12:00:00,1.8,2.46,71,153
2025-11-08 13:00:00,1.49,2.53,70,171
2025-11-08 14:00:00,1.02,2.3,79,182
2025-11-08 15:00:00,0.5,2.42,90,187
2025-11-08 16:00:00,0.82,2.02,194,171
2025-11-08 17:00:00,1.2,2.47,222,159
2025-11-08 18:00:00,2.04,2.12,191,172
2025-11-08 19:00:00,2.35,2.42,192,173
2025-11-08 20:00:00,2.51,2.71,203,184
2025-11-08 21:00:00,2.22,2.02,216,213
2025-11-08 22:00:00,2.33,1.62,223,202
2025-11-08 23:00:00,2.48,2.09,227,197
2025-11-09 00:00:00,2.62,1.92,227,208
2025-11-09 01:00:00,2.33,2.28,227,218
2025-11-09 02:00:00,2.33,2.83,227,225
2025-11-09 03:00:00,2.16,2.95,236,242
2025-11-09 04:00:00,2.15,3.08,242,234
2025-11-09 05:00:00,2.42,2.72,246,253
2025-11-09 06:00:00,2.79,2.82,249,247
2025-11-09 07:00:00,3.13,2.69,253,255
2025-11-09 08:00:00,3.69,2.89,257,256
2025-11-09 09:00:00,3.61,3.44,265,262
2025-11-09 10:00:00,4.26,3.92,261,264
2025-11-09 11:00:00,5.31,4.64,267,263
2025-11-09 12:00:00,6.0,5.6,269,269
2025-11-09 13:00:00,6.5,6.0,270,272
2025-11-09 14:00:00,6.5,6.1,272,272
2025-11-09 15:00:00,6.2,6.1,271,270
2025-11-09 16:00:00,6.0,5.9,269,269
2025-11-09 17:00:00,5.8,5.7,268,269
2025-11-09 18:00:00,6.01,5.6,267,270
2025-11-09 19:00:00,6.41,5.7,267,271
2025-11-09 20:00:00,6.6,5.7,269,271
2025-11-09 21:00:00,6.4,6.1,271,270
2025-11-09 22:00:00,6.43,6.2,275,272
2025-11-09 23:00:00,6.33,6.11,275,273
2025-11-10 00:00:00,6.13,6.01,276,274
2025-11-10 01:00:00,6.12,5.82,275,275
2025-11-10 02:00:00,5.83,5.61,276,274
2025-11-10 03:00:00,5.45,5.41,277,273
2025-11-10 04:00:00,5.23,5.12,277,274
2025-11-10 05:00:00,5.11,5.04,273,277
2025-11-10 06:00:00,5.4,4.73,271,276
2025-11-10 07:00:00,5.5,4.71,270,274
2025-11-10 08:00:00,5.41,5.02,274,275
2025-11-10 09:00:00,5.36,5.36,279,279
2025-11-10 10:00:00,5.18,5.18,280,280
2025-11-10 11:00:00,5.0,5.0,282,282
2025-11-10 12:00:00,4.73,4.73,283,283
2025-11-10 13:00:00,4.34,4.34,285,285
2025-11-10 14:00:00,4.0,4.0,283,283
2025-11-10 15:00:00,3.63,3.63,278,278
2025-11-10 16:00:00,3.4,3.4,272,272
2025-11-10 17:00:00,3.01,3.01,264,264
2025-11-10 18:00:00,3.26,3.26,259,259
2025-11-10 19:00:00,3.54,3.54,262,262
2025-11-10 20:00:00,3.85,3.85,261,261
2025-11-10 21:00:00,4.06,4.22,260,265
2025-11-10 22:00:00,4.24,4.31,262,266
2025-11-10 23:00:00,4.22,4.1,265,267
2025-11-11 00:00:00,4.11,3.9,266,269
2025-11-11 01:00:00,3.61,3.51,265,267
2025-11-11 02:00:00,3.22,3.13,263,263
2025-11-11 03:00:00,3.06,2.57,259,257
2025-11-11 04:00:00,2.79,2.02,255,261
2025-11-11 05:00:00,2.6,2.38,254,255
2025-11-11 06:00:00,2.45,2.09,258,253
2025-11-11 07:00:00,2.26,2.4,257,253
2025-11-11 08:00:00,1.94,2.28,258,255
2025-11-11 09:00:00,1.7,2.31,270,265
2025-11-11 10:00:00,1.9,2.63,288,279
2025-11-11 11:00:00,2.01,2.62,297,288
2025-11-11 12:00:00,2.11,2.6,301,293
2025-11-11 13:00:00,2.28,2.36,293,228
2025-11-11 14:00:00,2.31,2.34,288,165
2025-11-11 15:00:00,2.24,2.27,280,103
2025-11-11 16:00:00,2.0,1.84,270,45
2025-11-11 17:00:00,1.46,1.2,254,42
2025-11-11 18:00:00,1.93,0.45,249,27
2025-11-11 19:00:00,2.06,0.54,256,248
2025-11-11 20:00:00,1.91,1.3,264,238
2025-11-11 21:00:00,1.75,1.58,246,235
2025-11-11 22:00:00,1.7,1.36,242,234
2025-11-11 23:00:00,1.53,1.44,238,236
2025-11-12 00:00:00,1.36,1.63,234,227
2025-11-12 01:00:00,1.22,1.28,235,219
2025-11-12 02:00:00,1.56,0.57,220,225
2025-11-12 03:00:00,1.57,1.0,207,174
2025-11-12 04:00:00,2.06,1.8,194,183
2025-11-12 05:00:00,2.73,2.28,188,218
2025-11-12 06:00:00,2.96,2.62,192,223
2025-11-12 07:00:00,2.44,2.19,199,223
2025-11-12 08:00:00,2.3,2.7,214,219
2025-11-12 09:00:00,1.84,2.41,221,228
2025-11-12 10:00:00,2.52,2.95,236,242
2025-11-12 11:00:00,3.01,3.26,249,252
2025-11-12 12:00:00,3.08,3.35,257,260
2025-11-12 13:00:00,3.16,3.26,259,259
2025-11-12 14:00:00,3.24,3.28,261,258
2025-11-12 15:00:00,3.14,3.28,261,258
2025-11-12 16:00:00,3.28,3.49,258,257
2025-11-12 17:00:00,3.2,3.64,256,254
2025-11-12 18:00:00,3.57,3.95,259,261
2025-11-12 19:00:00,3.75,4.01,261,266
2025-11-12 20:00:00,3.72,4.1,264,269
2025-11-12 21:00:00,3.32,4.32,254,265
2025-11-12 22:00:00,3.69,4.23,257,263
2025-11-12 23:00:00,4.1,4.43,257,264
2025-11-13 00:00:00,4.37,4.65,259,261
2025-11-13 01:00:00,4.31,4.87,266,261
2025-11-13 02:00:00,4.3,5.1,258,259
2025-11-13 03:00:00,4.75,5.32,255,258
2025-11-13 04:00:00,5.29,5.77,255,261
2025-11-13 05:00:00,5.38,5.93,260,264
2025-11-13 06:00:00,5.64,5.45,263,263
2025-11-13 07:00:00,5.5,5.2,268,259
2025-11-13 08:00:00,5.1,5.02,271,264
2025-11-13 09:00:00,4.42,5.41,275,274
2025-11-13 10:00:00,4.73,5.5,276,272
2025-11-13 11:00:00,4.91,4.95,274,278
2025-11-13 12:00:00,4.72,4.55,275,279
2025-11-13 13:00:00,4.44,4.2,278,282
2025-11-13 14:00:00,4.14,3.64,278,286
2025-11-13 15:00:00,3.67,2.97,281,290
2025-11-13 16:00:00,2.98,2.18,284,286
2025-11-13 17:00:00,2.21,1.41,275,262
2025-11-13 18:00:00,2.3,1.97,268,240
2025-11-13 19:00:00,2.41,2.15,265,242
2025-11-13 20:00:00,1.92,2.12,261,251
2025-11-13 21:00:00,2.44,2.02,251,250
2025-11-13 22:00:00,2.24,1.7,260,242
2025-11-13 23:00:00,1.81,1.34,264,243
2025-11-14 00:00:00,1.64,1.22,232,235
2025-11-14 01:00:00,1.27,0.36,225,214
2025-11-14 02:00:00,0.57,1.04,225,73
2025-11-14 03:00:00,1.33,1.7,103,87
2025-11-14 04:00:00,3.1,2.24,105,100
2025-11-14 05:00:00,2.84,2.28,100,119
2025-11-14 06:00:00,2.45,2.01,102,117
2025-11-14 07:00:00,2.19,1.7,114,118
2025-11-14 08:00:00,1.92,1.49,118,138
2025-11-14 09:00:00,1.4,1.08,180,112
2025-11-14 10:00:00,1.84,1.3,229,122
2025-11-14 11:00:00,2.42,1.39,218,159
2025-11-14 12:00:00,2.69,1.25,228,209
2025-11-14 13:00:00,2.91,1.58,243,235
2025-11-14 14:00:00,2.96,1.62,258,248
2025-11-14 15:00:00,2.81,0.1,266,180
2025-11-14 16:00:00,2.3,0.91,270,96
2025-11-14 17:00:00,1.7,0.91,270,96
2025-11-14 18:00:00,1.87,0.78,254,140
2025-11-14 19:00:00,2.06,1.17,247,239
2025-11-14 20:00:00,1.92,1.87,242,254
2025-11-14 21:00:00,2.71,2.15,266,242
2025-11-14 22:00:00,2.52,2.12,263,251
2025-11-14 23:00:00,2.14,2.09,259,253
2025-11-15 00:00:00,1.71,1.84,263,257
2025-11-15 01:00:00,1.65,1.71,256,249
2025-11-15 02:00:00,1.55,2.01,255,243
2025-11-15 03:00:00,1.63,1.9,259,252
2025-11-15 04:00:00,1.5,1.8,270,251
2025-11-15 05:00:00,1.41,1.88,278,245
2025-11-15 06:00:00,1.33,1.88,283,245
2025-11-15 07:00:00,1.04,1.7,287,242
2025-11-15 08:00:00,0.67,1.44,297,236
2025-11-15 09:00:00,0.63,1.71,288,249
2025-11-15 10:00:00,1.03,2.11,299,265
2025-11-15 11:00:00,1.3,2.5,293,270
2025-11-15 12:00:00,1.94,2.9,282,270
2025-11-15 13:00:00,2.6,3.1,272,268
2025-11-15 14:00:00,2.8,3.1,268,268
2025-11-15 15:00:00,2.61,2.8,266,268
2025-11-15 16:00:00,2.24,2.52,260,263
2025-11-15 17:00:00,1.99,2.28,252,255
2025-11-15 18:00:00,2.33,2.6,239,247
2025-11-15 19:00:00,2.55,2.82,244,247
2025-11-15 20:00:00,2.73,3.07,246,251
2025-11-15 21:00:00,2.33,2.47,239,249
2025-11-15 22:00:00,2.37,2.6,242,247
2025-11-15 23:00:00,2.51,3.07,247,251
2025-11-16 00:00:00,2.56,3.35,249,253
2025-11-16 01:00:00,2.85,3.64,252,254
2025-11-16 02:00:00,3.07,3.71,251,256
2025-11-16 03:00:00,3.38,3.81,251,256
2025-11-16 04:00:00,3.35,3.83,253,255
2025-11-16 05:00:00,3.16,3.76,252,253
2025-11-16 06:00:00,3.29,4.09,250,248
2025-11-16 07:00:00,3.42,4.09,249,248
2025-11-16 08:00:00,3.61,4.37,251,250
2025-11-16 09:00:00,3.53,4.9,245,253
2025-11-16 10:00:00,4.14,5.04,250,256
2025-11-16 11:00:00,4.84,5.53,252,257
2025-11-16 12:00:00,5.32,5.89,254,255
2025-11-16 13:00:00,5.66,6.21,253,255
2025-11-16 14:00:00,5.85,6.28,253,256
2025-11-16 15:00:00,5.95,6.31,253,255
2025-11-16 16:00:00,6.09,6.45,256,257
2025-11-16 17:00:00,6.18,6.33,256,258
2025-11-16 18:00:00,6.57,6.38,257,256
2025-11-16 19:00:00,6.94,6.65,258,258
2025-11-16 20:00:00,7.45,6.91,258,256
2025-11-16 21:00:00,7.42,7.4,256,254
2025-11-16 22:00:00,7.46,7.53,252,259
2025-11-16 23:00:00,7.52,7.2,256,260
2025-11-17 00:00:00,7.32,7.26,260,263
2025-11-17 01:00:00,7.44,7.05,264,263
2025-11-17 02:00:00,7.16,7.22,263,265
2025-11-17 03:00:00,7.03,7.21,264,267
2025-11-17 04:00:00,7.24,7.5,264,268
2025-11-17 05:00:00,7.26,7.41,263,268
2025-11-17 06:00:00,7.17,7.2,262,268
2025-11-17 07:00:00,6.84,6.9,264,269
2025-11-17 08:00:00,6.7,6.8,268,272
2025-11-17 09:00:00,5.9,6.6,272,272
2025-11-17 10:00:00,5.91,6.9,273,272
2025-11-17 11:00:00,6.03,6.9,276,272
2025-11-17 12:00:00,6.1,6.83,280,275
2025-11-17 13:00:00,5.79,6.53,280,275
2025-11-17 14:00:00,5.49,6.34,280,276
2025-11-17 15:00:00,5.35,6.14,278,277
2025-11-17 16:00:00,5.31,5.84,273,277
2025-11-17 17:00:00,5.1,5.63,271,276
2025-11-17 18:00:00,4.9,5.52,270,275
2025-11-17 19:00:00,4.8,5.51,268,273
2025-11-17 20:00:00,4.81,5.6,266,272
2025-11-17 21:00:00,5.01,5.01,267,267
2025-11-17 22:00:00,4.81,5.01,266,267
2025-11-17 23:00:00,4.72,5.02,265,265
2025-11-18 00:00:00,4.63,5.02,264,264
2025-11-18 01:00:00,4.52,5.04,265,263
2025-11-18 02:00:00,4.52,4.94,265,263
2025-11-18 03:00:00,4.32,4.72,265,265
2025-11-18 04:00:00,4.23,4.42,263,265
2025-11-18 05:00:00,4.04,4.22,261,265
2025-11-18 06:00:00,3.95,3.91,261,266
2025-11-18 07:00:00,3.83,3.71,263,265
2025-11-18 08:00:00,3.91,4.01,267,266
2025-11-18 09:00:00,4.6,4.7,271,272
2025-11-18 10:00:00,5.01,5.02,273,276
2025-11-18 11:00:00,5.31,5.32,273,274
2025-11-18 12:00:00,5.53,5.53,276,276
2025-11-18 13:00:00,5.36,5.54,279,277
2025-11-18 14:00:00,5.15,5.35,278,278
2025-11-18 15:00:00,5.05,5.04,278,277
2025-11-18 16:00:00,4.64,4.73,277,276
2025-11-18 17:00:00,4.03,4.3,277,273
2025-11-18 18:00:00,3.41,3.91,273,274
2025-11-18 19:00:00,2.9,3.41,268,275
2025-11-18 20:00:00,2.83,2.9,262,268
2025-11-18 21:00:00,2.75,2.94,260,260
2025-11-18 22:00:00,2.57,2.84,257,260
2025-11-18 23:00:00,2.62,2.75,252,260
2025-11-19 00:00:00,2.79,2.55,255,259
2025-11-19 01:00:00,2.94,2.38,260,255
2025-11-19 02:00:00,3.13,2.5,263,254
2025-11-19 03:00:00,3.63,2.34,262,250
2025-11-19 04:00:00,3.73,2.21,262,252
2025-11-19 05:00:00,3.35,2.25,260,249
2025-11-19 06:00:00,2.73,2.25,262,249
2025-11-19 07:00:00,2.28,2.19,255,246
2025-11-19 08:00:00,2.21,1.92,252,242
2025-11-19 09:00:00,1.8,1.77,251,254
2025-11-19 10:00:00,1.91,1.92,264,261
2025-11-19 11:00:00,2.0,2.04,267,259
2025-11-19 12:00:00,2.3,1.92,270,261
2025-11-19 13:00:00,2.6,2.0,270,267
2025-11-19 14:00:00,2.8,2.1,270,270
2025-11-19 15:00:00,2.91,2.3,266,268
2025-11-19 16:00:00,2.92,2.5,264,268
2025-11-19 17:00:00,2.93,2.41,262,265
2025-11-19 18:00:00,3.06,2.47,259,256
2025-11-19 19:00:00,3.49,2.79,257,255
2025-11-19 20:00:00,3.55,3.04,260,253
2025-11-19 21:00:00,3.65,3.67,261,259
2025-11-19 22:00:00,3.75,3.75,261,261
2025-11-19 23:00:00,3.95,3.85,261,261
2025-11-20 00:00:00,4.14,4.14,262,262
2025-11-20 01:00:00,4.43,4.43,264,264
2025-11-20 02:00:00,4.63,4.52,264,265
2025-11-20 03:00:00,4.62,4.52,265,265
2025-11-20 04:00:00,4.71,4.52,266,265
2025-11-20 05:00:00,4.72,4.43,265,264
2025-11-20 06:00:00,4.63,4.33,264,263
2025-11-20 07:00:00,4.42,4.62,265,265
2025-11-20 08:00:00,4.72,5.0,265,269
2025-11-20 09:00:00,5.1,5.2,269,270
2025-11-20 10:00:00,5.9,5.71,270,273
2025-11-20 11:00:00,6.6,6.1,268,269
2025-11-20 12:00:00,7.52,6.91,265,268
2025-11-20 13:00:00,7.64,7.52,264,266
2025-11-20 14:00:00,7.26,7.63,263,265
2025-11-20 15:00:00,7.2,7.43,260,265
2025-11-20 16:00:00,7.16,7.13,258,265
2025-11-20 17:00:00,7.33,6.33,259,265
2025-11-20 18:00:00,7.14,6.24,259,264
2025-11-20 19:00:00,7.02,6.04,259,263
2025-11-20 20:00:00,6.68,5.93,261,264
2025-11-20 21:00:00,7.22,6.91,265,267
2025-11-20 22:00:00,6.62,7.01,266,267
2025-11-20 23:00:00,6.22,6.51,265,266
2025-11-21 00:00:00,6.11,6.1,267,268
2025-11-21 01:00:00,5.5,5.8,270,269
2025-11-21 02:00:00,5.1,5.5,271,270
2025-11-21 03:00:00,4.9,5.2,269,270
2025-11-21 04:00:00,4.91,5.0,266,268
2025-11-21 05:00:00,4.83,4.91,264,266
2025-11-21 06:00:00,4.74,4.93,263,264
2025-11-21 07:00:00,4.75,4.93,262,264
2025-11-21 08:00:00,4.94,5.04,263,263
2025-11-21 09:00:00,5.02,5.41,265,266
2025-11-21 10:00:00,5.4,5.8,268,268
2025-11-21 11:00:00,5.7,6.1,269,269
2025-11-21 12:00:00,6.2,6.2,268,269
2025-11-21 13:00:00,6.7,6.3,268,270
2025-11-21 14:00:00,6.81,5.9,267,271
2025-11-21 15:00:00,6.2,5.51,271,274
2025-11-21 16:00:00,6.0,5.6,272,272
2025-11-21 17:00:00,6.1,5.5,269,271
2025-11-21 18:00:00,5.81,5.1,267,270
2025-11-21 19:00:00,5.41,4.9,266,269
2025-11-21 20:00:00,5.12,4.6,266,268
2025-11-21 21:00:00,4.92,4.73,265,264
2025-11-21 22:00:00,4.72,4.43,265,264
2025-11-21 23:00:00,4.53,4.33,264,263
2025-11-22 00:00:00,4.32,4.23,265,263
2025-11-22 01:00:00,4.41,4.03,266,263
2025-11-22 02:00:00,4.41,4.03,266,263
2025-11-22 03:00:00,4.32,4.01,265,266
2025-11-22 04:00:00,4.32,4.1,265,267
2025-11-22 05:00:00,4.32,4.2,265,267
2025-11-22 06:00:00,4.32,4.2,265,267
2025-11-22 07:00:00,4.32,4.21,265,266
2025-11-22 08:00:00,4.32,4.2,265,267
2025-11-22 09:00:00,4.41,4.6,266,269
2025-11-22 10:00:00,4.8,5.0,270,272
2025-11-22 11:00:00,5.0,5.2,269,271
2025-11-22 12:00:00,5.01,5.3,267,269
2025-11-22 13:00:00,4.91,5.4,266,268
2025-11-22 14:00:00,4.82,5.31,265,267
2025-11-22 15:00:00,4.73,5.02,264,265
2025-11-22 16:00:00,4.74,4.83,263,264
2025-11-22 17:00:00,4.85,4.44,262,262
2025-11-22 18:00:00,5.05,4.47,262,260
2025-11-22 19:00:00,4.93,4.87,264,261
2025-11-22 20:00:00,4.91,5.18,266,260
2025-11-22 21:00:00,4.5,5.04,267,263
2025-11-22 22:00:00,4.5,5.23,267,263
2025-11-22 23:00:00,4.82,5.33,265,264
2025-11-23 00:00:00,5.15,4.95,262,262
2025-11-23 01:00:00,4.95,4.57,262,260
2025-11-23 02:00:00,4.77,4.61,260,257
2025-11-23 03:00:00,4.79,5.24,259,257
2025-11-23 04:00:00,5.02,5.81,257,259
2025-11-23 05:00:00,5.63,6.2,258,260
2025-11-23 06:00:00,6.1,6.2,260,260
2025-11-23 07:00:00,6.07,6.02,261,259
2025-11-23 08:00:00,5.9,6.0,259,259
2025-11-23 09:00:00,6.04,5.65,263,257
2025-11-23 10:00:00,6.04,6.14,263,258
2025-11-23 11:00:00,5.83,6.06,264,257
2025-11-23 12:00:00,5.94,6.11,263,255
2025-11-23 13:00:00,5.56,5.65,262,257
2025-11-23 14:00:00,4.87,5.61,261,259
2025-11-23 15:00:00,4.61,5.39,257,259
2025-11-23 16:00:00,4.47,5.33,260,264
2025-11-23 17:00:00,4.44,4.84,262,263
2025-11-23 18:00:00,4.44,4.72,262,265
2025-11-23 19:00:00,4.47,5.04,260,263
2025-11-23 20:00:00,4.27,4.9,254,258
2025-11-23 21:00:00,3.72,3.62,246,246
2025-11-23 22:00:00,4.03,3.32,247,249
2025-11-23 23:00:00,4.31,3.45,248,248
2025-11-24 00:00:00,4.11,3.45,252,240
2025-11-24 01:00:00,4.05,3.26,250,243
2025-11-24 02:00:00,3.86,3.58,249,243
2025-11-24 03:00:00,4.24,2.91,251,254
2025-11-24 04:00:00,4.15,2.63,255,261
2025-11-24 05:00:00,4.66,3.09,255,241
2025-11-24 06:00:00,5.19,3.76,254,245
2025-11-24 07:00:00,5.87,4.03,256,247
2025-11-24 08:00:00,5.97,4.37,256,250
2025-11-24 09:00:00,5.03,4.74,249,252
2025-11-24 10:00:00,5.38,5.38,252,252
2025-11-24 11:00:00,6.01,5.79,252,252
2025-11-24 12:00:00,5.88,5.79,252,252
2025-11-24 13:00:00,5.47,5.63,252,250
2025-11-24 14:00:00,5.28,5.47,251,252
2025-11-24 15:00:00,4.96,5.19,251,251
2025-11-24 16:00:00,4.59,4.87,250,251
2025-11-24 17:00:00,3.89,4.21,252,252
2025-11-24 18:00:00,3.36,3.62,247,242
2025-11-24 19:00:00,3.52,3.91,235,238
2025-11-24 20:00:00,3.72,3.94,246,243
2025-11-24 21:00:00,3.55,3.57,248,252
2025-11-24 22:00:00,3.74,4.3,254,252
2025-11-24 23:00:00,4.05,5.0,254,254
2025-11-25 00:00:00,4.73,5.17,257,255
2025-11-25 01:00:00,5.18,5.04,260,263
2025-11-25 02:00:00,4.54,5.32,262,258
2025-11-25 03:00:00,4.28,5.56,259,262
2025-11-25 04:00:00,3.86,5.3,260,259
2025-11-25 05:00:00,2.96,4.59,258,250
2025-11-25 06:00:00,2.55,4.38,259,235
2025-11-25 07:00:00,2.82,4.74,247,245
2025-11-25 08:00:00,4.36,4.27,279,249
2025-11-25 09:00:00,2.43,4.95,261,256
2025-11-25 10:00:00,2.77,5.1,244,259
2025-11-25 11:00:00,3.94,5.34,243,257
2025-11-25 12:00:00,4.55,5.85,261,262
2025-11-25 13:00:00,4.22,7.05,265,263
2025-11-25 14:00:00,4.64,7.4,263,271
2025-11-25 15:00:00,4.43,6.81,264,273
2025-11-25 16:00:00,5.36,6.66,279,278
2025-11-25 17:00:00,5.0,6.58,282,279
2025-11-25 18:00:00,5.24,6.34,283,276
2025-11-25 19:00:00,5.43,6.05,283,278
2025-11-25 20:00:00,5.0,5.26,286,279
2025-11-25 21:00:00,4.21,4.8,288,271
2025-11-25 22:00:00,3.68,4.2,292,270
2025-11-25 23:00:00,3.05,3.81,293,265
2025-11-26 00:00:00,2.62,3.54,288,262
2025-11-26 01:00:00,2.5,3.26,286,259
2025-11-26 02:00:00,2.43,3.16,279,259
2025-11-26 03:00:00,2.43,2.86,279,258
2025-11-26 04:00:00,2.21,2.69,275,255
2025-11-26 05:00:00,2.1,2.53,270,252
2025-11-26 06:00:00,2.2,2.69,270,255
2025-11-26 07:00:00,2.3,2.69,270,255
2025-11-26 08:00:00,2.21,2.6,265,254
2025-11-26 09:00:00,2.31,2.51,265,265
2025-11-26 10:00:00,2.14,2.53,259,261
2025-11-26 11:00:00,2.44,2.5,251,254
2025-11-26 12:00:00,2.82,2.73,247,246
2025-11-26 13:00:00,2.88,2.92,250,248
2025-11-26 14:00:00,2.6,2.85,247,252
2025-11-26 15:00:00,2.56,2.67,249,257
2025-11-26 16:00:00,2.57,2.35,257,258
2025-11-26 17:00:00,2.53,2.14,261,259
2025-11-26 18:00:00,2.84,2.43,260,261
2025-11-26 19:00:00,3.26,2.47,259,256
2025-11-26 20:00:00,3.28,2.47,258,256
2025-11-26 21:00:00,2.86,3.1,258,255
2025-11-26 22:00:00,2.89,2.85,256,252
2025-11-26 23:00:00,3.29,2.73,250,246
2025-11-27 00:00:00,3.81,3.58,247,247
2025-11-27 01:00:00,4.03,3.98,240,245
2025-11-27 02:00:00,3.94,3.47,243,237
2025-11-27 03:00:00,3.81,3.38,256,236
2025-11-27 04:00:00,3.2,3.64,256,249
2025-11-27 05:00:00,3.67,3.7,253,251
2025-11-27 06:00:00,4.84,4.32,252,257
2025-11-27 07:00:00,5.28,4.78,245,250
2025-11-27 08:00:00,5.63,5.01,237,244
2025-11-27 09:00:00,5.39,5.38,230,228
2025-11-27 10:00:00,5.8,5.86,216,217
2025-11-27 11:00:00,6.74,6.74,221,215
2025-11-27 12:00:00,6.38,6.91,221,211
2025-11-27 13:00:00,7.3,8.49,261,258
2025-11-27 14:00:00,8.03,7.79,256,254
2025-11-27 15:00:00,8.86,8.98,254,253
2025-11-27 16:00:00,9.18,8.83,259,260
2025-11-27 17:00:00,9.63,9.71,260,258
2025-11-27 18:00:00,9.69,10.01,262,261
2025-11-27 19:00:00,10.07,9.58,263,263
2025-11-27 20:00:00,9.86,8.83,264,265
2025-11-27 21:00:00,9.4,9.41,269,267
2025-11-27 22:00:00,9.1,8.8,272,269
2025-11-27 23:00:00,8.64,8.7,275,271
2025-11-28 00:00:00,7.82,8.71,274,273
2025-11-28 01:00:00,7.7,8.14,271,276
2025-11-28 02:00:00,7.3,7.44,270,276
2025-11-28 03:00:00,6.61,6.93,273,275
2025-11-28 04:00:00,5.91,6.51,274,273
2025-11-28 05:00:00,5.1,5.9,271,271
2025-11-28 06:00:00,4.4,5.3,269,270
2025-11-28 07:00:00,3.73,4.6,262,268
2025-11-28 08:00:00,3.49,4.01,257,266
2025-11-28 09:00:00,3.61,3.51,265,265
2025-11-28 10:00:00,3.8,3.7,270,272
2025-11-28 11:00:00,3.91,3.71,273,273
2025-11-28 12:00:00,3.91,3.8,273,272
2025-11-28 13:00:00,3.91,3.9,273,270
2025-11-28 14:00:00,3.7,3.8,270,268
2025-11-28 15:00:00,3.51,3.72,267,264
2025-11-28 16:00:00,3.22,3.54,263,262
2025-11-28 17:00:00,2.84,3.16,260,259
2025-11-28 18:00:00,3.04,3.06,261,259
2025-11-28 19:00:00,3.22,3.31,263,265
2025-11-28 20:00:00,3.13,3.03,263,262
2025-11-28 21:00:00,2.82,3.24,253,261
2025-11-28 22:00:00,2.56,3.16,249,259
2025-11-28 23:00:00,2.38,3.08,248,257
2025-11-29 00:00:00,2.42,2.89,246,256
2025-11-29 01:00:00,2.59,2.89,242,256
2025-11-29 02:00:00,2.77,2.91,244,254
2025-11-29 03:00:00,3.05,3.1,247,255
2025-11-29 04:00:00,3.42,3.71,249,256
2025-11-29 05:00:00,3.68,4.05,248,254
2025-11-29 06:00:00,4.02,4.43,243,252
2025-11-29 07:00:00,4.03,4.53,240,248
2025-11-29 08:00:00,3.72,4.22,239,248
2025-11-29 09:00:00,3.19,3.53,229,245
2025-11-29 10:00:00,3.36,3.4,233,246
2025-11-29 11:00:00,4.08,3.98,239,245
2025-11-29 12:00:00,4.92,4.66,246,247
2025-11-29 13:00:00,5.63,5.28,250,251
2025-11-29 14:00:00,6.07,5.76,253,253
2025-11-29 15:00:00,6.39,6.14,253,251
2025-11-29 16:00:00,6.58,6.36,253,251
2025-11-29 17:00:00,6.71,6.2,253,252
2025-11-29 18:00:00,7.31,6.64,251,252
2025-11-29 19:00:00,7.97,7.34,250,253
2025-11-29 20:00:00,8.32,7.91,252,254
2025-11-29 21:00:00,8.42,7.72,250,253
2025-11-29 22:00:00,8.54,7.67,252,255
2025-11-29 23:00:00,8.48,7.42,253,256
2025-11-30 00:00:00,8.1,7.11,254,256
2025-11-30 01:00:00,7.67,6.69,255,256
2025-11-30 02:00:00,6.91,6.48,256,257
2025-11-30 03:00:00,6.26,6.22,257,259
2025-11-30 04:00:00,5.82,6.12,258,259
2025-11-30 05:00:00,5.43,6.02,257,259
2025-11-30 06:00:00,5.14,5.82,263,258
2025-11-30 07:00:00,4.74,5.53,263,257
2025-11-30 08:00:00,4.53,5.22,264,258
2025-11-30 09:00:00,4.59,4.26,259,261
2025-11-30 10:00:00,4.1,3.96,257,260
2025-11-30 11:00:00,3.98,3.89,252,252
2025-11-30 12:00:00,4.4,3.92,253,251
2025-11-30 13:00:00,4.4,3.96,253,249
2025-11-30 14:00:00,4.49,3.89,253,252
2025-11-30 15:00:00,4.59,3.98,254,252
2025-11-30 16:00:00,4.71,4.02,253,251
2025-11-30 17:00:00,4.93,4.11,252,252
2025-11-30 18:00:00,5.76,4.59,253,254
2025-11-30 19:00:00,6.61,5.6,252,251
2025-11-30 20:00:00,7.21,6.48,253,253
2025-11-30 21:00:00,7.82,6.24,254,254
2025-11-30 22:00:00,7.76,6.87,255,257
2025-11-30 23:00:00,7.67,7.51,258,260
2025-12-01 00:00:00,7.06,7.76,258,263
2025-12-01 01:00:00,7.4,7.68,257,262
2025-12-01 02:00:00,7.38,7.47,261,262
2025-12-01 03:00:00,7.65,7.5,263,261
2025-12-01 04:00:00,7.84,7.53,264,265
2025-12-01 05:00:00,7.74,7.62,264,266
2025-12-01 06:00:00,7.65,7.52,263,265
2025-12-01 07:00:00,7.05,7.23,263,264
2025-12-01 08:00:00,6.32,7.24,265,264
2025-12-01 09:00:00,4.2,6.31,271,267
2025-12-01 10:00:00,3.72,5.9,276,270
2025-12-01 11:00:00,3.63,5.4,278,272
2025-12-01 12:00:00,3.61,5.1,275,272
2025-12-01 13:00:00,3.6,5.0,272,271
2025-12-01 14:00:00,3.71,4.8,267,269
2025-12-01 15:00:00,3.61,4.61,265,266
2025-12-01 16:00:00,3.42,4.34,263,262
2025-12-01 17:00:00,3.06,4.16,259,260
2025-12-01 18:00:00,3.37,4.28,258,259
2025-12-01 19:00:00,3.52,4.14,263,262
2025-12-01 20:00:00,3.41,4.13,267,263
2025-12-01 21:00:00,2.94,4.13,260,263
2025-12-01 22:00:00,3.14,4.44,261,262
2025-12-01 23:00:00,3.52,5.08,263,260
2025-12-02 00:00:00,3.91,5.61,266,259
2025-12-02 01:00:00,4.5,6.0,267,259
2025-12-02 02:00:00,5.01,6.17,267,262
2025-12-02 03:00:00,5.71,6.13,267,264
2025-12-02 04:00:00,5.8,5.93,268,264
2025-12-02 05:00:00,5.8,5.41,270,266
2025-12-02 06:00:00,5.6,4.8,270,269
2025-12-02 07:00:00,5.1,4.2,270,269
2025-12-02 08:00:00,4.5,3.71,269,267
2025-12-02 09:00:00,3.71,4.01,273,274
2025-12-02 10:00:00,3.93,3.82,277,276
2025-12-02 11:00:00,4.04,4.1,279,273
2025-12-02 12:00:00,4.64,4.5,277,271
2025-12-02 13:00:00,5.22,5.0,275,270
2025-12-02 14:00:00,5.71,5.3,273,270
2025-12-02 15:00:00,6.11,5.7,273,270
2025-12-02 16:00:00,6.41,6.1,274,272
2025-12-02 17:00:00,6.5,6.2,272,271
2025-12-02 18:00:00,6.6,6.4,271,271
2025-12-02 19:00:00,6.7,6.7,269,269
2025-12-02 20:00:00,6.7,7.1,268,269
2025-12-02 21:00:00,7.02,7.21,266,268
2025-12-02 22:00:00,7.02,7.31,266,268
2025-12-02 23:00:00,7.02,7.4,266,268
2025-12-03 00:00:00,7.12,7.51,266,268
2025-12-03 01:00:00,7.32,7.41,266,268
2025-12-03 02:00:00,7.41,7.21,268,268
2025-12-03 03:00:00,7.31,7.0,267,269
2025-12-03 04:00:00,7.01,7.0,267,269
2025-12-03 05:00:00,6.8,6.9,268,270
2025-12-03 06:00:00,6.3,6.5,270,271
2025-12-03 07:00:00,5.9,6.1,271,271
2025-12-03 08:00:00,5.6,5.5,271,271
2025-12-03 09:00:00,5.71,5.23,274,277
2025-12-03 10:00:00,5.81,5.63,274,276
2025-12-03 11:00:00,6.01,6.42,274,274
2025-12-03 12:00:00,6.5,7.51,272,272
2025-12-03 13:00:00,7.3,8.11,271,273
2025-12-03 14:00:00,7.51,7.92,272,274
2025-12-03 15:00:00,7.71,7.61,272,273
2025-12-03 16:00:00,7.8,7.2,271,272
2025-12-03 17:00:00,7.6,6.8,270,270
2025-12-03 18:00:00,7.3,6.5,270,268
2025-12-03 19:00:00,6.61,6.3,273,268
2025-12-03 20:00:00,5.92,6.2,275,268
2025-12-03 21:00:00,5.7,5.6,272,270
2025-12-03 22:00:00,5.7,5.5,270,269
2025-12-03 23:00:00,5.6,5.5,271,269
2025-12-04 00:00:00,5.2,5.4,271,268
2025-12-04 01:00:00,4.7,5.1,270,268
2025-12-04 02:00:00,4.2,4.9,267,268
2025-12-04 03:00:00,4.11,5.02,266,265
2025-12-04 04:00:00,4.13,5.41,263,266
2025-12-04 05:00:00,4.23,5.81,263,266
2025-12-04 06:00:00,4.63,6.11,264,267
2025-12-04 07:00:00,5.12,6.1,264,268
2025-12-04 08:00:00,5.42,6.0,265,272
2025-12-04 09:00:00,5.71,5.8,266,268
2025-12-04 10:00:00,6.1,6.3,269,271
2025-12-04 11:00:00,6.2,6.51,272,274
2025-12-04 12:00:00,6.11,6.42,273,274
2025-12-04 13:00:00,6.01,6.23,273,276
2025-12-04 14:00:00,5.62,5.4,275,271
2025-12-04 15:00:00,4.8,5.12,272,264
2025-12-04 16:00:00,4.26,5.41,261,258
2025-12-04 17:00:00,4.24,5.63,255,253
2025-12-04 18:00:00,5.03,6.2,253,252
2025-12-04 19:00:00,5.44,6.64,253,252
2025-12-04 20:00:00,5.6,6.69,251,248
2025-12-04 21:00:00,5.33,6.24,240,248
2025-12-04 22:00:00,5.78,6.43,240,255
2025-12-04 23:00:00,5.61,6.62,266,266
2025-12-05 00:00:00,5.93,6.51,264,267
2025-12-05 01:00:00,5.91,6.5,266,269
2025-12-05 02:00:00,5.8,6.1,268,270
2025-12-05 03:00:00,5.8,5.7,270,272
2025-12-05 04:00:00,5.7,5.41,271,273
2025-12-05 05:00:00,5.6,5.2,272,272
2025-12-05 06:00:00,5.5,5.0,271,272
2025-12-05 07:00:00,5.2,4.6,270,270
2025-12-05 08:00:00,4.7,4.21,268,266
2025-12-05 09:00:00,4.5,4.3,270,270
2025-12-05 10:00:00,4.4,4.4,273,271
2025-12-05 11:00:00,4.3,4.4,271,271
2025-12-05 12:00:00,4.4,4.3,269,271
2025-12-05 13:00:00,4.5,4.3,267,270
2025-12-05 14:00:00,4.61,4.3,266,267
2025-12-05 15:00:00,4.62,4.31,265,266
2025-12-05 16:00:00,4.71,4.21,266,266
2025-12-05 17:00:00,4.61,3.91,266,267
2025-12-05 18:00:00,4.51,3.82,266,264
2025-12-05 19:00:00,4.32,3.63,265,262
2025-12-05 20:00:00,4.03,3.37,263,258
2025-12-05 21:00:00,3.85,3.85,261,261
2025-12-05 22:00:00,3.67,3.67,259,259
2025-12-05 23:00:00,3.77,3.57,259,259
2025-12-06 00:00:00,4.08,3.85,259,261
2025-12-06 01:00:00,4.26,4.03,261,263
2025-12-06 02:00:00,4.24,4.03,262,263
2025-12-06 03:00:00,4.16,4.13,260,263
2025-12-06 04:00:00,4.16,4.23,260,263
2025-12-06 05:00:00,4.26,4.04,261,261
2025-12-06 06:00:00,4.34,3.96,262,260
2025-12-06 07:00:00,4.36,3.88,261,258
2025-12-06 08:00:00,4.46,4.18,261,259
2025-12-06 09:00:00,5.28,4.85,260,262
2025-12-06 10:00:00,6.14,5.63,258,258
2025-12-06 11:00:00,6.79,6.28,256,256
2025-12-06 12:00:00,7.08,6.62,257,255
2025-12-06 13:00:00,7.18,6.89,257,257
2025-12-06 14:00:00,7.11,6.72,256,255
2025-12-06 15:00:00,6.96,6.29,254,252
2025-12-06 16:00:00,6.55,6.04,251,251
2025-12-06 17:00:00,6.37,6.05,248,248
2025-12-06 18:00:00,6.41,6.28,247,248
2025-12-06 19:00:00,6.69,6.43,248,249
2025-12-06 20:00:00,6.87,6.36,249,251
2025-12-06 21:00:00,6.69,6.51,248,252
2025-12-06 22:00:00,6.71,6.55,250,254
2025-12-06 23:00:00,6.71,6.36,253,254
2025-12-07 00:00:00,6.68,5.98,253,252
2025-12-07 01:00:00,6.21,5.63,255,253
2025-12-07 02:00:00,5.65,5.39,257,255
2025-12-07 03:00:00,5.65,5.32,257,258
2025-12-07 04:00:00,6.22,5.61,259,259
2025-12-07 05:00:00,5.9,6.04,259,258
2025-12-07 06:00:00,5.74,5.85,263,257
2025-12-07 07:00:00,5.63,5.63,264,258
2025-12-07 08:00:00,5.83,5.16,264,261
2025-12-07 09:00:00,6.55,5.15,263,262
2025-12-07 10:00:00,6.79,5.57,261,261
2025-12-07 11:00:00,6.84,6.04,258,258
2025-12-07 12:00:00,6.94,6.28,258,256
2025-12-07 13:00:00,7.16,6.6,258,256
2025-12-07 14:00:00,7.38,6.91,257,256
2025-12-07 15:00:00,7.47,7.26,258,258
2025-12-07 16:00:00,7.3,7.45,257,258
2025-12-07 17:00:00,7.25,7.55,255,259
2025-12-07 18:00:00,7.28,7.63,257,259
2025-12-07 19:00:00,7.65,7.83,259,260
2025-12-07 20:00:00,7.61,8.02,260,260
2025-12-07 21:00:00,6.6,7.91,256,261
2025-12-07 22:00:00,6.99,7.86,261,263
2025-12-07 23:00:00,7.42,7.75,265,263
2025-12-08 00:00:00,7.62,7.64,266,264
2025-12-08 01:00:00,7.62,7.36,265,263
2025-12-08 02:00:00,7.52,7.03,265,264
2025-12-08 03:00:00,7.42,6.51,265,266
2025-12-08 04:00:00,7.1,5.9,268,269
2025-12-08 05:00:00,6.5,5.2,271,271
2025-12-08 06:00:00,5.71,4.7,273,272
2025-12-08 07:00:00,4.93,4.51,276,274
2025-12-08 08:00:00,4.34,4.31,278,274
2025-12-08 09:00:00,4.71,4.73,282,276
2025-12-08 10:00:00,4.85,4.55,284,279
2025-12-08 11:00:00,4.68,4.57,286,280
2025-12-08 12:00:00,4.43,4.79,288,281
2025-12-08 13:00:00,4.21,4.87,288,279
2025-12-08 14:00:00,4.2,4.85,282,278
2025-12-08 15:00:00,4.13,4.82,277,275
2025-12-08 16:00:00,4.1,5.0,273,272
2025-12-08 17:00:00,4.1,5.1,269,271
2025-12-08 18:00:00,4.3,5.0,270,271
2025-12-08 19:00:00,4.1,4.6,271,271
2025-12-08 20:00:00,3.8,4.2,268,270
2025-12-08 21:00:00,3.28,3.81,258,265
2025-12-08 22:00:00,3.3,3.45,256,260
2025-12-08 23:00:00,3.23,3.13,254,253
2025-12-09 00:00:00,3.13,2.97,253,250
2025-12-09 01:00:00,3.1,2.82,255,247
2025-12-09 02:00:00,3.04,2.6,253,247
2025-12-09 03:00:00,3.01,2.42,255,246
2025-12-09 04:00:00,2.91,2.44,254,251
2025-12-09 05:00:00,2.72,2.44,253,251
2025-12-09 06:00:00,2.62,2.44,252,251
2025-12-09 07:00:00,2.62,2.53,252,252
2025-12-09 08:00:00,2.62,2.62,252,252
2025-12-09 09:00:00,3.14,2.89,261,256
2025-12-09 10:00:00,3.7,3.51,268,267
2025-12-09 11:00:00,4.4,4.2,271,270
2025-12-09 12:00:00,4.8,4.7,271,269
2025-12-09 13:00:00,5.1,5.1,270,269
2025-12-09 14:00:00,5.1,5.2,271,268
2025-12-09 15:00:00,5.0,5.0,272,269
2025-12-09 16:00:00,4.9,4.8,271,269
2025-12-09 17:00:00,4.7,4.5,271,269
2025-12-09 18:00:00,4.5,4.4,270,267
2025-12-09 19:00:00,4.2,4.31,269,266
2025-12-09 20:00:00,4.0,4.22,267,265
2025-12-09 21:00:00,3.83,4.01,263,266
2025-12-09 22:00:00,3.75,3.92,261,264
2025-12-09 23:00:00,3.65,3.85,261,261
2025-12-10 00:00:00,3.62,3.85,264,261
2025-12-10 01:00:00,3.72,4.13,264,263
2025-12-10 02:00:00,3.82,4.46,264,261
2025-12-10 03:00:00,4.03,4.75,263,262
2025-12-10 04:00:00,4.28,4.54,259,262
2025-12-10 05:00:00,4.39,4.02,258,264
2025-12-10 06:00:00,4.49,3.67,258,259
2025-12-10 07:00:00,4.59,3.32,259,254
2025-12-10 08:00:00,4.77,2.91,260,254
2025-12-10 09:00:00,4.08,4.03,259,256
2025-12-10 10:00:00,4.34,4.18,262,253
2025-12-10 11:00:00,4.92,4.08,265,253
2025-12-10 12:00:00,5.1,4.11,268,252
2025-12-10 13:00:00,5.01,4.4,267,253
2025-12-10 14:00:00,4.43,4.71,264,253
2025-12-10 15:00:00,3.86,4.74,260,252
2025-12-10 16:00:00,3.93,4.62,255,252
2025-12-10 17:00:00,3.79,4.24,252,251
2025-12-10 18:00:00,3.49,4.05,246,250
2025-12-10 19:00:00,3.62,3.68,242,248
2025-12-10 20:00:00,3.89,3.4,244,246
2025-12-10 21:00:00,4.72,3.8,249,243
2025-12-10 22:00:00,4.25,3.85,243,242
2025-12-10 23:00:00,4.43,4.48,242,241
2025-12-11 00:00:00,4.25,5.23,243,244
2025-12-11 01:00:00,4.61,5.96,246,247
2025-12-11 02:00:00,5.74,6.83,247,252
2025-12-11 03:00:00,6.24,6.77,248,251
2025-12-11 04:00:00,6.83,6.31,252,245
2025-12-11 05:00:00,6.74,6.09,249,247
2025-12-11 06:00:00,7.03,5.92,246,240
2025-12-11 07:00:00,7.12,4.91,241,237
2025-12-11 08:00:00,6.59,4.0,240,238
2025-12-11 09:00:00,7.88,5.37,250,241
2025-12-11 10:00:00,7.35,5.25,258,262
2025-12-11 11:00:00,6.17,5.4,262,271
2025-12-11 12:00:00,5.4,5.54,270,277
2025-12-11 13:00:00,5.36,5.22,279,287
2025-12-11 14:00:00,5.25,5.0,288,290
2025-12-11 15:00:00,4.68,4.68,286,286
2025-12-11 16:00:00,4.49,4.54,282,284
2025-12-11 17:00:00,4.16,4.2,280,282
2025-12-11 18:00:00,4.24,4.0,278,283
2025-12-11 19:00:00,4.0,3.05,283,293
2025-12-11 20:00:00,3.2,2.28,290,293
2025-12-11 21:00:00,2.28,2.06,293,299
2025-12-11 22:00:00,2.97,1.41,327,315
2025-12-11 23:00:00,2.6,2.11,2,355
2025-12-12 00:00:00,2.2,2.5,357,360
2025-12-12 01:00:00,2.57,2.94,13,18
2025-12-12 02:00:00,3.14,2.42,31,30
2025-12-12 03:00:00,2.83,2.16,32,34
2025-12-12 04:00:00,2.58,2.16,36,34
2025-12-12 05:00:00,2.41,1.94,42,35
2025-12-12 06:00:00,2.26,1.84,45,41
2025-12-12 07:00:00,2.06,1.63,51,47
2025-12-12 08:00:00,2.08,1.72,55,54
2025-12-12 09:00:00,2.82,2.95,63,62
2025-12-12 10:00:00,3.26,3.1,72,69
2025-12-12 11:00:00,3.16,3.1,79,75
2025-12-12 12:00:00,2.94,2.75,80,80
2025-12-12 13:00:00,2.4,2.51,88,85
2025-12-12 14:00:00,2.3,2.3,92,90
2025-12-12 15:00:00,2.4,2.3,92,92
2025-12-12 16:00:00,2.52,2.33,97,100
2025-12-12 17:00:00,2.16,2.31,103,108
2025-12-12 18:00:00,2.2,2.28,120,128
2025-12-12 19:00:00,2.33,2.5,137,143
2025-12-12 20:00:00,2.28,2.33,142,149
2025-12-12 21:00:00,2.34,2.38,140,158
2025-12-12 22:00:00,2.36,2.62,144,162
2025-12-12 23:00:00,2.52,2.77,146,167
2025-12-13 00:00:00,2.68,2.81,153,176
2025-12-13 01:00:00,2.72,2.82,163,186
2025-12-13 02:00:00,2.65,2.98,169,194
2025-12-13 03:00:00,2.53,3.0,171,206
2025-12-13 04:00:00,2.6,3.36,180,217
2025-12-13 05:00:00,2.45,3.4,192,208
2025-12-13 06:00:00,2.69,2.67,195,193
2025-12-13 07:00:00,2.89,2.5,194,196
2025-12-13 08:00:00,2.83,2.73,188,188
2025-12-13 09:00:00,2.43,2.33,189,190
2025-12-13 10:00:00,2.41,2.6,185,182
2025-12-13 11:00:00,2.65,2.69,191,195
2025-12-13 12:00:00,2.2,3.2,177,200
2025-12-13 13:00:00,1.66,2.86,205,216
2025-12-13 14:00:00,1.97,2.91,210,221
2025-12-13 15:00:00,2.01,2.97,207,237
2025-12-13 16:00:00,1.87,3.26,196,252
2025-12-13 17:00:00,2.12,4.12,199,264
2025-12-13 18:00:00,2.19,4.73,204,264
2025-12-13 19:00:00,1.94,5.14,235,263
2025-12-13 20:00:00,2.28,6.21,255,267
2025-12-13 21:00:00,2.42,4.42,263,265
2025-12-13 22:00:00,4.0,4.54,273,262
2025-12-13 23:00:00,4.72,5.81,265,267
2025-12-14 00:00:00,6.31,6.41,267,273
2025-12-14 01:00:00,7.5,6.83,268,275
2025-12-14 02:00:00,7.6,6.13,270,276
2025-12-14 03:00:00,7.11,5.61,273,274
2025-12-14 04:00:00,6.8,6.02,271,275
2025-12-14 05:00:00,6.9,6.14,272,277
2025-12-14 06:00:00,7.3,6.08,272,279
2025-12-14 07:00:00,7.11,6.12,273,275
2025-12-14 08:00:00,6.82,6.0,274,270
2025-12-14 09:00:00,6.71,6.41,273,274
2025-12-14 10:00:00,6.31,6.01,274,274
2025-12-14 11:00:00,6.32,5.91,275,273
2025-12-14 12:00:00,6.21,6.0,273,272
2025-12-14 13:00:00,6.1,6.1,272,272
2025-12-14 14:00:00,6.1,6.2,271,271
2025-12-14 15:00:00,6.0,6.3,270,270
2025-12-14 16:00:00,6.0,6.2,270,271
2025-12-14 17:00:00,5.7,5.9,270,270
2025-12-14 18:00:00,5.5,5.7,270,269
2025-12-14 19:00:00,5.4,5.5,270,269
2025-12-14 20:00:00,5.2,5.1,271,269
2025-12-14 21:00:00,5.11,4.9,273,269
2025-12-14 22:00:00,4.8,4.7,272,268
2025-12-14 23:00:00,4.5,4.51,270,266
2025-12-15 00:00:00,4.11,4.32,266,265
2025-12-15 01:00:00,4.11,4.33,266,263
2025-12-15 02:00:00,4.03,4.23,263,263
2025-12-15 03:00:00,3.96,4.16,260,260
2025-12-15 04:00:00,4.0,4.08,257,259
2025-12-15 05:00:00,3.91,3.98,257,258
2025-12-15 06:00:00,3.81,3.88,256,258
2025-12-15 07:00:00,3.71,3.81,256,256
2025-12-15 08:00:00,3.71,3.79,256,258
2025-12-15 09:00:00,4.02,4.22,264,265
2025-12-15 10:00:00,4.4,4.7,269,270
2025-12-15 11:00:00,4.6,5.0,270,272
2025-12-15 12:00:00,4.9,5.5,269,270
2025-12-15 13:00:00,5.41,5.91,267,266
2025-12-15 14:00:00,5.63,6.03,264,264
2025-12-15 15:00:00,5.54,6.25,263,263
2025-12-15 16:00:00,5.46,6.26,262,262
2025-12-15 17:00:00,5.49,5.85,260,262
2025-12-15 18:00:00,5.71,5.36,259,261
2025-12-15 19:00:00,5.49,4.82,260,265
2025-12-15 20:00:00,5.16,4.72,261,265
2025-12-15 21:00:00,5.36,5.36,261,261
2025-12-15 22:00:00,4.95,5.15,262,262
2025-12-15 23:00:00,4.74,5.14,263,263
2025-12-16 00:00:00,4.64,4.95,263,262
2025-12-16 01:00:00,4.75,4.69,262,259
2025-12-16 02:00:00,4.98,4.73,260,257
2025-12-16 03:00:00,5.08,5.24,260,257
2025-12-16 04:00:00,4.98,5.63,260,258
2025-12-16 05:00:00,4.85,5.63,262,258
2025-12-16 06:00:00,4.57,5.43,260,257
2025-12-16 07:00:00,4.18,5.12,259,258
2025-12-16 08:00:00,3.88,4.73,258,257
2025-12-16 09:00:00,3.98,4.63,258,256
2025-12-16 10:00:00,4.0,4.68,257,254
2025-12-16 11:00:00,4.05,4.78,254,254
2025-12-16 12:00:00,4.34,4.56,255,255
2025-12-16 13:00:00,4.39,4.88,258,255
2025-12-16 14:00:00,4.3,5.04,258,256
2025-12-16 15:00:00,4.12,4.78,256,254
2025-12-16 16:00:00,3.74,4.56,254,255
2025-12-16 17:00:00,3.2,4.05,250,254
2025-12-16 18:00:00,3.18,3.57,246,252
2025-12-16 19:00:00,3.4,3.48,246,252
2025-12-16 20:00:00,3.62,3.2,246,250
2025-12-16 21:00:00,2.77,1.9,244,267
2025-12-16 22:00:00,2.82,1.71,243,263
2025-12-16 23:00:00,3.1,1.61,249,263
2025-12-17 00:00:00,3.04,1.61,253,263
2025-12-17 01:00:00,3.08,1.55,257,255
2025-12-17 02:00:00,2.94,1.43,260,258
2025-12-17 03:00:00,2.63,1.43,261,258
2025-12-17 04:00:00,2.75,1.6,260,266
2025-12-17 05:00:00,2.4,1.8,272,270
2025-12-17 06:00:00,1.84,1.9,292,273
2025-12-17 07:00:00,1.17,2.2,290,273
2025-12-17 08:00:00,0.81,2.2,300,267
2025-12-17 09:00:00,1.75,2.66,294,290
2025-12-17 10:00:00,1.7,2.73,320,294
2025-12-17 11:00:00,1.7,2.69,320,301
2025-12-17 12:00:00,1.88,3.01,335,339
2025-12-17 13:00:00,1.88,2.91,335,4
2025-12-17 14:00:00,1.66,2.86,327,36
2025-12-17 15:00:00,1.17,2.04,340,11
2025-12-17 16:00:00,0.78,2.42,50,30
2025-12-17 17:00:00,1.12,1.84,80,29
2025-12-17 18:00:00,0.81,1.56,97,50
2025-12-17 19:00:00,0.73,1.3,164,67
2025-12-17 20:00:00,1.2,0.85,222,111
2025-12-17 21:00:00,1.84,0.61,248,189
2025-12-17 22:00:00,1.71,1.03,249,209
2025-12-17 23:00:00,1.84,1.7,248,230
2025-12-18 00:00:00,2.15,2.28,242,247
2025-12-18 01:00:00,2.28,2.66,247,250
2025-12-18 02:00:00,2.6,2.97,247,250
2025-12-18 03:00:00,2.79,3.07,249,251
2025-12-18 04:00:00,2.82,3.16,253,252
2025-12-18 05:00:00,2.91,3.2,254,256
2025-12-18 06:00:00,2.91,3.3,254,256
2025-12-18 07:00:00,2.91,3.45,254,253
2025-12-18 08:00:00,3.01,3.35,255,253
2025-12-18 09:00:00,2.35,3.04,258,261
2025-12-18 10:00:00,2.42,3.22,263,263
2025-12-18 11:00:00,2.62,3.41,263,265
2025-12-18 12:00:00,2.81,3.44,266,262
2025-12-18 13:00:00,2.91,3.45,266,260
2025-12-18 14:00:00,2.82,3.4,264,256
2025-12-18 15:00:00,2.73,3.32,262,254
2025-12-18 16:00:00,2.45,3.13,258,253
2025-12-18 17:00:00,2.4,2.94,253,252
2025-12-18 18:00:00,2.66,3.32,250,249
2025-12-18 19:00:00,2.64,3.58,245,247
2025-12-18 20:00:00,2.61,3.68,238,248
2025-12-18 21:00:00,2.58,3.68,234,248
2025-12-18 22:00:00,3.0,3.73,233,250
2025-12-18 23:00:00,3.4,3.76,227,245
2025-12-19 00:00:00,3.7,3.81,232,247
2025-12-19 01:00:00,3.81,3.55,240,248
2025-12-19 02:00:00,4.27,3.57,237,252
2025-12-19 03:00:00,4.52,3.57,242,252
2025-12-19 04:00:00,4.44,3.98,247,252
2025-12-19 05:00:00,4.55,4.4,251,253
2025-12-19 06:00:00,4.75,4.97,255,255
2025-12-19 07:00:00,5.19,5.15,251,252
2025-12-19 08:00:00,5.57,5.54,252,253
2025-12-19 09:00:00,5.35,6.51,253,252
2025-12-19 10:00:00,5.88,6.86,252,251
2025-12-19 11:00:00,6.51,7.08,252,251
2025-12-19 12:00:00,6.8,7.08,253,251
2025-12-19 13:00:00,6.96,6.93,254,252
2025-12-19 14:00:00,6.84,6.68,255,253
2025-12-19 15:00:00,6.36,6.26,254,253
2025-12-19 16:00:00,5.95,5.82,253,254
2025-12-19 17:00:00,5.48,5.39,255,255
2025-12-19 18:00:00,5.35,5.41,253,254
2025-12-19 19:00:00,5.09,5.41,250,251
2025-12-19 20:00:00,5.28,5.5,251,251
2025-12-19 21:00:00,3.58,3.41,234,238
2025-12-19 22:00:00,3.78,3.19,233,238
2025-12-19 23:00:00,3.8,3.02,235,236
2025-12-20 00:00:00,3.86,3.28,239,239
2025-12-20 01:00:00,3.94,3.35,240,243
2025-12-20 02:00:00,4.21,3.18,242,242
2025-12-20 03:00:00,4.56,3.19,244,238
2025-12-20 04:00:00,4.7,3.19,243,238
2025-12-20 05:00:00,4.57,3.08,241,234
2025-12-20 06:00:00,4.39,2.97,240,225
2025-12-20 07:00:00,4.34,2.97,241,225
2025-12-20 08:00:00,4.03,3.04,247,226
2025-12-20 09:00:00,4.52,3.52,242,235
2025-12-20 10:00:00,4.57,3.83,241,237
2025-12-20 11:00:00,4.92,4.03,243,240
2025-12-20 12:00:00,5.13,4.07,249,242
2025-12-20 13:00:00,5.54,3.89,253,244
2025-12-20 14:00:00,5.58,3.49,255,246
2025-12-20 15:00:00,5.34,3.04,257,243
2025-12-20 16:00:00,5.34,2.46,257,243
2025-12-20 17:00:00,5.32,2.31,258,252
2025-12-20 18:00:00,5.18,2.63,260,261
2025-12-20 19:00:00,5.06,2.77,261,257
2025-12-20 20:00:00,5.23,3.52,263,263
2025-12-20 21:00:00,5.66,4.16,262,260
2025-12-20 22:00:00,6.18,4.62,261,265
2025-12-20 23:00:00,6.85,4.93,263,264
2025-12-21 00:00:00,7.45,4.65,263,261
2025-12-21 01:00:00,7.84,4.94,264,263
2025-12-21 02:00:00,7.91,4.94,267,263
2025-12-21 03:00:00,7.6,5.43,268,264
2025-12-21 04:00:00,7.4,5.91,268,267
2025-12-21 05:00:00,7.2,6.4,269,268
2025-12-21 06:00:00,7.3,6.9,270,272
2025-12-21 07:00:00,7.2,7.11,271,273
2025-12-21 08:00:00,6.91,7.32,273,274
2025-12-21 09:00:00,6.59,6.61,280,280
2025-12-21 10:00:00,5.85,6.28,287,284
2025-12-21 11:00:00,5.32,5.76,286,287
2025-12-21 12:00:00,5.12,5.35,282,287
2025-12-21 13:00:00,4.9,5.07,282,285
2025-12-21 14:00:00,4.67,4.79,280,281
2025-12-21 15:00:00,4.44,4.54,278,278
2025-12-21 16:00:00,4.21,4.3,274,273
2025-12-21 17:00:00,3.8,4.1,272,269
2025-12-21 18:00:00,3.5,3.81,270,267
2025-12-21 19:00:00,3.31,3.31,267,265
2025-12-21 20:00:00,3.22,3.16,263,259
2025-12-21 21:00:00,2.73,3.16,262,259
2025-12-21 22:00:00,2.28,2.77,255,257
2025-12-21 23:00:00,1.77,2.47,254,256
2025-12-22 00:00:00,1.57,2.18,243,254
2025-12-22 01:00:00,1.5,2.09,233,253
2025-12-22 02:00:00,1.56,1.99,230,252
2025-12-22 03:00:00,1.66,1.75,237,246
2025-12-22 04:00:00,1.49,1.61,250,240
2025-12-22 05:00:00,0.92,1.3,257,238
2025-12-22 06:00:00,0.14,1.08,135,236
2025-12-22 07:00:00,1.63,0.14,101,225
2025-12-22 08:00:00,2.26,0.9,103,90
2025-12-22 09:00:00,1.91,2.04,96,101
2025-12-22 10:00:00,0.92,1.4,103,94
2025-12-22 11:00:00,1.32,1.7,99,93
2025-12-22 12:00:00,0.72,1.61,146,97
2025-12-22 13:00:00,0.7,1.55,180,105
2025-12-22 14:00:00,0.86,1.68,144,107
2025-12-22 15:00:00,1.79,2.16,117,103
2025-12-22 16:00:00,1.93,2.04,111,101
2025-12-22 17:00:00,1.61,1.63,120,101
2025-12-22 18:00:00,2.24,2.11,153,121
2025-12-22 19:00:00,2.21,2.33,175,149
2025-12-22 20:00:00,2.53,2.1,171,155
2025-12-22 21:00:00,2.14,2.52,169,173
2025-12-22 22:00:00,2.26,2.72,167,174
2025-12-22 23:00:00,2.22,2.83,172,172
2025-12-23 00:00:00,2.5,2.93,182,172
2025-12-23 01:00:00,2.72,2.71,197,176
2025-12-23 02:00:00,2.92,2.8,202,180
2025-12-23 03:00:00,3.0,2.8,210,182
2025-12-23 04:00:00,3.07,2.71,199,184
2025-12-23 05:00:00,2.88,2.7,200,182
2025-12-23 06:00:00,2.96,2.7,192,182
2025-12-23 07:00:00,2.94,2.8,198,180
2025-12-23 08:00:00,2.92,3.0,218,180
2025-12-23 09:00:00,3.71,3.32,194,187
2025-12-23 10:00:00,4.24,3.45,188,197
2025-12-23 11:00:00,4.33,3.69,199,193
2025-12-23 12:00:00,4.16,4.07,215,205
2025-12-23 13:00:00,3.85,3.8,208,207
2025-12-23 14:00:00,3.53,3.73,205,200
2025-12-23 15:00:00,3.36,3.18,203,204
2025-12-23 16:00:00,3.49,3.14,193,189
2025-12-23 17:00:00,3.49,3.22,193,187
2025-12-23 18:00:00,3.57,2.96,198,192
2025-12-23 19:00:00,3.26,3.52,198,195
2025-12-23 20:00:00,2.83,3.89,212,198
2025-12-23 21:00:00,2.42,3.41,218,230
2025-12-23 22:00:00,2.52,2.83,236,238
2025-12-23 23:00:00,2.66,2.25,250,249
2025-12-24 00:00:00,2.57,1.77,257,286
2025-12-24 01:00:00,1.92,1.81,261,276
2025-12-24 02:00:00,1.5,1.22,270,261
2025-12-24 03:00:00,1.22,1.4,261,270
2025-12-24 04:00:00,0.57,1.02,225,259
2025-12-24 05:00:00,0.42,0.58,315,301
2025-12-24 06:00:00,0.0,0.61,270,351
2025-12-24 07:00:00,1.36,1.14,107,105
2025-12-24 08:00:00,1.2,1.48,85,118
2025-12-24 09:00:00,1.66,1.66,57,57
2025-12-24 10:00:00,2.08,1.97,55,60
2025-12-24 11:00:00,2.22,2.0,54,53
2025-12-24 12:00:00,2.33,1.84,65,49
2025-12-24 13:00:00,2.72,1.72,73,54
2025-12-24 14:00:00,2.82,1.88,73,65
2025-12-24 15:00:00,2.73,1.62,62,68
2025-12-24 16:00:00,2.2,1.17,60,59
2025-12-24 17:00:00,1.88,0.91,65,84
2025-12-24 18:00:00,1.26,0.81,72,97
2025-12-24 19:00:00,1.57,0.51,63,169
2025-12-24 20:00:00,1.28,1.22,51,261
2025-12-24 21:00:00,1.14,0.72,38,236
2025-12-24 22:00:00,0.85,1.0,45,270
2025-12-24 23:00:00,0.73,1.6,16,274
2025-12-25 00:00:00,0.94,2.51,302,275
2025-12-25 01:00:00,2.1,3.01,270,274
2025-12-25 02:00:00,2.4,3.7,272,272
2025-12-25 03:00:00,2.9,4.2,272,271
2025-12-25 04:00:00,3.62,4.3,276,273
2025-12-25 05:00:00,3.81,4.4,275,271
2025-12-25 06:00:00,4.1,5.1,273,270
2025-12-25 07:00:00,4.3,5.61,270,273
2025-12-25 08:00:00,4.9,5.61,269,273
2025-12-25 09:00:00,4.71,6.21,274,273
2025-12-25 10:00:00,5.2,6.51,272,274
2025-12-25 11:00:00,5.61,7.03,274,275
2025-12-25 12:00:00,6.53,7.34,275,276
2025-12-25 13:00:00,7.3,7.58,279,278
2025-12-25 14:00:00,6.79,7.69,279,279
2025-12-25 15:00:00,6.59,7.71,280,280
2025-12-25 16:00:00,6.51,7.51,281,280
2025-12-25 17:00:00,6.38,7.28,279,279
2025-12-25 18:00:00,6.24,7.09,276,279
2025-12-25 19:00:00,6.52,6.97,274,278
2025-12-25 20:00:00,6.81,6.85,273,277
2025-12-25 21:00:00,6.91,6.43,272,275
2025-12-25 22:00:00,6.82,6.22,274,275
2025-12-25 23:00:00,6.43,6.21,275,274
2025-12-26 00:00:00,6.01,6.21,274,274
2025-12-26 01:00:00,5.71,6.11,273,273
2025-12-26 02:00:00,5.71,5.9,273,272
2025-12-26 03:00:00,5.5,5.8,272,269
2025-12-26 04:00:00,5.4,5.8,270,268
2025-12-26 05:00:00,5.2,5.6,269,268
2025-12-26 06:00:00,4.9,5.6,269,270
2025-12-26 07:00:00,4.8,5.5,268,271
2025-12-26 08:00:00,4.6,5.4,268,271
2025-12-26 09:00:00,5.01,5.0,273,270
2025-12-26 10:00:00,5.02,5.01,275,273
2025-12-26 11:00:00,5.01,5.12,273,274
2025-12-26 12:00:00,5.21,5.12,273,274
2025-12-26 13:00:00,5.21,5.04,273,277
2025-12-26 14:00:00,5.22,4.94,274,277
2025-12-26 15:00:00,5.21,4.83,273,276
2025-12-26 16:00:00,5.1,4.6,271,272
2025-12-26 17:00:00,4.8,4.3,269,269
2025-12-26 18:00:00,4.61,4.22,266,265
2025-12-26 19:00:00,4.43,4.16,264,260
2025-12-26 20:00:00,4.28,4.3,259,258
2025-12-26 21:00:00,4.44,4.22,256,256
2025-12-26 22:00:00,4.24,3.91,255,257
2025-12-26 23:00:00,4.0,3.79,257,258
2025-12-27 00:00:00,3.88,3.79,258,258
2025-12-27 01:00:00,3.91,3.88,257,258
2025-12-27 02:00:00,3.91,3.88,257,258
2025-12-27 03:00:00,3.81,4.06,256,260
2025-12-27 04:00:00,3.88,4.14,258,262
2025-12-27 05:00:00,3.88,4.13,258,263
2025-12-27 06:00:00,3.86,4.04,260,261
2025-12-27 07:00:00,3.85,3.95,261,261
2025-12-27 08:00:00,3.93,3.96,263,260
2025-12-27 09:00:00,4.24,4.61,262,266
2025-12-27 10:00:00,5.0,5.1,268,271
2025-12-27 11:00:00,5.6,5.4,271,272
2025-12-27 12:00:00,6.0,5.8,271,272
2025-12-27 13:00:00,6.1,6.2,272,271
2025-12-27 14:00:00,6.0,6.2,271,270
2025-12-27 15:00:00,5.6,5.9,269,268
2025-12-27 16:00:00,5.32,5.71,266,266
2025-12-27 17:00:00,4.96,5.43,261,264
2025-12-27 18:00:00,4.98,5.54,260,263
2025-12-27 19:00:00,5.18,5.56,260,262
2025-12-27 20:00:00,5.38,5.46,260,262
2025-12-27 21:00:00,5.23,5.46,263,262
2025-12-27 22:00:00,5.23,5.46,263,262
2025-12-27 23:00:00,5.32,5.32,266,266
2025-12-28 00:00:00,5.3,5.3,269,269
2025-12-28 01:00:00,5.2,5.3,269,270
2025-12-28 02:00:00,5.0,5.2,268,269
2025-12-28 03:00:00,4.92,5.2,265,268
2025-12-28 04:00:00,4.94,5.21,263,267
2025-12-28 05:00:00,4.94,5.12,263,264
2025-12-28 06:00:00,4.84,4.84,263,263
2025-12-28 07:00:00,4.73,4.73,264,264
2025-12-28 08:00:00,4.64,4.63,263,264
2025-12-28 09:00:00,5.11,4.62,267,252
2025-12-28 10:00:00,5.21,4.93,267,252
2025-12-28 11:00:00,5.51,5.1,266,254
2025-12-28 12:00:00,5.61,5.46,267,256
2025-12-28 13:00:00,5.45,4.92,263,257
2025-12-28 14:00:00,4.78,4.4,254,253
2025-12-28 15:00:00,5.25,4.07,252,242
2025-12-28 16:00:00,5.25,3.74,252,236
2025-12-28 17:00:00,4.48,3.28,246,232
2025-12-28 18:00:00,3.74,3.25,236,225
2025-12-28 19:00:00,3.58,3.69,234,221
2025-12-28 20:00:00,3.61,3.92,226,218
2025-12-28 21:00:00,3.7,4.27,232,213
2025-12-28 22:00:00,3.61,4.62,224,219
2025-12-28 23:00:00,4.03,4.96,226,228
2025-12-29 00:00:00,4.72,5.49,234,237
2025-12-29 01:00:00,5.47,5.86,239,243
2025-12-29 02:00:00,6.04,5.77,243,242
2025-12-29 03:00:00,6.36,6.15,246,248
2025-12-29 04:00:00,6.37,6.48,248,253
2025-12-29 05:00:00,6.61,6.53,250,255
2025-12-29 06:00:00,6.67,6.4,251,256
2025-12-29 07:00:00,6.48,6.4,250,256
2025-12-29 08:00:00,6.52,6.33,249,254
2025-12-29 09:00:00,6.11,6.87,249,254
2025-12-29 10:00:00,6.36,6.87,251,262
2025-12-29 11:00:00,6.68,7.07,253,262
2025-12-29 12:00:00,6.94,7.27,258,262
2025-12-29 13:00:00,7.09,7.32,261,260
2025-12-29 14:00:00,7.24,7.0,259,260
2025-12-29 15:00:00,7.28,6.69,257,261
2025-12-29 16:00:00,7.06,6.41,258,259
2025-12-29 17:00:00,6.63,5.9,259,259
2025-12-29 18:00:00,6.4,5.49,260,260
2025-12-29 19:00:00,6.26,5.28,262,260
2025-12-29 20:00:00,6.17,5.18,262,260
2025-12-29 21:00:00,5.43,5.15,264,262
2025-12-29 22:00:00,5.22,4.75,266,262
2025-12-29 23:00:00,4.72,4.33,265,263
2025-12-30 00:00:00,4.32,4.02,265,264
2025-12-30 01:00:00,3.93,3.62,263,264
2025-12-30 02:00:00,3.65,3.24,261,261
2025-12-30 03:00:00,3.57,3.04,259,261
2025-12-30 04:00:00,3.47,2.94,258,260
2025-12-30 05:00:00,3.47,2.84,258,260
2025-12-30 06:00:00,3.26,2.84,259,260
2025-12-30 07:00:00,3.04,2.86,261,258
2025-12-30 08:00:00,2.86,2.86,258,258
2025-12-30 09:00:00,2.83,3.01,262,266
2025-12-30 10:00:00,3.31,3.54,275,278
2025-12-30 11:00:00,3.77,3.96,281,280
2025-12-30 12:00:00,4.06,4.43,280,276
2025-12-30 13:00:00,4.33,4.84,277,277
2025-12-30 14:00:00,4.62,5.05,275,278
2025-12-30 15:00:00,4.81,5.02,274,276
2025-12-30 16:00:00,4.9,5.01,272,273
2025-12-30 17:00:00,4.71,4.91,274,274
2025-12-30 18:00:00,4.51,5.0,274,272
2025-12-30 19:00:00,4.8,5.2,271,272
2025-12-30 20:00:00,5.1,5.31,272,273
2025-12-30 21:00:00,5.22,6.01,275,273
2025-12-30 22:00:00,5.22,6.3,274,272
2025-12-30 23:00:00,5.22,6.2,274,271
2025-12-31 00:00:00,5.21,5.71,273,273
2025-12-31 01:00:00,5.02,5.41,275,274
2025-12-31 02:00:00,4.92,5.04,275,277
2025-12-31 03:00:00,4.83,4.84,276,277
2025-12-31 04:00:00,4.93,4.74,276,277
2025-12-31 05:00:00,4.93,4.73,276,276
2025-12-31 06:00:00,4.93,4.62,276,275
2025-12-31 07:00:00,4.84,4.6,277,272
2025-12-31 08:00:00,4.74,4.5,277,270
2025-12-31 09:00:00,4.88,4.9,281,271
2025-12-31 10:00:00,4.98,4.93,280,276
2025-12-31 11:00:00,4.98,5.12,280,276
2025-12-31 12:00:00,4.98,5.22,280,275
2025-12-31 13:00:00,5.05,5.22,278,275
2025-12-31 14:00:00,5.02,5.12,276,276
2025-12-31 15:00:00,4.91,5.01,274,273
2025-12-31 16:00:00,4.9,4.9,271,271
2025-12-31 17:00:00,4.8,4.8,270,268
2025-12-31 18:00:00,4.81,4.83,266,264
2025-12-31 19:00:00,4.73,4.73,264,264
2025-12-31 20:00:00,4.54,4.53,262,264
2025-12-31 21:00:00,4.44,4.53,262,264
2025-12-31 22:00:00,4.36,4.36,261,261
2025-12-31 23:00:00,4.37,4.26,259,261
2026-01-01 00:00:00,4.37,4.18,259,259
2026-01-01 01:00:00,4.16,3.88,260,258
2026-01-01 02:00:00,3.88,3.71,258,256
2026-01-01 03:00:00,3.71,3.52,256,255
2026-01-01 04:00:00,3.64,3.54,254,254
2026-01-01 05:00:00,3.54,3.54,254,254
2026-01-01 06:00:00,3.48,3.54,252,254
2026-01-01 07:00:00,3.38,3.61,251,256
2026-01-01 08:00:00,3.35,3.45,253,260
2026-01-01 09:00:00,3.93,3.91,263,267
2026-01-01 10:00:00,4.3,4.1,269,273
2026-01-01 11:00:00,4.71,4.31,274,274
2026-01-01 12:00:00,5.01,4.61,273,274
2026-01-01 13:00:00,5.3,4.9,271,272
2026-01-01 14:00:00,5.3,5.0,271,271
2026-01-01 15:00:00,5.2,4.8,271,272
2026-01-01 16:00:00,5.0,4.7,269,270
2026-01-01 17:00:00,4.7,4.6,268,268
2026-01-01 18:00:00,4.51,4.72,266,265
2026-01-01 19:00:00,4.32,4.72,265,265
2026-01-01 20:00:00,4.23,4.82,263,265
2026-01-01 21:00:00,3.83,4.55,263,261
2026-01-01 22:00:00,3.71,4.44,265,262
2026-01-01 23:00:00,3.8,4.22,268,265
